{
  "dataList": [
    {
      "id": "get_10603_1",
      "desc": "获得时",
      "dlg": "谁做主把我叫到这里来的？觉得自己承担得起后果吗？"
    },
    {
      "id": "lobby_morning_10603_1",
      "desc": "早间问候",
      "dlg": "清晨可不是我大展身手的最佳时间。为什么人们要在早起这件事上浪费这么多毫无意义的精力呢？"
    },
    {
      "id": "lobby_noon_10603_1",
      "desc": "午间问候",
      "dlg": "哇~是个适合斩尽杀绝的好日子呢~你说是不是呢，但丁？……啊哈，只是开个玩笑。玩笑而已。"
    },
    {
      "id": "lobby_night_10603_1",
      "desc": "晚间问候",
      "dlg": "听说罗佳的赌技出神入化？正好无聊，要不要跟她一较高下呢？"
    },
    {
      "id": "smalltalk_10603_1",
      "desc": "对话 1",
      "dlg": "但丁，要不要换掉那身俗气的衣服，试试更有经理味儿的个性十足的华丽服装呢？用得上的话我送你一套？"
    },
    {
      "id": "smalltalk_10603_2",
      "desc": "对话 2",
      "dlg": "你……对我没什么不满吧，但丁？因为看不到表情所以感觉不太确定嘛~"
    },
    {
      "id": "smalltalk_10603_3",
      "desc": "对话 3",
      "dlg": "要我教您正确的持刀方法嘛？简单。怎么舒服怎么拿，然后随便去挥挥砍砍吧。"
    },
    {
      "id": "smalltalk_10603_4",
      "desc": "同步后对话 1",
      "dlg": "其实运气……是需要争取的。人生可不是坐着干等就能中头奖的哟~"
    },
    {
      "id": "smalltalk_10603_5",
      "desc": "同步后对话 2",
      "dlg": "之后我会把兄弟们带来和大家打个招呼的~虽然大家言辞上有些粗鲁，但都是性格温和的人~"
    },
    {
      "id": "neglect_10603_1",
      "desc": "闲置",
      "dlg": "哇，我们的但丁先生命可真大呢，是这样吧？"
    },
    {
      "id": "gacksung_10603_1",
      "desc": "进行同步",
      "dlg": "啊，这是给我准备的吗~那我就不客气咯？"
    },
    {
      "id": "formation_10603_1",
      "desc": "人格出战",
      "dlg": "看来轮到我咯？"
    },
    {
      "id": "battleentry_10603_1",
      "desc": "进入战斗",
      "dlg": "来热个身吧~"
    },
    {
      "id": "battle_select_10603_1",
      "desc": "战斗中选中人格",
      "dlg": "需要帮助吗？但丁先生？"
    },
    {
      "id": "battle_endcommand_10603_1",
      "desc": "进行攻击",
      "dlg": "要是鸿运当头就好了呢~"
    },
    {
      "id": "battle_enemy_break_10603_1",
      "desc": "敌方混乱",
      "dlg": "但丁先生。您看到了吗？"
    },
    {
      "id": "battle_break_10603_1",
      "desc": "友方混乱",
      "dlg": "呃！"
    },
    {
      "id": "battle_kill_10603_1",
      "desc": "击杀敌方",
      "dlg": "实在太轻松了~"
    },
    {
      "id": "battle_allydead_10603_1",
      "desc": "友方阵亡",
      "dlg": "要不要把我的运气借你一点？"
    },
    {
      "id": "choice_success_p_10603_1",
      "desc": "判定成功",
      "dlg": "运气与实力也有所关联哦。"
    },
    {
      "id": "choice_fail_n_10603_1",
      "desc": "判定失败",
      "dlg": "嗯……好运并没有眷顾我们。"
    },
    {
      "id": "battle_clear_10603_1",
      "desc": "战斗胜利",
      "dlg": "嘛，这也就是小孩子打闹的程度吧~"
    },
    {
      "id": "battle_clear_ex_10603_1",
      "desc": "EX CLEAR战斗胜利",
      "dlg": "啊啦，不知不觉就都干掉了~现在可以走了吧？"
    },
    {
      "id": "battle_defeat_10603_1",
      "desc": "战斗失败",
      "dlg": "应该不会……这样啊~？"
    }
  ]
}