{
  "dataList": [
    {
      "id": "get_10303_1",
      "desc": "獲得時",
      "dlg": "正義降臨！我將把惡人引向平等的死亡！"
    },
    {
      "id": "lobby_morning_10303_1",
      "desc": "早間問候",
      "dlg": "噓，經理老爺。吾正在進行奇襲訓練。能聽見吾的腳步聲嗎？"
    },
    {
      "id": "lobby_noon_10303_1",
      "desc": "午間問候",
      "dlg": "經理老爺，吾啊，並不想向這個世界屈服。天空中星辰繁多，遠不止眼之所及。"
    },
    {
      "id": "lobby_night_10303_1",
      "desc": "晚間問候",
      "dlg": "看著明月，彷彿最初時的熱情重燃。"
    },
    {
      "id": "smalltalk_10303_1",
      "desc": "對話 1",
      "dlg": "或許，我們與惡人的距離並不遙遠。啊，沒什麼。就當作沒聽到吧。"
    },
    {
      "id": "smalltalk_10303_2",
      "desc": "對話 2",
      "dlg": "為了習得無聲奇襲之法，我吃了很多苦頭。"
    },
    {
      "id": "smalltalk_10303_3",
      "desc": "對話 3",
      "dlg": "嗯？我的神色看起來很憂郁？您看錯了，我只是在想一些事情罷了。"
    },
    {
      "id": "smalltalk_10303_4",
      "desc": "同步後對話 1",
      "dlg": "經理老爺，我以為所有的人都與我一樣，只是為正義而正直地戰鬥。政治，派生勢力之類的東西...對我來說過於困難了..."
    },
    {
      "id": "smalltalk_10303_5",
      "desc": "同步後對話 2",
      "dlg": "中層管理者嗎...真是個耗費心力的職責...經理老爺也總是這麼辛苦嗎？"
    },
    {
      "id": "neglect_10303_1",
      "desc": "閒置",
      "dlg": "經理老爺也藏身於黑暗之中了嗎？"
    },
    {
      "id": "gacksung_10303_1",
      "desc": "進行同步",
      "dlg": "我們...會再加把勁的！等著瞧吧，經理老爺！"
    },
    {
      "id": "formation_10303_1",
      "desc": "人格出戰",
      "dlg": "追殺惡人！"
    },
    {
      "id": "battleentry_10303_1",
      "desc": "進入戰鬥",
      "dlg": "此次的惡人犯下了何等不義之舉？"
    },
    {
      "id": "battle_select_10303_1",
      "desc": "戰鬥中選中人格",
      "dlg": "正在準備進行奇襲，能看見我嗎？"
    },
    {
      "id": "battle_endcommand_10303_1",
      "desc": "進行攻擊",
      "dlg": "幹掉惡人！"
    },
    {
      "id": "battle_enemy_break_10303_1",
      "desc": "敵方混亂",
      "dlg": "你將精神渙散！"
    },
    {
      "id": "battle_break_10303_1",
      "desc": "友方混亂",
      "dlg": "呃..."
    },
    {
      "id": "battle_kill_10303_1",
      "desc": "擊殺敵方",
      "dlg": "處理掉了！"
    },
    {
      "id": "battle_allydead_10303_1",
      "desc": "友方陣亡",
      "dlg": "消滅惡人之後我還會回來！"
    },
    {
      "id": "choice_success_p_10303_1",
      "desc": "判定成功",
      "dlg": "我之正義已結出累累碩果！"
    },
    {
      "id": "choice_fail_n_10303_1",
      "desc": "判定失敗",
      "dlg": "我不會屈服！"
    },
    {
      "id": "battle_clear_10303_1",
      "desc": "戰鬥勝利",
      "dlg": "在月光之下，正義將廣為流傳！"
    },
    {
      "id": "battle_clear_ex_10303_1",
      "desc": "EX CLEAR戰鬥勝利",
      "dlg": "至明之星誕生於至暗之時！正如此時此刻！"
    },
    {
      "id": "battle_defeat_10303_1",
      "desc": "戰鬥失敗",
      "dlg": "我已經失敗了嗎...？"
    },
    {
      "id": "battle_no_skillpoint_10303_1",
      "desc": "戰鬥無技能點",
      "dlg": "沒有足夠的技能點了...嗎？"
    },
    {
      "id": "skill_10303_1",
      "desc": "技能 1",
      "dlg": "這是正義之火！燃燒吧！"
    },
    {
      "id": "skill_10303_2",
      "desc": "技能 2",
      "dlg": "我會徹底肅清你們的！"
    },
    {
      "id": "skill_10303_3",
      "desc": "技能 3",
      "dlg": "無論如何也要守護正義！"
    },
    {
      "id": "skill_10303_4",
      "desc": "技能 4",
      "dlg": "無法逃脫正義的鐵腕！"
    },
    {
      "id": "skill_10303_5",
      "desc": "技能 5",
      "dlg": "你們的罪孽不可饒恕！"
    }
  ]
}