{
  "dataList": [
    {
      "id": "get_10804_1",
      "desc": "获得时",
      "dlg": "这里是以实玛利。有什么需要我帮助的吗？"
    },
    {
      "id": "lobby_morning_10804_1",
      "desc": "早间问候",
      "dlg": "啊，我在……做早操。毕竟得先做好热身准备。"
    },
    {
      "id": "lobby_noon_10804_1",
      "desc": "午间问候",
      "dlg": "饮食必须一直保持均衡。真正的专业人士可不会挑食。"
    },
    {
      "id": "lobby_night_10804_1",
      "desc": "晚间问候",
      "dlg": "今天也是顺利的一天吗，经理先生？看来我总算是可以休息了。"
    },
    {
      "id": "smalltalk_10804_1",
      "desc": "对话 1",
      "dlg": "我对高效计划的设计与侦察方法的执行比任何人都了然于心。"
    },
    {
      "id": "smalltalk_10804_2",
      "desc": "对话 2",
      "dlg": "执行经理的核心素质之一就是如何发挥好队伍中王牌队员的作用。"
    },
    {
      "id": "smalltalk_10804_3",
      "desc": "对话 3",
      "dlg": "执行作战时，没有比像某个人一样不管三七二十一就突击的行为更糟糕的了。必须预想到所有的变量才行。"
    },
    {
      "id": "smalltalk_10804_4",
      "desc": "同步后对话 1",
      "dlg": "我明白，我偶尔会强迫症似的执着于事前规划。\n不过大家也应该都知道细微的失误让队伍分崩离析，并最终导致全灭的故事吧。"
    },
    {
      "id": "smalltalk_10804_5",
      "desc": "同步后对话 2",
      "dlg": "偶尔……经理先生的能力令人感到庆幸又令人感到深入骨髓的空虚。\n想想那些连体面葬礼都得不到的旧队员们……"
    },
    {
      "id": "gacksung_10804_1",
      "desc": "进行同步",
      "dlg": "是晋升吗？是的，我知道。……但还是要谢谢您。"
    },
    {
      "id": "neglect_10804_1",
      "desc": "闲置",
      "dlg": "哈……又去给其他人收拾烂摊子了吗？"
    },
    {
      "id": "formation_10804_1",
      "desc": "人格出战",
      "dlg": "作战确认，待命。"
    },
    {
      "id": "battleentry_10804_1",
      "desc": "进入战斗",
      "dlg": "准备结束。等待命令。"
    },
    {
      "id": "battle_select_10804_1",
      "desc": "战斗中选中人格",
      "dlg": "……收到。"
    },
    {
      "id": "battle_endcommand_10804_1",
      "desc": "进行攻击",
      "dlg": "开始交战。"
    },
    {
      "id": "battle_enemy_break_10804_1",
      "desc": "敌方混乱",
      "dlg": "目标失能。"
    },
    {
      "id": "battle_break_10804_1",
      "desc": "友方混乱",
      "dlg": "啊！"
    },
    {
      "id": "battle_kill_10804_1",
      "desc": "击杀敌方",
      "dlg": "目标，完全丧失行动能力。"
    },
    {
      "id": "battle_allydead_10804_1",
      "desc": "友方阵亡",
      "dlg": "……医疗队，没有医疗队吗？"
    },
    {
      "id": "choice_success_p_10804_1",
      "desc": "判定成功",
      "dlg": "啊，报告，情况解除。"
    },
    {
      "id": "choice_fail_n_10804_1",
      "desc": "判定失败",
      "dlg": "报告……任务失败。"
    },
    {
      "id": "battle_clear_10804_1",
      "desc": "战斗胜利",
      "dlg": "任务完成。将按照规章流程归队。完毕。"
    },
    {
      "id": "battle_clear_ex_10804_1",
      "desc": "EX CLEAR战斗胜利",
      "dlg": "这种程度就可以荣获勋章……啊，订正！任务完成。完，完毕！"
    },
    {
      "id": "battle_defeat_10804_1",
      "desc": "战斗失败",
      "dlg": "我的计划天衣无缝。请您在其他地方找找原因。"
    }
  ]
}