{
  "dataList": [
    {
      "id": "get_11004_1",
      "desc": "获得时",
      "dlg": "您好……听说在这里我可以……尽情玩乐。"
    },
    {
      "id": "lobby_morning_11004_1",
      "desc": "早间问候",
      "dlg": "真是个清爽的早晨！充满活力地开始这一天吧！"
    },
    {
      "id": "lobby_noon_11004_1",
      "desc": "午间问候",
      "dlg": "有点疲倦了……这种时候就要用双手摇动乐器打出节奏。就像这样，还有这样。"
    },
    {
      "id": "lobby_night_11004_1",
      "desc": "晚间问候",
      "dlg": "现在是亡者们最喜欢的时刻……但丁先生什么时候去睡觉呢？"
    },
    {
      "id": "smalltalk_11004_1",
      "desc": "对话 1",
      "dlg": "啊……您是想听听我的音乐吗？嗯……如果您真的非常想的话，我可以为您演奏一曲。"
    },
    {
      "id": "smalltalk_11004_2",
      "desc": "对话 2",
      "dlg": "战斗时，要清除杂念，全身心把握节奏。保持身心愉悦的同时，细心对上节拍。"
    },
    {
      "id": "smalltalk_11004_3",
      "desc": "对话 3",
      "dlg": "经理先生在心情复杂的时候会做些什么呢？要不要跟我一起学习演奏乐器？这曾对我很有帮助。"
    },
    {
      "id": "smalltalk_11004_4",
      "desc": "同步后对话 1",
      "dlg": "现在的我与过去截然不同。我偶然接触到了音乐与舞蹈……那时我才得以窥探自己的内心。"
    },
    {
      "id": "smalltalk_11004_5",
      "desc": "同步后对话 2",
      "dlg": "我知道将恐惧与不安尽数摆脱的方法。只需委身，节奏就会引导我。"
    },
    {
      "id": "neglect_11004_1",
      "desc": "闲置",
      "dlg": "……我的演奏，很一般吗？"
    },
    {
      "id": "gacksung_11004_1",
      "desc": "进行同步",
      "dlg": "我将报以您更欢愉的音乐。"
    },
    {
      "id": "formation_11004_1",
      "desc": "人格出战",
      "dlg": "让我们摇起来！"
    },
    {
      "id": "battleentry_11004_1",
      "desc": "进入战斗",
      "dlg": "应该这样做吗……？"
    },
    {
      "id": "battle_select_11004_1",
      "desc": "战斗中选中人格",
      "dlg": "但丁先生，怎么了……？"
    },
    {
      "id": "battle_endcommand_11004_1",
      "desc": "进行攻击",
      "dlg": "我要打碎你的头颅。"
    },
    {
      "id": "battle_enemy_break_11004_1",
      "desc": "敌方混乱",
      "dlg": "接下来，就是你的头骨！"
    },
    {
      "id": "battle_break_11004_1",
      "desc": "友方混乱",
      "dlg": "噫！"
    },
    {
      "id": "battle_kill_11004_1",
      "desc": "击杀敌方",
      "dlg": "轻松拿下。"
    },
    {
      "id": "battle_allydead_11004_1",
      "desc": "友方阵亡",
      "dlg": "下一个会是谁……？"
    },
    {
      "id": "choice_success_p_11004_1",
      "desc": "判定成功",
      "dlg": "比我想得要简单一点。"
    },
    {
      "id": "choice_fail_n_11004_1",
      "desc": "判定失败",
      "dlg": "我没想到会是这样……"
    },
    {
      "id": "battle_clear_11004_1",
      "desc": "战斗胜利",
      "dlg": "我刚刚才感觉有些兴奋……就已经结束了。"
    },
    {
      "id": "battle_clear_ex_11004_1",
      "desc": "EX CLEAR战斗胜利",
      "dlg": "今天的演出真是令我满足，无憾又愉快。"
    },
    {
      "id": "battle_defeat_11004_1",
      "desc": "战斗失败",
      "dlg": "我们可以再试试。再摇起来就可以了。"
    }
  ]
}