{
  "dataList": [
    {
      "id": "get_10101_1",
      "desc": "获得时",
      "dlg": "我是李箱。以上。"
    },
    {
      "id": "lobby_morning_10101_1",
      "desc": "早间问候",
      "dlg": "今早可还安好？于昨夜忘却之物是否全部忆起？"
    },
    {
      "id": "lobby_noon_10101_1",
      "desc": "午间问候",
      "dlg": "太阳痴痴地望着我的脸。即使我闭上双眼也依旧不曾停歇。"
    },
    {
      "id": "lobby_night_10101_1",
      "desc": "晚间问候",
      "dlg": "日落渐昏，而我仅于此伫立。"
    },
    {
      "id": "smalltalk_10101_1",
      "desc": "对话 1",
      "dlg": "你可曾知悉退回过去，或者退却未来之法？"
    },
    {
      "id": "smalltalk_10101_2",
      "desc": "对话 2",
      "dlg": "只在某日某时，我停下脚步，自然地将自己幽禁于这辆巴士。"
    },
    {
      "id": "smalltalk_10101_3",
      "desc": "对话 3",
      "dlg": "你的时钟看起来无法阻止。它锲而不舍地让我归家。"
    },
    {
      "id": "neglect_10101_1",
      "desc": "闲置",
      "dlg": "你，终究是找到你的方向了？"
    },
    {
      "id": "formation_10101_1",
      "desc": "人格出战",
      "dlg": "请带路。"
    },
    {
      "id": "battleentry_10101_1",
      "desc": "进入战斗",
      "dlg": "终点处有诸多肿瘤。"
    },
    {
      "id": "battle_select_10101_1",
      "desc": "战斗中选中人格",
      "dlg": "可是找到了所愿之物？"
    },
    {
      "id": "battle_endcommand_10101_1",
      "desc": "进行攻击",
      "dlg": "我将摘除肿瘤。"
    },
    {
      "id": "battle_enemy_break_10101_1",
      "desc": "敌方混乱",
      "dlg": "络绎鼠辈。"
    },
    {
      "id": "battle_break_10101_1",
      "desc": "友方混乱",
      "dlg": "唔……"
    },
    {
      "id": "battle_kill_10101_1",
      "desc": "击杀敌方",
      "dlg": "瘤之镜已然碎裂。"
    },
    {
      "id": "battle_allydead_10101_1",
      "desc": "友方阵亡",
      "dlg": "该拨动你的指针了。"
    },
    {
      "id": "choice_success_p_10101_1",
      "desc": "判定成功",
      "dlg": "顿生愉悦。"
    },
    {
      "id": "choice_fail_n_10101_1",
      "desc": "判定失败",
      "dlg": "人终将绝望。"
    },
    {
      "id": "battle_clear_10101_1",
      "desc": "战斗胜利",
      "dlg": "胜利并非永恒。因此我淡然相对。"
    },
    {
      "id": "battle_clear_ex_10101_1",
      "desc": "EX CLEAR战斗胜利",
      "dlg": "此为残酷役使之代价。此身似已枯萎。"
    },
    {
      "id": "battle_defeat_10101_1",
      "desc": "战斗失败",
      "dlg": "苍白失色，茫然无措……"
    }
  ]
}