{
  "dataList": [
    {
      "id": "get_10302_1",
      "desc": "獲得時",
      "dlg": "各位乘客大家好！！！吾輩，已然，到來了！！！"
    },
    {
      "id": "lobby_morning_10302_1",
      "desc": "早間問候",
      "dlg": "今天也要像劃破黎明的第一輛火車一樣向前奔跑！"
    },
    {
      "id": "lobby_noon_10302_1",
      "desc": "午間問候",
      "dlg": "公司竟然會提供午餐……！吾輩很喜歡這裡！吾想永遠留在這裡！"
    },
    {
      "id": "lobby_night_10302_1",
      "desc": "晚間問候",
      "dlg": "吾今天開會時真的非常認真地做了筆記！看看這個，都用彩筆以多種顏色做了漂亮的裝飾！既有星星又有花朵…"
    },
    {
      "id": "smalltalk_10302_1",
      "desc": "對話 1",
      "dlg": "經理老爺乘坐過W列車嗎？您說沒有？！等一下……請您務必抽出點時間給我。"
    },
    {
      "id": "smalltalk_10302_2",
      "desc": "對話 2",
      "dlg": "來日與吾輩一起去火車旅行如何，經理老爺？吾會準備便當的！"
    },
    {
      "id": "smalltalk_10302_3",
      "desc": "對話 3",
      "dlg": "您有見到羅佳小姐嗎？吾答應她由吾輩親自講述W公司的歷史，但剛才開始就看不見她了！"
    },
    {
      "id": "smalltalk_10302_4",
      "desc": "同步後對話 1",
      "dlg": "經理老爺，縈繞在鼻尖的這股血腥味只有吾身上有嗎？還是一直在空氣中彌漫？"
    },
    {
      "id": "smalltalk_10302_5",
      "desc": "同步後對話 2",
      "dlg": "您知道嗎？人類意外地不容易死去。即使血流如注，骨骼寸斷也不會斷氣。"
    },
    {
      "id": "neglect_10302_1",
      "desc": "閒置",
      "dlg": "所以W公司的成果才會廣為人知……嗯？經理老爺？"
    },
    {
      "id": "gacksung_10302_1",
      "desc": "進行同步",
      "dlg": "吾輩終於也要被委以重任了嗎？！"
    },
    {
      "id": "formation_10302_1",
      "desc": "人格出戰",
      "dlg": "要出發了！"
    },
    {
      "id": "battleentry_10302_1",
      "desc": "進入戰鬥",
      "dlg": "吾將如同火車一般奔跑！"
    },
    {
      "id": "battle_select_10302_1",
      "desc": "戰鬥中選中人格",
      "dlg": "吾做好了隨時向前奔跑的準備！"
    },
    {
      "id": "battle_endcommand_10302_1",
      "desc": "進行攻擊",
      "dlg": "吾無人可擋！"
    },
    {
      "id": "battle_enemy_break_10302_1",
      "desc": "敵方混亂",
      "dlg": "現在應該是個好機會！"
    },
    {
      "id": "battle_break_10302_1",
      "desc": "友方混亂",
      "dlg": "呃！"
    },
    {
      "id": "battle_kill_10302_1",
      "desc": "擊殺敵方",
      "dlg": "接下來去哪兒！"
    },
    {
      "id": "battle_allydead_10302_1",
      "desc": "友方陣亡",
      "dlg": "經理老爺！完事之後就拜託您了！"
    },
    {
      "id": "choice_success_p_10302_1",
      "desc": "判定成功",
      "dlg": "經理老爺！吾是不是幹得還不錯？"
    },
    {
      "id": "choice_fail_n_10302_1",
      "desc": "判定失敗",
      "dlg": "明明是很重要的事情，對不起…"
    },
    {
      "id": "battle_clear_10302_1",
      "desc": "戰鬥勝利",
      "dlg": "公司的傑出人才就在此處！"
    },
    {
      "id": "battle_clear_ex_10302_1",
      "desc": "EX CLEAR戰鬥勝利",
      "dlg": "這就是所謂的精英？！讓吾升職吧，經理老爺！"
    },
    {
      "id": "battle_defeat_10302_1",
      "desc": "戰鬥失敗",
      "dlg": "吾…不會放棄的…"
    }
  ]
}