{
  "dataList": [
    {
      "id": "get_11103_1",
      "desc": "获得时",
      "dlg": "此刻起，质疑违令者，从队中除名。"
    },
    {
      "id": "lobby_morning_11103_1",
      "desc": "早间问候",
      "dlg": "不要让我看到有人在睡懒觉，在战场上拖拖拉拉就是拱手送命。"
    },
    {
      "id": "lobby_noon_11103_1",
      "desc": "午间问候",
      "dlg": "看看这些游手好闲，整天就想着吃的懒虫们……我建议在巴士上实行定量口粮配给。"
    },
    {
      "id": "lobby_night_11103_1",
      "desc": "晚间问候",
      "dlg": "我早已经失去好好睡觉的余裕了。曾经就因为我的片刻休憩，让一场灾难伺机而入。"
    },
    {
      "id": "smalltalk_11103_1",
      "desc": "对话 1",
      "dlg": "我从未想过能在这里遇到那个男人。那个战后就消失得无影无踪的战争英雄……"
    },
    {
      "id": "smalltalk_11103_2",
      "desc": "对话 2",
      "dlg": "虫群从不退缩。他们横扫战场，不带一丝犹豫，甚至会用下颚啃食已经死去的人。"
    },
    {
      "id": "smalltalk_11103_3",
      "desc": "对话 3",
      "dlg": "我过去的部下……只需要我摆出一个手势，他们就会冲锋向前，直到所过之处寸草不生。和现在这批天差地别。"
    },
    {
      "id": "smalltalk_11103_4",
      "desc": "同步后对话 1",
      "dlg": "天空清澈蔚蓝，空气自由清新。不再有痛苦和哀嚎打破黎明，但我仍旧未能适应这样的环境。"
    },
    {
      "id": "smalltalk_11103_5",
      "desc": "同步后对话 2",
      "dlg": "听从从未上过战场之人的命令曾让我感到不适。不过我现在学到了一点……万事皆有例外。"
    },
    {
      "id": "neglect_11103_1",
      "desc": "闲置",
      "dlg": "也许该来一次全队点名，让他们清醒清醒……"
    },
    {
      "id": "gacksung_11103_1",
      "desc": "进行同步",
      "dlg": "敬礼。我将竭力尽忠。"
    },
    {
      "id": "formation_11103_1",
      "desc": "人格出战",
      "dlg": "准备出动！"
    },
    {
      "id": "battleentry_11103_1",
      "desc": "进入战斗",
      "dlg": "遵从您的命令。"
    },
    {
      "id": "battle_select_11103_1",
      "desc": "战斗中选中人格",
      "dlg": "需要任何建议吗？"
    },
    {
      "id": "battle_endcommand_11103_1",
      "desc": "进行攻击",
      "dlg": "进攻。"
    },
    {
      "id": "battle_enemy_break_11103_1",
      "desc": "敌方混乱",
      "dlg": "我注意到敌人的弱点了。"
    },
    {
      "id": "battle_break_11103_1",
      "desc": "友方混乱",
      "dlg": "啧！"
    },
    {
      "id": "battle_kill_11103_1",
      "desc": "击杀敌方",
      "dlg": "下一个目标在哪？"
    },
    {
      "id": "battle_allydead_11103_1",
      "desc": "友方阵亡",
      "dlg": "今晚要全队点名，谁都不准落下。"
    },
    {
      "id": "choice_success_p_11103_2",
      "desc": "判定成功",
      "dlg": "漂亮的指挥。"
    },
    {
      "id": "choice_fail_n_11103_1",
      "desc": "判定失败",
      "dlg": "我不会指望命令万无一失。"
    },
    {
      "id": "battle_clear_11103_1",
      "desc": "战斗胜利",
      "dlg": "你们连虫子都不如。"
    },
    {
      "id": "battle_clear_ex_11103_1",
      "desc": "EX CLEAR战斗胜利",
      "dlg": "我得承认，您的领导才能不输于我。"
    },
    {
      "id": "battle_defeat_11103_1",
      "desc": "战斗失败",
      "dlg": "如果我能全权指挥……"
    }
  ]
}