{
  "dataList": [
    {
      "id": "get_10803_1",
      "desc": "获得时",
      "dlg": "以无人能比的速度……为他们带来沉默。"
    },
    {
      "id": "lobby_morning_10803_1",
      "desc": "早间问候",
      "dlg": "早上总是很安静。出乎意料的没有路人，是个适合暗杀的时间段。"
    },
    {
      "id": "lobby_noon_10803_1",
      "desc": "午间问候",
      "dlg": "您有话想说吗？这点时间还是等得起的。"
    },
    {
      "id": "lobby_night_10803_1",
      "desc": "晚间问候",
      "dlg": "月光散落……这种日子很适合遁入影中。"
    },
    {
      "id": "smalltalk_10803_1",
      "desc": "对话 1",
      "dlg": "我会一直在这看着的，经理先生。只要叫我一声就行。"
    },
    {
      "id": "smalltalk_10803_2",
      "desc": "对话 2",
      "dlg": "请告诉我下一个目标。我会快速展开行动的。"
    },
    {
      "id": "smalltalk_10803_3",
      "desc": "对话 3",
      "dlg": "最近希斯克里夫先生试图惹恼我……嘛，不过他干活倒是挺利落的。你问这个小册子？……没什么。"
    },
    {
      "id": "smalltalk_10803_4",
      "desc": "同步后对话 1",
      "dlg": "我以前所处的地方……要是但丁先生也在那里的话结果会有所改变吗？\n那个地狱……或许会多一线生机。"
    },
    {
      "id": "smalltalk_10803_5",
      "desc": "同步后对话 2",
      "dlg": "我喜欢红色。颜色越深就越是血流不止，也就能越早结束生命……\n而且与但丁先生的头也是一样的颜色。"
    },
    {
      "id": "neglect_10803_1",
      "desc": "闲置",
      "dlg": "经理先生……？这就以为我找不到您了吗？"
    },
    {
      "id": "gacksung_10803_1",
      "desc": "进行同步",
      "dlg": "我来演示一下吧。更加简练，更加彻底。"
    },
    {
      "id": "formation_10803_1",
      "desc": "人格出战",
      "dlg": "人人平等。"
    },
    {
      "id": "battleentry_10803_1",
      "desc": "进入战斗",
      "dlg": "那就是目标吗？简单。"
    },
    {
      "id": "battle_select_10803_1",
      "desc": "战斗中选中人格",
      "dlg": "在任务中找过来可不行……"
    },
    {
      "id": "battle_endcommand_10803_1",
      "desc": "进行攻击",
      "dlg": "无影无踪。"
    },
    {
      "id": "battle_enemy_break_10803_1",
      "desc": "敌方混乱",
      "dlg": "接下来就为你带来沉默。"
    },
    {
      "id": "battle_break_10803_1",
      "desc": "友方混乱",
      "dlg": "啊！"
    },
    {
      "id": "battle_kill_10803_1",
      "desc": "击杀敌方",
      "dlg": "彻底的沉默。"
    },
    {
      "id": "battle_allydead_10803_1",
      "desc": "友方阵亡",
      "dlg": "呼……要是你躲好就没这回事了。"
    },
    {
      "id": "choice_success_p_10803_1",
      "desc": "判定成功",
      "dlg": "这种程度连低级任务都算不上。"
    },
    {
      "id": "choice_fail_n_10803_1",
      "desc": "判定失败",
      "dlg": "我应该告知过您这个任务的成功概率……"
    },
    {
      "id": "battle_clear_10803_1",
      "desc": "战斗胜利",
      "dlg": "既定的结局罢了。下次的作战是什么样的？"
    },
    {
      "id": "battle_clear_ex_10803_1",
      "desc": "EX CLEAR战斗胜利",
      "dlg": "一场干净利落的战斗。毕竟，我早就掌握了敌人所有的要害。"
    },
    {
      "id": "battle_defeat_10803_1",
      "desc": "战斗失败",
      "dlg": "是我自己动作太快了吗？"
    }
  ]
}