{
  "dataList": [
    {
      "id": "get_10204_1",
      "desc": "獲得時",
      "dlg": "要一起嗎……？將醜惡淨化的大業。"
    },
    {
      "id": "lobby_morning_10204_1",
      "desc": "早間問候",
      "dlg": "掐著佈道時間點過來了呢！呼呼，難能可貴。"
    },
    {
      "id": "lobby_noon_10204_1",
      "desc": "午間問候",
      "dlg": "啊……看來現在外面是午餐時間？哈……我不太關心這些事情。"
    },
    {
      "id": "lobby_night_10204_1",
      "desc": "晚間問候",
      "dlg": "現在是進行淨化的時間……是將骯髒之物從純淨的泥土之中去除的時間。"
    },
    {
      "id": "smalltalk_10204_1",
      "desc": "對話 1",
      "dlg": "必須接受痛苦！只有超越它的瞬間……才能重獲新生。"
    },
    {
      "id": "smalltalk_10204_2",
      "desc": "對話 2",
      "dlg": "請跟隨浮士德，成為我掌中之物……哈。"
    },
    {
      "id": "smalltalk_10204_3",
      "desc": "對話 3",
      "dlg": "構成人類的是血與肉……以及骨頭。此外都是不潔之物。\n……面具那種程度的就忽略不計了。那與衣物沒什麼差別。"
    },
    {
      "id": "smalltalk_10204_4",
      "desc": "同步後對話 1",
      "dlg": "您……不打算洗掉沾在手上的東西嗎？\n呵呵，您看。清理掉不潔之物是理所當然的事情。"
    },
    {
      "id": "smalltalk_10204_5",
      "desc": "同步後對話 2",
      "dlg": "公司……並不總能給出正確的答案。有時候，也需要自己開拓道路哦？"
    },
    {
      "id": "neglect_10204_1",
      "desc": "閒置",
      "dlg": "明明沒什麼話想說，卻還抓著浮士德不放嗎……？呼，這次就放過您吧。"
    },
    {
      "id": "gacksung_10204_1",
      "desc": "進行同步",
      "dlg": "高些，再高些！以更加，純粹的軀體……呼呼！"
    },
    {
      "id": "formation_10204_1",
      "desc": "人格出戰",
      "dlg": "執掌錘柄。"
    },
    {
      "id": "battleentry_10204_1",
      "desc": "進入戰鬥",
      "dlg": "得是值得浮士德出面的場合才行。"
    },
    {
      "id": "battle_select_10204_1",
      "desc": "戰鬥中選中人格",
      "dlg": "稍後再進行告解。"
    },
    {
      "id": "battle_endcommand_10204_1",
      "desc": "進行攻擊",
      "dlg": "淨化！"
    },
    {
      "id": "battle_enemy_break_10204_1",
      "desc": "敵方混亂",
      "dlg": "從泥土中來……"
    },
    {
      "id": "battle_break_10204_1",
      "desc": "友方混亂",
      "dlg": "……天啊。"
    },
    {
      "id": "battle_kill_10204_1",
      "desc": "擊殺敵方",
      "dlg": "……回到泥土中去！"
    },
    {
      "id": "battle_dead_10204_1",
      "desc": "自身陣亡",
      "dlg": "還沒能……成為完人……"
    },
    {
      "id": "choice_success_p_10204_2",
      "desc": "判定成功",
      "dlg": "理所當然！"
    },
    {
      "id": "choice_fail_n_10204_1",
      "desc": "判定失敗",
      "dlg": "……怎麼會？"
    },
    {
      "id": "battle_clear_10204_1",
      "desc": "戰鬥勝利",
      "dlg": "淨化結束了……？呼呼。"
    },
    {
      "id": "battle_clear_ex_10204_1",
      "desc": "EX CLEAR戰鬥勝利",
      "dlg": "為了前往最純粹的世界！"
    },
    {
      "id": "battle_defeat_10204_1",
      "desc": "戰鬥失敗",
      "dlg": "敗北……？不可思議。那些錘們都去了哪裡？"
    }
  ]
}