{
  "dataList": [
    {
      "id": "get_10504_1",
      "desc": "获得时",
      "dlg": "执柄者之锤在此。"
    },
    {
      "id": "lobby_morning_10504_1",
      "desc": "早间问候",
      "dlg": "到了锤炼躯体的时间。我建议您也参与进来，这有助于净化心灵。"
    },
    {
      "id": "lobby_noon_10504_1",
      "desc": "午间问候",
      "dlg": "没想到会在此时遇见您。如果在工作中遇到任何困难，请不必迟疑，随时告诉本人。"
    },
    {
      "id": "lobby_night_10504_1",
      "desc": "晚间问候",
      "dlg": "我建议您尽早就寝来保证健康。至于我……还有一些事项等待我去处理。"
    },
    {
      "id": "smalltalk_10504_1",
      "desc": "对话 1",
      "dlg": "随侍执柄者左右是本人至高无上的荣誉。我仍记得我被任命的那一刻。"
    },
    {
      "id": "smalltalk_10504_2",
      "desc": "对话 2",
      "dlg": "您似乎对这根钉很好奇。这是用于制造N公司的经验罐头的。至于它的详细使用方法……您可以亲眼见证。"
    },
    {
      "id": "smalltalk_10504_3",
      "desc": "对话 3",
      "dlg": "这个面具是执柄者赐予我的。因为我之前的面具无法隐藏生命维持液的管子。"
    },
    {
      "id": "smalltalk_10504_4",
      "desc": "同步后对话 1",
      "dlg": "……近期执柄者似乎正对某个具有成为“钉”资质的人保持关注。我想知道您是如何决定人选的。不知可否分享您的智慧。"
    },
    {
      "id": "smalltalk_10504_5",
      "desc": "同步后对话 2",
      "dlg": "我是仅为那一根钉挥舞的锤。尽管执柄者坚持要我教授作为钉的候选者的人……不，如果这是执柄者的意愿，那么我会遵从。"
    },
    {
      "id": "neglect_10504_1",
      "desc": "闲置",
      "dlg": "锤随时待命于此，静候被紧握之时。"
    },
    {
      "id": "gacksung_10504_1",
      "desc": "进行同步",
      "dlg": "虽然微薄之力尚难以得到认可，但若您坚持如此，我会接受。"
    },
    {
      "id": "formation_10504_1",
      "desc": "人格出战",
      "dlg": "我在。"
    },
    {
      "id": "battleentry_10504_1",
      "desc": "进入战斗",
      "dlg": "他们将无法回归泥土。"
    },
    {
      "id": "battle_select_10504_1",
      "desc": "战斗中选中人格",
      "dlg": "请您下令。"
    },
    {
      "id": "battle_endcommand_10504_1",
      "desc": "进行攻击",
      "dlg": "汝须忏悔。"
    },
    {
      "id": "battle_enemy_break_10504_1",
      "desc": "敌方混乱",
      "dlg": "无意义的抵抗。"
    },
    {
      "id": "battle_break_10504_1",
      "desc": "友方混乱",
      "dlg": "信仰太过贫乏。"
    },
    {
      "id": "battle_kill_10504_1",
      "desc": "击杀敌方",
      "dlg": "异端已被净化。"
    },
    {
      "id": "battle_dead_10504_1",
      "desc": "自身阵亡",
      "dlg": "锤们……将追赶汝等直至终末……"
    },
    {
      "id": "choice_success_p_10504_2",
      "desc": "判定成功",
      "dlg": "因执柄者命我取得成功。"
    },
    {
      "id": "choice_fail_n_10504_1",
      "desc": "判定失败",
      "dlg": "虽然吾已尽微薄之力……"
    },
    {
      "id": "battle_clear_10504_1",
      "desc": "战斗胜利",
      "dlg": "若执柄者满意，我亦足矣。"
    },
    {
      "id": "battle_clear_ex_10504_1",
      "desc": "EX CLEAR战斗胜利",
      "dlg": "我会将这辉煌胜果献与执柄者。"
    },
    {
      "id": "battle_defeat_10504_1",
      "desc": "战斗失败",
      "dlg": "此皆为……我羸弱之过……"
    }
  ]
}