{
  "dataList": [
    {
      "id": "get_11003_1",
      "desc": "获得时",
      "dlg": "经理先生，我将尽全力守护您！哦，呃……请不要站的太靠前……"
    },
    {
      "id": "lobby_morning_11003_1",
      "desc": "早间问候",
      "dlg": "您昨晚歇好了吗？哦？为什么起这么早？Zwei协会向来如此。"
    },
    {
      "id": "lobby_noon_11003_1",
      "desc": "午间问候",
      "dlg": "现在是午餐时间。我主要会吃方便拿在手上吃的食物。看来是训练时的伙食成为了习惯。"
    },
    {
      "id": "lobby_night_11003_1",
      "desc": "晚间问候",
      "dlg": "晚上必须时刻保持警惕。毕竟谁也不知道什么时候会发生袭击。"
    },
    {
      "id": "smalltalk_11003_1",
      "desc": "对话 1",
      "dlg": "就算我无法给予敌人一击……也能替您扛下来。"
    },
    {
      "id": "smalltalk_11003_2",
      "desc": "对话 2",
      "dlg": "呃，您吓到我了……!抱歉，我不怎么喜欢别人悄无声息地接近我。"
    },
    {
      "id": "smalltalk_11003_3",
      "desc": "对话 3",
      "dlg": "当初和堂吉诃德小姐进行联合训练的时候，我确实感觉有些麻烦……不过，我现在对突发行动熟练多了。"
    },
    {
      "id": "smalltalk_11003_4",
      "desc": "同步后对话 1",
      "dlg": "我以前不知道该怎么做……也因此失去了很多重要的人。所以我知道这刻不容缓。所以我会拼尽全力。"
    },
    {
      "id": "smalltalk_11003_5",
      "desc": "同步后对话 2",
      "dlg": "与其逃命还不如变成破碎的盾牌。……我再也不想失去任何人了。"
    },
    {
      "id": "neglect_11003_1",
      "desc": "闲置",
      "dlg": "经理先生……？以后您不见踪影之前，请务必通知我……我很担心您。"
    },
    {
      "id": "gacksung_11003_1",
      "desc": "进行同步",
      "dlg": "我将更加努力地工作！我不会让您失望的。"
    },
    {
      "id": "formation_11003_1",
      "desc": "人格出战",
      "dlg": "成为不屈之盾！"
    },
    {
      "id": "battleentry_11003_1",
      "desc": "进入战斗",
      "dlg": "我将尽我所能保护您！"
    },
    {
      "id": "battle_select_11003_1",
      "desc": "战斗中选中人格",
      "dlg": "我将拼尽全力保障大家的安全！"
    },
    {
      "id": "battle_endcommand_11003_1",
      "desc": "进行攻击",
      "dlg": "这边！"
    },
    {
      "id": "battle_enemy_break_11003_1",
      "desc": "敌方混乱",
      "dlg": "我们的机会来了！"
    },
    {
      "id": "battle_break_11003_1",
      "desc": "友方混乱",
      "dlg": "啊！"
    },
    {
      "id": "battle_kill_11003_1",
      "desc": "击杀敌方",
      "dlg": "我守住了！"
    },
    {
      "id": "battle_allydead_11003_1",
      "desc": "友方阵亡",
      "dlg": "我还是没能守住……"
    },
    {
      "id": "choice_success_p_11003_1",
      "desc": "判定成功",
      "dlg": "谢谢您信任我！"
    },
    {
      "id": "choice_fail_n_11003_1",
      "desc": "判定失败",
      "dlg": "我没能守住……"
    },
    {
      "id": "battle_clear_11003_1",
      "desc": "战斗胜利",
      "dlg": "我想，我正在成为一个真正的守护者。"
    },
    {
      "id": "battle_clear_ex_11003_1",
      "desc": "EX CLEAR战斗胜利",
      "dlg": "我真的倾尽了所有，很高兴能得到认可。"
    },
    {
      "id": "battle_defeat_11003_1",
      "desc": "战斗失败",
      "dlg": "我没能保护好其他人。我本以为这次会有所不同……"
    }
  ]
}