{
  "dataList": [
    {
      "id": "get_10601_1",
      "desc": "获得时",
      "dlg": "我是鸿璐，让我们好好干吧。"
    },
    {
      "id": "lobby_morning_10601_1",
      "desc": "早间问候",
      "dlg": "早上好但丁先生！我的厨师说过，早上疲惫的时候没有什么比来点松露更好的了~"
    },
    {
      "id": "lobby_noon_10601_1",
      "desc": "午间问候",
      "dlg": "来到这里之后的一件特别有趣的事是，我第一次感受到了饥饿。真是种陌生的体验呢。"
    },
    {
      "id": "lobby_night_10601_1",
      "desc": "晚间问候",
      "dlg": "夜晚亦有它独特的美感，虽然在这里看不到和我窗外一样的风景……但是和但丁先生待在一起也不错哦。"
    },
    {
      "id": "smalltalk_10601_1",
      "desc": "对话 1",
      "dlg": "如果以后有机会回家，真想开场盛大的宴会来招待但丁先生。然后向父亲介绍我的新朋友……感觉一定会很有趣。"
    },
    {
      "id": "smalltalk_10601_2",
      "desc": "对话 2",
      "dlg": "心烦意乱的时候，只要记住就算你一事无成，生活也依然会继续就行啦。这样世上就没有什么是值得困扰的了。"
    },
    {
      "id": "smalltalk_10601_3",
      "desc": "对话 3",
      "dlg": "说到我的家族……我听说家庭是彼此的避风港，对吧？实际上我到现在为止都以为在其他亲戚背后捅刀子是非常理所当然的事呢~"
    },
    {
      "id": "neglect_10601_1",
      "desc": "闲置",
      "dlg": "诶，但丁先生？有什么紧急的事情吗？慢慢来就好哦~"
    },
    {
      "id": "formation_10601_1",
      "desc": "人格出战",
      "dlg": "好期待呢~"
    },
    {
      "id": "battleentry_10601_1",
      "desc": "进入战斗",
      "dlg": "希望能发生点有趣的事情~"
    },
    {
      "id": "battle_select_10601_1",
      "desc": "战斗中选中人格",
      "dlg": "怎么了？但丁先生？"
    },
    {
      "id": "battle_endcommand_10601_1",
      "desc": "进行攻击",
      "dlg": "我会做到力所能及的事的~如果不行的话那就没有办法啦~"
    },
    {
      "id": "battle_enemy_break_10601_1",
      "desc": "敌方混乱",
      "dlg": "哈哈哈，真是有趣的瞬间啊~"
    },
    {
      "id": "battle_break_10601_1",
      "desc": "友方混乱",
      "dlg": "哎呀！"
    },
    {
      "id": "battle_kill_10601_1",
      "desc": "击杀敌方",
      "dlg": "总是会看见许多新奇的东西呢~"
    },
    {
      "id": "battle_allydead_10601_1",
      "desc": "友方阵亡",
      "dlg": "啊呀，这样很疼吗？回头一定要告诉我。"
    },
    {
      "id": "choice_success_p_10601_1",
      "desc": "判定成功",
      "dlg": "啊哈哈，没必要对我如此褒奖啦。"
    },
    {
      "id": "choice_fail_n_10601_1",
      "desc": "判定失败",
      "dlg": "啊~不要太过自责啦，今天只是运气不好。"
    },
    {
      "id": "battle_clear_10601_1",
      "desc": "战斗胜利",
      "dlg": "啊……这是我的功劳吗？能赢就是最好啦~"
    },
    {
      "id": "battle_clear_ex_10601_1",
      "desc": "EX CLEAR战斗胜利",
      "dlg": "没必要这样赞扬我~我很确定这里面也有你的一份功劳。"
    },
    {
      "id": "battle_defeat_10601_1",
      "desc": "战斗失败",
      "dlg": "胜败乃兵家常事，对吧？不要太沮丧啦~"
    }
  ]
}