{
  "dataList": [
    {
      "id": "get_10404_1",
      "desc": "获得时",
      "dlg": "来啦？要吃个派吗？"
    },
    {
      "id": "lobby_morning_10404_1",
      "desc": "早间问候",
      "dlg": "中・前・业。正在餐・备"
    },
    {
      "id": "lobby_noon_10404_1",
      "desc": "午间问候",
      "dlg": "现在是客流高峰。但愿食材不会耗尽……"
    },
    {
      "id": "lobby_night_10404_1",
      "desc": "晚间问候",
      "dlg": "不好意思，今天肉派已经售罄……不过，要是你能带点“人手”过来的话我倒是能给你再做一份。"
    },
    {
      "id": "smalltalk_10404_1",
      "desc": "对话 1",
      "dlg": "停下。别……靠太近。现在正是最关键的一步。"
    },
    {
      "id": "smalltalk_10404_2",
      "desc": "对话 2",
      "dlg": "虽然因为所有的供应商都与我断了联系，我都做不出来以前的味道了……但我还是会继续尝试。"
    },
    {
      "id": "smalltalk_10404_3",
      "desc": "对话 3",
      "dlg": "格里高尔……他紧盯着主厨之位……哈哈，真是可笑。"
    },
    {
      "id": "smalltalk_10404_4",
      "desc": "同步后对话 1",
      "dlg": "我努力从其他滑稽的餐馆中脱颖而出。这就是美食的学问，一门艺术 。"
    },
    {
      "id": "smalltalk_10404_5",
      "desc": "同步后对话 2",
      "dlg": "该死，不要在我面前乱晃。我可不想把熟客做成肉派……\n啧，你怎么非得看起来这么新鲜不成？"
    },
    {
      "id": "neglect_10404_1",
      "desc": "闲置",
      "dlg": "……没什么想说的话，我就走了。要成为8大主厨之一可不能浪费时间。"
    },
    {
      "id": "gacksung_10404_1",
      "desc": "进行同步",
      "dlg": "终于，我加入了8大——不是吗？啧，那关我什么事。"
    },
    {
      "id": "formation_10404_1",
      "desc": "人格出战",
      "dlg": "我将为你示范手工烹饪的技巧。"
    },
    {
      "id": "battleentry_10404_1",
      "desc": "进入战斗",
      "dlg": "期待能有不错的美食。"
    },
    {
      "id": "battle_select_10404_1",
      "desc": "战斗中选中人格",
      "dlg": "要下订单？"
    },
    {
      "id": "battle_endcommand_10404_1",
      "desc": "进行攻击",
      "dlg": "你尝起来会是什么味道？"
    },
    {
      "id": "battle_enemy_break_10404_1",
      "desc": "敌方混乱",
      "dlg": "放血务必放干净。"
    },
    {
      "id": "battle_break_10404_1",
      "desc": "友方混乱",
      "dlg": "啧……"
    },
    {
      "id": "battle_kill_10404_1",
      "desc": "击杀敌方",
      "dlg": "现在，你算是块有用的食材。"
    },
    {
      "id": "battle_dead_10404_1",
      "desc": "自身阵亡",
      "dlg": "从没想过……我也会成为食材……"
    },
    {
      "id": "choice_success_p_10404_1",
      "desc": "判定成功",
      "dlg": "嗯，不错的配方。"
    },
    {
      "id": "choice_fail_n_10404_1",
      "desc": "判定失败",
      "dlg": "该死，烧糊了。"
    },
    {
      "id": "battle_clear_10404_1",
      "desc": "战斗胜利",
      "dlg": "满满一篮的食材。"
    },
    {
      "id": "battle_clear_ex_10404_1",
      "desc": "EX CLEAR战斗胜利",
      "dlg": "有这么多材料……我就不用担心会很快用光了。"
    },
    {
      "id": "battle_defeat_10404_1",
      "desc": "战斗失败",
      "dlg": "啧……算了，反正食材到处都是。"
    }
  ]
}