{
  "dataList": [
    {
      "id": "get_10304_1",
      "desc": "獲得時",
      "dlg": "吾是淨化邪惡的正義之錘。汝需要我的臂助嗎？呼呼呼……"
    },
    {
      "id": "lobby_morning_10304_1",
      "desc": "早間問候",
      "dlg": "……啊，抱歉。吾專注於教義的時候聽不清汝說話。到早餐時間了嗎？"
    },
    {
      "id": "lobby_noon_10304_1",
      "desc": "午間問候",
      "dlg": "晚上肯定又要忙著執行正義了……得趁現在把剩下的讀了……"
    },
    {
      "id": "lobby_night_10304_1",
      "desc": "晚間問候",
      "dlg": "……咦啊？！啊，哈……走動……的時候能把面具摘下來嗎？因為太暗差點把汝隨手淨化掉了……"
    },
    {
      "id": "smalltalk_10304_1",
      "desc": "對話 1",
      "dlg": "第6章第18節……“吾將與汝立下誓約……”嘻嘻！由執柄者所立下之誓約……嘻嘻嘻！"
    },
    {
      "id": "smalltalk_10304_2",
      "desc": "對話2",
      "dlg": "此世之上存有太多的惡……執柄者正獨自為淨化它們奔忙，因此吾會成為她的臂助。"
    },
    {
      "id": "smalltalk_10304_3",
      "desc": "對話3",
      "dlg": "啊啊，汝好奇這羊皮紙上的內容啊。這是吾親自抄寫的……以小冊子的形式，因為如果執柄者的話語受限於厚重的教典，吾便不能與它們相伴……嘻嘻。"
    },
    {
      "id": "smalltalk_10304_4",
      "desc": "同步後對話 1",
      "dlg": "這錘子對吾而言如同法官的木槌……手持著它，吾將對惡人之心……進行正義的審判。"
    },
    {
      "id": "smalltalk_10304_5",
      "desc": "同步後對話 2",
      "dlg": "聽說汝將成為執柄者之偉業的助力，吾感到十分寬慰。如果與汝共行，想必吾的正義事業也能得到很大的發展。"
    },
    {
      "id": "neglect_10304_1",
      "desc": "閒置",
      "dlg": "寶貴的休息時間不能白白浪費。"
    },
    {
      "id": "gacksung_10304_1",
      "desc": "進行同步",
      "dlg": "嘻嘻！啊哈哈哈哈！正義地……淨化！"
    },
    {
      "id": "formation_10304_1",
      "desc": "人格出戰",
      "dlg": "……嗯，出發吧。"
    },
    {
      "id": "battleentry_10304_1",
      "desc": "進入戰鬥",
      "dlg": "任何罪惡不得假以形體而存於世上。"
    },
    {
      "id": "battle_select_10304_1",
      "desc": "戰鬥中選中人格",
      "dlg": "哈哈哈哈哈！啊，原來汝在身旁啊！"
    },
    {
      "id": "battle_endcommand_10304_1",
      "desc": "進行攻擊",
      "dlg": "吾要將汝貫穿！"
    },
    {
      "id": "battle_enemy_break_10304_1",
      "desc": "敵方混亂",
      "dlg": "（狂笑）"
    },
    {
      "id": "battle_break_10304_1",
      "desc": "友方混亂",
      "dlg": "（狂笑）"
    },
    {
      "id": "battle_kill_10304_1",
      "desc": "擊殺敵方",
      "dlg": "執行得不錯啊。"
    },
    {
      "id": "battle_dead_10304_1",
      "desc": "自身陣亡",
      "dlg": "咳……吾還有，要做的事……"
    },
    {
      "id": "choice_success_p_10304_1",
      "desc": "判定成功",
      "dlg": "對吾並非什麼難事。"
    },
    {
      "id": "choice_fail_n_10304_1",
      "desc": "判定失敗",
      "dlg": "……這使吾迷惑不解。"
    },
    {
      "id": "battle_clear_10304_1",
      "desc": "戰鬥勝利",
      "dlg": "唔……到了休息的時間嗎？"
    },
    {
      "id": "battle_clear_ex_10304_1",
      "desc": "EX CLEAR戰鬥勝利",
      "dlg": "這景色……正義之錘所過之處，風景變得如此美麗！"
    },
    {
      "id": "battle_defeat_10304_1",
      "desc": "戰鬥失敗",
      "dlg": "嘻嘻嘻……難道……吾無力……去淨化邪惡嗎……"
    }
  ]
}
