{
  "dataList": [
    {
      "id": "get_11101_1",
      "desc": "获得时",
      "dlg": "在下奥提斯。希望您能牢记我的名字，经理阁下。"
    },
    {
      "id": "lobby_morning_11101_1",
      "desc": "早间问候",
      "dlg": "早上好，经理阁下！用过早餐了吗？您看上去精神不振，请容我提醒：合理的饮食十分重要。"
    },
    {
      "id": "lobby_noon_11101_1",
      "desc": "午间问候",
      "dlg": "一位像您一样杰出的领导者，绝不应困于独自用餐的悲哀境地！我将与您一同用餐！"
    },
    {
      "id": "lobby_night_11101_1",
      "desc": "晚间问候",
      "dlg": "我建议您早些入睡，以良好的状态处理明天的事务。"
    },
    {
      "id": "smalltalk_11101_1",
      "desc": "对话 1",
      "dlg": "尽管忙碌，若是有需要，我完全可以暂停手中一切事项，来回应您的召唤。"
    },
    {
      "id": "smalltalk_11101_2",
      "desc": "对话 2",
      "dlg": "为求胜利，您可以做出何等牺牲，经理阁下？若能得胜，您又愿意不择手段到何种地步？"
    },
    {
      "id": "smalltalk_11101_3",
      "desc": "对话 3",
      "dlg": "要和未曾亲临战场的一群新兵一同执行任务，何等荒谬……啊，我绝非在指您，经理阁下。"
    },
    {
      "id": "neglect_11101_1",
      "desc": "闲置",
      "dlg": "经理阁下？独自外出十分危险，尤其对您这样没有战斗能力的人而言！"
    },
    {
      "id": "formation_11101_1",
      "desc": "人格出战",
      "dlg": "即刻出击。"
    },
    {
      "id": "battleentry_11101_1",
      "desc": "进入战斗",
      "dlg": "奥提斯，参战。"
    },
    {
      "id": "battle_select_11101_1",
      "desc": "战斗中选中人格",
      "dlg": "有何命令，经理阁下？"
    },
    {
      "id": "battle_endcommand_11101_1",
      "desc": "进行攻击",
      "dlg": "遵命。"
    },
    {
      "id": "battle_enemy_break_11101_1",
      "desc": "敌方混乱",
      "dlg": "战略实施很顺利。"
    },
    {
      "id": "battle_break_11101_1",
      "desc": "友方混乱",
      "dlg": "呃！"
    },
    {
      "id": "battle_kill_11101_1",
      "desc": "击杀敌方",
      "dlg": "一计良策。"
    },
    {
      "id": "battle_allydead_11101_1",
      "desc": "友方阵亡",
      "dlg": "新兵总是这样。"
    },
    {
      "id": "choice_success_p_11101_1",
      "desc": "判定成功",
      "dlg": "胜利完全归功于您优秀的指挥。"
    },
    {
      "id": "choice_fail_n_11101_1",
      "desc": "判定失败",
      "dlg": "是在下的失误……"
    },
    {
      "id": "battle_clear_11101_1",
      "desc": "战斗胜利",
      "dlg": "一如既——往的杰出，经理阁下！"
    },
    {
      "id": "battle_clear_ex_11101_1",
      "desc": "EX CLEAR战斗胜利",
      "dlg": "这胜果99%源于您的睿智领导，仅有1%是在下的绵薄之力！"
    },
    {
      "id": "battle_defeat_11101_1",
      "desc": "战斗失败",
      "dlg": "无论如何，这并非你我二人的过错，经理阁下。"
    }
  ]
}