{
  "dataList": [
    {
      "id": "get_10602_1",
      "desc": "获得时",
      "dlg": "倒是可以试试看按你说的去做~但期待我绝对服从可能会有点难度噢~"
    },
    {
      "id": "lobby_morning_10602_1",
      "desc": "早间问候",
      "dlg": "起床困难症的时候干脆什么都不做也不失为一种好办法~"
    },
    {
      "id": "lobby_noon_10602_1",
      "desc": "午间问候",
      "dlg": "天气实在是很好的时候……偶尔也会去做日光浴。把身子晒得暖暖的感觉很舒服哦。"
    },
    {
      "id": "lobby_night_10602_1",
      "desc": "晚间问候",
      "dlg": "每当连月光也被黑云遮蔽的夜晚降临……你看，我已经完全和影子融为一体了吧？"
    },
    {
      "id": "smalltalk_10602_1",
      "desc": "对话 1",
      "dlg": "无论何时，斩击都是件很有趣的事。但是，奉命行事的斩击却有点……扫兴呢。"
    },
    {
      "id": "smalltalk_10602_2",
      "desc": "对话 2",
      "dlg": "真不明白为什么人们会如此执着于自己的所有物。明明大家都大方一点会更好吧~"
    },
    {
      "id": "smalltalk_10602_3",
      "desc": "对话 3",
      "dlg": "我所对阵的敌手，还是由我来决定要好一些。只按既定计划活着……不是没什么意义嘛。"
    },
    {
      "id": "smalltalk_10602_4",
      "desc": "同步后对话 1",
      "dlg": "实际上我使用敬语的对象，只有但丁先生一人而已。心中不抱有那种尊敬的话，也没有硬要使用尊称的必要嘛。"
    },
    {
      "id": "smalltalk_10602_5",
      "desc": "同步后对话 2",
      "dlg": "但丁先生不希望我低头听令……我喜欢这一点。点头哈腰唯命是从的场景……那不只是些滑稽的电影桥段嘛？"
    },
    {
      "id": "neglect_10602_1",
      "desc": "闲置",
      "dlg": "但丁先生去哪儿了呢？莫非是隐在云中了嘛？"
    },
    {
      "id": "gacksung_10602_1",
      "desc": "进行同步",
      "dlg": "谢谢您。还有需要我斩开的东西吗？"
    },
    {
      "id": "formation_10602_1",
      "desc": "人格出战",
      "dlg": "如果这是命令的话~"
    },
    {
      "id": "battleentry_10602_1",
      "desc": "进入战斗",
      "dlg": "按我趁手的方式出剑没问题吗？"
    },
    {
      "id": "battle_select_10602_1",
      "desc": "战斗中选中人格",
      "dlg": "来了呢~但丁先生。"
    },
    {
      "id": "battle_endcommand_10602_1",
      "desc": "进行攻击",
      "dlg": "虽然没什么意思，但我会照做的~"
    },
    {
      "id": "battle_enemy_break_10602_1",
      "desc": "敌方混乱",
      "dlg": "感觉还能斩得更好一点哦？"
    },
    {
      "id": "battle_break_10602_1",
      "desc": "友方混乱",
      "dlg": "呃！"
    },
    {
      "id": "battle_kill_10602_1",
      "desc": "击杀敌方",
      "dlg": "斩击很有趣呢~"
    },
    {
      "id": "battle_allydead_10602_1",
      "desc": "友方阵亡",
      "dlg": "看来得劳烦您一下了，但丁先生~"
    },
    {
      "id": "choice_success_p_10602_1",
      "desc": "判定成功",
      "dlg": "我说过吧？我会服从你的任何命令~"
    },
    {
      "id": "choice_fail_n_10602_1",
      "desc": "判定失败",
      "dlg": "嗯……没关系啦~我已经按您说的照做了不是嘛？"
    },
    {
      "id": "battle_clear_10602_1",
      "desc": "战斗胜利",
      "dlg": "不觉得我的剑术很帅吗？呼呼……"
    },
    {
      "id": "battle_clear_ex_10602_1",
      "desc": "EX CLEAR战斗胜利",
      "dlg": "只是将他们送往了他们本该前往之处而已。这其中我所做的也仅仅是斩开了目光所及之物罢了~"
    },
    {
      "id": "battle_defeat_10602_1",
      "desc": "战斗失败",
      "dlg": "看来是剑刃是有些钝了呢~"
    }
  ]
}