{
  "dataList": [
    {
      "id": "get_10702_1",
      "desc": "获得时",
      "dlg": "公平的将死亡……啧。什么来着，反正我是来粉碎一切的。"
    },
    {
      "id": "lobby_morning_10702_1",
      "desc": "早间问候",
      "dlg": "妈的……刚刚不关闹钟就睡回去的是哪个家伙？我不会放过他的……"
    },
    {
      "id": "lobby_noon_10702_1",
      "desc": "午间问候",
      "dlg": "午饭……想吃新鲜的生食啊。鲜血淋漓的那种。"
    },
    {
      "id": "lobby_night_10702_1",
      "desc": "晚间问候",
      "dlg": "老兄见过血红的月亮吗？简直美到爆。我瞬间就被迷住了。"
    },
    {
      "id": "smalltalk_10702_1",
      "desc": "对话 1",
      "dlg": "……你说你担心我受伤？妈耶，我全身都起鸡皮疙瘩了。以后别再说这么肉麻的话了。"
    },
    {
      "id": "smalltalk_10702_2",
      "desc": "对话 2",
      "dlg": "把目击者全都干掉可不就是暗杀了吗？妈的，怎么都只对着我发脾气啊。"
    },
    {
      "id": "smalltalk_10702_3",
      "desc": "对话 3",
      "dlg": "只打击要害其实很没意思。难道不是很没劲吗？"
    },
    {
      "id": "smalltalk_10702_4",
      "desc": "同步后对话 1",
      "dlg": "大伙都净喜欢说些有的没的。说什么沉下内心再安静的这样那样……直接给他干碎不是对我们相互之间都更方便吗？"
    },
    {
      "id": "smalltalk_10702_5",
      "desc": "同步后对话 2",
      "dlg": "我还是更喜欢你闭嘴转回时钟的样子。上次我肩上被人穿了个洞，我光是想想你要把那个治好都觉得疼。"
    },
    {
      "id": "neglect_10702_1",
      "desc": "闲置",
      "dlg": "上哪去了？妈的，要是以实玛利的话应该立马就能找出来了……"
    },
    {
      "id": "gacksung_10702_1",
      "desc": "进行同步",
      "dlg": "我可以一直杀到你叫停为止！"
    },
    {
      "id": "formation_10702_1",
      "desc": "人格出战",
      "dlg": "好啊，不会让你后悔的！"
    },
    {
      "id": "battleentry_10702_1",
      "desc": "进入战斗",
      "dlg": "只要把眼中见到的东西都干碎就行是吧？"
    },
    {
      "id": "battle_select_10702_1",
      "desc": "战斗中选中人格",
      "dlg": "好啊，要杀谁？"
    },
    {
      "id": "battle_endcommand_10702_1",
      "desc": "进行攻击",
      "dlg": "行，去斩了他！"
    },
    {
      "id": "battle_enemy_break_10702_1",
      "desc": "敌方混乱",
      "dlg": "怎样，是不是感觉要死了？"
    },
    {
      "id": "battle_break_10702_1",
      "desc": "友方混乱",
      "dlg": "切……！"
    },
    {
      "id": "battle_kill_10702_1",
      "desc": "击杀敌方",
      "dlg": "目标，清除~"
    },
    {
      "id": "battle_allydead_10702_1",
      "desc": "友方阵亡",
      "dlg": "没有实力还这么大大咧咧的，只会害了你。"
    },
    {
      "id": "choice_success_p_10702_1",
      "desc": "判定成功",
      "dlg": "你瞧。不论过程如何，至少结果还不错？"
    },
    {
      "id": "choice_fail_n_10702_1",
      "desc": "判定失败",
      "dlg": "这不是第一次有人给我派根本不适合我的活了。"
    },
    {
      "id": "battle_clear_10702_1",
      "desc": "战斗胜利",
      "dlg": "这点程度可是最基本的。还有要刺杀的目标吗？"
    },
    {
      "id": "battle_clear_ex_10702_1",
      "desc": "EX CLEAR战斗胜利",
      "dlg": "都是我的猎物罢了。"
    },
    {
      "id": "battle_defeat_10702_1",
      "desc": "战斗失败",
      "dlg": "我的刀还没想停下呢！老兄，我们再来一次吧！"
    }
  ]
}