{
  "dataList": [
    {
      "id": "get_11001_1",
      "desc": "获得时",
      "dlg": "我是辛克莱……埃米尔・辛克莱。啊，编号是……呃……十一号。"
    },
    {
      "id": "lobby_morning_11001_1",
      "desc": "早间问候",
      "dlg": "早安！您昨天睡得……啊，经理先生也能入睡……对吧？"
    },
    {
      "id": "lobby_noon_11001_1",
      "desc": "午间问候",
      "dlg": "这是我一天中最舒服的时候了。下午也请加油，经理先生。"
    },
    {
      "id": "lobby_night_11001_1",
      "desc": "晚间问候",
      "dlg": "您今天过得怎么样？我……感觉自己今天并没有很好做到集中精神工作。"
    },
    {
      "id": "smalltalk_11001_1",
      "desc": "对话 1",
      "dlg": "如果是以前我根本就无法想象……啊，我并不是说我对现在的工作心存不满……只是觉得有些不可思议。"
    },
    {
      "id": "smalltalk_11001_2",
      "desc": "对话 2",
      "dlg": "经理先生真了不起……我还在因为无法适应而焦头烂额的时候，您却能在失忆的前提下熟练地领导我们。"
    },
    {
      "id": "smalltalk_11001_3",
      "desc": "对话 3",
      "dlg": "您看。罗佳姐给了我一点零食。我打算省着点吃。嘿嘿。"
    },
    {
      "id": "smalltalk_11001_4",
      "desc": "对话 4",
      "dlg": "但丁先生……您的头变成了这样以后……真的没关系吗？您所看到的世界……还是正常的吗？"
    },
    {
      "id": "smalltalk_11001_5",
      "desc": "对话 5",
      "dlg": "但丁先生，失去了以前的记忆，是不是就不会觉得懊悔？虽然这样说会很无礼，但是……我真的很羡慕您。因为您不会被过去所困扰。"
    },
    {
      "id": "neglect_11001_1",
      "desc": "闲置",
      "dlg": "经理先生……？您去哪了？您在忙吗？"
    },
    {
      "id": "formation_11001_1",
      "desc": "人格出战",
      "dlg": "呃……我吗？嗯……我会尽力的……"
    },
    {
      "id": "battleentry_11001_1",
      "desc": "进入战斗",
      "dlg": "这应该是极限了吧……？"
    },
    {
      "id": "battle_select_11001_1",
      "desc": "战斗中选中人格",
      "dlg": "我做错什么了吗……？"
    },
    {
      "id": "battle_endcommand_11001_1",
      "desc": "进行攻击",
      "dlg": "我会试试的……!"
    },
    {
      "id": "battle_enemy_break_11001_1",
      "desc": "敌方混乱",
      "dlg": "我做到了，对吧……？"
    },
    {
      "id": "battle_break_11001_1",
      "desc": "友方混乱",
      "dlg": "呃……!"
    },
    {
      "id": "battle_kill_11001_1",
      "desc": "击杀敌方",
      "dlg": "我做到了！"
    },
    {
      "id": "battle_allydead_11001_1",
      "desc": "友方阵亡",
      "dlg": "我也会变成那样吗……?"
    },
    {
      "id": "choice_success_p_11001_1",
      "desc": "判定成功",
      "dlg": "太好了，我做到了……"
    },
    {
      "id": "choice_fail_n_11001_1",
      "desc": "判定失败",
      "dlg": "这都是我的错……"
    },
    {
      "id": "battle_clear_11001_1",
      "desc": "战斗胜利",
      "dlg": "嗯……我们做到了吗？那我就放心了。"
    },
    {
      "id": "battle_clear_ex_11001_1",
      "desc": "EX CLEAR战斗胜利",
      "dlg": "这应该不是我的功劳。但还是谢谢您的夸奖，经理先生。一时间，我想起了妈妈。"
    },
    {
      "id": "battle_defeat_11001_1",
      "desc": "战斗失败",
      "dlg": "对不起。我应该做的更好的……看来我还有很多尚未成熟的地方。"
    }
  ]
}