{
  "dataList": [
    {
      "id": "get_11202_1",
      "desc": "獲得時",
      "dlg": "經理兄，你喜歡煙花嗎？"
    },
    {
      "id": "lobby_morning_11202_1",
      "desc": "早間問候",
      "dlg": "今天太陽很明朗啊，光照充足。"
    },
    {
      "id": "lobby_noon_11202_1",
      "desc": "午間問候",
      "dlg": "我還想著大家為什麼都猛的衝出去，原來是到午餐時間了啊。"
    },
    {
      "id": "lobby_night_11202_1",
      "desc": "晚間問候",
      "dlg": "真是的，大家怎麼都這麼忙。起碼要給我留個點煙的時間吧？"
    },
    {
      "id": "smalltalk_11202_1",
      "desc": "對話 1",
      "dlg": "怎麼了？要是閒著沒事的話就跟我一起聊聊天再走吧？"
    },
    {
      "id": "smalltalk_11202_2",
      "desc": "對話 2",
      "dlg": "經理兄，你來看看。我用不著一直帶這打火機來來去去了。之前良秀的打火機沒油了，我就想著幫她點一下，結果她還是抱怨說什麼不夠藝術。"
    },
    {
      "id": "smalltalk_11202_3",
      "desc": "對話 3",
      "dlg": "你問默爾索？他，呃……像是一堵牆一樣，但是別人說我倆是對不錯的搭檔。"
    },
    {
      "id": "smalltalk_11202_4",
      "desc": "同步後對話 1",
      "dlg": "你問我義肢有沒有什麼不便？完全沒有。不如說，你知道沒有知覺的手在戰鬥時能派上多大的用場嗎？只要沒有痛覺，我的手就是無敵的。僅此而已。"
    },
    {
      "id": "smalltalk_11202_5",
      "desc": "同步後對話 2",
      "dlg": "我討厭上前線。可以的話我更希望在後方慢悠悠的，一邊「咻咻」地放著火花一邊戰鬥。"
    },
    {
      "id": "neglect_11202_1",
      "desc": "閒置",
      "dlg": "跑哪裡去了，經理兄？那我也趁著這時間去抽個煙……"
    },
    {
      "id": "gacksung_11202_1",
      "desc": "進行同步",
      "dlg": "嘿，我都說了不要這樣。這會讓我有種不捲起來不行的感覺啊。"
    },
    {
      "id": "formation_11202_1",
      "desc": "人格出戰",
      "dlg": "嘛，我們去燒點什麼吧。"
    },
    {
      "id": "battleentry_11202_1",
      "desc": "進入戰鬥",
      "dlg": "雖然不知道身體跟不跟得上……但只要你下令我就會執行。"
    },
    {
      "id": "battle_select_11202_1",
      "desc": "戰鬥中選中人格",
      "dlg": "經理兄，怎麼了嗎？"
    },
    {
      "id": "battle_endcommand_11202_1",
      "desc": "進行攻擊",
      "dlg": "就這樣上吧。"
    },
    {
      "id": "battle_break_11202_1",
      "desc": "友方混亂",
      "dlg": "嗯！"
    },
    {
      "id": "battle_enemy_break_11202_1",
      "desc": "敵方混亂",
      "dlg": "比想像中要燒的更旺啊。"
    },
    {
      "id": "battle_kill_11202_1",
      "desc": "擊殺敵方",
      "dlg": "下一個。"
    },
    {
      "id": "battle_allydead_11202_1",
      "desc": "友方陣亡",
      "dlg": "明明叫你當心點的……"
    },
    {
      "id": "choice_success_p_11202_1",
      "desc": "判定成功",
      "dlg": "比我想像中還好的選擇啊。"
    },
    {
      "id": "choice_fail_n_11202_1",
      "desc": "判定失敗",
      "dlg": "火也是會根據處理方式的不同而變化的……"
    },
    {
      "id": "battle_clear_11202_1",
      "desc": "戰鬥勝利",
      "dlg": "那個，我最後的那一拳，是不是很帥？"
    },
    {
      "id": "battle_clear_ex_11202_1",
      "desc": "EX CLEAR戰鬥勝利",
      "dlg": "啊啊，努力過頭了。這下一整個星期都有藉口休息了。"
    },
    {
      "id": "battle_defeat_11202_1",
      "desc": "戰鬥失敗",
      "dlg": "今天沒能好好點起火來……"
    }
  ]
}
