{
  "dataList": [
    {
      "id": "get_11203_1",
      "desc": "獲得時",
      "dlg": "我是接到入隊命令的格里高爾。很榮幸能夠和各位並肩作戰。"
    },
    {
      "id": "lobby_morning_11203_1",
      "desc": "早間問候",
      "dlg": "長官！早間點名時沒有任何異常！"
    },
    {
      "id": "lobby_noon_11203_1",
      "desc": "午間問候",
      "dlg": "長官，現在是午餐時間！下午的工作我也會努力做到最好！"
    },
    {
      "id": "lobby_night_11203_1",
      "desc": "晚間問候",
      "dlg": "沒有可報告的異常狀況，長官！"
    },
    {
      "id": "smalltalk_11203_1",
      "desc": "對話 1",
      "dlg": "長官！雖然我仍在適應中，但因為有大家照應所以沒有問題。只是羅佳閣下偶爾會說我讓人不舒服……哈哈，沒有問題。"
    },
    {
      "id": "smalltalk_11203_2",
      "desc": "對話 2",
      "dlg": "我會毫不猶豫地戰鬥。從得到接受身體改造的機會時起，我就下定決心了。"
    },
    {
      "id": "smalltalk_11203_3",
      "desc": "對話 3",
      "dlg": "啊，您問這只手臂嗎？我對此深感自豪。比起只能無力的旁觀戰爭……能夠身處戰場中心是多麼幸運啊。"
    },
    {
      "id": "smalltalk_11203_4",
      "desc": "同步後對話 1",
      "dlg": "我並不為自己接受了人體改造這件事而後悔……只是……我應該一輩子都無法回歸普通人的生活了吧。"
    },
    {
      "id": "smalltalk_11203_5",
      "desc": "同步後對話 2",
      "dlg": "最近我……正在儘量讓自己不去思考。只有這樣做我才能堅持下去。"
    },
    {
      "id": "neglect_11203_1",
      "desc": "閒置",
      "dlg": "經理長官？貌似暫時離席了的樣子。那我在此待機。"
    },
    {
      "id": "gacksung_11203_1",
      "desc": "進行同步",
      "dlg": "敬禮！我之後也會竭盡全力輔佐您，經理長官！"
    },
    {
      "id": "formation_11203_1",
      "desc": "人格出戰",
      "dlg": "這是我的榮幸！"
    },
    {
      "id": "battleentry_11203_1",
      "desc": "進入戰鬥",
      "dlg": "我會竭盡全力！"
    },
    {
      "id": "battle_select_11203_1",
      "desc": "戰鬥中選中人格",
      "dlg": "首席助理格里高爾！"
    },
    {
      "id": "battle_endcommand_11203_1",
      "desc": "進行攻擊",
      "dlg": "遵命！"
    },
    {
      "id": "battle_enemy_break_11203_1",
      "desc": "敵方混亂",
      "dlg": "利落的一擊！"
    },
    {
      "id": "battle_break_11203_1",
      "desc": "友方混亂",
      "dlg": "唔…"
    },
    {
      "id": "battle_kill_11203_1",
      "desc": "擊殺敵方",
      "dlg": "幹掉一個！"
    },
    {
      "id": "battle_allydead_11203_1",
      "desc": "友方陣亡",
      "dlg": "我會更加努力來補救……"
    },
    {
      "id": "choice_success_p_11203_1",
      "desc": "判定成功",
      "dlg": "經理長官！真是精明的戰術！"
    },
    {
      "id": "choice_fail_n_11203_1",
      "desc": "判定失敗",
      "dlg": "明明您很信任我……我卻失敗了。"
    },
    {
      "id": "battle_clear_11203_1",
      "desc": "戰鬥勝利",
      "dlg": "多虧了經理長官優秀的戰術。"
    },
    {
      "id": "battle_clear_ex_11203_1",
      "desc": "EX CLEAR戰鬥勝利",
      "dlg": "多虧了經理長官，我們才能取得勝利。"
    },
    {
      "id": "battle_defeat_11203_1",
      "desc": "戰鬥失敗",
      "dlg": "所謂戰鬥……就是這樣吧。我還遠遠不夠格。"
    }
  ]
}