{
  "dataList": [
    {
      "id": "get_11204_1",
      "desc": "獲得人格",
      "dlg": "有能用得上的肉嗎……？"
    },
    {
      "id": "lobby_morning_11204_1",
      "desc": "晨間問候",
      "dlg": "早上不開店。……因為那是我採購材料的時間。"
    },
    {
      "id": "lobby_noon_11204_1",
      "desc": "午間問候",
      "dlg": "良秀在後廚工作。我覺得你還是別特地去找她比較好。不然，早晚有一天被切碎的就是你而不是肉了。"
    },
    {
      "id": "lobby_night_11204_1",
      "desc": "晚間問候",
      "dlg": "……這個點別在店前面亂晃啊。……我差點把你當成食材了。"
    },
    {
      "id": "smalltalk_11204_1",
      "desc": "對話1",
      "dlg": "尋找新鮮的食材還挺難的……"
    },
    {
      "id": "smalltalk_11204_2",
      "desc": "對話2",
      "dlg": "你，還沒吃過我們店的派……？因為搶不到所以吃不了……哈哈。"
    },
    {
      "id": "smalltalk_11204_3",
      "desc": "對話3",
      "dlg": "你說是不是該把煙熄了再開始料理……？胡說什麼，這明明是最棒的香料。"
    },
    {
      "id": "smalltalk_11204_4",
      "desc": "同步後對話1",
      "dlg": "好想吃……手餡餅啊。如果不是平時那些供應商提供的材料，就做不出那種味道了……"
    },
    {
      "id": "smalltalk_11204_5",
      "desc": "同步後對話2",
      "dlg": "雖然適當的妥協是必要的……但她總會一邊說著什麼美食的藝術一邊把錯全怪罪在食材上。"
    },
    {
      "id": "neglect_11204_1",
      "desc": "閒置",
      "dlg": "唔……機械手臂又開始僵硬了……你問我的手為什麼會變成這樣？誰知道？我新鮮多汁的手臂到底消失到哪裡去了呢？"
    },
    {
      "id": "gacksung_11204_1",
      "desc": "進行同步",
      "dlg": "我……？哈，果然你能看出來誰才是真正的主廚……？"
    },
    {
      "id": "formation_11204_1",
      "desc": "人格出戰",
      "dlg": "要去尋找新的供應商嗎？"
    },
    {
      "id": "battleentry_11204_1",
      "desc": "進入戰鬥",
      "dlg": "要是有新鮮的就好了。"
    },
    {
      "id": "battle_select_11204_1",
      "desc": "戰鬥中選擇人格",
      "dlg": "哦，嚇我一跳！差點就衝你揮刀了。"
    },
    {
      "id": "battle_endcommand_11204_1",
      "desc": "進行攻擊",
      "dlg": "全都切碎吧！"
    },
    {
      "id": "battle_enemy_break_11204_1",
      "desc": "敵方混亂",
      "dlg": "先切開這裡~再剖開那裡~"
    },
    {
      "id": "battle_break_11204_1",
      "desc": "陷入混亂",
      "dlg": "呃……"
    },
    {
      "id": "battle_kill_11204_1",
      "desc": "擊殺敵方",
      "dlg": "呼！都宰好了~"
    },
    {
      "id": "battle_dead_11204_1",
      "desc": "自身陣亡",
      "dlg": "啊、可惡……"
    },
    {
      "id": "choice_success_p_11204_1",
      "desc": "判定成功",
      "dlg": "是這個對吧？"
    },
    {
      "id": "choice_fail_n_11204_1",
      "desc": "判定失敗",
      "dlg": "唔，是不新鮮的部位嗎？"
    },
    {
      "id": "battle_clear_11204_1",
      "desc": "戰鬥勝利",
      "dlg": "收穫還算不錯。"
    },
    {
      "id": "battle_clear_ex_11204_1",
      "desc": "EX CLEAR戰鬥勝利",
      "dlg": "呼……殺太多了嗎？該怎麼帶回去才好……"
    },
    {
      "id": "battle_defeat_11204_1",
      "desc": "戰鬥失敗",
      "dlg": "算了，那肉沒準也不怎麼好吃。"
    }
  ]
}