{
  "dataList": [
    {
      "id": "get_11002_1",
      "desc": "获得时",
      "dlg": "说吧……要我去砍什么？"
    },
    {
      "id": "lobby_morning_11002_1",
      "desc": "早间问候",
      "dlg": "在早晨清新的空气中挥舞我的剑，是最令我爽快的事。"
    },
    {
      "id": "lobby_noon_11002_1",
      "desc": "午间问候",
      "dlg": "经理先生，您中午和谁一起吃饭？嗯……我的话，我一般习惯一个人吃饭。这样感觉更自在。"
    },
    {
      "id": "lobby_night_11002_1",
      "desc": "晚间问候",
      "dlg": "好黑啊。如果能把月亮砍下来的话，天空就会更亮一点……啊，我当然是在开玩笑的啦。"
    },
    {
      "id": "smalltalk_11002_1",
      "desc": "对话 1",
      "dlg": "经理先生对自己在做的事情满意吗？您感觉有意义吗？"
    },
    {
      "id": "smalltalk_11002_2",
      "desc": "对话 2",
      "dlg": "哦，经理先生！我在站岗。您要一起吗……？嗯……当然！就这样吧。"
    },
    {
      "id": "smalltalk_11002_3",
      "desc": "对话 3",
      "dlg": "我真羡慕罗佳小姐。她从来不想太多，而且随心所欲。我自幼以来就做不到这些。"
    },
    {
      "id": "smalltalk_11002_4",
      "desc": "同步后对话 1",
      "dlg": "据说用剑时不能有丝毫犹豫。但是我总是忍不住去想……这样轻易夺走别人的性命，真的没关系吗……"
    },
    {
      "id": "smalltalk_11002_5",
      "desc": "同步后对话 2",
      "dlg": "但是当我真的抽刀砍人的时候……我会不由自主地感到喜悦。也许，看来这才是我的本性吧。"
    },
    {
      "id": "neglect_11002_1",
      "desc": "闲置",
      "dlg": "嗯？经理先生呢？或许是新式的恶作剧之类的吗？"
    },
    {
      "id": "gacksung_11002_1",
      "desc": "进行同步",
      "dlg": "我将成为一把更加锋利的剑。"
    },
    {
      "id": "formation_11002_1",
      "desc": "人格出战",
      "dlg": "毫无犹豫"
    },
    {
      "id": "battleentry_11002_1",
      "desc": "进入战斗",
      "dlg": "这将是我历练的机会，对吧？"
    },
    {
      "id": "battle_select_11002_1",
      "desc": "战斗中选中人格",
      "dlg": "请相信我的剑……"
    },
    {
      "id": "battle_endcommand_11002_1",
      "desc": "进行攻击",
      "dlg": "我不会犹豫……！"
    },
    {
      "id": "battle_enemy_break_11002_1",
      "desc": "敌方混乱",
      "dlg": "接下来就能砍倒他们了吧？"
    },
    {
      "id": "battle_break_11002_1",
      "desc": "友方混乱",
      "dlg": "哼……!"
    },
    {
      "id": "battle_kill_11002_1",
      "desc": "击杀敌方",
      "dlg": "我砍倒他们了！"
    },
    {
      "id": "battle_allydead_11002_1",
      "desc": "友方阵亡",
      "dlg": "我不喜欢这种玩笑……"
    },
    {
      "id": "choice_success_p_11002_1",
      "desc": "判定成功",
      "dlg": "但丁先生如此果断！"
    },
    {
      "id": "choice_fail_n_11002_1",
      "desc": "判定失败",
      "dlg": "我没想到会这样……"
    },
    {
      "id": "battle_clear_11002_1",
      "desc": "战斗胜利",
      "dlg": "虽然有点不安……不过能顺利结束实在是太好了。"
    },
    {
      "id": "battle_clear_ex_11002_1",
      "desc": "EX CLEAR战斗胜利",
      "dlg": "砍倒某人……是件比我想的还能感受到喜悦的事情啊。"
    },
    {
      "id": "battle_defeat_11002_1",
      "desc": "战斗失败",
      "dlg": "我在关键时刻犹豫了。是我的错……"
    }
  ]
}