{
  "dataList": [
    {
      "id": "get_10704_1",
      "desc": "获得时",
      "dlg": "好的，我，我是……啊，原来不是长官啊……搞毛啊？"
    },
    {
      "id": "lobby_morning_10704_1",
      "desc": "早间问候",
      "dlg": "现在很忙。别搭话。啊……我把书扔哪儿了？"
    },
    {
      "id": "lobby_noon_10704_1",
      "desc": "午间问候",
      "dlg": "净化异端…呃。我刚刚要说什么来着？啊……吃完饭就经常这样。"
    },
    {
      "id": "lobby_night_10704_1",
      "desc": "晚间问候",
      "dlg": "今天能准时入睡吗……最好是得趁还睡得着的时候赶紧睡。"
    },
    {
      "id": "smalltalk_10704_1",
      "desc": "对话 1",
      "dlg": "别跟我搭话了。刚背好的教条会被你整忘的。"
    },
    {
      "id": "smalltalk_10704_2",
      "desc": "对话 2",
      "dlg": "要是能吃顿正经的就好了。光是打开那些黏糊糊的罐头就让我反胃……"
    },
    {
      "id": "smalltalk_10704_3",
      "desc": "对话 3",
      "dlg": "异——！啊，你妈……能不能把那面具收起来再转悠啊？这不是差点就把你干掉了吗！"
    },
    {
      "id": "smalltalk_10704_4",
      "desc": "同步后对话 1",
      "dlg": "说我眼窝凹陷……？我还没睡。上次因为集会迟到了五分钟，他们就让我读经读到天亮。"
    },
    {
      "id": "smalltalk_10704_5",
      "desc": "同步后对话 2",
      "dlg": "我是……锤子……以锤净化肮脏之物的……被执掌者……"
    },
    {
      "id": "neglect_10704_1",
      "desc": "闲置",
      "dlg": "……没有其他人吗？稍微……歇一会儿也可以吧。"
    },
    {
      "id": "gacksung_10704_1",
      "desc": "进行同步",
      "dlg": "我吗……？不是，我好像还不够格……你若执意如此我也只能服从。"
    },
    {
      "id": "formation_10704_1",
      "desc": "人格出战",
      "dlg": "好的！啊……行。"
    },
    {
      "id": "battleentry_10704_1",
      "desc": "进入战斗",
      "dlg": "哈……时候到了。"
    },
    {
      "id": "battle_select_10704_1",
      "desc": "战斗中选中人格",
      "dlg": "又，怎么……"
    },
    {
      "id": "battle_endcommand_10704_1",
      "desc": "进行攻击",
      "dlg": "净化。是这样……吗？"
    },
    {
      "id": "battle_enemy_break_10704_1",
      "desc": "敌方混乱",
      "dlg": "排除异端……"
    },
    {
      "id": "battle_break_10704_1",
      "desc": "友方混乱",
      "dlg": "……呃！这里……"
    },
    {
      "id": "battle_kill_10704_1",
      "desc": "击杀敌方",
      "dlg": "……又死了吗。"
    },
    {
      "id": "battle_dead_10704_1",
      "desc": "自身阵亡",
      "dlg": "妈的……凯瑟琳……"
    },
    {
      "id": "choice_success_p_10704_2",
      "desc": "判定成功",
      "dlg": "我已照做。"
    },
    {
      "id": "choice_fail_n_10704_1",
      "desc": "判定失败",
      "dlg": "我已照做，不过……"
    },
    {
      "id": "battle_clear_10704_1",
      "desc": "战斗胜利",
      "dlg": "现在……是要回去了吗？"
    },
    {
      "id": "battle_clear_ex_10704_1",
      "desc": "EX CLEAR战斗胜利",
      "dlg": "做到这种程度的话……总有一天能回去了吧？"
    },
    {
      "id": "battle_defeat_10704_1",
      "desc": "战斗失败",
      "dlg": "不，不行！就，就这样回去的话……呃！"
    }
  ]
}