{
  "dataList": [
    {
      "id": "get_10503_1",
      "desc": "获得时",
      "dlg": "请告诉我目的地吧，我将为您提供指引。"
    },
    {
      "id": "lobby_morning_10503_1",
      "desc": "早间问候",
      "dlg": "我无法理解的事情很多，上班迟到就是其中之一。我认为准时到岗是员工的基本要求。"
    },
    {
      "id": "lobby_noon_10503_1",
      "desc": "午间问候",
      "dlg": "我总在这时晒太阳。可能是还没有习惯随时都能沐浴阳光这件事吧。"
    },
    {
      "id": "lobby_night_10503_1",
      "desc": "晚间问候",
      "dlg": "很少有人喜欢和我对话。与他们截然不同的经理你应该是个特别的人吧。"
    },
    {
      "id": "smalltalk_10503_1",
      "desc": "对话 1",
      "dlg": "我对尸体很熟悉。然而熟悉不代表喜欢。"
    },
    {
      "id": "smalltalk_10503_2",
      "desc": "对话 2",
      "dlg": "堂吉诃德说她加入W公司很自豪。我觉得这有些不可思议。"
    },
    {
      "id": "smalltalk_10503_3",
      "desc": "对话 3",
      "dlg": "如果您要乘坐WARP列车，可以提前告诉我。我会亲自收集您的碎片。"
    },
    {
      "id": "smalltalk_10503_4",
      "desc": "同步后对话 1",
      "dlg": "如果与人共情确实有那么重要……他们就应该把这条在公司条例里写清楚。"
    },
    {
      "id": "smalltalk_10503_5",
      "desc": "同步后对话 2",
      "dlg": "W公司的辞职人数在一众企业中尤其多。那些来辞职的人总是一副涕泪横流的模样，我没有费劲去理解他们的行为。"
    },
    {
      "id": "neglect_10503_1",
      "desc": "闲置",
      "dlg": "请确保准时归来。"
    },
    {
      "id": "gacksung_10503_1",
      "desc": "进行同步",
      "dlg": "晋升……我习惯了。"
    },
    {
      "id": "formation_10503_1",
      "desc": "人格出战",
      "dlg": "了解。我会将你送达目的地。"
    },
    {
      "id": "battleentry_10503_1",
      "desc": "进入战斗",
      "dlg": "向目的地出发。"
    },
    {
      "id": "battle_select_10503_1",
      "desc": "战斗中选中人格",
      "dlg": "你确实是个特别的人。"
    },
    {
      "id": "battle_endcommand_10503_1",
      "desc": "进行攻击",
      "dlg": "扫除障碍。"
    },
    {
      "id": "battle_enemy_break_10503_1",
      "desc": "敌方混乱",
      "dlg": "我不觉得很好笑。"
    },
    {
      "id": "battle_break_10503_1",
      "desc": "友方混乱",
      "dlg": "哼！"
    },
    {
      "id": "battle_kill_10503_1",
      "desc": "击杀敌方",
      "dlg": "我没有收集这些尸体的必要。"
    },
    {
      "id": "battle_allydead_10503_1",
      "desc": "友方阵亡",
      "dlg": "我过后会收集遗体。"
    },
    {
      "id": "choice_success_p_10503_2",
      "desc": "判定成功",
      "dlg": "只是按图索骥罢了。"
    },
    {
      "id": "choice_fail_n_10503_1",
      "desc": "判定失败",
      "dlg": "这没在规定之中写明。"
    },
    {
      "id": "battle_clear_10503_1",
      "desc": "战斗胜利",
      "dlg": "这里的尸体比我处理过的更结实一些。"
    },
    {
      "id": "battle_clear_ex_10503_1",
      "desc": "EX CLEAR战斗胜利",
      "dlg": "他们已经全部被分割成合理大小了。"
    },
    {
      "id": "battle_defeat_10503_1",
      "desc": "战斗失败",
      "dlg": "熟悉练习是必要的一步。"
    }
  ]
}