{
  "dataList": [
    {
      "id": "get_10502_1",
      "desc": "获得时",
      "dlg": "若您需要火焰，我会为您点燃。"
    },
    {
      "id": "lobby_morning_10502_1",
      "desc": "早间问候",
      "dlg": "时间一到我便会自然而然地睁开双眼。不必惊讶我起得多早。"
    },
    {
      "id": "lobby_noon_10502_1",
      "desc": "午间问候",
      "dlg": "空余时间我会帮助其他人训练。最开始的时候我只指导一个人，之后却在不知不觉中成为了一项日常惯例。"
    },
    {
      "id": "lobby_night_10502_1",
      "desc": "晚间问候",
      "dlg": "如果您讨厌黑暗我可以为您照亮四周。我的火焰是六科中最为明亮的。"
    },
    {
      "id": "smalltalk_10502_1",
      "desc": "对话 1",
      "dlg": "如果事情进展不顺……您首先应该仔细检查问题所在。"
    },
    {
      "id": "smalltalk_10502_2",
      "desc": "对话 2",
      "dlg": "别人经常认为我不常说话是因为性格沉闷。这并非负面因素，所以我也不会致力于改正这点。"
    },
    {
      "id": "smalltalk_10502_3",
      "desc": "对话 3",
      "dlg": "正如时机到来，我与经理便会相遇……因此只要时机到来，我们便能寻得金枝。"
    },
    {
      "id": "smalltalk_10502_4",
      "desc": "同步后对话 1",
      "dlg": "从至今为止的管理经验来看，以经理您的能力应该可以轻易制造火焰。如果您希望如此……"
    },
    {
      "id": "smalltalk_10502_5",
      "desc": "同步后对话 2",
      "dlg": "无须执着于失忆一事。对经理您而言，记忆复原之日自然会到来。"
    },
    {
      "id": "neglect_10502_1",
      "desc": "闲置",
      "dlg": "如果您有紧急事务，可以离开。"
    },
    {
      "id": "gacksung_10502_1",
      "desc": "进行同步",
      "dlg": "我会努力燃起更为热烈的火焰。"
    },
    {
      "id": "formation_10502_1",
      "desc": "人格出战",
      "dlg": "若您需要火焰。"
    },
    {
      "id": "battleentry_10502_1",
      "desc": "进入战斗",
      "dlg": "若您需要我的火焰。"
    },
    {
      "id": "battle_select_10502_1",
      "desc": "战斗中选中人格",
      "dlg": "进展不顺吗？"
    },
    {
      "id": "battle_endcommand_10502_1",
      "desc": "进行攻击",
      "dlg": "请跟随我的火焰。"
    },
    {
      "id": "battle_enemy_break_10502_1",
      "desc": "敌方混乱",
      "dlg": "进展顺利。"
    },
    {
      "id": "battle_break_10502_1",
      "desc": "友方混乱",
      "dlg": "呃！"
    },
    {
      "id": "battle_kill_10502_1",
      "desc": "击杀敌方",
      "dlg": "自然而然的结果。"
    },
    {
      "id": "battle_allydead_10502_1",
      "desc": "友方阵亡",
      "dlg": "如果火焰能更猛烈一些……"
    },
    {
      "id": "choice_success_p_10502_2",
      "desc": "判定成功",
      "dlg": "我按需求照亮了道路。"
    },
    {
      "id": "choice_fail_n_10502_1",
      "desc": "判定失败",
      "dlg": "火焰也会被风吹灭。"
    },
    {
      "id": "battle_clear_10502_1",
      "desc": "战斗胜利",
      "dlg": "我能清楚地看见最适合击中的位置。"
    },
    {
      "id": "battle_clear_ex_10502_1",
      "desc": "EX CLEAR战斗胜利",
      "dlg": "是的，我很喜欢这次引燃的火焰。"
    },
    {
      "id": "battle_defeat_10502_1",
      "desc": "战斗失败",
      "dlg": "没关系。我已找到问题所在。"
    }
  ]
}