{
  "dataList": [
    {
      "id": "get_10202_1",
      "desc": "獲得時",
      "dlg": "您的問題……很快就會得到處理。"
    },
    {
      "id": "lobby_morning_10202_1",
      "desc": "早間問候",
      "dlg": "浮士德不太喜歡乘坐列車。旅行作為單獨的概念，不一定需要肉體進行物理上的移動。"
    },
    {
      "id": "lobby_noon_10202_1",
      "desc": "午間問候",
      "dlg": "看清事物本質是十分重要的。如同你的鐘表腦袋不是真的鐘表一樣，WARP列車也不會真的能遷躍時空。"
    },
    {
      "id": "lobby_night_10202_1",
      "desc": "晚間問候",
      "dlg": "不要對傳聞嗤之以鼻，但丁。每條傳聞的源頭，都來自於某種真相。"
    },
    {
      "id": "smalltalk_10202_1",
      "desc": "對話 1",
      "dlg": "說實話，浮士德並不喜歡打掃衛生。或許應該說，與那完全相反。"
    },
    {
      "id": "smalltalk_10202_2",
      "desc": "對話 2",
      "dlg": "只要結果是好的，過程如何就無關緊要了嗎？就像你用等價於死亡的痛苦交換他們從死地歸來一樣？"
    },
    {
      "id": "smalltalk_10202_3",
      "desc": "對話 3",
      "dlg": "和我不同，你很少探究自身的處境。莫非，你已經下定決心接受現狀了？"
    },
    {
      "id": "smalltalk_10202_4",
      "desc": "同步後對話 1",
      "dlg": "總有一天，我會集齊都市中的所有秘密，再把它們放在同一塊畫布裡。到時候，我就可以好好欣賞一下這幅作品了。"
    },
    {
      "id": "smalltalk_10202_5",
      "desc": "同步後對話 2",
      "dlg": "浮士德喜歡探索都市的角角落落。在這方面，沒有比這裡更適合的地方了。"
    },
    {
      "id": "neglect_10202_1",
      "desc": "閒置",
      "dlg": "……偶爾會毫無徵兆地消失。記錄結束。"
    },
    {
      "id": "gacksung_10202_1",
      "desc": "進行同步",
      "dlg": "我開始對這裡了如指掌。"
    },
    {
      "id": "formation_10202_1",
      "desc": "人格出戰",
      "dlg": "好，我們出發吧。"
    },
    {
      "id": "battleentry_10202_1",
      "desc": "進入戰鬥",
      "dlg": "浮士德。開始戰鬥。"
    },
    {
      "id": "battle_select_10202_1",
      "desc": "戰鬥中選擇人格",
      "dlg": "我在忙。"
    },
    {
      "id": "battle_endcommand_10202_1",
      "desc": "進行攻擊",
      "dlg": "我會很快處理好。"
    },
    {
      "id": "battle_enemy_break_10202_1",
      "desc": "敵方混亂",
      "dlg": "發現弱點。"
    },
    {
      "id": "battle_break_10202_1",
      "desc": "友方混亂",
      "dlg": "嘁！"
    },
    {
      "id": "battle_kill_10202_1",
      "desc": "擊殺敵方",
      "dlg": "已處理。"
    },
    {
      "id": "battle_allydead_10202_1",
      "desc": "友方陣亡",
      "dlg": "這就是我討厭列車的原因。"
    },
    {
      "id": "choice_success_p_10202_1",
      "desc": "判定成功",
      "dlg": "浮士德，完成任務。"
    },
    {
      "id": "choice_fail_n_10202_1",
      "desc": "判定失敗",
      "dlg": "或許我們太倉促了嗎？"
    },
    {
      "id": "battle_clear_10202_1",
      "desc": "戰鬥勝利",
      "dlg": "下次我們可以更快地了結它。"
    },
    {
      "id": "battle_clear_ex_10202_1",
      "desc": "EX CLEAR戰鬥勝利",
      "dlg": "浮士德，此次作戰也完美地結束。"
    },
    {
      "id": "battle_defeat_10202_1",
      "desc": "戰鬥失敗",
      "dlg": "有幾個人，多餘的動作太多了。"
    }
  ]
}