{
  "dataList": [
    {
      "id": "get_10703_1",
      "desc": "获得时",
      "dlg": "嘻嘻哈哈……蹦蹦跳跳……兔子跃来，粉碎一切！"
    },
    {
      "id": "lobby_morning_10703_1",
      "desc": "早间问候",
      "dlg": "啥？第一次见早起出来洗脸的兔子吗？"
    },
    {
      "id": "lobby_noon_10703_1",
      "desc": "午间问候",
      "dlg": "有没有不错的任务？想一想就让人热血沸腾又眼红的那种……火热的任务。"
    },
    {
      "id": "lobby_night_10703_1",
      "desc": "晚间问候",
      "dlg": "虽然看起来不像，但我其实是夜行性生物。也就是说越黑暗，我就越敏捷。"
    },
    {
      "id": "smalltalk_10703_1",
      "desc": "对话 1",
      "dlg": "我说！与其在这里百无聊赖地唠嗑不如再派一个任务。"
    },
    {
      "id": "smalltalk_10703_2",
      "desc": "对话 2",
      "dlg": "我是兔子。哪里有鲜草，我便要去哪。"
    },
    {
      "id": "smalltalk_10703_3",
      "desc": "对话 3",
      "dlg": "是谁说兔子弱小来着？要是碰上一群饥饿的兔子，你觉得接下来都会发生些什么？"
    },
    {
      "id": "smalltalk_10703_4",
      "desc": "同步后对话 1",
      "dlg": "如果我打着打着连着哥们你也一起干了的话也别怨我。兔子天性如此。"
    },
    {
      "id": "smalltalk_10703_5",
      "desc": "同步后对话 2",
      "dlg": "你那钟表头还挺有用的，有没有考虑过一起加入兔子队蹦蹦跳跳啊？"
    },
    {
      "id": "neglect_10703_1",
      "desc": "闲置",
      "dlg": "知道吗？兔子的耳朵，很灵敏。"
    },
    {
      "id": "gacksung_10703_1",
      "desc": "进行同步",
      "dlg": "就这么做，早该这样了！"
    },
    {
      "id": "formation_10703_1",
      "desc": "人格出战",
      "dlg": "好，是该撕咬鲜草的时候了。"
    },
    {
      "id": "battleentry_10703_1",
      "desc": "进入战斗",
      "dlg": "发现了鲜嫩的青草！"
    },
    {
      "id": "battle_select_10703_1",
      "desc": "战斗中选中人格",
      "dlg": "想到什么火热的计划了吗？"
    },
    {
      "id": "battle_endcommand_10703_1",
      "desc": "进行攻击",
      "dlg": "蹦蹦跳跳！"
    },
    {
      "id": "battle_enemy_break_10703_1",
      "desc": "敌方混乱",
      "dlg": "再蹦跶一个试试啊！"
    },
    {
      "id": "battle_break_10703_1",
      "desc": "友方混乱",
      "dlg": "哈……！"
    },
    {
      "id": "battle_kill_10703_1",
      "desc": "击杀敌方",
      "dlg": "呼，还挺有嚼劲。"
    },
    {
      "id": "battle_allydead_10703_1",
      "desc": "友方阵亡",
      "dlg": "寂寞了吗？这么快就死掉了。"
    },
    {
      "id": "choice_success_p_10703_1",
      "desc": "判定成功",
      "dlg": "小菜一碟。"
    },
    {
      "id": "choice_fail_n_10703_1",
      "desc": "判定失败",
      "dlg": "我都照做了。不满意就向上级投诉啊。"
    },
    {
      "id": "battle_clear_10703_1",
      "desc": "战斗胜利",
      "dlg": "怎样？是不是强到爆炸还快的离谱？"
    },
    {
      "id": "battle_clear_ex_10703_1",
      "desc": "EX CLEAR战斗胜利",
      "dlg": "我的肌肉因兴奋而颤抖着！还有没有找打的？这才刚开始！"
    },
    {
      "id": "battle_defeat_10703_1",
      "desc": "战斗失败",
      "dlg": "没时间休息了。立刻再次出击！"
    }
  ]
}