{
  "dataList": [
    {
      "id": "get_10802_1",
      "desc": "获得时",
      "dlg": "呼，走形式的部分就省略掉吧。我该干什么？"
    },
    {
      "id": "lobby_morning_10802_1",
      "desc": "早间问候",
      "dlg": "为了最大程度地清除杂念，我早上一般会进行冥想。"
    },
    {
      "id": "lobby_noon_10802_1",
      "desc": "午间问候",
      "dlg": "哈啊，为什么午饭时间大家都这么吵闹呢？安安静静的吃个饭难道不行吗？"
    },
    {
      "id": "lobby_night_10802_1",
      "desc": "晚间问候",
      "dlg": "呼……总算是安静下来了。请别向我搭话。我得休息一下。"
    },
    {
      "id": "smalltalk_10802_1",
      "desc": "对话 1",
      "dlg": "咳……稍等一下。头，头痛得要裂开……啊……现在好多了。最近经常这样。"
    },
    {
      "id": "smalltalk_10802_2",
      "desc": "对话 2",
      "dlg": "我必须时刻保持集中。也就是说，我无法回应执行经理的那些无关紧要的话题。"
    },
    {
      "id": "smalltalk_10802_3",
      "desc": "对话 3",
      "dlg": "呃……一旦你看到我的角振动得快像是要破裂开来，就向所有人下达疏散命令吧……"
    },
    {
      "id": "smalltalk_10802_4",
      "desc": "同步后对话 1",
      "dlg": "经理先生，虽然不觉得会变成那样……但如果有一天……\n我失去了理智的话……这也可以通过转动时钟来解决吗？"
    },
    {
      "id": "smalltalk_10802_5",
      "desc": "同步后对话 2",
      "dlg": "时刻保持清醒就意味着……哪怕是睡觉的时候也要保持精神层面的抖擞。\n我已经再记不起，熟睡是什么感觉了。"
    },
    {
      "id": "neglect_10802_1",
      "desc": "闲置",
      "dlg": "这是我最为讨厌的事情之一。把我叫过来自己却先不见踪影。"
    },
    {
      "id": "gacksung_10802_1",
      "desc": "进行同步",
      "dlg": "呃……哈啊，力量好像变强了……但头痛也更加剧烈了……"
    },
    {
      "id": "formation_10802_1",
      "desc": "人格出战",
      "dlg": "咳……准备，就绪。"
    },
    {
      "id": "battleentry_10802_1",
      "desc": "进入战斗",
      "dlg": "快点开始吧。"
    },
    {
      "id": "battle_select_10802_1",
      "desc": "战斗中选中人格",
      "dlg": "目前……头脑还算清醒。"
    },
    {
      "id": "battle_endcommand_10802_1",
      "desc": "进行攻击",
      "dlg": "呼……参与战斗。"
    },
    {
      "id": "battle_enemy_break_10802_1",
      "desc": "敌方混乱",
      "dlg": "他们的精神……过于不堪一击了。"
    },
    {
      "id": "battle_break_10802_1",
      "desc": "友方混乱",
      "dlg": "啊！"
    },
    {
      "id": "battle_kill_10802_1",
      "desc": "击杀敌方",
      "dlg": "哈……噪音减少了一点。"
    },
    {
      "id": "battle_allydead_10802_1",
      "desc": "友方阵亡",
      "dlg": "呃呃……脑袋里的……噪音太严重了……"
    },
    {
      "id": "choice_success_p_10802_1",
      "desc": "判定成功",
      "dlg": "任务……完成。"
    },
    {
      "id": "choice_fail_n_10802_1",
      "desc": "判定失败",
      "dlg": "对不起……呃，头要裂开了。"
    },
    {
      "id": "battle_clear_10802_1",
      "desc": "战斗胜利",
      "dlg": "还算……走运……在头脑尚且清醒的时候完事了。"
    },
    {
      "id": "battle_clear_ex_10802_1",
      "desc": "EX CLEAR战斗胜利",
      "dlg": "呃……放电实在太激烈了。虽然很痛苦……但还好已经没事了。"
    },
    {
      "id": "battle_defeat_10802_1",
      "desc": "战斗失败",
      "dlg": "咳……我的头……其他人的精神状态还好吗？"
    }
  ]
}