{
  "dataList": [
    {
      "id": "0",
      "content": "噢"
    },
    {
      "id": "1",
      "content": "一年一度的這個季節再次到來"
    },
    {
      "id": "2",
      "content": "我們最珍愛的這個無比歡樂的夜晚"
    },
    {
      "id": "3",
      "content": "好多好多懊悔催我落淚"
    },
    {
      "id": "4",
      "content": "好少好少人留意或在乎"
    },
    {
      "id": "5",
      "content": "噢"
    },
    {
      "id": "6",
      "content": "救世主"
    },
    {
      "id": "7",
      "content": "噢"
    },
    {
      "id": "8",
      "content": "為何賜予平凡的火焰如此強大的破壞力？"
    },
    {
      "id": "9",
      "content": "但願我們永遠單純天真"
    },
    {
      "id": "10",
      "content": "但願我們的未來無痛無苦"
    },
    {
      "id": "11",
      "content": "但願世界懷有慈悲"
    }
  ]
}