{
  "dataList": [
    {
      "id": "0",
      "content": "<i><size=43>看不見花，花在飄香。</size></i>"
    },
    {
      "id": "1",
      "content": "<i><size=43>花香滿溢，我為自己挖掘墓穴。</size></i>"
    },
    {
      "id": "2",
      "content": "追逐虛影的舊時光"
    },
    {
      "id": "3",
      "content": "只剩下空洞的回憶"
    },
    {
      "id": "4",
      "content": "就像火焰灼燒了我"
    },
    {
      "id": "5",
      "content": "我的手中只剩下灰燼"
    },
    {
      "id": "6",
      "content": "<i><size=43>花香滿溢，我為自己挖掘墓穴。</size></i>"
    },
    {
      "id": "7",
      "content": "<i><size=43>墓穴也看不見，我在看不見的墓穴中落座。</size></i>"
    },
    {
      "id": "8",
      "content": "<i><size=43>我躺了下來</size></i>"
    },
    {
      "id": "9",
      "content": "我奔跑著，毫不停歇"
    },
    {
      "id": "10",
      "content": "那些曾讓我感到窒息的時光"
    },
    {
      "id": "11",
      "content": "到頭來也會讓我覺得珍貴嗎"
    },
    {
      "id": "12",
      "content": "那是很久很久以前的事情"
    },
    {
      "id": "13",
      "content": "當我回顧那些記憶時"
    },
    {
      "id": "14",
      "content": "我真希望自己能夠微笑"
    },
    {
      "id": "15",
      "content": "<i><size=43>香氣滿開。</size></i>"
    },
    {
      "id": "16",
      "content": "<i><size=43>我在忘卻之後，再次在那裡挖掘墓穴。</size></i>"
    },
    {
      "id": "17",
      "content": "<i><size=43>墓穴看不見</size></i>"
    },
    {
      "id": "18",
      "content": "<i><size=43>我將花香忘卻之後進入了不可見的墓穴</size></i>"
    },
    {
      "id": "19",
      "content": "不論現在還剩下多少時間"
    },
    {
      "id": "20",
      "content": "我都該向前邁步了"
    },
    {
      "id": "21",
      "content": "將自己燃燒殆盡"
    },
    {
      "id": "22",
      "content": "我須如蠟燭一般"
    },
    {
      "id": "23",
      "content": "沒有喘息的空閒"
    },
    {
      "id": "24",
      "content": "我被捲入這動蕩的日子裡"
    },
    {
      "id": "25",
      "content": "希望我能夠開拓自己的路"
    },
    {
      "id": "26",
      "content": "那是很久很久以前的事情"
    },
    {
      "id": "27",
      "content": "當我回顧那些記憶時"
    },
    {
      "id": "28",
      "content": "我真希望自己能夠微笑"
    },
    {
      "id": "29",
      "content": "<i><size=43>我再度真正的躺下，花朵再次飄香</size></i>"
    },
    {
      "id": "30",
      "content": "讓我，讓我飛得如此之遠"
    },
    {
      "id": "31",
      "content": "像夜空中的鳥兒一般觸摸星辰"
    },
    {
      "id": "32",
      "content": "這夜，這夜晚一定還會到來"
    },
    {
      "id": "33",
      "content": "但沒關係，我會活下去"
    },
    {
      "id": "34",
      "content": "<i><size=43>看不見的花，不可見的花。</size></i>"
    },
    {
      "id": "35",
      "content": "會沒事的"
    }
  ]
}