{
  "dataList": [
    {
      "id": "announcer_cheer_4_1",
      "dlg": "希望能幫到大家……"
    },
    {
      "id": "announcer_cheer_4_2",
      "dlg": "如果可以的話……希望大家盡量不要受傷。"
    },
    {
      "id": "announcer_specialcheer_4_1",
      "dlg": "啊，啊……撤退後重新整頓比較好吧，經理先生？"
    },
    {
      "id": "announcer_specialcheer_4_2",
      "dlg": "什麼時候……大家都受了這麼重的傷？有什麼辦法嗎……"
    },
    {
      "id": "announcer_enemy_break_4_1",
      "dlg": "那些人，好像有點疲倦了……！"
    },
    {
      "id": "announcer_ally_break_4_1",
      "dlg": "啊……現在可能不是進攻的好時機。\n我認為……應該盡量不引人注目。"
    },
    {
      "id": "announcer_killenemy_4_1",
      "dlg": "呼……能漸漸地，看到終點了。"
    },
    {
      "id": "announcer_ally_dead_4_1",
      "dlg": "啊啊……！經，經理……"
    },
    {
      "id": "announcer_enemy_adv_4_1",
      "dlg": "真的有辦法擺脫這種狀況嗎……？"
    },
    {
      "id": "announcer_ally_adv_4_1",
      "dlg": "我們應該會贏！"
    },
    {
      "id": "announcer_danger_4_1",
      "dlg": "……這應該是最後的機會了。我有種預感……我們不能錯過接下來發生的事。"
    },
    {
      "id": "announcer_enemy_specialskill_4_1",
      "dlg": "氣氛有些凝重……他們似乎準備直接衝過來啊。"
    },
    {
      "id": "announcer_enemy_specialgimmick_4_1",
      "dlg": "我，我從來沒有見過這種東西！"
    },
    {
      "id": "announcer_advatk_physical_4_1",
      "dlg": "這次攻擊看起來似乎很有效。"
    },
    {
      "id": "announcer_disadvatk_physical_4_1",
      "dlg": "啊，呃……那好像只是激怒了他們……"
    },
    {
      "id": "announcer_advatk_attr_4_1",
      "dlg": "經理先生……！不愧是您，光憑我是想不到這些方法的！"
    },
    {
      "id": "announcer_disadvatk_attr_4_1",
      "dlg": "呃……經理先生……？您……確定嗎？"
    },
    {
      "id": "announcer_enemy_specialbuff_4_1",
      "dlg": "他們身上散發著一股詭異的氣息！"
    },
    {
      "id": "announcer_enemy_specialdebuff_4_1",
      "dlg": "他們看起來……有些不安……如果我們現在攻擊，他們應該沒法還手。"
    },
    {
      "id": "announcer_ally_specialbuff_4_1",
      "dlg": "啊……看樣子大家狀態都很好。趁現在攻擊看看吧，經理？"
    },
    {
      "id": "announcer_ally_specialdebuff_4_1",
      "dlg": "嗯……看樣子大家都不在狀態。還是不要說話比較好……"
    },
    {
      "id": "announcer_enemy_destroy_4_1",
      "dlg": "部位被打飛了！"
    },
    {
      "id": "announcer_enemy_destroy_4_2",
      "dlg": "利落地砍斷了……這樣一來，就不能再用它去幹些蠢事了吧。"
    },
    {
      "id": "announcer_round_takebigdmg_4_1",
      "dlg": "呃呃？！連，連我能感覺到痛了……"
    },
    {
      "id": "announcer_round_takebigdmg_4_2",
      "dlg": "剛才很危險……"
    },
    {
      "id": "announcer_round_givebigdmg_4_1",
      "dlg": "太……太棒了！"
    },
    {
      "id": "announcer_round_givebigdmg_4_2",
      "dlg": "真是猛烈的攻擊……怎麼會這麼強大？"
    },
    {
      "id": "announcer_multikillenemy_4_1",
      "dlg": "居然獨自把敵人全部消滅了……！"
    },
    {
      "id": "announcer_equip_4_1",
      "dlg": "啊……我是負責語音播報的辛克萊。請多關照……"
    }
  ]
}