{
  "dataList": [
    {
      "id": "announcer_cheer_1_1",
      "dlg": "不要太依賴我的時鐘，動手小心點……好嗎？"
    },
    {
      "id": "announcer_cheer_1_2",
      "dlg": "不要忽視身體的狀況。不，我……我只是擔心你罷了。"
    },
    {
      "id": "announcer_specialcheer_1_1",
      "dlg": "呃……你是不是傷的很嚴重？我要開始進行心理準備咯？"
    },
    {
      "id": "announcer_specialcheer_1_2",
      "dlg": "大家是不是因為我能把你們復原就在盲目亂衝？給我好好小心地戰鬥啊。"
    },
    {
      "id": "announcer_enemy_break_1_1",
      "dlg": "敵人陷入混亂了。該放開手猛攻了。"
    },
    {
      "id": "announcer_ally_break_1_1",
      "dlg": "看來你們該準備挨一頓打了……"
    },
    {
      "id": "announcer_killenemy_1_1",
      "dlg": "好，一位罪人打倒了敵人。繼續保持這個勢頭吧。"
    },
    {
      "id": "announcer_ally_dead_1_1",
      "dlg": "一位罪人剛剛死了。 雖說我可以進行復活……"
    },
    {
      "id": "announcer_enemy_adv_1_1",
      "dlg": "這樣下去敵人就會獲勝吧。這樣一來我又得撥轉時鐘了。"
    },
    {
      "id": "announcer_ally_adv_1_1",
      "dlg": "看來局面對我們有利吧？就這樣繼續戰鬥吧。"
    },
    {
      "id": "announcer_danger_1_1",
      "dlg": "現在好像是十分關鍵的時刻吧？我相信你能做出正確的判斷。"
    },
    {
      "id": "announcer_enemy_specialskill_1_1",
      "dlg": "接下來敵人似乎要做一些很糟糕的事情？大家都準備好了嗎？"
    },
    {
      "id": "announcer_enemy_specialgimmick_1_1",
      "dlg": "總感覺有什麼糟糕的事情要發生了……只有我有不祥的預感嗎？"
    },
    {
      "id": "announcer_advatk_physical_1_1",
      "dlg": "幹得漂亮。我們造成了一次沉痛的打擊。"
    },
    {
      "id": "announcer_disadvatk_physical_1_1",
      "dlg": "太可惜了。我們的進攻似乎沒怎麼湊效。"
    },
    {
      "id": "announcer_advatk_attr_1_1",
      "dlg": "看來這種罪孽有效攻擊到了敵人。就這麼繼續進攻吧。"
    },
    {
      "id": "announcer_disadvatk_attr_1_1",
      "dlg": "啊……那種罪孽似乎並不那麼有效。等待下一個機會吧。"
    },
    {
      "id": "announcer_enemy_specialbuff_1_1",
      "dlg": "總感覺敵人在使用一些對他們有利的陰招？要小心了。"
    },
    {
      "id": "announcer_enemy_specialdebuff_1_1",
      "dlg": "敵人似乎陷入了不好的效果。抓住這個機會吧。"
    },
    {
      "id": "announcer_ally_specialbuff_1_1",
      "dlg": "你們好像受到了不錯的效果啊。乘勢而上吧。"
    },
    {
      "id": "announcer_ally_specialdebuff_1_1",
      "dlg": "似乎出了點小麻煩啊，大家都還好嗎？就算不好我也無能為力就是了……"
    },
    {
      "id": "announcer_enemy_destroy_1_1",
      "dlg": "不錯，我們已經破壞了它的一個部位。剩下的部位也都這樣上吧。"
    },
    {
      "id": "announcer_enemy_destroy_1_2",
      "dlg": " 敵人的部位被破壞了啊。再加把勁吧。"
    },
    {
      "id": "announcer_round_takebigdmg_1_1",
      "dlg": "是不是有人受到了很嚴重的傷害？"
    },
    {
      "id": "announcer_round_takebigdmg_1_2",
      "dlg": "某人的人格遭到了嚴重損傷。"
    },
    {
      "id": "announcer_round_takebigdmg_1_3",
      "dlg": "剛才可真是漂亮的一擊。能不能繼續保持下去啊？"
    },
    {
      "id": "announcer_round_takebigdmg_1_4",
      "dlg": "像剛剛那麼做就好。你可以打出強力一擊的吧？"
    },
    {
      "id": "announcer_multikillenemy_1_1",
      "dlg": "有一名罪人幹掉了多個敵人。回來之後我會表揚你的。"
    },
    {
      "id": "announcer_equip_1_1",
      "dlg": "雖然是副天天見到膩的面孔……但我來咯。"
    }
  ]
}