{
  "dataList": [
    {
      "id": "announcer_cheer_6_1",
      "dlg": "我期待一場無悔的戰鬥。"
    },
    {
      "id": "announcer_cheer_6_2",
      "dlg": "不用擔心。只要還剩下最後一個血細胞，生命便將以某種方式得以保存。"
    },
    {
      "id": "announcer_specialcheer_6_1",
      "dlg": "血液並不是什麼迷人的東西……我不喜歡看到我的同伴們流血。"
    },
    {
      "id": "announcer_specialcheer_6_2",
      "dlg": "我的同事們看起來無精打采。這樣默默的繼續下去是不可取的。"
    },
    {
      "id": "announcer_enemy_break_6_1",
      "dlg": "他們像秋風一樣搖曳。局勢對我們有利，不是嗎？"
    },
    {
      "id": "announcer_ally_break_6_1",
      "dlg": "有人說傷痛能使人成長。 我相信我的朋友們也是如此。"
    },
    {
      "id": "announcer_killenemy_6_1",
      "dlg": "剛剛的戰鬥非常精彩。"
    },
    {
      "id": "announcer_ally_dead_6_1",
      "dlg": "他們會再回來的。在此之前……休息一下。"
    },
    {
      "id": "announcer_enemy_adv_6_1",
      "dlg": "苦難之路蜿蜒曲折……與其四處奔波，不如返回另闢蹊徑，經理。"
    },
    {
      "id": "announcer_ally_adv_6_1",
      "dlg": "我們有些優勢。"
    },
    {
      "id": "announcer_danger_6_1",
      "dlg": "戰況轉瞬即逝。你需要堅定地做出選擇。"
    },
    {
      "id": "announcer_enemy_specialskill_6_1",
      "dlg": "覺無勝數，沁入肺腑"
    },
    {
      "id": "announcer_enemy_specialgimmick_6_1",
      "dlg": "我感覺有一股可怕的力量侵入了我的骨髓。"
    },
    {
      "id": "announcer_advatk_physical_6_1",
      "dlg": "精確的一擊。"
    },
    {
      "id": "announcer_disadvatk_physical_6_1",
      "dlg": "即便在正常情況下我並不會做出這樣的選擇……但我想，你一定是有原因的。"
    },
    {
      "id": "announcer_advatk_attr_6_1",
      "dlg": "哦。明智的決定。"
    },
    {
      "id": "announcer_disadvatk_attr_6_1",
      "dlg": "啊……那真是……驚人……的確，你一定是有原因的。"
    },
    {
      "id": "announcer_enemy_specialbuff_6_1",
      "dlg": "嗯，我能感受到一股特殊的能量。我提議仔細觀察戰局發展。"
    },
    {
      "id": "announcer_enemy_specialdebuff_6_1",
      "dlg": "從他們身上……我能感受到一股墓穴的香氣。"
    },
    {
      "id": "announcer_ally_specialbuff_6_1",
      "dlg": "你們的臉龐看起來明亮而活潑。"
    },
    {
      "id": "announcer_ally_specialdebuff_6_1",
      "dlg": "我能感受到一個可怕的存在……"
    },
    {
      "id": "announcer_enemy_destroy_6_1",
      "dlg": "一支枝條已然折斷。"
    },
    {
      "id": "announcer_enemy_destroy_6_2",
      "dlg": "終於，枝條折斷了。連一隻蝴蝶的重量都再也承受不住。"
    },
    {
      "id": "announcer_round_takebigdmg_6_1",
      "dlg": "剛才的衝擊相當猛烈。我的同伴們都安好嗎？"
    },
    {
      "id": "announcer_round_takebigdmg_6_2",
      "dlg": "這次交鋒是致命的……恐怕沒有第二次機會了，經理。"
    },
    {
      "id": "announcer_round_givebigdmg_6_1",
      "dlg": "完美。無需多言。"
    },
    {
      "id": "announcer_round_givebigdmg_6_2",
      "dlg": "這是最佳的選擇，經理。"
    },
    {
      "id": "announcer_multikillenemy_6_1",
      "dlg": "你一次便把輕鬆的將所有對手消滅了。"
    },
    {
      "id": "announcer_equip_6_1",
      "dlg": "……是我，李箱。"
    }
  ]
}