{
  "dataList": [
    {
      "id": "announcer_cheer_5_1",
      "dlg": "好吧~讓我們快點完事，然後去吃點東西吧？"
    },
    {
      "id": "announcer_cheer_5_2",
      "dlg": "先幹完活的有好吃的！當然啦~，公司請客！"
    },
    {
      "id": "announcer_specialcheer_5_1",
      "dlg": "他們都快被切成碎肉了……沒有更好的辦法嗎？"
    },
    {
      "id": "announcer_specialcheer_5_2",
      "dlg": "呃……你們還好嗎？你們流了好多血唉。"
    },
    {
      "id": "announcer_enemy_break_5_1",
      "dlg": "快看那！他陷入混亂了！"
    },
    {
      "id": "announcer_ally_break_5_1",
      "dlg": "嗯……你可以試試像，這樣，躲開的嘛！"
    },
    {
      "id": "announcer_killenemy_5_1",
      "dlg": "好！解決了一個！"
    },
    {
      "id": "announcer_ally_dead_5_1",
      "dlg": "呃……但丁……辛苦了……？"
    },
    {
      "id": "announcer_enemy_adv_5_1",
      "dlg": "嗯……如果我們不小心一點的話，還是有可能會輸的……但丁，你有什麼好想法嗎？"
    },
    {
      "id": "announcer_ally_adv_5_1",
      "dlg": "嗯~很快就能解決，然後回巴士的吧，對吧？"
    },
    {
      "id": "announcer_danger_5_1",
      "dlg": "我有種不祥的預感……哈啊，這可能是我這輩子的最後一口氣了……"
    },
    {
      "id": "announcer_enemy_specialskill_5_1",
      "dlg": "大，大的要來了……但丁！你得告訴其他人！"
    },
    {
      "id": "announcer_enemy_specialgimmick_5_1",
      "dlg": "嘿，它……是想幹什麼？"
    },
    {
      "id": "announcer_advatk_physical_5_1",
      "dlg": "完美的一擊！感覺不錯~"
    },
    {
      "id": "announcer_disadvatk_physical_5_1",
      "dlg": "你確定這是對的嗎……？它看起來完全沒受傷啊？"
    },
    {
      "id": "announcer_advatk_attr_5_1",
      "dlg": "哦~真聰明，但丁！太棒了！"
    },
    {
      "id": "announcer_disadvatk_attr_5_1",
      "dlg": "嗯……我不認為我會這麼做……但丁，你很累嗎？"
    },
    {
      "id": "announcer_enemy_specialbuff_5_1",
      "dlg": "呃……他們看起來像打了雞血，是剛吃完肉嗎……？"
    },
    {
      "id": "announcer_enemy_specialdebuff_5_1",
      "dlg": "呼，他們好像萎靡不振的樣子？是因為反胃嗎？"
    },
    {
      "id": "announcer_ally_specialbuff_5_1",
      "dlg": "哦哦……我精力充沛！但丁！我們去把他們全部打倒！"
    },
    {
      "id": "announcer_ally_specialdebuff_5_1",
      "dlg": "嗯……夥伴們的狀態不是很好……"
    },
    {
      "id": "announcer_enemy_destroy_5_1",
      "dlg": "很好！破壞了一個部位！"
    },
    {
      "id": "announcer_enemy_destroy_5_2",
      "dlg": "呼呼。你看那個，破破爛爛的！好像被狠狠地教訓了一頓。是吧?"
    },
    {
      "id": "announcer_round_takebigdmg_5_1",
      "dlg": "哎呀！那會很痛吧……？"
    },
    {
      "id": "announcer_round_takebigdmg_5_2",
      "dlg": "那傢伙，好像已經半步入墳了……沒關係嗎？"
    },
    {
      "id": "announcer_round_givebigdmg_5_1",
      "dlg": "哇哦~那真是一次強力的攻擊。你不覺得這很值得慶祝嗎~？"
    },
    {
      "id": "announcer_round_givebigdmg_5_2",
      "dlg": "你剛才太棒了~即使是脾氣暴躁的維吉也會稱讚你的吧？"
    },
    {
      "id": "announcer_multikillenemy_5_1",
      "dlg": "僅一揮便效果顯著~！這不是很帥嘛？"
    },
    {
      "id": "announcer_equip_5_1",
      "dlg": "啊，啊。我要對著這個說話嗎？你好~這裡是羅佳喲~"
    }
  ]
}