{
  "dataList": [
    {
      "id": "0",
      "content": "追逐虛影的舊時光"
    },
    {
      "id": "1",
      "content": "只剩下空洞的回憶"
    },
    {
      "id": "2",
      "content": "就像火焰灼燒了我"
    },
    {
      "id": "3",
      "content": "我的手中只剩下灰燼"
    },
    {
      "id": "4",
      "content": "我奔跑著，毫不停歇"
    },
    {
      "id": "5",
      "content": "那些曾讓我感到窒息的時光"
    },
    {
      "id": "6",
      "content": "到頭來也會讓我覺得珍貴嗎"
    },
    {
      "id": "7",
      "content": "那是很久很久以前的事情"
    },
    {
      "id": "8",
      "content": "當我回顧那些記憶時"
    },
    {
      "id": "9",
      "content": "我真希望自己能夠微笑"
    },
    {
      "id": "10",
      "content": "不論現在還剩下多少時間"
    },
    {
      "id": "11",
      "content": "我都該向前邁步了"
    },
    {
      "id": "12",
      "content": "將自己燃燒殆盡"
    },
    {
      "id": "13",
      "content": "我須如蠟燭一般"
    },
    {
      "id": "14",
      "content": "沒有喘息的空閒"
    },
    {
      "id": "15",
      "content": "我被捲入這動盪的日子裡"
    },
    {
      "id": "16",
      "content": "希望我能夠開拓自己的路"
    },
    {
      "id": "17",
      "content": "那是很久很久以前的事情"
    },
    {
      "id": "18",
      "content": "當我回顧那些記憶時"
    },
    {
      "id": "19",
      "content": "我真希望自己能夠微笑"
    },
    {
      "id": "20",
      "content": "讓我，讓我飛得如此之遠"
    },
    {
      "id": "21",
      "content": "像夜空中的鳥兒一般觸摸星辰"
    },
    {
      "id": "22",
      "content": "這夜，這夜晚一定還會到來"
    },
    {
      "id": "23",
      "content": "但沒關係，我會活下去"
    },
    {
      "id": "24",
      "content": "會沒事的"
    }
  ]
}