{
  "dataList": [
    {
      "id": "0",
      "content": "Ooh"
    },
    {
      "id": "1",
      "content": "一年一度的这个时节再次到来"
    },
    {
      "id": "2",
      "content": "我们最珍爱的这个无比欢乐的夜晚"
    },
    {
      "id": "3",
      "content": "好多好多懊悔催我落泪"
    },
    {
      "id": "4",
      "content": "好少好少人留意或在乎"
    },
    {
      "id": "5",
      "content": "Ooh"
    },
    {
      "id": "6",
      "content": "救世主"
    },
    {
      "id": "7",
      "content": "Ooh"
    },
    {
      "id": "8",
      "content": "为何赐予平凡的火焰如此强大的破坏力？"
    },
    {
      "id": "9",
      "content": "但愿我们永远单纯天真"
    },
    {
      "id": "10",
      "content": "但愿我们的未来无痛无苦"
    },
    {
      "id": "11",
      "content": "但愿世界怀有慈悲"
    }
  ]
}