{
  "dataList": [
    {
      "id": "battle_awaken_21201_1",
      "desc": "E.G.O覺醒",
      "dlg": "我的手臂……變了。"
    },
    {
      "id": "battle_awaken_21202_1",
      "desc": "E.G.O覺醒",
      "dlg": "聽著，你有自信能抗住這一招嗎？"
    },
    {
      "id": "battle_erosion_21202_1",
      "desc": "E.G.O侵蝕",
      "dlg": "我們一起……腐爛吧。"
    },
    {
      "id": "battle_awaken_21203_1",
      "desc": "E.G.O覺醒",
      "dlg": "我給你讀一則童話故事怎麼樣？"
    },
    {
      "id": "battle_erosion_21203_1",
      "desc": "E.G.O侵蝕",
      "dlg": "所有人都已經……被迷惑了。"
    },
    {
      "id": "battle_awaken_21204_1",
      "desc": "E.G.O覺醒",
      "dlg": "聽著，試著忍受這個……他會把你烤到足以燒成灰的地步。"
    },
    {
      "id": "battle_erosion_21204_1",
      "desc": "E.G.O侵蝕",
      "dlg": "呵呵呵呵……你是新來的測試對象嗎？"
    }
  ]
}
