{
  "dataList": [
    {
      "id": "battle_awaken_20401_1",
      "desc": "E.G.O覺醒",
      "dlg": "美・見・縱・焚。\n(美景只消如此見，縱使萬物焚作灰)"
    },
    {
      "id": "battle_awaken_20402_1",
      "desc": "E.G.O覺醒",
      "dlg": "這火焰亦是，閃爍著藝術的狂歡。"
    },
    {
      "id": "battle_erosion_20402_1",
      "desc": "E.G.O侵蝕",
      "dlg": "那焚盡一切的是……"
    },
    {
      "id": "battle_awaken_20403_1",
      "desc": "E.G.O覺醒",
      "dlg": "來，好好品鑑一下吧。"
    },
    {
      "id": "battle_erosion_20403_1",
      "desc": "E.G.O侵蝕",
      "dlg": "是時候變為養分了……呼。"
    },
    {
      "id": "battle_awaken_20404_1",
      "desc": "E.G.O覺醒",
      "dlg": "我會一直……死死盯著你。"
    },
    {
      "id": "battle_erosion_20404_1",
      "desc": "E.G.O侵蝕",
      "dlg": "沒有人會來救你的……哈哈哈。"
    }
  ]
}