{
  "dataList": [
    {
      "id": "battle_awaken_20501_1",
      "desc": "E.G.O覺醒",
      "dlg": "如此諸多不斷纏緊……"
    },
    {
      "id": "battle_awaken_20502_1",
      "desc": "E.G.O覺醒",
      "dlg": "正在依序除去對象"
    },
    {
      "id": "battle_erosion_20502_1",
      "desc": "E.G.O侵蝕",
      "dlg": "將障礙物砸扁。"
    },
    {
      "id": "battle_awaken_20503_1",
      "desc": "E.G.O覺醒",
      "dlg": "我將會為你祈禱，所以你勢必粉身碎骨。"
    },
    {
      "id": "battle_erosion_20503_1",
      "desc": "E.G.O侵蝕",
      "dlg": "只有你……不要寬恕我。"
    },
    {
      "id": "battle_awaken_20504_1",
      "desc": "E.G.O覺醒",
      "dlg": "……停下。你逃不掉的。"
    },
    {
      "id": "battle_erosion_20504_1",
      "desc": "E.G.O侵蝕",
      "dlg": "我會親自將你撞倒。"
    }
  ]
}