{
  "dataList": [
    {
      "id": "battle_awaken_20101_1",
      "desc": "E.G.O覺醒",
      "dlg": "告訴我你為“理想”作何定義。"
    },
    {
      "id": "battle_upgrade_20101_1",
      "desc": "E.G.O解放",
      "dlg": "打破樊笼，"
    },
    {
      "id": "battle_upgrade_20101_2",
      "desc": "E.G.O解放",
      "dlg": "飞向自由。"
    },
    {
      "id": "battle_awaken_20102_1",
      "desc": "E.G.O覺醒",
      "dlg": "只是焚毀了我欲焚之物。"
    },
    {
      "id": "battle_erosion_20102_1",
      "desc": "E.G.O侵蝕",
      "dlg": "都將……化作灰燼。"
    },
    {
      "id": "battle_awaken_20103_1",
      "desc": "E.G.O覺醒",
      "dlg": "汝若尋求福運，還請誠心祈禱。"
    },
    {
      "id": "battle_erosion_20103_1",
      "desc": "E.G.O侵蝕",
      "dlg": "說說汝之心願……直言汝所希冀……"
    },
    {
      "id": "battle_awaken_20104_1",
      "desc": "E.G.O覺醒",
      "dlg": "形色恍惚……仿佛此路抗拒受人銘記。"
    },
    {
      "id": "battle_erosion_20104_1",
      "desc": "E.G.O侵蝕",
      "dlg": "至終，此為通路。"
    },
    {
      "id": "battle_awaken_20105_1",
      "desc": "E.G.O覺醒",
      "dlg": "在這傾盆大雨中，傘是否會漏水。"
    },
    {
      "id": "battle_erosion_20105_1",
      "desc": "E.G.O侵蝕",
      "dlg": "空氣過於寒冷……雨滴也只會更加稠密。"
    }
  ]
}