{
  "dataList": [
    {
      "id": "battle_awaken_20801_1",
      "desc": "E.G.O覺醒",
      "dlg": "那個混蛋……肯定還活著。"
    },
    {
      "id": "battle_awaken_20802_1",
      "desc": "E.G.O覺醒",
      "dlg": "在我被歡樂吞噬之前……"
    },
    {
      "id": "battle_erosion_20802_1",
      "desc": "E.G.O侵蝕",
      "dlg": "嗚呼！我會將它裹緊……讓它沉醉。"
    },
    {
      "id": "battle_awaken_20803_1",
      "desc": "E.G.O覺醒",
      "dlg": "即使我無法為您指引前路……我仍能給予您一個溫暖的擁抱。"
    },
    {
      "id": "battle_erosion_20803_1",
      "desc": "E.G.O侵蝕",
      "dlg": "能看到嗎？想與世界一同焚燒殆盡的，我的掙扎……"
    },
    {
      "id": "battle_awaken_20804_1",
      "desc": "E.G.O覺醒",
      "dlg": "來吧……這裡！"
    },
    {
      "id": "battle_erosion_20804_1",
      "desc": "E.G.O侵蝕",
      "dlg": "肯定在這裡的……哦，是那邊嗎？"
    }
  ]
}