{
  "dataList": [
    {
      "id": "battle_awaken_20701_1",
      "desc": "E.G.O覺醒",
      "dlg": "把你也……塞進這裹屍袋！"
    },
    {
      "id": "battle_awaken_20702_1",
      "desc": "E.G.O覺醒",
      "dlg": "好啊，我要把你烤的外焦裡嫩！"
    },
    {
      "id": "battle_erosion_20702_1",
      "desc": "E.G.O侵蝕",
      "dlg": ""
    },
    {
      "id": "battle_awaken_20703_1",
      "desc": "E.G.O覺醒",
      "dlg": "啊哈哈哈！直至心臟……全部都電焦！"
    },
    {
      "id": "battle_erosion_20703_1",
      "desc": "E.G.O侵蝕",
      "dlg": "現在輪到我來折磨你了……你的身體，要來點電擊嗎？！"
    }
  ]
}