{
  "dataList": [
    {
      "id": "battle_awaken_20201_1",
      "desc": "E.G.O覺醒",
      "dlg": "浮士德知曉一切答案。"
    },
    {
      "id": "battle_awaken_20202_1",
      "desc": "E.G.O覺醒",
      "dlg": "這場戰鬥，將以勝利作收。"
    },
    {
      "id": "battle_awaken_20203_1",
      "desc": "E.G.O覺醒",
      "dlg": "刺穿到……胸膛最深處……"
    },
    {
      "id": "battle_erosion_20202_1",
      "desc": "E.G.O侵蝕",
      "dlg": "即便我必須把一切盡數吐出……"
    },
    {
      "id": "battle_erosion_20203_1",
      "desc": "E.G.O侵蝕",
      "dlg": "來吧……我們緊緊相擁……"
    },
    {
      "id": "battle_awaken_20204_1",
      "desc": "E.G.O覺醒",
      "dlg": "雷電，完全充能。"
    },
    {
      "id": "battle_erosion_20204_1",
      "desc": "E.G.O侵蝕",
      "dlg": ""
    }
  ]
}