{
  "dataList": [
    {
      "id": "battle_awaken_20901_1",
      "desc": "E.G.O覺醒",
      "dlg": "我無法挽回這一切……"
    },
    {
      "id": "battle_awaken_20902_1",
      "desc": "E.G.O覺醒",
      "dlg": "如若熱忱的烈焰能融化那顆心……"
    },
    {
      "id": "battle_awaken_20903_1",
      "desc": "E.G.O覺醒",
      "dlg": "但，我不能一直這樣在寒風中顫抖。"
    },
    {
      "id": "battle_erosion_20902_1",
      "desc": "E.G.O侵蝕",
      "dlg": "歸塵……歸土……"
    },
    {
      "id": "battle_erosion_20903_1",
      "desc": "E.G.O侵蝕",
      "dlg": "冰封之後……便無需再感受痛苦。"
    }
  ]
}