{
  "dataList": [
    {
      "id": "battle_awaken_20301_1",
      "desc": "E.G.O覺醒",
      "dlg": "奔騰吧，駑騎難得！正義必勝！"
    },
    {
      "id": "battle_awaken_20302_1",
      "desc": "E.G.O覺醒",
      "dlg": "這招也試著接下吧！"
    },
    {
      "id": "battle_erosion_20302_1",
      "desc": "E.G.O侵蝕",
      "dlg": "……碾碎他們。"
    },
    {
      "id": "battle_awaken_20303_1",
      "desc": "E.G.O覺醒",
      "dlg": "哈！吾將以雷電擊碎一切！！！"
    },
    {
      "id": "battle_erosion_20303_1",
      "desc": "E.G.O侵蝕",
      "dlg": ""
    },
    {
      "id": "battle_awaken_20304_1",
      "desc": "E.G.O覺醒",
      "dlg": "向您致敬！！！！！吾懇求您在離去之前嚐嚐這碗湯！！！！！"
    },
    {
      "id": "battle_erosion_20304_1",
      "desc": "E.G.O侵蝕",
      "dlg": "嘔嘔……吃，吃完再走……"
    }
  ]
}