{
  "dataList": [
    {
      "id": "battle_awaken_20601_1",
      "desc": "E.G.O覺醒",
      "dlg": "讓我們一起步入這幻境中的世界吧。"
    },
    {
      "id": "battle_awaken_20602_1",
      "desc": "E.G.O覺醒",
      "dlg": "我會好好把握捆縛的力度。"
    },
    {
      "id": "battle_erosion_20602_1",
      "desc": "E.G.O侵蝕",
      "dlg": "腳踝對腳踝，咔哧……咔嚓……"
    },
    {
      "id": "battle_awaken_20603_1",
      "desc": "E.G.O覺醒",
      "dlg": "想要躍遷到下一個世界的話……嘿咻！是這裡啊！"
    },
    {
      "id": "battle_erosion_20603_1",
      "desc": "E.G.O侵蝕",
      "dlg": "反正……我也不是必須待在那邊……嘿嘿"
    }
  ]
}