{
  "dataList": [
    {
      "id": 0,
      "place": "4区 脑叶公司支部内某处",
      "model": "홉킨스",
      "teller": "霍普金斯",
      "title": "8阶收尾人",
      "content": "果然……不愧是猩红凝视大人的手下们，真是实力非凡。"
    },
    {
      "id": 1,
      "model": "료슈",
      "content": "……手下？"
    },
    {
      "id": 2,
      "model": "아야",
      "teller": "阿雅",
      "title": "8阶收尾人",
      "content": "诶呀，霍普金斯又失言了……我替他道歉~嘿嘿。"
    },
    {
      "id": 3,
      "model": "아야",
      "teller": "阿雅",
      "title": "8阶收尾人",
      "content": "但是你怎么这么磨叽呀，霍普金斯？痔疮又发作了吗？"
    },
    {
      "id": 4,
      "model": "홉킨스",
      "teller": "霍普金斯",
      "title": "8阶收尾人",
      "content": "什，你在说什么啊？我什么时候……"
    },
    {
      "id": 5,
      "content": "刚刚还在磨磨叽叽的霍普金斯终于站了起来。"
    },
    {
      "id": 6,
      "content": "他的口袋好像鼓了起来，但我决定装作对此毫无察觉。"
    }
  ]
}