{
  "dataList": [
    {
      "id": 0,
      "place": "4区 脑叶公司支部内某处",
      "content": "一阵无声的尖叫过后，成堆的蛆虫散了开来。"
    },
    {
      "id": 1,
      "content": "在它们身后，我看见了一道金色的光芒。"
    },
    {
      "id": 2,
      "model": "단테",
      "content": "<那是……金枝？>"
    },
    {
      "id": 3,
      "content": "当我正要靠近的时候，那个苹果突然颤动了起来。"
    },
    {
      "id": 4,
      "model": "유리",
      "teller": "尤莉",
      "title": "8阶收尾人",
      "content": "不好意思，请问……你们就是……边狱公司的人吗？"
    },
    {
      "id": 5,
      "model": "단테",
      "content": "<尤莉？你没事吧？>"
    },
    {
      "id": 6,
      "content": "尽管亲眼目睹了她被吞噬的场景，但我还是急忙问道。"
    },
    {
      "id": 7,
      "model": "유리",
      "teller": "尤莉",
      "title": "8阶收尾人",
      "content": "……等我们回到巴士上后，我能……卡戎……看地图吗？"
    },
    {
      "id": 8,
      "content": "随后，那头罗佳十分中意的粉发好像闯进了我的视线。"
    }
  ]
}