{
  "dataList": [
    {
      "id": 0,
      "place": "烟霾战争 中部战线",
      "model": "유리",
      "teller": "尤莉",
      "title": "8阶收尾人",
      "content": "呃……我快要吐了，眼前的一切好像都在摇晃……"
    },
    {
      "id": 1,
      "model": "파우스트",
      "content": "这说明你的心理压力等级正在上升。"
    },
    {
      "id": 2,
      "model": "파우스트",
      "content": "但你应该……不会有事的。"
    },
    {
      "id": 3,
      "model": "그레고르",
      "content": "我记得，我做过一个让人相当不安的噩梦。"
    },
    {
      "id": 4,
      "model": "그레고르",
      "content": "或者说，如今，我仍身处于噩梦之中。"
    },
    {
      "id": 5,
      "model": "그레고르",
      "content": "在这个梦中，我身处的房间只有两种颜色。"
    },
    {
      "id": 6,
      "model": "그레고르",
      "content": "覆盖了每一面墙壁的蓝色，和摇晃着的红色。"
    },
    {
      "id": 7,
      "model": "그레고르",
      "content": "我知道从这里出去的方法。"
    },
    {
      "id": 8,
      "model": "그레고르",
      "content": "唯一要做的，就是伸出我的手臂，切开那颗正在无力地摇晃着的苹果。"
    },
    {
      "id": 9,
      "model": "그레고르",
      "content": "不过，那些身穿蓝色工作服的人，似乎认为我还没有理解那个条件。"
    },
    {
      "id": 10,
      "model": "그레고르",
      "content": "他们每天会进来好多次，一遍又一遍地向我解释……"
    },
    {
      "id": 11,
      "model": "그레고르",
      "content": "遗憾的是，他们从未意识到，我真正想不明白的其实是别的事情。"
    },
    {
      "id": 12,
      "model": "그레고르",
      "content": "最终，当我放弃了思考，被切碎的苹果落到地上的时候。"
    },
    {
      "id": 13,
      "model": "그레고르",
      "content": "紧闭的门扉打开了。"
    },
    {
      "id": 14,
      "model": "그레고르",
      "content": "我记不起令我这么做的契机。"
    },
    {
      "id": 15,
      "model": "그레고르",
      "content": "也许是因为我已经心力交瘁。"
    },
    {
      "id": 16,
      "model": "그레고르",
      "content": "也许我只是死心了。"
    },
    {
      "id": 17,
      "model": "그레고르",
      "content": "无论如何，我唯一能够清晰回忆起的，只有对逃离这场噩梦的渴望。"
    },
    {
      "id": 18,
      "teller": "？？？",
      "title": "？？？",
      "content": "你终于做到了。我就知道你可以。看来手术相当成功。"
    },
    {
      "id": 19,
      "teller": "？？？",
      "title": "？？？",
      "content": "从今往后，你只需要维持相同的做法，继续切开面前的苹果就好。很简单的，对吧？"
    },
    {
      "id": 20,
      "teller": "？？？",
      "title": "？？？",
      "content": "哦，对了，祝你15岁生日快乐！"
    },
    {
      "id": 21,
      "model": "그레고르",
      "content": "……好的。"
    },
    {
      "id": 22,
      "model": "그레고르",
      "content": "我通过放弃与顺从，尝试逃离这场噩梦。"
    },
    {
      "id": 23,
      "model": "그레고르",
      "content": "有一天，当我从梦中苏醒。"
    },
    {
      "id": 24,
      "model": "그레고르",
      "content": "我发现自己竟然变成了一只可怕的害虫。"
    },
    {
      "id": 25,
      "model": "그레고르",
      "content": "切碎苹果。"
    },
    {
      "id": 26,
      "model": "그레고르",
      "content": "有些很坚硬，有些很酥脆，有些比较柔软，而有些，则充满了汁水。"
    },
    {
      "id": 27,
      "model": "그레고르",
      "content": "每当那股香甜的气味蔓延在空气中，我都会不时感到恶心。"
    },
    {
      "id": 28,
      "model": "그레고르",
      "content": "究竟是什么时候意识到的呢。"
    },
    {
      "id": 29,
      "model": "그레고르",
      "content": "我以为自己已经从梦中苏醒了。"
    },
    {
      "id": 30,
      "model": "그레고르",
      "content": "<color=#69350b>但事实上，我却仍身处噩梦的正中心。</color>"
    }
  ]
}