{
  "dataList": [
    {
      "id": 0,
      "place": "4区 脑叶公司支部内某处",
      "model": "히스클리프",
      "content": "搞什么？就这？"
    },
    {
      "id": 1,
      "model": "이스마엘",
      "content": "我听说异想体十分强大，应该很难随便镇压才对……"
    },
    {
      "id": 2,
      "model": "파우스트",
      "content": "那是因为逆卡巴拉抑力场。"
    },
    {
      "id": 3,
      "model": "히스클리프",
      "content": "啥？摩卡冰沙？"
    },
    {
      "id": 4,
      "model": "파우스트",
      "content": "……那是一种能够削弱异想体的力场。为了能够相对安全地管理异想体，会被用于收容单元。"
    },
    {
      "id": 5,
      "model": "파우스트",
      "content": "随着回收越来越多的金枝，其抑制力度应该也会逐渐减弱。现在虽然还算是小菜一碟……"
    },
    {
      "id": 6,
      "model": "이스마엘",
      "content": "也就是说之后哪怕死而复生100次也可能不够用。"
    },
    {
      "id": 7,
      "content": "光是想想就觉得可怕……"
    },
    {
      "id": 8,
      "model": "단테",
      "content": "<……但是，异想体的尸体哪去了？刚刚好像杀掉了它来着……>"
    },
    {
      "id": 9,
      "model": "오티스",
      "content": "它分明断了气。这都是多亏了经理您那卓越的指挥。"
    },
    {
      "id": 10,
      "model": "단테",
      "content": "<总不可能是飞到了天上……>"
    },
    {
      "id": 11,
      "model": "오티스",
      "content": "不愧是您，经理。也不能排除这种可能。"
    },
    {
      "id": 12,
      "model": "그레고르",
      "content": "……你俩的眼里是看不到这看起来坚固无比的天花板吗？"
    },
    {
      "id": 13,
      "model": "유리",
      "teller": "尤莉",
      "title": "8阶收尾人",
      "content": "……请看这边。"
    },
    {
      "id": 14,
      "content": "一副无精打采模样的尤莉伸出手，指向了某个方向。"
    },
    {
      "id": 15,
      "content": "失去阿雅肯定对她造成了巨大的打击，但是看着她强忍悲痛努力挺起腰杆的样子……"
    },
    {
      "id": 16,
      "content": "我觉得与其试图硬要安慰她，更应该安静地陪她一会儿。"
    },
    {
      "id": 17,
      "model": "단테",
      "content": "<……是一枚卵么？>"
    },
    {
      "id": 18,
      "model": "파우스트",
      "content": "这是异想体的核心。每当以适当的方式进行镇压，异想体就会被还原至这种卵的模样。"
    },
    {
      "id": 19,
      "model": "유리",
      "teller": "尤莉",
      "title": "8阶收尾人",
      "content": "……而且只要在这里经过一定的时间，就会进行孵化。"
    },
    {
      "id": 20,
      "model": "히스클리프",
      "content": "啥？怎么会有那么狗的事……"
    },
    {
      "id": 21,
      "model": "이스마엘",
      "content": "也就是说，这些东西是不死的？"
    },
    {
      "id": 22,
      "model": "파우스트",
      "content": "异想体不会死亡。所以L公司的能源产量才能如此庞大。"
    },
    {
      "id": 23,
      "model": "유리",
      "teller": "尤莉",
      "title": "8阶收尾人",
      "content": "我曾经的工作就是将这些核心放回收容单元……但现在恰恰相反。"
    },
    {
      "id": 24,
      "model": "이스마엘",
      "content": "嗯……在卵完成孵化之前我们该做什么？"
    },
    {
      "id": 25,
      "model": "파우스트",
      "content": "边狱公司有专职处理这些异想体的部门。会由他们进行回收。"
    },
    {
      "id": 26,
      "model": "유리",
      "teller": "尤莉",
      "title": "8阶收尾人",
      "content": "您是说……那个善后小队吗？我记得在培训期间听说过他们。"
    },
    {
      "id": 27,
      "model": "로쟈",
      "content": "那就不要再拖时间了，为什么不快点呼叫他们呢？"
    },
    {
      "id": 28,
      "model": "파우스트",
      "content": "通讯设备……在梅菲斯托费勒斯上。"
    },
    {
      "id": 29,
      "model": "그레고르",
      "content": "……那就那样吧。"
    },
    {
      "id": 30,
      "model": "파우스트",
      "content": "不用过于担心。一旦找到金枝，不论愿意与否，我们都得回到巴士。"
    }
  ]
}