{
  "dataList": [
    {
      "id": 0,
      "place": "烟霾战争 中部战线",
      "model": "그레고르",
      "content": "还在，战场上……"
    },
    {
      "id": 1,
      "model": "유리",
      "teller": "尤莉",
      "title": "8阶收尾人",
      "content": "……和之前一样的地方。不过，好像有了一点变化。"
    },
    {
      "id": 2,
      "content": "有谁急切地从后面扯了扯希斯克利夫的外套。"
    },
    {
      "id": 3,
      "teller": "托玛",
      "title": "记忆中的士兵",
      "content": "你们疯了吗？快点去避难！被那种炸弹爆炸波及到的话，会急剧衰老的!"
    },
    {
      "id": 4,
      "teller": "托玛",
      "title": "记忆中的士兵",
      "content": "我们隔壁哨所的员工们别说是打仗了，他们现在没有拐杖都走不了路！"
    },
    {
      "id": 5,
      "model": "로쟈",
      "content": "等等，这不是我们刚刚遇到的那个家伙……"
    },
    {
      "id": 6,
      "teller": "托玛",
      "title": "记忆中的士兵",
      "content": "不过没什么好担心的，毕竟格里高尔科长在这里！"
    },
    {
      "id": 7,
      "teller": "托玛",
      "title": "记忆中的士兵",
      "content": "他和我们不一样，身上没什么副作用，甚至还能再生，对吧？"
    },
    {
      "id": 8,
      "teller": "托玛",
      "title": "记忆中的士兵",
      "content": "他的手术是由我们公司技术最好的赫尔曼理事亲自主刀的。"
    },
    {
      "id": 9,
      "model": "그레고르",
      "content": "……"
    },
    {
      "id": 10,
      "teller": "托玛",
      "title": "记忆中的士兵",
      "content": "您这样的英雄不该留在后方，我来送您一程吧！"
    },
    {
      "id": 11,
      "model": "로쟈",
      "content": "什，什么东西？离我远点！"
    },
    {
      "id": 12,
      "content": "伴随着嘎吱嘎吱的声音，四对翅膀从他的后背中钻了出来。"
    },
    {
      "id": 13,
      "teller": "托玛",
      "title": "记忆中的士兵",
      "content": "你跑什么？你应该高举G公司的旗帜，冲在战斗的最前线！"
    },
    {
      "id": 14,
      "model": "그레고르",
      "content": "我……"
    },
    {
      "id": 15,
      "model": "그레고르",
      "content": "从来没有期待过这些事……无论是改造，还是战争……"
    },
    {
      "id": 16,
      "teller": "托玛",
      "title": "记忆中的士兵",
      "content": "带领我们……带领……带……"
    },
    {
      "id": 17,
      "content": "托玛的嘴部以一种古怪的方式裂开了，他的头上开始长出一对长长的触角。"
    },
    {
      "id": 18,
      "model": "로쟈",
      "content": "哕……又要开打了吗？我的胃开始翻滚了……"
    },
    {
      "id": 19,
      "model": "오티스",
      "content": "你在胡说什么？你想违抗命令吗？"
    },
    {
      "id": 20,
      "model": "단테",
      "content": "<……我想还是逃走比较好吧？>"
    },
    {
      "id": 21,
      "model": "오티스",
      "content": "杰出的计划，经理。您很清楚什么时候该暂避锋芒。"
    },
    {
      "id": 22,
      "model": "히스클리프",
      "content": "……她到底什么毛病？"
    },
    {
      "id": 23,
      "model": "파우스트",
      "content": "……我们没有撤退可言。"
    },
    {
      "id": 24,
      "model": "이스마엘",
      "content": "我不明白。虽然听说G公司对所有员工都进行过改造，但应该还没有这么过分吧。"
    },
    {
      "id": 25,
      "model": "파우스트",
      "content": "我们看到的可能和真实情况有所出入。"
    },
    {
      "id": 26,
      "model": "파우스트",
      "content": "因为，这条道路是由格里高尔先生的“心”而非“记忆”塑造而成的。"
    },
    {
      "id": 27,
      "model": "유리",
      "teller": "尤莉",
      "title": "8阶收尾人",
      "content": "……所以，战友在他心中留下的印象就是这样的。"
    },
    {
      "id": 28,
      "model": "유리",
      "teller": "尤莉",
      "title": "8阶收尾人",
      "content": "那个巢中的所有员工…….都接受了改造手术吗？"
    },
    {
      "id": 29,
      "model": "그레고르",
      "content": "……绝大多数都是的。"
    },
    {
      "id": 30,
      "model": "유리",
      "teller": "尤莉",
      "title": "8阶收尾人",
      "content": "他们都是自愿的吗？这实在是太……"
    },
    {
      "id": 31,
      "model": "그레고르",
      "content": "L公司的员工，难道都是心甘情愿把自己喂给异想体的吗？"
    },
    {
      "id": 32,
      "model": "유리",
      "teller": "尤莉",
      "title": "8阶收尾人",
      "content": "那是……听说在合同上都写明了的。"
    },
    {
      "id": 33,
      "model": "유리",
      "teller": "尤莉",
      "title": "8阶收尾人",
      "content": "虽然我们并不知情……他们说，为了实现高效管理，应该跳过那种程序……"
    },
    {
      "id": 34,
      "model": "유리",
      "teller": "尤莉",
      "title": "8阶收尾人",
      "content": "我们只是被告知，应该直面恐惧。"
    },
    {
      "id": 35,
      "model": "유리",
      "teller": "尤莉",
      "title": "8阶收尾人",
      "content": "就这样……每个加入公司的人都在不知情的状态下签约了。"
    },
    {
      "id": 36,
      "model": "그레고르",
      "content": "……我们之间，有什么不同么。"
    }
  ]
}