{
  "dataList": [
    {
      "id": 0,
      "content": "或许是因为离开战场已颇有时日的缘故，"
    },
    {
      "id": 1,
      "content": "在过去可能杀敌无数的G公司部长此刻已然奄奄一息。"
    },
    {
      "id": 2,
      "place": "4区 脑叶公司支部内某处",
      "model": "G사부장",
      "teller": "衰老的旧G公司部长",
      "title": "没落的G公司",
      "content": "曾经有过尊敬着你的人们，格里高尔……"
    },
    {
      "id": 3,
      "model": "그레고르",
      "content": "……我可从来没要求别人尊敬我。"
    },
    {
      "id": 4,
      "model": "G사부장",
      "teller": "衰老的旧G公司部长",
      "title": "没落的G公司",
      "content": "不要再往前走了……那里可是地狱啊。"
    },
    {
      "id": 5,
      "model": "그레고르",
      "content": "不好意思，但这可能有点难。如果不老实干活的话可是会被炒鱿鱼的。"
    },
    {
      "id": 6,
      "model": "G사부장",
      "teller": "衰老的旧G公司部长",
      "title": "没落的G公司",
      "content": "为了钱……你连名誉都出卖了吗。"
    },
    {
      "id": 7,
      "model": "그레고르",
      "content": "很久之前就连同勋章一起卖掉了。因为房东催我付房租。"
    },
    {
      "id": 8,
      "content": "正在死去的的老部长脸上浮现出了一丝苦笑。"
    },
    {
      "id": 9,
      "model": "G사부장",
      "teller": "衰老的旧G公司部长",
      "title": "没落的G公司",
      "content": "你也……和我们没什么区别。"
    },
    {
      "id": 10,
      "model": "G사부장",
      "teller": "衰老的旧G公司部长",
      "title": "没落的G公司",
      "content": "到头来，我们……"
    },
    {
      "id": 11,
      "model": "G사부장",
      "teller": "衰老的旧G公司部长",
      "title": "没落的G公司",
      "content": "也不过是……一群令人作呕的虫子罢了……"
    },
    {
      "id": 12,
      "content": "他这样说着，随即在几次剧烈的喘息后，便一动不动了。"
    },
    {
      "id": 13,
      "model": "그레고르",
      "content": "……喂，能借我支烟吗？"
    },
    {
      "id": 14,
      "model": "료슈",
      "content": "……仅此一次。"
    },
    {
      "id": 15,
      "content": "格里高尔取出自己的烟，同借来的烟一起叼在嘴里。他为借来的那支烟点上火，轻轻地丢在已逝故人的胸前。"
    },
    {
      "id": 16,
      "model": "그레고르",
      "content": "抱歉啊，我可不想让那种东西抽我的烟。"
    },
    {
      "id": 17,
      "model": "료슈",
      "content": "……哼。"
    },
    {
      "id": 18,
      "content": "唯有良秀的鼻笑与格里高尔的烟气。以及空气中蔓延的沉默得以在此处稍作停留。"
    }
  ]
}