{
  "dataList": [
    {
      "id": 0,
      "place": "烟霾战争 中部战线",
      "model": "그레고르",
      "content": "尤莉，怎么停下了？"
    },
    {
      "id": 1,
      "model": "유리",
      "teller": "尤莉",
      "title": "8阶收尾人",
      "content": "请，请等一下，防毒面具从包里掉出来了……"
    },
    {
      "id": 2,
      "model": "오티스",
      "content": "现在那个包没用了，只会白白加重负担。"
    },
    {
      "id": 3,
      "model": "유리",
      "teller": "尤莉",
      "title": "8阶收尾人",
      "content": "但是，这是阿雅小姐唯一留下的东西……"
    },
    {
      "id": 4,
      "model": "오티스",
      "content": "这是都市中最没有意义的事，而且你甚至都不是N公司的一员。"
    },
    {
      "id": 5,
      "model": "이스마엘",
      "content": "……"
    },
    {
      "id": 6,
      "model": "이스마엘",
      "content": "应该反着绑的 。"
    },
    {
      "id": 7,
      "model": "유리",
      "teller": "尤莉",
      "title": "8阶收尾人",
      "content": "什么？"
    },
    {
      "id": 8,
      "model": "이스마엘",
      "content": "面具上的结，如果你这么系很快就会再松掉。"
    },
    {
      "id": 9,
      "model": "이스마엘",
      "content": "这是我航海时候学到的水手结。回巴士的时候我会教你的。"
    },
    {
      "id": 10,
      "model": "유리",
      "teller": "尤莉",
      "title": "8阶收尾人",
      "content": "噢……谢谢你。"
    },
    {
      "id": 11,
      "model": "히스클리프",
      "content": "怎么回事，你们关系啥时候这么好了？"
    },
    {
      "id": 12,
      "model": "로쟈",
      "content": "尤莉~，事已至此，不如你顺带着进我们公司吧？"
    },
    {
      "id": 13,
      "model": "유리",
      "teller": "尤莉",
      "title": "8阶收尾人",
      "content": "我，我吗？"
    },
    {
      "id": 14,
      "model": "파우스트",
      "content": "恐怕……"
    },
    {
      "id": 15,
      "model": "로쟈",
      "content": "我知道，我们需要得到维吉里乌斯和他上司的许可啥的。但是说说看也无伤大雅嘛。"
    },
    {
      "id": 16,
      "model": "파우스트",
      "content": "嗯……这样吗……"
    },
    {
      "id": 17,
      "model": "로쟈",
      "content": "再说，粉头发可是能成为代表我们的完美吉祥物哦。来嘛，考虑一下？"
    },
    {
      "id": 18,
      "model": "유리",
      "teller": "尤莉",
      "title": "8阶收尾人",
      "content": "吉，吉祥物……？嘿嘿。"
    },
    {
      "id": 19,
      "content": "尤莉露出了从未有过的微笑，尽管有些苍白。"
    }
  ]
}