{
  "dataList": [
    {
      "id": 0,
      "place": "4区 脑叶公司支部内某处",
      "content": "……"
    },
    {
      "id": 1,
      "content": "异想体一口就将尤莉吞了下去。"
    },
    {
      "id": 2,
      "content": "她就这样消失了，没有留下一丝痕迹……"
    },
    {
      "id": 3,
      "model": "단테",
      "content": "<我虽能拯救其他的罪人们……但对于尤莉，我无能为力。>"
    },
    {
      "id": 4,
      "model": "그레고르",
      "content": "……"
    },
    {
      "id": 5,
      "content": "格里高尔一言不发，继续对着眼前的异想体发起了攻击。"
    },
    {
      "id": 6,
      "content": "仿佛只要划开那颗苹果的果皮，就能把里面的尤莉毫发无损地救出来。"
    }
  ]
}