{
  "dataList": [
    {
      "id": 0,
      "place": "4区 脑叶公司支部内某处",
      "model": "이스마엘",
      "content": "从这里开始，就连那些残兵们停留过的痕迹都看不见了。"
    },
    {
      "id": 1,
      "model": "싱클레어",
      "content": "我们已经被警告过，说不要再往前走……"
    },
    {
      "id": 2,
      "content": "我们开始遇见一些明显已经被放置了有一段时间的尸体。"
    },
    {
      "id": 3,
      "model": "유리",
      "teller": "尤莉",
      "title": "8阶收尾人",
      "content": "这些是我们……不对，是L公司职员们的尸体……"
    },
    {
      "id": 4,
      "model": "이상",
      "content": "是钝器击打之迹。全员亦然。"
    },
    {
      "id": 5,
      "model": "유리",
      "teller": "尤莉",
      "title": "8阶收尾人",
      "content": "管理记录……这是记载异想体管理方法的文件。"
    },
    {
      "id": 6,
      "model": "유리",
      "teller": "尤莉",
      "title": "8阶收尾人",
      "content": "通常情况下，在被指派了管理异想体的任务后，职员都会背到滚瓜烂熟……所以，按理来说是不需要像这样写下来的。"
    },
    {
      "id": 7,
      "model": "이상",
      "content": "据推测，异想体逃脱应是由于无人知晓管理方法……"
    },
    {
      "id": 8,
      "model": "히스클리프",
      "content": "……哼。"
    },
    {
      "id": 9,
      "model": "유리",
      "teller": "尤莉",
      "title": "8阶收尾人",
      "content": "如果还残留着没有被搬运到隔离室的卵……那就可能像是你说的那样了。"
    },
    {
      "id": 10,
      "model": "단테",
      "content": "<尸体也太多了。>"
    },
    {
      "id": 11,
      "model": "이스마엘",
      "content": "到底是什么样的异想体才能把这些员工屠杀殆——"
    },
    {
      "id": 12,
      "model": "이스마엘",
      "content": "稍等……这是什么气味？"
    },
    {
      "id": 13,
      "model": "홉킨스",
      "teller": "霍普金斯",
      "title": "8阶收尾人",
      "content": "……不久前，办公室里购置了一台很贵的新设备。"
    },
    {
      "id": 14,
      "model": "히스클리프",
      "content": "你这家伙突然扯啥？"
    },
    {
      "id": 15,
      "model": "홉킨스",
      "teller": "霍普金斯",
      "title": "8阶收尾人",
      "content": "我曾听到过传闻，说在某个特定的楼层，检测出的有毒物质含量变高了。"
    },
    {
      "id": 16,
      "model": "로쟈",
      "content": "人家，从刚刚开始耳朵就一直在流血欸~这真的没关系吗？"
    },
    {
      "id": 17,
      "model": "돈키호테",
      "content": "不经历苦难，何以成就英雄……呃，呕！咳咳！"
    },
    {
      "id": 18,
      "model": "홉킨스",
      "teller": "霍普金斯",
      "title": "8阶收尾人",
      "content": "如果一直暴露在这种空气中，似乎就会引发持续性出血。"
    },
    {
      "id": 19,
      "model": "로쟈",
      "content": "呜……但是传达这件事的人却还在活蹦乱跳的？"
    },
    {
      "id": 20,
      "model": "유리",
      "teller": "尤莉",
      "title": "8阶收尾人",
      "content": "这个……是以前分发的补给品，用来压制异想体的毒瓦斯弹。"
    },
    {
      "id": 21,
      "model": "유리",
      "teller": "尤莉",
      "title": "8阶收尾人",
      "content": "似乎……咳！……在尸体之间爆炸了……"
    },
    {
      "id": 22,
      "model": "홉킨스",
      "teller": "霍普金斯",
      "title": "8阶收尾人",
      "content": "这附近，毒气确实变得特别浓。"
    },
    {
      "id": 23,
      "content": "这么说着的霍普金斯，在不知不觉间就已经戴上了防毒面具。"
    },
    {
      "id": 24,
      "model": "로쟈",
      "content": "搞什么啊，没准备我们的那份？"
    },
    {
      "id": 25,
      "model": "파우스트",
      "content": "提供给我们的补给品中并不包含该项内容。"
    },
    {
      "id": 26,
      "model": "히스클리프",
      "content": "混蛋，你是从一开始就知道吧？这个虫……呜……"
    },
    {
      "id": 27,
      "content": "希斯克利夫还没有说完，便跪在地上。"
    },
    {
      "id": 28,
      "model": "파우스트",
      "content": "太过兴奋的话血液循环也会加速。毒素也会更快地扩散至全身。"
    },
    {
      "id": 29,
      "model": "파우스트",
      "content": "在这种情况下尽量不要乱动，应该在力所能及的范围内减缓呼吸。"
    },
    {
      "id": 30,
      "model": "유리",
      "teller": "尤莉",
      "title": "8阶收尾人",
      "content": "霍普金斯先生……为什么……咳！没有提前跟我们说一声？"
    },
    {
      "id": 31,
      "model": "홉킨스",
      "teller": "霍普金斯",
      "title": "8阶收尾人",
      "content": "我也来问你一个问题，尤莉。"
    },
    {
      "id": 32,
      "model": "홉킨스",
      "teller": "霍普金斯",
      "title": "8阶收尾人",
      "content": "对于那些就像是超额行李一样的人，我有什么义务去告知他们，让他们去消耗掉一些昂贵的资源呢？"
    },
    {
      "id": 33,
      "model": "유리",
      "teller": "尤莉",
      "title": "8阶收尾人",
      "content": "……"
    },
    {
      "id": 34,
      "model": "홉킨스",
      "teller": "霍普金斯",
      "title": "8阶收尾人",
      "content": "说实话，你们竟然能踏入我们的办公室，这属实令我惊讶。"
    },
    {
      "id": 35,
      "model": "홉킨스",
      "teller": "霍普金斯",
      "title": "8阶收尾人",
      "content": "阿雅或许是觉得你们很可怜，因此处处关照着你们……但如今她已经死了，再也不会知道你们究竟遭遇了什么。"
    },
    {
      "id": 36,
      "model": "히스클리프",
      "content": "卑鄙小人……居然不惜做到这种地步也想活下去……"
    },
    {
      "id": 37,
      "model": "홉킨스",
      "teller": "霍普金斯",
      "title": "8阶收尾人",
      "content": "跟收尾人讲卑鄙，你没在开玩笑吧。"
    },
    {
      "id": 38,
      "model": "홉킨스",
      "teller": "霍普金斯",
      "title": "8阶收尾人",
      "content": "我还以为那位猩红凝视带来的人会有多厉害……"
    },
    {
      "id": 39,
      "model": "홉킨스",
      "teller": "霍普金斯",
      "title": "8阶收尾人",
      "content": "结果只是一群连像样的道具和情报都没有准备好就潜入了这里的疯子罢了。"
    },
    {
      "id": 40,
      "model": "히스클리프",
      "content": "混账东西……难道我们只能这么干看着他卖弄自己……"
    },
    {
      "id": 41,
      "content": "霍普金斯似乎感受到了杀气，迅速退向了入口。"
    },
    {
      "id": 42,
      "model": "홉킨스",
      "teller": "霍普金斯",
      "title": "8阶收尾人",
      "content": "不过多亏了你们的帮助，我得到了不少脑啡肽。"
    },
    {
      "id": 43,
      "model": "홉킨스",
      "teller": "霍普金斯",
      "title": "8阶收尾人",
      "content": "窒息而死也未免太丢人了，我会报告说你们行踪不明的哦。"
    },
    {
      "id": 44,
      "model": "홉킨스",
      "teller": "霍普金斯",
      "title": "8阶收尾人",
      "content": "后会有期。"
    },
    {
      "id": 45,
      "model": "유리",
      "teller": "尤莉",
      "title": "8阶收尾人",
      "content": "……"
    },
    {
      "id": 46,
      "content": "尤莉瘫坐在地上，用手堵住了流出的鼻血。"
    },
    {
      "id": 47,
      "content": "不仅是尤莉。罗佳和希斯克利夫，还有其他的罪人们都血流不止。"
    },
    {
      "id": 48,
      "model": "단테",
      "content": "<格里高尔？>"
    },
    {
      "id": 49,
      "model": "그레고르",
      "content": "嘁。我本来只是把这个东西当做她的遗物之一才回收的……"
    },
    {
      "id": 50,
      "content": "他的手中有一个和霍普金斯一样的防毒面具。"
    },
    {
      "id": 51,
      "model": "유리",
      "teller": "尤莉",
      "title": "8阶收尾人",
      "content": "为什么…。"
    },
    {
      "id": 52,
      "model": "그레고르",
      "content": "阿雅小姐她啊，咳！说了让我帮忙照顾你……所以我把它交给你。"
    },
    {
      "id": 53,
      "model": "그레고르",
      "content": "没有道具就潜入了这里的疯子们……可是有后手的，你就安心收下吧。"
    },
    {
      "id": 54,
      "content": "尤莉一边咳出带血的痰，一边慢慢地带上了面罩。"
    },
    {
      "id": 55,
      "model": "유리",
      "teller": "尤莉",
      "title": "8阶收尾人",
      "content": "……我是明白的。"
    },
    {
      "id": 56,
      "model": "유리",
      "teller": "尤莉",
      "title": "8阶收尾人",
      "content": "即使熬夜完成那些大家都不想做的工作，想要在一个全是陌生人的办公室里获得认可还是很难的。"
    },
    {
      "id": 57,
      "model": "유리",
      "teller": "尤莉",
      "title": "8阶收尾人",
      "content": "距离支部封锁也只有三分钟了……"
    },
    {
      "id": 58,
      "teller": "通知广播",
      "title": "L公司",
      "content": "[开始下沉地基。]"
    },
    {
      "id": 59,
      "model": "유리",
      "teller": "尤莉",
      "title": "8阶收尾人",
      "content": "门在我的眼前关闭了。"
    },
    {
      "id": 60,
      "teller": "通知广播",
      "title": "L公司",
      "content": "[能量传输，已完成85%。]"
    },
    {
      "id": 61,
      "teller": "艾莉克斯",
      "title": "L公司职员",
      "content": "尤莉，不要丢下我！尤莉！"
    },
    {
      "id": 62,
      "model": "유리",
      "teller": "尤莉",
      "title": "8阶收尾人",
      "content": "那我该怎么做？"
    },
    {
      "id": 63,
      "model": "유리",
      "teller": "尤莉",
      "title": "8阶收尾人",
      "content": "幸存下来是一种罪孽吗？"
    },
    {
      "id": 64,
      "model": "유리",
      "teller": "尤莉",
      "title": "8阶收尾人",
      "content": "我应该和同事们一起被掩埋在地下吗？"
    },
    {
      "id": 65,
      "model": "유리",
      "teller": "尤莉",
      "title": "8阶收尾人",
      "content": "就算是公司为了不让异想体逃进都市而把整栋大楼都封锁起来的？"
    },
    {
      "id": 66,
      "model": "그레고르",
      "content": "咳！……确实是罪孽。至少在这种地方是的。"
    },
    {
      "id": 67,
      "model": "이스마엘",
      "content": "咳，咳。被你这么一说，有点受伤呢，格里高尔先生……"
    },
    {
      "id": 68,
      "content": "我呆立在原地，忽然回过神来，望向罪人们。"
    },
    {
      "id": 69,
      "content": "其中有一半的人横躺在地上，看起来已经停止了呼吸。以实玛利在说出最后一个字后，也垂下头倒在地上。"
    },
    {
      "id": 70,
      "model": "유리",
      "teller": "尤莉",
      "title": "8阶收尾人",
      "content": "罪孽……"
    },
    {
      "id": 71,
      "model": "그레고르",
      "content": "可是，唉……那又如何……"
    },
    {
      "id": 72,
      "model": "그레고르",
      "content": "你必须得厚着脸皮活下去。"
    },
    {
      "id": 73,
      "model": "그레고르",
      "content": "咳！一旦被罪恶感压垮……你的心就会被磨灭殆尽……"
    },
    {
      "id": 74,
      "model": "유리",
      "teller": "尤莉",
      "title": "8阶收尾人",
      "content": "……"
    },
    {
      "id": 75,
      "content": "最后，连格里高尔也停止了呼吸。在这个空间中，只有我和带着防毒面具的尤莉站到了最后。"
    },
    {
      "id": 76,
      "model": "단테",
      "content": "<啊……你、你不用这么担心的。我会全把他们复活的。>"
    },
    {
      "id": 77,
      "content": "尽管我知道尤莉只能听到滴答滴答的声音，但我还是尽力想把话传达给她。"
    },
    {
      "id": 78,
      "model": "유리",
      "teller": "尤莉",
      "title": "8阶收尾人",
      "content": "……我知道。"
    },
    {
      "id": 79,
      "content": "尤莉只留下了这么短短的一句话，之后就陷入了沉默。"
    },
    {
      "id": 80,
      "content": "在尴尬的氛围中，阴郁的空气流淌了好一段时间。最终，毒气全部消散了。"
    },
    {
      "id": 81,
      "model": "유리",
      "teller": "尤莉",
      "title": "8阶收尾人",
      "content": "……现在应该没问题了。"
    },
    {
      "id": 82,
      "model": "단테",
      "content": "<嗯？啊，好的好的。>"
    },
    {
      "id": 83,
      "model": "유리",
      "teller": "尤莉",
      "title": "8阶收尾人",
      "content": "我也来帮忙，让我们尽快复活他们。"
    },
    {
      "id": 84,
      "content": "这么说着，尤莉摘下了防毒面具，一脸淡然地逐个扶起倒地的罪人们。"
    },
    {
      "id": 85,
      "content": "我不知道该对这样的她说些什么好，于是便保持沉默。"
    }
  ]
}