{
  "dataList": [
    {
      "id": 0,
      "place": "4区 脑叶公司支部入口附近",
      "content": "只见格里高尔点上了烟，吐出烟气的时间也比平时更久。"
    },
    {
      "id": 1,
      "model": "이스마엘",
      "content": "哪怕他们在其他的安保公司就职，也总比现在这样好一些……"
    },
    {
      "id": 2,
      "model": "오티스",
      "content": "他们是将自己的一生都奉献给军队的人。以其他职业再次开始所需要适应并进行改变的部分太多了。"
    },
    {
      "id": 3,
      "model": "그레고르",
      "content": "以及，出身于折断之翼是相当不得了的污点。如果有人接纳了你，那你就得感激到跪下来给他舔皮鞋……"
    },
    {
      "id": 4,
      "model": "유리",
      "teller": "尤莉",
      "title": "8阶收尾人",
      "content": "……"
    },
    {
      "id": 5,
      "model": "그레고르",
      "content": "啊……对不起。是我考虑不周。"
    },
    {
      "id": 6,
      "model": "유리",
      "teller": "尤莉",
      "title": "8阶收尾人",
      "content": "没关系的。不管是G公司还是L公司，情况都差不多吧。"
    },
    {
      "id": 7,
      "model": "유리",
      "teller": "尤莉",
      "title": "8阶收尾人",
      "content": "……翼被折断毕竟是件令人动荡不安的事。"
    }
  ]
}