{
  "dataList": [
    {
      "id": 0,
      "place": "4区 脑叶公司支部内某处",
      "content": "尤莉一动不动地看着格里高尔。她的脸正对着他。"
    },
    {
      "id": 1,
      "content": "但是，我们所认识的那个尤莉，总是弯着腰。"
    },
    {
      "id": 2,
      "content": "她总是无精打采，作为唯一的幸存者，尤莉仿佛只是为了已故同事们的遗愿而活着。"
    },
    {
      "id": 3,
      "content": "因此，我能有把握地警告格里高尔。"
    },
    {
      "id": 4,
      "model": "단테",
      "content": "<格里高尔。那不是尤莉。>"
    },
    {
      "id": 5,
      "model": "그레고르",
      "content": "……嗯哼。是啊，我想你是对的。"
    },
    {
      "id": 6,
      "content": "格里高尔淡然地接受了这件事。"
    },
    {
      "id": 7,
      "content": "然后他展开了自己的手臂，并让其飞向“尤莉”。"
    },
    {
      "id": 8,
      "content": "不过，它很快就停了下来。"
    },
    {
      "id": 9,
      "model": "유리",
      "teller": "尤莉",
      "title": "八阶收尾人",
      "content": "我不想死。"
    },
    {
      "id": 10,
      "model": "그레고르",
      "content": "……"
    },
    {
      "id": 11,
      "model": "단테",
      "content": "<解决她，格里高尔。>"
    },
    {
      "id": 12,
      "content": "我不知道作为经理这是否是正确的做法。"
    },
    {
      "id": 13,
      "model": "유리",
      "teller": "尤莉",
      "title": "八阶收尾人",
      "content": "我们之中，没有人想死。"
    },
    {
      "id": 14,
      "content": "但我必须冲着格里高尔大喊，以免他因此受到重伤。"
    },
    {
      "id": 15,
      "model": "단테",
      "content": "<干掉她！就现在！>"
    },
    {
      "id": 16,
      "model": "그레고르",
      "content": "咕啊,啊啊啊！！！"
    },
    {
      "id": 17,
      "teller": "友好的公民",
      "title": "回忆中的人",
      "content": "我——我不想死啊！"
    },
    {
      "id": 18,
      "model": "그레고르",
      "content": "这……这是……"
    },
    {
      "id": 19,
      "content": "虫一般的手臂在割开那个平民的喉咙之前停了下来。"
    },
    {
      "id": 20,
      "content": "我竭尽全力想控制住它，但它纹丝不动。"
    },
    {
      "id": 21,
      "model": "여자시민",
      "teller": "友好的公民",
      "title": "回忆中的人",
      "content": "请，请放过我吧……我把我所有的钱都给你！"
    },
    {
      "id": 22,
      "teller": "安保人员",
      "title": "回忆中的人",
      "content": "放那位女士离开！否则我将用武力制止你！"
    },
    {
      "id": 23,
      "model": "그레고르",
      "content": "我的手臂……把我的手臂砍下来！现在！"
    },
    {
      "id": 24,
      "teller": "安保人员",
      "title": "回忆中的人",
      "content": "这是我对你下达的最后通牒。现在就释放那位女士，否则……"
    },
    {
      "id": 25,
      "model": "그레고르",
      "content": "快砍啊！"
    },
    {
      "id": 26,
      "content": "在被切下来的手臂落到地上之后，那位女士喘息着，倚墙滑坐下来。"
    },
    {
      "id": 27,
      "content": "但这段平静没有持续多久——被切下的手臂正在从痉挛着的断肢上再生。"
    },
    {
      "id": 28,
      "teller": "安保人员",
      "title": "回忆中的人",
      "content": "先生，你没事吧？"
    },
    {
      "id": 29,
      "model": "그레고르",
      "content": "有事！离我远点！不要再靠近了！"
    },
    {
      "id": 30,
      "content": "仿佛仍记得自己刚刚所承受的痛苦一般，再生出的手臂快速向前冲去。"
    },
    {
      "id": 31,
      "teller": "尤莉",
      "title": "八阶收尾人",
      "content": "……"
    },
    {
      "id": 32,
      "teller": "？？？",
      "title": "？？？",
      "content": "向您致以最高的敬意，格里高尔先生！"
    },
    {
      "id": 33,
      "model": "그레고르",
      "content": "你真的不应该……我没有参与那场战争……因为我想……"
    },
    {
      "id": 34,
      "teller": "尤莉",
      "title": "八阶收尾人",
      "content": "……"
    },
    {
      "id": 35,
      "teller": "尤莉",
      "title": "八阶收尾人",
      "content": "我还该做什么呢？难道我活下来本身就是一个错误吗？"
    },
    {
      "id": 36,
      "model": "그레고르",
      "content": "请继续活下去吧……我们大概不是自愿卷入这场混乱的纷争的。"
    },
    {
      "id": 37,
      "teller": "尤莉",
      "title": "八阶收尾人",
      "content": "……"
    },
    {
      "id": 38,
      "teller": "？？？",
      "title": "？？？",
      "content": "都已经走到这一步了，却在你的努力开花结果之前停下来了。多么遗憾啊。"
    },
    {
      "id": 39,
      "teller": "？？？",
      "title": "？？？",
      "content": "但没关系，我们会接手的。机会转瞬即逝，空放在那里只会白白溜走。"
    },
    {
      "id": 40,
      "content": "尤莉的头颅滚落在地。"
    },
    {
      "id": 41,
      "content": "这并非格里高尔所为。"
    },
    {
      "id": 42,
      "teller": "尤莉",
      "title": "八阶收尾人",
      "content": "嗯……啊……"
    },
    {
      "id": 43,
      "content": "尤莉张开嘴并吐出了什么。"
    },
    {
      "id": 44,
      "content": "那是一根散发出明亮金色光芒的树枝。"
    },
    {
      "id": 45,
      "teller": "？？？",
      "title": "？？？",
      "content": "你在寻找金枝。不是吗？"
    },
    {
      "id": 46,
      "model": "그레고르",
      "content": "你……"
    },
    {
      "id": 47,
      "teller": "？？？",
      "title": "？？？",
      "content": "有点小，对吧？"
    },
    {
      "id": 48,
      "model": "헤르만",
      "teller": "赫尔曼",
      "title": "？？？",
      "content": "我是赫尔曼。我们此后会常见面的。因为……"
    },
    {
      "id": 49,
      "model": "헤르만",
      "teller": "赫尔曼",
      "title": "？？？",
      "content": "我们——需要那些金枝。而你，有能力找到它们。"
    },
    {
      "id": 50,
      "model": "헤르만",
      "teller": "赫尔曼",
      "title": "？？？",
      "content": "你们……不会死去。但我们，会终结你。"
    },
    {
      "id": 51,
      "content": "赫尔曼用脚轻轻踢开了尤莉的头颅。"
    },
    {
      "id": 52,
      "model": "그레고르",
      "content": "……"
    },
    {
      "id": 53,
      "model": "헤르만",
      "teller": "赫尔曼",
      "title": "？？？",
      "content": "不过，不是现在。"
    },
    {
      "id": 54,
      "model": "헤르만",
      "teller": "赫尔曼",
      "title": "？？？",
      "content": "我们会妥善保管你找到的金枝的。"
    },
    {
      "id": 55,
      "model": "이상",
      "content": "仇甫……我亲爱的友人啊。这就是你选择的道路吗？"
    },
    {
      "id": 56,
      "model": "구보",
      "teller": "仇甫",
      "title": "？？？",
      "content": "确实如此。只剩几个了。"
    },
    {
      "id": 57,
      "model": "홍루",
      "content": "……已经有段时间没见了，我的哥哥。"
    },
    {
      "id": 58,
      "model": "가환",
      "teller": "贾环",
      "title": "？？？",
      "content": "你知道你现在的衣服闻起来有多恶心吗？家里人真该看看你现在的样子。"
    },
    {
      "id": 59,
      "model": "오티스",
      "content": "变成某种重聚环节了啊。"
    },
    {
      "id": 60,
      "model": "헤르만",
      "teller": "赫尔曼",
      "title": "？？？",
      "content": "我的孩子，你现在过的如何？"
    },
    {
      "id": 61,
      "model": "헤르만",
      "teller": "赫尔曼",
      "title": "？？？",
      "content": "我在你身上投入那么多可不是为了看你陷入这样的窘境。"
    },
    {
      "id": 62,
      "model": "그레고르",
      "content": "我可从来没有要求过这个……一次也没有……"
    },
    {
      "id": 63,
      "model": "헤르만",
      "teller": "赫尔曼",
      "title": "？？？",
      "content": "你至少应该完全打开我给你的东西看看。"
    },
    {
      "id": 64,
      "model": "헤르만",
      "teller": "赫尔曼",
      "title": "？？？",
      "content": "那只小胳膊可不是它的全部啊。"
    },
    {
      "id": 65,
      "model": "가환",
      "teller": "贾环",
      "title": "？？？",
      "content": "好了。见面的寒暄就到此为止吧。"
    },
    {
      "id": 66,
      "content": "自称为贾环的男人拍了两次掌。"
    },
    {
      "id": 67,
      "content": "然后，一切都陷入黑暗。"
    },
    {
      "id": 68,
      "content": "就如同从长夜的噩梦之中惊醒……"
    },
    {
      "id": 69,
      "content": "黎明正向你致意。"
    },
    {
      "id": 70,
      "content": "一段时间之后……"
    },
    {
      "id": 71,
      "place": "梅菲斯托费勒斯 内部",
      "model": "베르길리우스",
      "content": "我还以为这对你来说是个易如反掌的任务呢。"
    },
    {
      "id": 72,
      "model": "베르길리우스",
      "content": "在眼睁睁地看着金枝被拿走之后，你还有脸抬着头走进来。"
    },
    {
      "id": 73,
      "model": "베르길리우스",
      "content": "是我太高估你了吗？"
    },
    {
      "id": 74,
      "model": "단테",
      "content": "<……>"
    },
    {
      "id": 75,
      "model": "베르길리우스",
      "content": "为什么不向我解释一下呢，浮士德女士？"
    },
    {
      "id": 76,
      "model": "파우스트",
      "content": "事实证明，不会死去并不能解决所有问题。"
    },
    {
      "id": 77,
      "model": "베르길리우스",
      "content": "……哼。"
    },
    {
      "id": 78,
      "model": "베르길리우스",
      "content": "但丁，你有什么要为自己辩解的吗？"
    },
    {
      "id": 79,
      "model": "단테",
      "content": "<还有一个组织在收集金枝。>"
    },
    {
      "id": 80,
      "model": "단테",
      "content": "<你肯定知道这件事。为什么你没有提前警告我？>"
    },
    {
      "id": 81,
      "model": "파우스트",
      "content": "他们想知道另一个正在收集金枝的组织的底细。"
    },
    {
      "id": 82,
      "content": "浮士德平静地把我的话向维吉里乌斯转述了一遍。"
    },
    {
      "id": 83,
      "model": "베르길리우스",
      "content": "……你可别说你这是在追究我的责任？"
    },
    {
      "id": 84,
      "model": "베르길리우스",
      "content": "那么告诉我，但丁。我们为什么会把十二名战斗人员派到一个没有任何威胁的地方？"
    },
    {
      "id": 85,
      "model": "베르길리우스",
      "content": "甚至还雇佣了收尾人来引导他们。"
    },
    {
      "id": 86,
      "model": "단테",
      "content": "<那是因为……>"
    },
    {
      "id": 87,
      "model": "그레고르",
      "content": "不必继续向他解释了，经理兄。"
    },
    {
      "id": 88,
      "model": "그레고르",
      "content": "是我的错。如果你一定要指责某个人，就冲着我来……"
    },
    {
      "id": 89,
      "model": "베르길리우스",
      "content": "真有趣。"
    },
    {
      "id": 90,
      "model": "베르길리우스",
      "content": "你们之间已经建立起了这样的情谊。"
    },
    {
      "id": 91,
      "model": "베르길리우스",
      "content": "好吧。既然你们都在同一辆巴士上，我想，彼此开脱也不是什么坏事……"
    },
    {
      "id": 92,
      "model": "베르길리우스",
      "content": "但是要知道，互相支持也没办法弥补你们的无能。"
    },
    {
      "id": 93,
      "model": "파우스트",
      "content": "……我们接到了一个电话。 收尾团队的第四特别行动部已经进入地下开展工作"
    },
    {
      "id": 94,
      "model": "베르길리우스",
      "content": "这听起来不错。总得有人回收那些遗留的E.G.O和异想体。"
    },
    {
      "id": 95,
      "model": "베르길리우스",
      "content": "……不过令人惋惜的是，真正的精髓已经遗失了。"
    },
    {
      "id": 96,
      "model": "오티스",
      "content": "有点过分了。"
    },
    {
      "id": 97,
      "model": "오티스",
      "content": "胜败乃兵家常事。如果一个目标没有达成，你大可以制定新的计划并重新部署。"
    },
    {
      "id": 98,
      "model": "오티스",
      "content": "你真的不觉得是你自己对我们的第一个任务抱了过高的期望吗？我会让你知道我们的经理有多优秀的。 "
    },
    {
      "id": 99,
      "model": "베르길리우스",
      "content": "……"
    },
    {
      "id": 100,
      "model": "베르길리우스",
      "content": "我想我们就到此为止吧。你说的倒也不是完全没道理。"
    },
    {
      "id": 101,
      "model": "파우스트",
      "content": "当然。"
    },
    {
      "id": 102,
      "content": "有一种微妙的紧张气氛弥漫在维吉里乌斯与浮士德之间……"
    },
    {
      "id": 103,
      "content": "但现在，我既没有力气也没有精神对此追根究底。"
    },
    {
      "id": 104,
      "content": "车上遍布血渍。我们的衣服也被血浸透了。但没有任何一个人试着去打开车窗。"
    },
    {
      "id": 105,
      "content": "也没有人有换衣服的想法。"
    },
    {
      "id": 106,
      "content": "我们全都只是坐着，默不作声。"
    },
    {
      "id": 107,
      "content": "格里高尔是他们之中看上去最受挫的一个。他凝视着窗外……"
    },
    {
      "id": 108,
      "content": "然后，他突然把什么东西从口袋里取出，挂在了挡风玻璃边上。"
    },
    {
      "id": 109,
      "model": "카론",
      "content": "虫男。你在梅菲的头上放了什么？"
    },
    {
      "id": 110,
      "model": "그레고르",
      "content": "……一件纪念品。"
    },
    {
      "id": 111,
      "model": "그레고르",
      "content": "一件只属于两个人之间的纪念品。"
    },
    {
      "id": 112,
      "model": "그레고르",
      "content": "我曾经有个妹妹。就和尤莉差不多大。"
    },
    {
      "id": 113,
      "model": "그레고르",
      "content": "那是……不，只是这样。"
    },
    {
      "id": 114,
      "content": "我考虑过鼓舞他一下，但这种想法很快消失了。"
    },
    {
      "id": 115,
      "content": "以实玛利的脸上写满悲伤，辛克莱正在低声啜泣，罗佳则苦恼的叹息着。如果他们都没法鼓励格里高尔，我还能做什么？"
    },
    {
      "id": 116,
      "model": "베르길리우스",
      "content": "卡戎，这不会妨碍你吗？"
    },
    {
      "id": 117,
      "model": "카론",
      "content": "不会。卡戎没关系的。"
    },
    {
      "id": 118,
      "model": "베르길리우스",
      "content": "……好吧。那我们上路吧。"
    },
    {
      "id": 119,
      "model": "카론",
      "content": "布隆布隆。"
    },
    {
      "id": 120,
      "content": "巴士缓缓地向前行驶。"
    },
    {
      "id": 121,
      "content": "挂在挡风玻璃边的防毒面具像装饰品一样摇摆着。"
    },
    {
      "id": 122
    }
  ]
}