{
  "dataList": [
    {
      "id": 0,
      "place": "4区 脑叶公司支部内某处",
      "model": "로쟈",
      "content": "啊~ 感觉真不错。"
    },
    {
      "id": 1,
      "model": "단테",
      "content": "<我简直生不如死……>"
    },
    {
      "id": 2,
      "model": "아야",
      "teller": "阿雅",
      "title": "8阶收尾人",
      "content": "那块表真神奇啊~ 真是从未见识过的科技。"
    },
    {
      "id": 3,
      "model": "홉킨스",
      "teller": "霍普金斯",
      "title": "8阶收尾人",
      "content": "这种程度简直就是奇，奇点水准…… 究竟是哪片翼在后面……"
    },
    {
      "id": 4,
      "content": "霍普金斯贪婪地注视着我的头。"
    },
    {
      "id": 5,
      "content": "我虽然不怎么想在意这件事，但看完霍普金斯那膨胀的口袋……"
    },
    {
      "id": 6,
      "model": "로쟈",
      "content": "但丁？你为什么要抱着自己的脑袋？"
    },
    {
      "id": 7,
      "model": "단테",
      "content": "<没，没什么。>"
    },
    {
      "id": 8,
      "model": "이상",
      "content": "浮士德女士，经理所拥有的钟表不能转动这几位向导的生命吗？"
    },
    {
      "id": 9,
      "model": "파우스트",
      "content": "钟表只会作用于罪人。"
    },
    {
      "id": 10,
      "model": "아야",
      "teller": "阿雅",
      "title": "8阶收尾人",
      "content": "啊啊~ 不如说那样更好啦。"
    },
    {
      "id": 11,
      "model": "아야",
      "teller": "阿雅",
      "title": "8阶收尾人",
      "content": "如果肚子上被开了个大洞，但没死成又复活的话不是更恐怖吗？"
    },
    {
      "id": 12,
      "model": "아야",
      "teller": "阿雅",
      "title": "8阶收尾人",
      "content": "不对，肚子被洞穿其实挺幸运的。因为几秒内就会死……"
    },
    {
      "id": 13,
      "model": "단테",
      "content": "<嗯……？等下……！>"
    },
    {
      "id": 14,
      "model": "쓰러진아야",
      "teller": "阿雅",
      "title": "8阶收尾人",
      "content": "啊。"
    },
    {
      "id": 15,
      "content": "突然，一条硬质的触手从墙壁中迸出，一瞬间穿透了阿雅的腹部。"
    },
    {
      "id": 16,
      "model": "오티스",
      "content": "全员，准备战斗。"
    },
    {
      "id": 17,
      "model": "쓰러진아야",
      "teller": "阿雅",
      "title": "8阶收尾人",
      "content": "……我说什么来着？"
    },
    {
      "id": 18,
      "model": "쓰러진아야",
      "teller": "阿雅",
      "title": "8阶收尾人",
      "content": "我运气…… 一直都，很好……"
    },
    {
      "id": 19,
      "model": "유리",
      "teller": "尤莉",
      "title": "8阶收尾人",
      "content": "阿雅小姐！！"
    },
    {
      "id": 20,
      "model": "이상",
      "content": "此命已绝。"
    },
    {
      "id": 21,
      "model": "그레고르",
      "content": "……"
    },
    {
      "id": 22,
      "model": "그레고르",
      "content": "好吧……越，越是这种时候就得更加打起精神，不是吗？"
    },
    {
      "id": 23,
      "model": "유리",
      "teller": "尤莉",
      "title": "8阶收尾人",
      "content": "但，但是……"
    },
    {
      "id": 24,
      "model": "파우스트",
      "content": "这种攻击形式并不常见。极有可能是异想体。"
    },
    {
      "id": 25,
      "model": "오티스",
      "content": "经理。请您下令。"
    },
    {
      "id": 26,
      "content": "虽然尤莉噙着眼泪的视线在阿雅的尸体和罪人们之间循环往复的样子令人心生同情……"
    },
    {
      "id": 27,
      "model": "단테",
      "content": "<……尤莉，霍普金斯和阿雅这三人。我对他们无能为力。>"
    },
    {
      "id": 28,
      "model": "단테",
      "content": "<不想扩大损失的话就要立即做好战斗准备了。>"
    },
    {
      "id": 29,
      "model": "오티스",
      "content": "明智的判断。"
    },
    {
      "id": 30,
      "model": "홉킨스",
      "teller": "霍普金斯",
      "title": "8阶收尾人",
      "content": "那个滴答声是可以被解析的吗……？"
    },
    {
      "id": 31,
      "content": "虽然奥提斯用带刺般的目光怒视了霍普金斯，但很快就分清了轻重缓急，深吸了一口气喊道。"
    },
    {
      "id": 32,
      "model": "오티스",
      "content": "……这是经理的命令，跟班们！"
    },
    {
      "id": 33,
      "model": "오티스",
      "content": "构筑包围阵型。目标是，前方的举异者！"
    },
    {
      "id": 34,
      "model": "유리",
      "teller": "尤莉",
      "title": "8阶收尾人",
      "content": "……好的。"
    },
    {
      "id": 35,
      "model": "그레고르",
      "content": "但是…… 能否把那个称为“者”倒也是个问题啊。"
    },
    {
      "id": 36,
      "content": "缓步蔓延的藤蔓，看似数倍于人类大小的阴影。"
    },
    {
      "id": 37,
      "content": "它……怀着与目前为止的敌人都截然不同的恐怖感迫近着。"
    }
  ]
}