{
  "dataList": [
    {
      "id": 0,
      "place": "4区 脑叶公司支部内某处",
      "model": "단테",
      "content": "<这些员工都是被异想体杀害的吗?>"
    },
    {
      "id": 1,
      "model": "유리",
      "teller": "尤莉",
      "title": "8阶收尾人",
      "content": "不对。如果我没猜错的话……"
    },
    {
      "id": 2,
      "model": "오티스",
      "content": "请注意前方，经理。那里还有一个，看起来和刚才那些家伙是一伙的。"
    },
    {
      "id": 3,
      "content": "走廊尽头有个带着雕像头套的人影正虚弱地靠在墙边。"
    },
    {
      "id": 4,
      "model": "석상머리",
      "teller": "雕像头",
      "title": "幸存者?",
      "content": "嗨……？你们是来……抽签……的吗？"
    },
    {
      "id": 5,
      "model": "석상머리",
      "teller": "雕像头",
      "title": "幸存者？",
      "content": "把员工证都收集起来……交给我……然后我们就会知道是谁被选中了。"
    },
    {
      "id": 6,
      "content": "它的手中正艰难地握着一根员工证的挂绳，上面写着一个名字——艾莉克斯。"
    },
    {
      "id": 7,
      "model": "유리",
      "teller": "尤莉",
      "title": "8阶收尾人",
      "content": "……艾莉克斯。"
    },
    {
      "id": 8,
      "model": "히스클리프",
      "content": "她疯了吧？说什么选不选中的？"
    },
    {
      "id": 9,
      "model": "유리",
      "teller": "尤莉",
      "title": "8阶收尾人",
      "content": "管理须知要求我们……定期向一些异想体提供牺牲者。"
    },
    {
      "id": 10,
      "model": "석상머리",
      "teller": "雕像头",
      "title": "幸存者？",
      "content": "你不该走那边……他们会找到你……"
    },
    {
      "id": 11,
      "model": "유리",
      "teller": "尤莉",
      "title": "8阶收尾人",
      "content": "……看来还是进行了献祭，对吧？"
    },
    {
      "id": 12,
      "model": "석상머리",
      "teller": "雕像头",
      "title": "幸存者？",
      "content": "轮到你了……抽签……"
    },
    {
      "id": 13,
      "model": "단테",
      "content": "<献祭……？>"
    },
    {
      "id": 14,
      "model": "이스마엘",
      "content": "如果没有人被献祭，会发生什么？"
    },
    {
      "id": 15,
      "model": "유리",
      "teller": "尤莉",
      "title": "8阶收尾人",
      "content": "我不知道……我们一直遵守着管理须知，从未有过任何偏差。"
    },
    {
      "id": 16,
      "model": "이스마엘",
      "content": "我猜它逃了出来，然后开始到处杀人。"
    },
    {
      "id": 17,
      "model": "히스클리프",
      "content": "哈！那这个叫异想体的玩意儿可真够狡猾的啊。它见到人后竟然只会从背后偷袭。"
    },
    {
      "id": 18,
      "model": "유리",
      "teller": "尤莉",
      "title": "8阶收尾人",
      "content": "你是……什么意思？"
    },
    {
      "id": 19,
      "model": "히스클리프",
      "content": "你们的眼睛都是摆设吗？这些伤口显然是人类留下的，你能看出他们在玩命殴打对方。"
    },
    {
      "id": 20,
      "model": "히스클리프",
      "content": "这群蠢货全都死在了自己人手上。"
    },
    {
      "id": 21,
      "model": "유리",
      "teller": "尤莉",
      "title": "8阶收尾人",
      "content": "但……但是为什么会这样？"
    },
    {
      "id": 22,
      "model": "히스클리프",
      "content": "看一眼就知道了。"
    },
    {
      "id": 23,
      "model": "히스클리프",
      "content": "他们大概是以为在支部下沉后，自己还有机会活下去吧。"
    },
    {
      "id": 24,
      "model": "히스클리프",
      "content": "于是就继续献祭同伴，指望着哪天能获救。"
    },
    {
      "id": 25,
      "model": "히스클리프",
      "content": "我猜他们用这法子支撑了几个月，毕竟只要多献上一个人，就能多活上几天。"
    },
    {
      "id": 26,
      "model": "히스클리프",
      "content": "问题是，你觉得被选中的人会乖乖接受吗？"
    },
    {
      "id": 27,
      "model": "히스클리프",
      "content": "如果是我，我肯定会先打爆对方的脑袋。"
    },
    {
      "id": 28,
      "model": "히스클리프",
      "content": "总比就这么被献祭掉要强，对吧？"
    },
    {
      "id": 29,
      "model": "히스클리프",
      "content": "……嘛，事情差不多就是这样吧。"
    },
    {
      "id": 30,
      "model": "이스마엘",
      "content": "直到最后一个人……带上了这个雕像头套……"
    },
    {
      "id": 31,
      "model": "이스마엘",
      "content": "幻想着这样就不用被牺牲了。"
    },
    {
      "id": 32,
      "model": "유리",
      "teller": "尤莉",
      "title": "8阶收尾人",
      "content": "不可能。艾莉克斯才不会为了活下去而杀人……"
    },
    {
      "id": 33,
      "model": "히스클리프",
      "content": "你怎么知道？你都不能确定那个家伙是不是艾莉克斯。"
    },
    {
      "id": 34,
      "model": "석상머리",
      "teller": "雕像头",
      "title": "幸存者？",
      "content": "让我……给你个建议吧……"
    },
    {
      "id": 35,
      "model": "석상머리",
      "teller": "雕像头",
      "title": "幸存者？",
      "content": "比起被强制带过去……你自己主动一点，可能会更好哦……咳咳……"
    },
    {
      "id": 36,
      "model": "오티스",
      "content": "我们走吧。这个人活不了多久了。"
    },
    {
      "id": 37,
      "content": "当其他人纷纷离去时，尤莉依然呆立在原地，盯着那个带着雕像头套的人。"
    },
    {
      "id": 38,
      "model": "유리",
      "teller": "尤莉",
      "title": "8阶收尾人",
      "content": "这不是你的错……你知道的，对吧?"
    },
    {
      "id": 39,
      "model": "석상머리",
      "teller": "雕像头",
      "title": "幸存者？",
      "content": "丢下我吧，尤莉……求求你别管我了……"
    },
    {
      "id": 40,
      "model": "유리",
      "teller": "尤莉",
      "title": "8阶收尾人",
      "content": "……"
    },
    {
      "id": 41,
      "model": "단테",
      "content": "<……走吧。>"
    }
  ]
}