{
  "dataList": [
    {
      "id": 0,
      "place": "4区 脑叶公司支部内某处",
      "model": "로쟈",
      "content": "只有这一层到处都爬满了蛆。"
    },
    {
      "id": 1,
      "model": "단테",
      "content": "<跟之前楼层的异想体相比，这些虫子可真是好太多了。>"
    },
    {
      "id": 2,
      "model": "로쟈",
      "content": "噗……格雷格听到这消息可要高兴坏了。是不是呀，昆虫小子?"
    },
    {
      "id": 3,
      "content": "可是格里高尔压根没有在听她说话。"
    },
    {
      "id": 4,
      "model": "그레고르",
      "content": "……你们什么都没听到吗？"
    },
    {
      "id": 5,
      "model": "이스마엘",
      "content": "声音的话，我一直都有听到啊。罗佳小姐，难道这种时候你还会肚子饿？"
    },
    {
      "id": 6,
      "model": "로쟈",
      "content": "你，你就当没听到啦~好不好嘛？"
    },
    {
      "id": 7,
      "model": "그레고르",
      "content": "不，不是那个……更像是……"
    },
    {
      "id": 8,
      "content": "从未走在前面过的格里高尔第一次打了头阵，他跟着了魔一样，伸手打开了身旁的门。"
    },
    {
      "id": 9,
      "model": "유리",
      "teller": "尤莉",
      "title": "8阶收尾人",
      "content": "等等，那是异想体收容室……！"
    },
    {
      "id": 10,
      "model": "그레고르",
      "content": "和……那个时候一样……"
    },
    {
      "id": 11,
      "content": "然而，门已经被打开了。"
    },
    {
      "id": 12,
      "content": "格里高尔呆呆地望着自门内满溢而出的金色光芒。"
    },
    {
      "id": 13,
      "model": "단테",
      "content": "<格里高……！>"
    },
    {
      "id": 14,
      "model": "이스마엘",
      "content": "我们难道……穿越到过去了？"
    },
    {
      "id": 15,
      "content": "我看到了一片阴沉朦胧的天穹。"
    },
    {
      "id": 16,
      "content": "远处，哭喊与尖叫的声音扭曲地交织在了一起。"
    },
    {
      "id": 17,
      "content": "混杂着枪击与炮火的声响，回荡在烟雾缭绕的天地之间。"
    },
    {
      "id": 18,
      "model": "오티스",
      "content": "已经很清楚了吧？这里是……"
    },
    {
      "id": 19,
      "place": "烟霾战争 战场中央",
      "model": "오티스",
      "content": "战场的……正中央。"
    },
    {
      "id": 20,
      "model": "그레고르",
      "content": "……我，我是在……做梦么？一场噩梦？为，为什么又是这……"
    },
    {
      "id": 21,
      "model": "히스클리프",
      "content": "所以我们他妈为什么会在战场上啊！这是什么陷阱之类的玩意吗？"
    },
    {
      "id": 22,
      "model": "파우스트",
      "content": "不，我们没走错路。"
    },
    {
      "id": 23,
      "model": "파우스트",
      "content": "我们一直在寻找的技术的精华就在不远处。"
    },
    {
      "id": 24,
      "model": "이스마엘",
      "content": "你是说金枝？"
    },
    {
      "id": 25,
      "model": "파우스트",
      "content": "没错。你们知道这是哪个时间段吗？"
    },
    {
      "id": 26,
      "model": "오티스",
      "content": "但凡长了眼睛的人都能一眼认出来。"
    },
    {
      "id": 27,
      "model": "단테",
      "content": "<呃，我其实……不知道。>"
    },
    {
      "id": 28,
      "content": "我坦白道。"
    },
    {
      "id": 29,
      "model": "오티스",
      "content": "您不了解也是理所当然的，经理。毕竟您并没有普遍意义上的眼睛。"
    },
    {
      "id": 30,
      "model": "이스마엘",
      "content": "这个辩解真的能够成立吗……"
    },
    {
      "id": 31,
      "content": "奥提斯清了清嗓子，似乎是为了掩饰自己的尴尬。随后，她眯着眼睛将目光投向战场。"
    },
    {
      "id": 32,
      "model": "오티스",
      "content": "从这些俗不可耐，五花八门，仿佛是在炫耀所属公司的旗子来看……"
    },
    {
      "id": 33,
      "model": "오티스",
      "content": "烟霾战争已经至少爆发70天了……"
    },
    {
      "id": 34,
      "model": "오티스",
      "content": "……情况大概就是这样，经理。"
    },
    {
      "id": 35,
      "content": "突然，有谁急切地从后面扯了扯希斯克利夫的外套。"
    },
    {
      "id": 36,
      "teller": "？？？",
      "title": "？？？",
      "content": "你们疯了吗？快点去避难！被那种炸弹爆炸波及到的话，会急剧衰老的!"
    },
    {
      "id": 37,
      "teller": "？？？",
      "title": "？？？",
      "content": "我们隔壁哨所的员工们别说是打仗了，他们现在没有拐杖都走不了路！"
    },
    {
      "id": 38,
      "model": "히스클리프",
      "content": "你他妈谁啊，怎么搞得像认识我们一样——"
    },
    {
      "id": 39,
      "teller": "？？？",
      "title": "？？？",
      "content": "啊！格里高尔科长，您辛苦了！"
    },
    {
      "id": 40,
      "content": "这个缠着绷带的男人一看到格里高尔，马上立正并向他敬了个礼。"
    },
    {
      "id": 41,
      "model": "그레고르",
      "content": "……你是。"
    },
    {
      "id": 42,
      "teller": "托玛",
      "title": "记忆中的士兵",
      "content": "您应该不认识我，长官。我是活体维护小组的托玛！"
    },
    {
      "id": 43,
      "teller": "托玛",
      "title": "记忆中的士兵",
      "content": "我以为您会是前线部队的一员，没想到竟然能在后方看到您。"
    },
    {
      "id": 44,
      "teller": "托玛",
      "title": "记忆中的士兵",
      "content": "如果您要和部队汇合的话，需要我送您一程吗？我的腿部进行过特化，对于跳跃动作我很有自信……"
    },
    {
      "id": 45,
      "model": "로쟈",
      "content": "呃噢，听起来有点恶心。"
    },
    {
      "id": 46,
      "content": "托玛用惊疑的目光打量着罗佳。"
    },
    {
      "id": 47,
      "teller": "托玛",
      "title": "记忆中的士兵",
      "content": "你，刚刚说什么……"
    },
    {
      "id": 48,
      "model": "그레고르",
      "content": "托、托玛！你是代理，不……普通员工？"
    },
    {
      "id": 49,
      "teller": "托玛",
      "title": "记忆中的士兵",
      "content": "是！我是二级员工！"
    },
    {
      "id": 50,
      "model": "그레고르",
      "content": "这，这位员工才刚动完手术……精神还有些混乱。我会跟她好好谈谈的。"
    },
    {
      "id": 51,
      "teller": "托玛",
      "title": "记忆中的士兵",
      "content": "我明白了……但再怎么说，把还没准备好的员工送上战场还是有点。"
    },
    {
      "id": 52,
      "model": "그레고르",
      "content": "抱歉，不好意思啊。我这边急着带她走……"
    },
    {
      "id": 53,
      "content": "格里高尔几乎是强行与那个男人拉开了一段距离。他急匆匆地走向浮士德。"
    },
    {
      "id": 54,
      "model": "그레고르",
      "content": "这到底是怎么回事，浮士德小姐？这些都是……"
    },
    {
      "id": 55,
      "model": "그레고르",
      "content": "……我的回忆。"
    },
    {
      "id": 56,
      "model": "파우스트",
      "content": "准确来说，是你的自我心道。"
    },
    {
      "id": 57,
      "model": "파우스트",
      "content": "这是一条存在于你心中的道路。换言之……"
    },
    {
      "id": 58,
      "model": "파우스트",
      "content": "我们进入了格里高尔先生的内心。"
    }
  ]
}