{
  "dataList": [
    {
      "id": 0,
      "model": "그레고르",
      "content": "战争结束了。"
    },
    {
      "id": 1,
      "model": "그레고르",
      "content": "可海报上的那个我依然一脸自信地保持着滑稽的姿势。"
    },
    {
      "id": 2,
      "model": "그레고르",
      "content": "呵，我可摆不出那副表情。"
    },
    {
      "id": 3,
      "model": "그레고르",
      "content": "不过……还真得说他们能把我节肢上的怪毛画得栩栩如生。这是谁的杰作？"
    },
    {
      "id": 4,
      "model": "그레고르",
      "content": "啊，看来我变得幽默了呢。"
    },
    {
      "id": 5,
      "model": "그레고르",
      "content": "想来是被这梦魇折磨太久了，太渴望能好好活着了吧。"
    },
    {
      "id": 6,
      "teller": "不满的公民",
      "title": "回忆中的人",
      "content": "那些G公司的渣滓，真该通通吊死在绞架上。"
    },
    {
      "id": 7,
      "model": "그레고르",
      "content": "有人一边嘟囔，一边往地上啐了口痰。"
    },
    {
      "id": 8,
      "model": "그레고르",
      "content": "不用看也知道他们说的是谁。"
    },
    {
      "id": 9,
      "model": "그레고르",
      "content": "正因如此……"
    },
    {
      "id": 10,
      "model": "그레고르",
      "content": "呕……"
    },
    {
      "id": 11,
      "model": "그레고르",
      "content": "我才会感到恶心。"
    },
    {
      "id": 12,
      "teller": "善良的公民",
      "title": "回忆中的人",
      "content": "先生，您还好吗？"
    },
    {
      "id": 13,
      "place": "烟霾战争 中部战线",
      "model": "로쟈",
      "content": "小老弟，你怎么了？你看起来脸色很差。"
    },
    {
      "id": 14,
      "model": "그레고르",
      "content": "我刚在……地铁上吗？"
    },
    {
      "id": 15,
      "model": "히스클리프",
      "content": "你在胡扯什么呢？"
    },
    {
      "id": 16,
      "model": "로쟈",
      "content": "格雷格，我们还在战场。"
    },
    {
      "id": 17,
      "content": "格里高尔习惯性的用颤抖的手摸向了口袋，想要取出香烟，但很快就停下了。"
    },
    {
      "id": 18,
      "content": "他明白了，我也一样。"
    },
    {
      "id": 19,
      "content": "看起来所有罪人也都意识到了。"
    },
    {
      "id": 20,
      "model": "단테",
      "content": " <托玛随时都有可能抓着我们并给予警告……>  "
    },
    {
      "id": 21,
      "teller": "托玛",
      "title": "记忆中的士兵",
      "content": "您是—— "
    },
    {
      "id": 22,
      "model": "로쟈",
      "content": "托玛先生，我已经厌倦这句台词了，我只说一遍：我们没发疯，老化炸弹也不会伤到我们。"
    },
    {
      "id": 23,
      "teller": "托玛",
      "title": "记忆中的士兵",
      "content": "……不。"
    },
    {
      "id": 24,
      "content": "他并没有再解释，而是指向了天空。"
    },
    {
      "id": 25,
      "teller": "托玛",
      "title": "记忆中的士兵",
      "content": "帮帮我。"
    },
    {
      "id": 26,
      "teller": "托玛",
      "title": "记忆中的士兵",
      "content": "我不想死—— "
    },
    {
      "id": 27,
      "content": "托玛在我们眼前被压成了一坨肉酱。"
    },
    {
      "id": 28,
      "content": "这种时候，能说的只有一句话 。"
    },
    {
      "id": 29,
      "model": "단테",
      "content": "<跑，快跑！>"
    },
    {
      "id": 30,
      "model": "오티스",
      "content": "全员！撤退！"
    },
    {
      "id": 31,
      "content": "我们拼了命的奔跑，但天上的那只大手却紧追不舍，丝毫没有放弃的意思。"
    },
    {
      "id": 32,
      "model": "히스클리프",
      "content": "我们会被压成肉饼的！快想点办法，小天才？"
    },
    {
      "id": 33,
      "model": "파우스트",
      "content": "……我听到了。但是由内心呈现的世界变数太多，我没法快速做出决定……"
    },
    {
      "id": 34,
      "model": "돈키호테",
      "content": "没什么可犹豫的！真正的英雄不会向任何苦难屈服！"
    },
    {
      "id": 35,
      "model": "로쟈",
      "content": "额……我可不想让我的身体变得和表盘一样扁。"
    },
    {
      "id": 36,
      "model": "로쟈",
      "content": "哦！抱歉，但丁~我没有那个意思！"
    },
    {
      "id": 37,
      "content": "本来还想怼回去的……"
    },
    {
      "id": 38,
      "content": "但我觉得闭上嘴，让大家集中精力跑开才是上策。"
    },
    {
      "id": 39,
      "content": "\n　"
    },
    {
      "id": 40,
      "model": "히스클리프",
      "content": "还没想好吗？啊？“无所不知”的那位？"
    },
    {
      "id": 41,
      "model": "파우스트",
      "content": "如果只是眼下的解决办法的话，我确实想到了一个对策。"
    },
    {
      "id": 42,
      "model": "파우스트",
      "content": "唯一可以确定的是，金枝一定不在附近，否则但丁先生一定会有很强的反应。"
    },
    {
      "id": 43,
      "model": "단테",
      "content": "<我？> "
    },
    {
      "id": 44,
      "model": "히스클리프",
      "content": "你在开玩笑吗？这就是你的对策？"
    },
    {
      "id": 45,
      "content": "希斯克利夫皱着眉，似乎还想说些什么……"
    },
    {
      "id": 46,
      "content": "但看到以毫厘之差掠过的巨大手掌，他只好加快速度，把话憋了回去。"
    },
    {
      "id": 47
    },
    {
      "id": 48,
      "model": "유리",
      "teller": "尤莉",
      "title": "8阶收尾人",
      "content": "……格里高尔？"
    },
    {
      "id": 49,
      "model": "히스클리프",
      "content": "啥？喂，怎么突然停下了？"
    },
    {
      "id": 50,
      "model": "그레고르",
      "content": "我知道了……"
    },
    {
      "id": 51,
      "model": "그레고르",
      "content": "如果这个世界源自我的思想……"
    },
    {
      "id": 52,
      "content": "格里高尔深吸了一口气，望向天空。"
    },
    {
      "id": 53,
      "model": "그레고르",
      "content": "那我们就不应该逃避那只手。"
    },
    {
      "id": 54,
      "model": "히스클리프",
      "content": "……你精神错乱了吗？喂！"
    },
    {
      "id": 55,
      "model": "파우스트",
      "content": "格里高尔，你确定吗?"
    },
    {
      "id": 56,
      "model": "그레고르",
      "content": "我从来没有依我自己的意志活过……"
    },
    {
      "id": 57,
      "model": "그레고르",
      "content": "所以在我的意识世界里，反抗也是是毫无意义的。"
    },
    {
      "id": 58,
      "model": "그레고르",
      "content": "那么……停止抵抗或许才是答案。"
    },
    {
      "id": 59,
      "model": "히스클리프",
      "content": "……你认真的？"
    },
    {
      "id": 60,
      "model": "이스마엘",
      "content": "没有别的办法了，我们已经精疲力竭了。"
    },
    {
      "id": 61,
      "model": "그레고르",
      "content": "另外……指甲上的涂色……"
    },
    {
      "id": 62,
      "model": "그레고르",
      "content": "那种指甲油可并不常见。"
    },
    {
      "id": 63,
      "model": "그레고르",
      "content": "如果这只手是属于我想的那个人的话，她应该不会再追我们了。"
    },
    {
      "id": 64,
      "model": "그레고르",
      "content": "浮士德小姐……你说这世界是我的心路，对吗？"
    },
    {
      "id": 65,
      "model": "그레고르",
      "content": " 那就不会有错。"
    },
    {
      "id": 66,
      "model": "그레고르",
      "content": "这条路就快到死胡同了。"
    },
    {
      "id": 67,
      "model": "그레고르",
      "content": " 无论是噩梦还是这条路，我从未逃离她的掌控。"
    },
    {
      "id": 68,
      "content": "格里高尔说的是谁，另外他说的“噩梦”又是什么？"
    },
    {
      "id": 69,
      "content": "我很想这么问他……"
    },
    {
      "id": 70,
      "model": "히스클리프",
      "content": "唉，那就这样吧。"
    },
    {
      "id": 71,
      "content": "没过多久，阴影笼罩了我们，巨大的手掌向我们袭来。"
    },
    {
      "id": 72,
      "content": "就在快要砸到我们时，它却仅仅将我们抓了起来。"
    },
    {
      "id": 73,
      "content": "眼前陷入一片漆黑。"
    },
    {
      "id": 74,
      "content": "感觉被举到了空中，我头晕目眩。"
    },
    {
      "id": 75,
      "model": "싱클레어",
      "content": "呃啊……"
    },
    {
      "id": 76,
      "content": "大家都晕头转向，只有我和浮士德勉强稳住身形。"
    },
    {
      "id": 77,
      "content": "眼前的战场变成了熟悉的地方。"
    }
  ]
}