{
  "dataList": [
    {
      "id": 0,
      "place": "沉眠着邻里的冰霜城堡",
      "content": "呈现在我们眼前的是一座巨大的冰之城堡，与看上去坚不可摧的冰块。"
    },
    {
      "id": 1,
      "content": "然后就在那里，"
    },
    {
      "id": 2,
      "content": "一个有着冰一样透明头发的人在等着我们。"
    },
    {
      "id": 3,
      "model": "소냐",
      "teller": "索尼亚",
      "title": "圣愚",
      "content": "我常常会在思绪混乱的时候来这里。虽说没有你喜欢的安乐椅和威士忌……"
    },
    {
      "id": 4,
      "model": "소냐",
      "teller": "索尼亚",
      "title": "圣愚",
      "content": "在这里，即使外套穿得再严实，寒冷也会透彻入骨。这让我的思想变得更加清楚。"
    },
    {
      "id": 5,
      "content": "我们像是被寒气冻结了一样凝视着他，而罗佳慢慢地走到他的面前。"
    },
    {
      "id": 6,
      "model": "로쟈",
      "content": "没想到你先来了。"
    },
    {
      "id": 7,
      "model": "소냐",
      "teller": "索尼亚",
      "title": "圣愚",
      "content": "我和队员们早就知道这里有捷径可走。"
    },
    {
      "id": 8,
      "model": "소냐",
      "teller": "索尼亚",
      "title": "圣愚",
      "content": "是走了这个地区的后门才得到的情报。这一切都是为了找到埋藏与此的巨大力量，来实现我们的伟大理想。"
    },
    {
      "id": 9,
      "model": "소냐",
      "teller": "索尼亚",
      "title": "圣愚",
      "content": "虽说如此，这里……也只是接近金枝所在的位置，之后的路我们也没有头绪了。"
    },
    {
      "id": 10,
      "model": "로쟈",
      "content": "我本以为你会一直窝在25区，但看到你现在甚至干着犯罪团伙一样的勾当——我就觉得，你要是永远闭门不出该多好。"
    },
    {
      "id": 11,
      "model": "로쟈",
      "content": "索尼亚。拜你所赐，连那些无辜小贩们的钱也全都被抢走了。"
    },
    {
      "id": 12,
      "model": "소냐",
      "teller": "索尼亚",
      "title": "圣愚",
      "content": "……你知道吗，罗佳？这里本来只是个生了很多冰，有点奇怪的地方而已。"
    },
    {
      "id": 13,
      "model": "소냐",
      "teller": "索尼亚",
      "title": "圣愚",
      "content": "但是看看这个。现在这里变成了巨大的城堡，被坚硬的冰柱所覆盖。"
    },
    {
      "id": 14,
      "model": "소냐",
      "teller": "索尼亚",
      "title": "圣愚",
      "content": "从你刚刚迈入这里的瞬间开始。"
    },
    {
      "id": 15,
      "model": "로쟈",
      "content": "……那口气简直就像知道我来了就会改变一样。你怎么知道的？"
    },
    {
      "id": 16,
      "model": "소냐",
      "teller": "索尼亚",
      "title": "圣愚",
      "content": "信息的来源有很多…但你没必要知道，罗佳。"
    },
    {
      "id": 17,
      "model": "로쟈",
      "content": "可话说回来，你凭什么能断言这是我的原因呢？我可不是什么在后巷到处闲逛的巫师。"
    },
    {
      "id": 18,
      "model": "소냐",
      "teller": "索尼亚",
      "title": "圣愚",
      "content": "没什么难的。只是看看他们在冰中沉眠的的脸就能明白。"
    },
    {
      "id": 19,
      "model": "소냐",
      "teller": "索尼亚",
      "title": "圣愚",
      "content": "瞧瞧吧。这些不正是你爱着的，但同时在心底里俯视着的那些人的脸吗？"
    },
    {
      "id": 20,
      "teller": "缺德的掠夺税金者",
      "title": "25区",
      "content": "25万眼。"
    },
    {
      "id": 21,
      "teller": "居民",
      "title": "25区",
      "content": "这个就只值那么一点点吗?不可能啊……"
    },
    {
      "id": 22,
      "teller": "缺德的掠夺税金者",
      "title": "25区",
      "content": "怎么不可能？这太旧了，伤痕又多，又没有光泽。"
    },
    {
      "id": 23,
      "teller": "缺德的掠夺税金者",
      "title": "25区",
      "content": "说实话，放别的地方连20万都不会出。"
    },
    {
      "id": 24,
      "teller": "缺德的掠夺税金者",
      "title": "25区",
      "content": "剩下的……全是没用的垃圾。"
    },
    {
      "id": 25,
      "teller": "缺德的掠夺税金者",
      "title": "25区",
      "content": "这样该交的税金总共是40万眼。"
    },
    {
      "id": 26,
      "model": "로쟈",
      "content": "为什么那些穷苦的人，越是努力，就越是身无分文呢？"
    },
    {
      "id": 27,
      "model": "로쟈",
      "content": "真是太可笑了。当铺老板的保险柜里钱越积越多，"
    },
    {
      "id": 28,
      "model": "로쟈",
      "content": "而我的邻居们连思考都被放在天平上，被当作物品一样估价。"
    },
    {
      "id": 29,
      "model": "로쟈",
      "content": "索尼亚总是在用那些深奥的语言，把人们聚集在一起。"
    },
    {
      "id": 30,
      "model": "로쟈",
      "content": "他们建立了名为“圣愚”的组织。"
    },
    {
      "id": 31,
      "model": "로쟈",
      "content": "一开始还好。就连脑子最不清醒的家伙也被索尼亚的话迷住了，开始帮助后巷里的穷人。"
    },
    {
      "id": 32,
      "model": "로쟈",
      "content": "但是，索尼亚露出了有什么还不足够的表情。"
    },
    {
      "id": 33,
      "model": "로쟈",
      "content": "结果，圣愚再也不在外面帮助别人，而是变成了只在书桌上，热衷于苦恼如何改变后巷和巢的集体。"
    },
    {
      "id": 34,
      "model": "로쟈",
      "content": "所以我决定离开他们。"
    },
    {
      "id": 35,
      "model": "로쟈",
      "content": "因为只靠纸上谈兵，不能让饿肚子的邻居得到食物！"
    },
    {
      "id": 36,
      "model": "소냐",
      "teller": "索尼亚",
      "title": "圣愚",
      "content": "但是我已经说过很多次了吧，罗佳。我们应该等待时机。"
    },
    {
      "id": 37,
      "model": "로쟈",
      "content": "索尼亚，不好意思，但那个“时机”……"
    },
    {
      "id": 38,
      "model": "로쟈",
      "content": "在圣愚里最小的孩子……小伊凡捡起剩菜剩饭吃，"
    },
    {
      "id": 39,
      "model": "로쟈",
      "content": "气道堵塞死了之后，也没有到来。"
    },
    {
      "id": 40,
      "model": "소냐",
      "teller": "索尼亚",
      "title": "圣愚",
      "content": "为了大事，更大的力量和更详细的政策是必要的。都是为了实现财富的再分配。"
    },
    {
      "id": 41,
      "model": "소냐",
      "teller": "索尼亚",
      "title": "圣愚",
      "content": "并且朝着那样的方向前进的时候，个人层次的小小噪音也是不可避免的。"
    },
    {
      "id": 42,
      "model": "로쟈",
      "content": "个人层次？我们本来就是为了帮助每一个人才开始努力的吧！"
    },
    {
      "id": 43,
      "model": "로쟈",
      "content": "你所做的，与圣愚所做的，和我所希望的方向不符。"
    },
    {
      "id": 44,
      "model": "소냐",
      "teller": "索尼亚",
      "title": "圣愚",
      "content": "所以决心直接出手吗？"
    },
    {
      "id": 45,
      "model": "로쟈",
      "content": "当然。我们的城镇需要的……"
    },
    {
      "id": 46,
      "model": "로쟈",
      "content": "不是放手等待那个不知道何时到来的时刻，"
    },
    {
      "id": 47,
      "model": "로쟈",
      "content": "而是能毫不犹豫地抓住摆在眼前的斧头的人。"
    },
    {
      "id": 48,
      "model": "로쟈",
      "content": "那天，大多数邻居都应该饿了整整四天了。"
    },
    {
      "id": 49,
      "model": "로쟈",
      "content": "即便如此，风还是毫不留情地尖啸着，毫不留情地刮着饥饿的人们裂开的皮肤。"
    },
    {
      "id": 50,
      "model": "로쟈",
      "content": "而我知道有一个存了一大笔钱的保险箱，能请邻居们吃上三天三夜，也不会看出钱少了多少。"
    },
    {
      "id": 51,
      "model": "소냐",
      "teller": "索尼亚",
      "title": "圣愚",
      "content": "那么，你怎么做了？"
    },
    {
      "id": 52,
      "model": "로쟈",
      "content": "……等等。我不能就此结束吗？"
    },
    {
      "id": 53,
      "model": "소냐",
      "teller": "索尼亚",
      "title": "圣愚",
      "content": "这里是在金枝的共鸣之下，为你而生的一种告解室。"
    },
    {
      "id": 54,
      "model": "소냐",
      "teller": "索尼亚",
      "title": "圣愚",
      "content": "而告解室是为了罪人的忏悔而诞生的地方。"
    },
    {
      "id": 55,
      "teller": "缺德的掠夺税金者",
      "title": "25区",
      "content": "……………………"
    },
    {
      "id": 56,
      "model": "로쟈",
      "content": "如果那个老女人最后能洗心革面的话……"
    },
    {
      "id": 57,
      "model": "소냐",
      "teller": "索尼亚",
      "title": "圣愚",
      "content": "但是罗佳……"
    },
    {
      "id": 58,
      "model": "소냐",
      "teller": "索尼亚",
      "title": "圣愚",
      "content": "一个一辈子都在对邻居进行掠夺的老婆婆，"
    },
    {
      "id": 59,
      "model": "소냐",
      "teller": "索尼亚",
      "title": "圣愚",
      "content": "并不会突然成为包容一切，拿出自己钱的好人，这点你应该知道吧。"
    },
    {
      "id": 60,
      "model": "소냐",
      "teller": "索尼亚",
      "title": "圣愚",
      "content": "知道的话，你也不会从边上拿起斧头什么的上前去吧。"
    },
    {
      "id": 61,
      "teller": " 缺德的掠夺税金者",
      "title": "25区",
      "content": "可怜的罗佳，你或许是误会了自己也能成为很棒的救世主……"
    },
    {
      "id": 62,
      "teller": " 缺德的掠夺税金者",
      "title": "25区",
      "content": "但即使那样堂堂正正地拿走我的钱，也不会改变什么的。"
    },
    {
      "id": 63,
      "teller": " 缺德的掠夺税金者",
      "title": "25区",
      "content": "你们也和那些后巷里的乞丐没什么两样，不过是蛀虫罢了。"
    },
    {
      "id": 64,
      "model": "로쟈",
      "content": "对。"
    },
    {
      "id": 65,
      "model": "로쟈",
      "content": "劈开她的脑袋的是我。"
    },
    {
      "id": 66,
      "model": "로쟈",
      "content": "像剖开金鹅的肚子一样，把阿廖娜的头盖骨漂亮地打碎了。"
    },
    {
      "id": 67,
      "model": "로쟈",
      "content": "毕竟这是必须有人做的事情。是吧? "
    },
    {
      "id": 68,
      "model": "로쟈",
      "content": "金鹅不过是一个蠢蛋因为欲望而断送机会的寓言故事，"
    },
    {
      "id": 69,
      "model": "로쟈",
      "content": "可我们却是一群可怜的人，饿得连吃掉她的大脑都无法释怀。"
    },
    {
      "id": 70,
      "model": "로쟈",
      "content": "何况在它的肚子里，确实塞满了金蛋。"
    },
    {
      "id": 71,
      "model": "소냐",
      "teller": "索尼亚",
      "title": "圣愚",
      "content": "对，那个老婆婆是在25区拥有很大权力的收税人。"
    },
    {
      "id": 72,
      "model": "소냐",
      "teller": "索尼亚",
      "title": "圣愚",
      "content": "但是之所以她能那么大摇大摆地走下去……是因为她的弟弟是“中指”的成员。"
    },
    {
      "id": 73,
      "model": "로쟈",
      "content": "我…为了救即将饿死的邻居挥下斧头。这有错吗？"
    },
    {
      "id": 74,
      "model": "소냐",
      "teller": "索尼亚",
      "title": "圣愚",
      "content": "不，你是为了自己而挥下的。"
    },
    {
      "id": 75,
      "model": "소냐",
      "teller": "索尼亚",
      "title": "圣愚",
      "content": "你只是没能忍受，自己不过是平凡的人这个事实。"
    },
    {
      "id": 76,
      "model": "소냐",
      "teller": "索尼亚",
      "title": "圣愚",
      "content": "你知道吗？中指呢……绝不会忘记对自己的家人出手的那些家伙。"
    },
    {
      "id": 77,
      "model": "소냐",
      "teller": "索尼亚",
      "title": "圣愚",
      "content": "对他们来说，“谁”做的不重要，对自己人动手的话“会变成怎样”更重要。"
    },
    {
      "id": 78,
      "model": "소냐",
      "teller": "索尼亚",
      "title": "圣愚",
      "content": "第一次咀嚼着上等肉的，喜悦的后巷居民，就这样变成了尸体，像塔一样堆积起来。"
    },
    {
      "id": 79,
      "model": "소냐",
      "teller": "索尼亚",
      "title": "圣愚",
      "content": "就像赌场外面堆的那座车塔一样。"
    },
    {
      "id": 80,
      "model": "소냐",
      "teller": "索尼亚",
      "title": "圣愚",
      "content": "我知道你从那天以来，度过了多么痛苦的，被罪恶感折磨的日子。"
    },
    {
      "id": 81,
      "model": "소냐",
      "teller": "索尼亚",
      "title": "圣愚",
      "content": "意识到了自己和那个愚蠢的农夫其实没什么区别。"
    },
    {
      "id": 82,
      "model": "로쟈",
      "content": "从那天起……我再也感觉不到任何东西，完全的属于自己了。"
    },
    {
      "id": 83,
      "model": "로쟈",
      "content": "全都怪我……"
    },
    {
      "id": 84,
      "model": "소냐",
      "teller": "索尼亚",
      "title": "圣愚",
      "content": "没关系的，罗佳。"
    },
    {
      "id": 85,
      "model": "소냐",
      "teller": "索尼亚",
      "title": "圣愚",
      "content": "罗佳，如你所见。"
    },
    {
      "id": 86,
      "model": "소냐",
      "teller": "索尼亚",
      "title": "圣愚",
      "content": "为了改变世界，我寻找了数千本书，数万份文件……"
    },
    {
      "id": 87,
      "model": "소냐",
      "teller": "索尼亚",
      "title": "圣愚",
      "content": "也在都市的各处遇见了各种各样的人。"
    },
    {
      "id": 88,
      "model": "소냐",
      "teller": "索尼亚",
      "title": "圣愚",
      "content": "描绘着一个摆脱了统治阶级的剥削者，被压迫者们终于能得到真正的解放的世界。"
    },
    {
      "id": 89,
      "model": "소냐",
      "teller": "索尼亚",
      "title": "圣愚",
      "content": "都是为了创造那个世界。"
    },
    {
      "id": 90,
      "model": "소냐",
      "teller": "索尼亚",
      "title": "圣愚",
      "content": "但是，答案并不是“改变”。已经写错的那一页是永远也回不去的。"
    },
    {
      "id": 91,
      "model": "소냐",
      "teller": "索尼亚",
      "title": "圣愚",
      "content": "好好看看。这就是你和我所能达到的世界。"
    },
    {
      "id": 92,
      "model": "소냐",
      "teller": "索尼亚",
      "title": "圣愚",
      "content": "通过与你共鸣的金枝来产生的……那样的世界。"
    },
    {
      "id": 93,
      "model": "소냐",
      "teller": "索尼亚",
      "title": "圣愚",
      "content": "这片土地上没有一个人饿肚子。"
    },
    {
      "id": 94,
      "model": "소냐",
      "teller": "索尼亚",
      "title": "圣愚",
      "content": "任何人都有权利追求精神上和知识上的快乐。"
    },
    {
      "id": 95,
      "model": "소냐",
      "teller": "索尼亚",
      "title": "圣愚",
      "content": "……如果和我一起的话，我会把那个世界送给你。"
    },
    {
      "id": 96,
      "model": "소냐",
      "teller": "索尼亚",
      "title": "圣愚",
      "content": "就好像从一开始什么都没有发生一样。"
    },
    {
      "id": 97,
      "model": "로쟈",
      "content": "啊。"
    },
    {
      "id": 98,
      "model": "로쟈",
      "content": "谁能理解呢？"
    },
    {
      "id": 99,
      "model": "로쟈",
      "content": "即便只是短短一瞬，感受到的那个世界也如梦般美好。"
    },
    {
      "id": 100,
      "model": "로쟈",
      "content": "即便只是转瞬即逝，也丝毫不想忘记那个瞬间。"
    },
    {
      "id": 101,
      "model": "로쟈",
      "content": "若这是梦，我宁愿自己成为梦的一部分，这样便不用再醒来。"
    },
    {
      "id": 102,
      "model": "로쟈",
      "content": "尽管如此……"
    },
    {
      "id": 103,
      "model": "로쟈",
      "content": "抱歉，尽管如此我还是拒绝。"
    },
    {
      "id": 104,
      "model": "로쟈",
      "content": "为什么呢……"
    },
    {
      "id": 105,
      "model": "로쟈",
      "content": "我还不想变得暖起来。一定要在这寒冷的天气里再抖一抖才行啊。"
    },
    {
      "id": 106,
      "model": "로쟈",
      "content": "什么时候才能变暖呢，我想，在寻找到那个答案之前还得待在这里。"
    },
    {
      "id": 107,
      "model": "로쟈",
      "content": "然后索尼亚……"
    },
    {
      "id": 108,
      "model": "로쟈",
      "content": "你一开始就知道我忍受不了，会想要去收拾阿廖娜，对吧？"
    },
    {
      "id": 109,
      "model": "소냐",
      "teller": "索尼亚",
      "title": "圣愚",
      "content": "……"
    },
    {
      "id": 110,
      "model": "소냐",
      "teller": "索尼亚",
      "title": "圣愚",
      "content": "罗佳，你还很难理解吧，你没有标志。"
    },
    {
      "id": 111,
      "model": "소냐",
      "teller": "索尼亚",
      "title": "圣愚",
      "content": "我一直期待着你会有，不过，反而从你的朋友们身上看到些许呢。"
    },
    {
      "id": 112,
      "model": "로쟈",
      "content": "标志？什么意思……"
    },
    {
      "id": 113,
      "model": "소냐",
      "teller": "索尼亚",
      "title": "圣愚",
      "content": "而且你连标志都看不见。也就是说……这意味着你没有力量去领导别人。"
    },
    {
      "id": 114,
      "model": "소냐",
      "teller": "索尼亚",
      "title": "圣愚",
      "content": "但是我不一样。所以为了更好的世界……"
    },
    {
      "id": 115,
      "model": "로쟈",
      "content": "是是。你在堆满书的桌子前也说过类似的话。"
    },
    {
      "id": 116,
      "model": "로쟈",
      "content": "……所以我和你不是一路人。"
    },
    {
      "id": 117,
      "model": "로쟈",
      "content": "因为书桌上所说的空话，果然还是不能填饱邻居们的肚子。"
    },
    {
      "id": 118,
      "model": "로쟈",
      "content": "何况你也明白的吧……"
    },
    {
      "id": 119,
      "model": "로쟈",
      "content": "像我这样的混蛋又怎么会向别人低头呢？啊哈哈！"
    },
    {
      "id": 120,
      "model": "소냐",
      "teller": "索尼亚",
      "title": "圣愚",
      "content": "……"
    },
    {
      "id": 121,
      "model": "소냐",
      "teller": "索尼亚",
      "title": "圣愚",
      "content": "金枝就在那座城堡里，罗佳。"
    },
    {
      "id": 122,
      "model": "소냐",
      "teller": "索尼亚",
      "title": "圣愚",
      "content": "愿你平安找到你想要的东西。"
    },
    {
      "id": 123,
      "content": "就这样我们从索尼亚身边经过，走进了他所指的冰之城堡。"
    }
  ]
}