{
  "dataList": [
    {
      "id": 0,
      "place": "赌场地下矿山 1层",
      "model": "그레고르",
      "content": "啧，先是警卫后是大罪……有点棘手啊……"
    },
    {
      "id": 1,
      "model": "로쟈",
      "content": "就没什么好主意吗，格雷格？反正你以前作为战斗精英都是拼搏在第一线，现在处理这事肯定是绰绰有余。"
    },
    {
      "id": 2,
      "model": "그레고르",
      "content": "现在说这个干什……喂，别推我！"
    },
    {
      "id": 3,
      "content": "被罗佳推了一把的格里高尔，孤身一人跌出掩体，踉踉跄跄地向前走了几步……"
    },
    {
      "id": 4,
      "content": "……随后，他就撞上了一名忙于挖矿的奴隶。"
    },
    {
      "id": 5,
      "model": "노예",
      "teller": "负债累累的人质",
      "title": "J公司 赌场",
      "content": "……？"
    },
    {
      "id": 6,
      "model": "그레고르",
      "content": "……"
    },
    {
      "id": 7,
      "content": "两人顿时陷入到一阵尴尬的沉默当中。"
    },
    {
      "id": 8,
      "model": "그레고르",
      "content": "嘿……嘿，现在的状况似乎对我们两个来说都不怎么样啊。咱们要不各退一步，当做什么都没发生？"
    },
    {
      "id": 9,
      "model": "노예",
      "teller": "负债累累的人质",
      "title": "J公司 赌场",
      "content": "……"
    },
    {
      "id": 10,
      "model": "그레고르",
      "content": "我们不是冲着金库里的钱来的。"
    },
    {
      "id": 11,
      "model": "그레고르",
      "content": "当然钱要是送上门来，我们也不会拒绝……扯远了，我们只是想往下一层走而已。"
    },
    {
      "id": 12,
      "model": "그레고르",
      "content": "我们不是冲着惹麻烦来的，你就睁一只眼闭一只眼，让我们过去怎么样？"
    },
    {
      "id": 13,
      "model": "노예",
      "teller": "负债累累的人质",
      "title": "J公司 赌场",
      "content": "四……四……"
    },
    {
      "id": 14,
      "model": "노예",
      "teller": "负债累累的人质",
      "title": "J公司 赌场",
      "content": "四千七百九十二万……"
    },
    {
      "id": 15,
      "model": "노예",
      "teller": "负债累累的人质",
      "title": "J公司 赌场",
      "content": "四千七百九十一万……四千七百九十……"
    },
    {
      "id": 16,
      "model": "료슈",
      "content": "再不说人话，我就把你余・指・尽・折。"
    },
    {
      "id": 17,
      "content": "说出让人听不懂的话后，良秀的耐心便开始以肉眼可见的速度消退，不多时，她就紧紧握住了刀鞘。"
    },
    {
      "id": 18,
      "model": "싱클레어",
      "content": "我想她的意思大概是，要用刀把那个人“余下的手指尽数压断”……"
    },
    {
      "id": 19,
      "model": "단테",
      "content": "<缩略到那种程度还能懂，我觉得还是你更恐怖一点。>"
    },
    {
      "id": 20,
      "model": "노예",
      "teller": "负债累累的人质",
      "title": "J公司 赌场",
      "content": "必须要还……"
    },
    {
      "id": 21,
      "model": "노예",
      "teller": "负债累累的人质",
      "title": "J公司 赌场",
      "content": "只有还清债……才能回到家人身边……"
    },
    {
      "id": 22,
      "model": "노예",
      "teller": "负债累累的人质",
      "title": "J公司 赌场",
      "content": "挥一下锄就能还1眼……四千七百……多少了……来着……你们！别和我说话！我必须好好数数……"
    },
    {
      "id": 23,
      "model": "각잡힌카지노경호원",
      "teller": "穿戴整齐的警卫",
      "title": "J公司 赌场",
      "content": "喂那边，吵吵嚷嚷干什么呢？"
    },
    {
      "id": 24,
      "model": "그레고르",
      "content": "哎呀……"
    },
    {
      "id": 25,
      "content": "走投无路的格里高尔突然大声怪叫起来。"
    },
    {
      "id": 26,
      "model": "그레고르",
      "content": "我们……我们不愿再继续被奴役！"
    },
    {
      "id": 27,
      "model": "그레고르",
      "content": "他们的暴行……简直是……令人发指！不仅把我们囚禁在这里，还逼迫我们不断劳动！"
    },
    {
      "id": 28,
      "model": "그레고르",
      "content": "来吧诸位……来跟我一起反抗……打倒这些压迫者吧！上啊，唔噢噢噢噢！！"
    },
    {
      "id": 29,
      "model": "단테",
      "content": "<……>"
    },
    {
      "id": 30,
      "model": "노예",
      "teller": "负债累累的人质",
      "content": "……"
    },
    {
      "id": 31,
      "model": "각잡힌카지노경호원",
      "teller": "穿戴整齐的警卫",
      "title": "J公司 赌场",
      "content": "……"
    },
    {
      "id": 32,
      "model": "히스클리프",
      "content": "这人在搞什么？"
    },
    {
      "id": 33,
      "model": "뫼르소",
      "content": "政治宣传。可惜没什么效果。"
    },
    {
      "id": 34,
      "model": "로쟈",
      "content": "格雷格……那些人啊……一直都过着虫子一样的生活，不是吃掉弱者，就是被强者吃掉。"
    },
    {
      "id": 35,
      "model": "로쟈",
      "content": "你不会是觉得只用这种半吊子的演讲，就能唤醒他们的革命精神吧？"
    },
    {
      "id": 36,
      "model": "오티스",
      "content": "……下次进行煽动作战之前，记得事先磨炼自己的演技。"
    },
    {
      "id": 37,
      "model": "로쟈",
      "content": "格雷格……你是这辈子都没演过戏吗？"
    },
    {
      "id": 38,
      "model": "그레고르",
      "content": "别说了，我自己也知道丢脸……"
    },
    {
      "id": 39,
      "content": "格里高尔拙劣到一塌糊涂的演技，恐怕连警卫都无法忍受。"
    },
    {
      "id": 40,
      "content": "要不然，他也不会“啪”地一下把紧闭着的铁笼给打开了。"
    }
  ]
}