{
  "dataList": [
    {
      "id": 0,
      "place": "赌场地下矿山 2层",
      "model": "뫼르소",
      "content": "那个集装箱，通体都由色彩斑斓、形态各异且闪闪发光的塑料制成……"
    },
    {
      "id": 1,
      "model": "뫼르소",
      "content": "用料如此奇怪，很难将其与工厂里的普通设施联想在一起。"
    },
    {
      "id": 2,
      "content": "默尔索话音刚落，色彩斑斓到可怕的集装箱就一边放出欢乐的歌曲，一边运转起来。"
    },
    {
      "id": 3,
      "model": "싱클레어",
      "content": "我有种不详的预感……"
    },
    {
      "id": 4,
      "model": "싱클레어",
      "content": "为什么我们在这层连一个警卫都没见过？"
    },
    {
      "id": 5,
      "content": "刚“嗯……”出声来，我们就立即知道了答案。"
    },
    {
      "id": 6,
      "content": "停止运作的集装箱打开了门，而在那之中是……"
    },
    {
      "id": 7,
      "model": "너맞아볼래매우",
      "teller": "你，在讨打吗？",
      "title": "你变强了吗",
      "content": "啊、啊。"
    },
    {
      "id": 8,
      "model": "너맞아볼래매우",
      "teller": "你，在讨打吗？",
      "title": "你变强了吗",
      "content": "好开心！！！"
    },
    {
      "id": 9,
      "model": "너맞아볼래매우",
      "teller": "你，在讨打吗？",
      "title": "你变强了吗",
      "content": "啊~"
    },
    {
      "id": 10,
      "model": "너맞아볼래매우",
      "teller": "你，在讨打吗？",
      "title": "你变强了吗",
      "content": "好高兴！！！"
    },
    {
      "id": 11,
      "model": "너맞아볼래매우",
      "teller": "你，在讨打吗？",
      "title": "你变强了吗",
      "content": "死・亡・游・戏！"
    },
    {
      "id": 12,
      "model": "파우스트",
      "content": "……"
    },
    {
      "id": 13,
      "model": "너맞아볼래매우",
      "teller": "你，在讨打吗？",
      "title": "你变强了吗",
      "content": "嘶。"
    },
    {
      "id": 14,
      "model": "너맞아볼래매우",
      "teller": "你，在讨打吗？",
      "title": "你变强了吗",
      "content": "嘶！！"
    },
    {
      "id": 15,
      "model": "너맞아볼래매우",
      "teller": "你，在讨打吗？",
      "title": "你变强了吗",
      "content": "嘶！！！！嘶！！！！嘶！！！！"
    },
    {
      "id": 16,
      "model": "파우스트",
      "content": "嗯……看来从这个区域开始，挖掘工作就已经需要相较于之前几倍的劳动力了。"
    },
    {
      "id": 17,
      "model": "파우스트",
      "content": "除此之外，我也想不到其他需要生产大量改造人的理由了……"
    },
    {
      "id": 18,
      "model": "단테",
      "content": "<知道了，啊这，我们还是赶紧跑吧！那群家伙现在都开始朝着我们唱那首诡异的歌了！>"
    }
  ]
}