{
  "dataList": [
    {
      "id": 0,
      "place": "赌场地下矿山 3层",
      "model": "싱클레어",
      "content": "越是往下，空气就越是寒冷刺骨。"
    },
    {
      "id": 1,
      "model": "싱클레어",
      "content": "怎么周围的冰越来越多了……？"
    },
    {
      "id": 2,
      "model": "파우스트",
      "content": "根据推算，异常现象的频繁发生是一种“理想”的信号。"
    },
    {
      "id": 3,
      "model": "이상",
      "content": "在叫我吗？"
    },
    {
      "id": 4,
      "model": "이스마엘",
      "content": "……哈啊。真希望你不是有意在开玩笑，托你的福，我感觉更冷了。"
    },
    {
      "id": 5,
      "content": "暂且放下以实玛利的叹息，我开始思考起浮士德话语的含义。"
    },
    {
      "id": 6,
      "model": "단테",
      "content": "<……因为这同样也意味着我们离金枝越来越近……是这样吗？>"
    },
    {
      "id": 7,
      "content": "我觉得我这番话几乎称得上是标准答案了。 "
    },
    {
      "id": 8,
      "model": "파우스트",
      "content": "嗯，算是吧。"
    },
    {
      "id": 9,
      "content": "可在我听来，浮士德回答的声音却充满了苦涩。"
    }
  ]
}