{
  "dataList": [
    {
      "id": 0,
      "place": "冰之城 内部",
      "content": "轰！"
    },
    {
      "id": 1,
      "model": "단테",
      "content": "<什么……>"
    },
    {
      "id": 2,
      "content": "城堡毫不留情地摇晃起来，残骸开始从四处落下来。"
    },
    {
      "id": 3,
      "model": "단테",
      "content": "<这，这样下去……>"
    },
    {
      "id": 4,
      "content": "不吉利的想法，在脑海中闪过。"
    },
    {
      "id": 5,
      "content": "嘀嗒嘀嗒的声音，听起来就像是在计算我们所剩下的时间一样。"
    },
    {
      "id": 6,
      "model": "단테",
      "content": "<大……大家快逃！>"
    },
    {
      "id": 7,
      "place": "沉眠着邻里的冰霜城堡",
      "content": "我们慌忙逃出了城堡。"
    },
    {
      "id": 8,
      "model": "이스마엘",
      "content": "……没看错吧，这个?"
    },
    {
      "id": 9,
      "model": "이스마엘",
      "content": "不是城堡塌了，反而就像是……"
    },
    {
      "id": 10,
      "model": "파우스트",
      "content": "是的，它确实要起身了。"
    },
    {
      "id": 11,
      "model": "그레고르",
      "content": "别往后看！只管跑！"
    },
    {
      "id": 12,
      "model": "단테",
      "content": "<哈……哈……总之，虽然全力跑了……>"
    },
    {
      "id": 13,
      "model": "뫼르소",
      "content": "脚步声。不是人的。相当迟钝沉重。"
    },
    {
      "id": 14,
      "model": "이스마엘",
      "content": "……普通地说有非常大的东西追着不就行了吗！"
    },
    {
      "id": 15,
      "model": "뫼르소",
      "content": "也许那样还更好。"
    },
    {
      "id": 16,
      "model": "로쟈",
      "content": "但，但丁！总之工作算结束了，快从这里出去吧！行不行？"
    },
    {
      "id": 17,
      "model": "단테",
      "content": "<啊，等等！我之前以为只要向下深入就好，接下来怎么办还……>"
    },
    {
      "id": 18,
      "model": "로쟈",
      "content": "啊啊真是的！现在是说这种话的场合！？"
    },
    {
      "id": 19,
      "model": "그레고르",
      "content": "巴士……巴士在哪里?"
    },
    {
      "id": 20,
      "model": "히스클리프",
      "content": "废话就别在这扯了！总之先逃到对面去！"
    },
    {
      "id": 21,
      "model": "파우스트",
      "content": "这似乎是你第一次说出有逻辑的话，希斯克利夫。"
    },
    {
      "id": 22,
      "model": "히스클리프",
      "content": "……过会一定把你头打爆。"
    }
  ]
}