{
  "dataList": [
    {
      "id": 0,
      "place": "沉眠着邻里的冰霜城堡",
      "model": "이스마엘",
      "content": "出口在那边！"
    },
    {
      "id": 1,
      "model": "히스클리프",
      "content": "啊，这帮家伙真难缠。"
    },
    {
      "id": 2,
      "model": "단테",
      "content": "<在我们离开前得想个办法分散他们的注意力……>"
    },
    {
      "id": 3,
      "model": "료슈",
      "content": "反正你能让我们起死回生，为什么不把我们其中一个扔过去呢？"
    },
    {
      "id": 4,
      "model": "싱클레어",
      "content": "你为什么看着我这么说？！"
    },
    {
      "id": 5,
      "model": "단테",
      "content": "<……等等，看那儿……>"
    },
    {
      "id": 6,
      "model": "소냐",
      "teller": "索尼亚",
      "title": "圣愚",
      "content": "交给我吧。"
    },
    {
      "id": 7,
      "model": "로쟈",
      "content": "索尼亚？！你在搞什么名堂？"
    },
    {
      "id": 8,
      "model": "단테",
      "content": "<罗佳！这是什么话？我们现在有必要接受一切能得到的帮助！>"
    },
    {
      "id": 9,
      "model": "로쟈",
      "content": "我曾见过一些人提供无偿帮助，但他们通常别有用心。"
    },
    {
      "id": 10,
      "model": "소냐",
      "teller": "索尼亚",
      "title": "圣愚",
      "content": "……"
    },
    {
      "id": 11,
      "model": "소냐",
      "teller": "索尼亚",
      "title": "圣愚",
      "content": "就像那天你不由自主地挥动了自己的那把斧头一样。"
    },
    {
      "id": 12,
      "model": "소냐",
      "teller": "索尼亚",
      "title": "圣愚",
      "content": "我发现或许我也有种相似的……无法解释的冲动驱使着我。"
    },
    {
      "id": 13,
      "model": "소냐",
      "teller": "索尼亚",
      "title": "圣愚",
      "content": "但丁，我相信你们的组织也正在靠自己的力量努力创造一个更加美好的世界，对吗？"
    },
    {
      "id": 14,
      "model": "단테",
      "content": "<我……嗯？>"
    },
    {
      "id": 15,
      "content": "更美好的世界到底是什么样的呢？"
    },
    {
      "id": 16,
      "content": "我第一次觉察到，自己好像从来都没有问过边狱公司的目的是什么。"
    },
    {
      "id": 17,
      "content": "谢天谢地，我脑海中的想法没有被索尼亚察觉，他把我没有回应当作是肯定。"
    },
    {
      "id": 18,
      "model": "소냐",
      "teller": "索尼亚",
      "title": "圣愚",
      "content": "沉默有时能说明很多种情况，这次我就当它是积极的一面吧。"
    },
    {
      "id": 19,
      "model": "소냐",
      "teller": "索尼亚",
      "title": "圣愚",
      "content": "还有一件事……那孩子很快也会来找你的。"
    },
    {
      "id": 20,
      "model": "단테",
      "content": "<孩子？>"
    },
    {
      "id": 21,
      "model": "싱클레어",
      "content": "嗯？"
    },
    {
      "id": 22,
      "model": "싱클레어",
      "content": "啊……抱歉。我肯定是看错了。我觉得有一瞬间我看到他的额头上好像有什么东西。"
    },
    {
      "id": 23,
      "model": "소냐",
      "teller": "索尼亚",
      "title": "圣愚",
      "content": "是的，我是指那个给你留下深刻印象的男孩。我想，这应该会是一次感人的重聚吧。"
    },
    {
      "id": 24,
      "content": "索尼亚用下巴示意了一下后面的东西。"
    },
    {
      "id": 25,
      "content": "落下的冰块间闪烁着微弱的光，散发出了独特的光芒……"
    },
    {
      "id": 26,
      "model": "단테",
      "content": "<金枝……>"
    },
    {
      "id": 27
    },
    {
      "id": 28,
      "model": "소냐",
      "teller": "索尼亚",
      "title": "圣愚",
      "content": "不过，下次见面时别指望我还会有这种善意的冲动。"
    },
    {
      "id": 29,
      "model": "소냐",
      "teller": "索尼亚",
      "title": "圣愚",
      "content": "如果有一条通往众人繁荣的路清晰地展现在我的眼前，我会毫不犹豫的走向这条道路。"
    },
    {
      "id": 30,
      "content": "在索尼亚给我们留下了一条神秘讯息后，圣愚成员开始陆陆续续地现身。"
    },
    {
      "id": 31,
      "content": "好吧……这可能是个说出诸如：“我不会忘记你的！”之类的感人告别的好时机。"
    },
    {
      "id": 32,
      "content": "……然后我看到罗佳第一个冲向了出口。"
    },
    {
      "id": 33,
      "model": "이상",
      "content": "罗佳，你不担心吗？"
    },
    {
      "id": 34,
      "model": "로쟈",
      "content": "担心什么？"
    },
    {
      "id": 35,
      "model": "이상",
      "content": "尽管你们的理念不合，他仍是你的朋友。"
    },
    {
      "id": 36,
      "model": "로쟈",
      "content": "啊，他啊~嗯，他是个聪明人，所以我敢肯定，活下去之类的事情，他肯定能找到办法的。"
    },
    {
      "id": 37,
      "model": "이상",
      "content": "……这还真是一种理想的友谊形式。"
    },
    {
      "id": 38,
      "content": "一段时间后……"
    },
    {
      "id": 39,
      "content": "尽管我累极了，维吉里乌斯还是用他那凶狠的目光凝视着我，让我给他一个简短的关于我们今天经历的口头报告。"
    },
    {
      "id": 40,
      "place": "梅菲斯托费勒斯 内部",
      "model": "베르길리우스",
      "content": "……我明白了，这就是你的经历，不过，有一件事我不明白。"
    },
    {
      "id": 41,
      "model": "베르길리우스",
      "content": "这个人……索尼亚，是吧？他在最后时刻的行为似乎与他告诉你的信念相悖。"
    },
    {
      "id": 42,
      "model": "베르길리우스",
      "content": "所以说我们应该仔细审视他的真实意图……"
    },
    {
      "id": 43,
      "model": "로쟈",
      "content": "嘿，等等，等等！！！"
    },
    {
      "id": 44,
      "model": "로쟈",
      "content": "先是李箱，然后现在又是你？为什么每个人都比我还关心索尼亚？起码我们已经得到了金枝了。"
    },
    {
      "id": 45,
      "model": "로쟈",
      "content": "顺带一提……大伙来看看这个吧~"
    },
    {
      "id": 46,
      "content": "罗佳从口袋里撒出一堆五颜六色的赌博筹码。"
    },
    {
      "id": 47,
      "model": "로쟈",
      "content": "我们可以用这些宝贝在任何一家赌场换取现金，所以我们应该顺道拜访一家才是。"
    },
    {
      "id": 48,
      "model": "로쟈",
      "content": "我是趁着我们经理的头奖让地上琳琅满目时，把它们收集起来的。"
    },
    {
      "id": 49,
      "model": "단테",
      "content": "<在一片混乱中你还想着夺走那些东西，实在让我印象深刻。>"
    },
    {
      "id": 50,
      "model": "로쟈",
      "content": "怎样，维吉？ 你觉得来块优质多汁的里脊牛排来庆祝我们今天的大获全胜如何？"
    },
    {
      "id": 51,
      "model": "베르길리우스",
      "content": "……你怎么想，卡戎？"
    },
    {
      "id": 52,
      "model": "카론",
      "content": "……呣。"
    },
    {
      "id": 53,
      "model": "카론",
      "content": "看来梅菲也想要，新鲜、多汁的肉。"
    },
    {
      "id": 54,
      "model": "그레고르",
      "content": "额，这么多可以提起的人你偏偏……"
    },
    {
      "id": 55,
      "model": "베르길리우스",
      "content": "行。那么，我会让罗佳给我们选一家位于10区的餐厅。"
    },
    {
      "id": 56,
      "model": "카론",
      "content": "好的。布隆布隆。"
    },
    {
      "id": 57,
      "model": "로쟈",
      "content": "也稍微近点人情了嘛，维吉。"
    },
    {
      "id": 58,
      "model": "로쟈",
      "content": "经历了这么多以后……"
    },
    {
      "id": 59,
      "content": "在她的笑容之下，罗佳的眼睛因悲伤而颤抖，但她很快就好像什么也没发生过似的，用一种愉快的伪装掩饰了这一点。"
    },
    {
      "id": 60,
      "model": "로쟈",
      "content": "我也变厉害了点吧？"
    },
    {
      "id": 61
    },
    {
      "id": 62,
      "place": "后巷某处",
      "model": "헤르만",
      "teller": "赫尔曼",
      "title": "N公司",
      "content": "令人印象深刻啊，圣愚."
    },
    {
      "id": 63,
      "model": "헤르만",
      "teller": "赫尔曼",
      "title": "N公司",
      "content": "你们不仅设法清除掉了大量的敌人……"
    },
    {
      "id": 64,
      "model": "헤르만",
      "teller": "赫尔曼",
      "title": "N公司",
      "content": "还花光了所有的钱。"
    },
    {
      "id": 65,
      "model": "소냐",
      "teller": "索尼亚",
      "title": "圣愚",
      "content": "你知道的，赫尔曼，我对钱没有兴趣。"
    },
    {
      "id": 66,
      "model": "헤르만",
      "teller": "赫尔曼",
      "title": "N公司",
      "content": "我得承认，你不像大多只有理论却没有实践的理想主义者一样。"
    },
    {
      "id": 67,
      "model": "헤르만",
      "teller": "赫尔曼",
      "title": "N公司",
      "content": "在这之前，要是你能带着金枝来见我，我本来会称赞你几句的。"
    },
    {
      "id": 68,
      "model": "소냐",
      "teller": "索尼亚",
      "title": "圣愚",
      "content": "……我向罗佳展示了那个世界。"
    },
    {
      "id": 69,
      "model": "소냐",
      "teller": "索尼亚",
      "title": "圣愚",
      "content": "那个令我着迷的理想的现实。"
    },
    {
      "id": 70,
      "model": "소냐",
      "teller": "索尼亚",
      "title": "圣愚",
      "content": "但是……"
    },
    {
      "id": 71,
      "model": "헤르만",
      "teller": "赫尔曼",
      "title": "N公司",
      "content": "我猜这并没有赢得她的芳心。"
    },
    {
      "id": 72,
      "model": "소냐",
      "teller": "索尼亚",
      "title": "圣愚",
      "content": "看来你所建议的方法归根结底还是错了啊，赫尔曼。"
    },
    {
      "id": 73,
      "model": "소냐",
      "teller": "索尼亚",
      "title": "圣愚",
      "content": "她不是那种别人说几句就能改变心意的人。"
    },
    {
      "id": 74,
      "model": "헤르만",
      "teller": "赫尔曼",
      "title": "N公司",
      "content": "所以你觉得这件事……很遗憾吗？"
    },
    {
      "id": 75,
      "model": "소냐",
      "teller": "索尼亚",
      "title": "圣愚",
      "content": "嗯……"
    },
    {
      "id": 76,
      "model": "소냐",
      "teller": "索尼亚",
      "title": "圣愚",
      "content": "我可能多少会希望她能像过去那样跟随着我。"
    },
    {
      "id": 77,
      "model": "소냐",
      "teller": "索尼亚",
      "title": "圣愚",
      "content": "但还是算了吧，我觉得，当我发现她还是跟以前一模一样时，我真的松了口气。"
    },
    {
      "id": 78,
      "model": "소냐",
      "teller": "索尼亚",
      "title": "圣愚",
      "content": "罗佳并不想要一个没有任何缺陷的完美世界。"
    },
    {
      "id": 79,
      "model": "소냐",
      "teller": "索尼亚",
      "title": "圣愚",
      "content": "相反，她可能会觉得……"
    },
    {
      "id": 80,
      "model": "소냐",
      "teller": "索尼亚",
      "title": "圣愚",
      "content": "生活在这样的世界里会很无聊，因为这样就没法证明她是特别的了。"
    },
    {
      "id": 81,
      "model": "소냐",
      "teller": "索尼亚",
      "title": "圣愚",
      "content": "这就是我对她的印象。"
    },
    {
      "id": 82,
      "model": "헤르만",
      "teller": "赫尔曼",
      "title": "N公司",
      "content": "我原以为她是一个有美德、原则不可动摇的人……"
    },
    {
      "id": 83,
      "model": "헤르만",
      "teller": "赫尔曼",
      "title": "N公司",
      "content": "但听过这些以后，我觉得她和你一样也是个梦想家，不是吗？"
    },
    {
      "id": 84,
      "model": "소냐",
      "teller": "索尼亚",
      "title": "圣愚",
      "content": "我敢肯定她还有很长的路要走。"
    },
    {
      "id": 85,
      "model": "소냐",
      "teller": "索尼亚",
      "title": "圣愚",
      "content": "……不过，她不会想承认这一点的。"
    },
    {
      "id": 86,
      "model": "헤르만",
      "teller": "赫尔曼",
      "title": "N公司",
      "content": "我懂你的意思。我会记住这点，以便将来考虑我们的行动方针。"
    },
    {
      "id": 87,
      "model": "소냐",
      "teller": "索尼亚",
      "title": "圣愚",
      "content": "你不训我几句吗？因为我没能完成你交给我的工作。"
    },
    {
      "id": 88,
      "model": "헤르만",
      "teller": "赫尔曼",
      "title": "N公司",
      "content": "训斥你也不会让金枝从我们脚底下长出来吧？"
    },
    {
      "id": 89,
      "model": "헤르만",
      "teller": "赫尔曼",
      "title": "N公司",
      "content": "没关系的，比起金枝现在在哪里……"
    },
    {
      "id": 90,
      "model": "헤르만",
      "teller": "赫尔曼",
      "title": "N公司",
      "content": "更重要的是到最后谁能拿到整束金枝。"
    }
  ]
}