{
  "dataList": [
    {
      "id": 0,
      "place": "赌场地下矿山 1层",
      "model": "각잡힌카지노경호원",
      "teller": "穿戴整齐的警卫",
      "title": "J公司 赌场",
      "content": "等、等等……那些家伙为什么会往我这走？停下！快停下！"
    },
    {
      "id": 1,
      "model": "각잡힌카지노경호원",
      "teller": "穿戴整齐的警卫",
      "title": "J公司 赌场",
      "content": "快、快把这些怪物赶走！快！"
    },
    {
      "id": 2,
      "model": "노예",
      "teller": "负债累累的人质",
      "title": "J公司 赌场",
      "content": "……四千七百九十……"
    },
    {
      "id": 3,
      "content": "人质们默不作声地继续挥着还得挥动四千七百九十万余次的鹤嘴锄。"
    },
    {
      "id": 4,
      "content": "我们则趁着这间隙往下层跑去。"
    },
    {
      "id": 5,
      "model": "그레고르",
      "content": "从结果上来说，那些人质还是帮了我们。"
    },
    {
      "id": 6,
      "model": "로쟈",
      "content": "偶然罢了。"
    },
    {
      "id": 7,
      "content": "罗佳冷着脸回答。"
    }
  ]
}