{
  "dataList": [
    {
      "id": 0,
      "place": "11区 脑叶公司支部内某处",
      "content": " 长钉自地板上拖曳而过，熟悉的不祥之声再度在不远处响起。"
    },
    {
      "id": 1,
      "model": "오티스",
      "content": "……经理，容我僭越，我建议您最好尽快在作战条例中加入“确认敌人是否死亡”这一步骤。"
    },
    {
      "id": 2,
      "content": " 一想到他又一次死而复生，我便觉得毛骨悚然。"
    },
    {
      "id": 3,
      "model": "피묻은귀도",
      "teller": "圭多",
      "title": "钉与锤",
      "content": " 异端之人……必须诛杀。"
    },
    {
      "id": 4,
      "model": "단테",
      "content": "<你是什么时候……>"
    },
    {
      "id": 5,
      "content": "圭多走向我们的速度比之前更慢，但他的目光依旧牢牢锁死在我身上。"
    },
    {
      "id": 6,
      "model": "피묻은귀도",
      "teller": "圭多",
      "title": "钉与锤",
      "content": " 而……余下之人……应得净化。"
    },
    {
      "id": 7,
      "content": " 我必须快点回拨时钟。"
    },
    {
      "id": 8,
      "content": "大半罪人都已非死即伤。"
    },
    {
      "id": 9,
      "content": "只凭毫无战斗力的我，以及连喘气都费劲的索德两人，根本没办法对付他。"
    },
    {
      "id": 10,
      "model": "제복소드",
      "teller": "索德",
      "title": "LCCB",
      "content": "请停下来……"
    },
    {
      "id": 11,
      "content": "就在这时，索德从怀中掏出枪。"
    },
    {
      "id": 12,
      "content": "然后将枪口对准了我。"
    },
    {
      "id": 13,
      "model": "제복소드",
      "teller": "索德",
      "title": "LCCB",
      "content": "请站在那里……别动……"
    },
    {
      "id": 14,
      "model": "제복소드",
      "teller": "索德",
      "title": "LCCB",
      "content": "在你转动时钟的那一瞬间，我的枪……会先一步打穿你的头……"
    },
    {
      "id": 15,
      "model": "단테",
      "content": "<索德……?>"
    },
    {
      "id": 16,
      "model": "제복소드",
      "teller": "索德",
      "title": "LCCB",
      "content": "别那样……看我……我听不懂你的话。但我可以告诉你为什么。"
    },
    {
      "id": 17,
      "model": "제복소드",
      "teller": "索德",
      "title": "LCCB",
      "content": "他们答应……只要我跟他们合作除掉你……就让埃菲活着回来……"
    },
    {
      "id": 18,
      "model": "피묻은귀도",
      "teller": "圭多",
      "title": "钉与锤",
      "content": "我浪费了太多时间……"
    },
    {
      "id": 19,
      "content": "圭多向前几步，一把掐住了我的脖子。"
    },
    {
      "id": 20,
      "model": "단테",
      "content": "<嘎啊……咕……>"
    },
    {
      "id": 21,
      "content": "接着，他用另一只手紧紧抓住我的头，像是要把它捏碎。"
    },
    {
      "id": 22,
      "model": "단테",
      "content": "<呃嗯……>"
    },
    {
      "id": 23,
      "content": "我的脑袋咔嚓咔嚓地响个不停。"
    },
    {
      "id": 24,
      "content": "一想到他只要将手指按进去，我的脑袋就会彻底支离破碎，我就不由自主地感到恐惧。"
    },
    {
      "id": 25,
      "content": "就要这样结束吗？我就要这样死去吗？"
    },
    {
      "id": 26,
      "content": "如果……我是一名更称职的经理，一切会不会有所不同？"
    },
    {
      "id": 27,
      "content": "我还记得希斯克利夫曾吓唬我说，他真想知道要怎么才能打开我的脑袋，好让他看看里面装了什么。"
    },
    {
      "id": 28,
      "content": "真是不走运，希斯克利夫。"
    },
    {
      "id": 29,
      "content": "你就要错过这一精彩瞬间了……"
    },
    {
      "id": -1,
      "model": "//효과음",
      "content": "퍽"
    },
    {
      "id": 30,
      "content": "我听到了。"
    },
    {
      "id": 31,
      "content": "某种东西破碎的声音。"
    },
    {
      "id": 32,
      "content": "而幸运的是……"
    },
    {
      "id": 33,
      "model": "피묻은귀도",
      "teller": "圭多",
      "title": "钉与锤",
      "content": "呃啊……"
    },
    {
      "id": 34,
      "content": "那不是我脑袋破碎的声音。"
    },
    {
      "id": 35,
      "model": "싱클레어",
      "content": "哈，呼……哈。"
    },
    {
      "id": 36,
      "content": "圭多踉跄了一下。"
    },
    {
      "id": 37,
      "content": "与他背后的长钉一同出现的，是大口喘气的辛克莱。"
    },
    {
      "id": 38,
      "content": "直到刚才，他还意识不清地倒在地上——现在却突然爆发出了巨大的力量。"
    },
    {
      "id": 39,
      "content": "如果不是他，我恐怕会葬身在圭多的魔掌之下……"
    },
    {
      "id": 40,
      "content": "但是，圭多并未被辛克莱的舍身一击击倒，他调整好呼吸，慢慢转过身。"
    },
    {
      "id": 41,
      "model": "피묻은귀도",
      "teller": "圭多",
      "title": "钉与锤",
      "content": "是吗……"
    },
    {
      "id": 42,
      "model": "피묻은귀도",
      "teller": "圭多",
      "title": "钉与锤",
      "content": "就连你，也是肮脏的异端吗……"
    },
    {
      "id": 43,
      "model": "싱클레어",
      "content": "你们……都是精神病……都疯了……"
    },
    {
      "id": 44,
      "model": "피묻은귀도",
      "teller": "圭多",
      "title": "钉与锤",
      "content": "执柄者曾言……"
    },
    {
      "id": 45,
      "model": "피묻은귀도",
      "teller": "圭多",
      "title": "钉与锤",
      "content": "汝亦有执柄者之资。"
    },
    {
      "id": 46,
      "model": "피묻은귀도",
      "teller": "圭多",
      "title": "钉与锤",
      "content": "只可惜……"
    },
    {
      "id": 47,
      "model": "피묻은귀도",
      "teller": "圭多",
      "title": "钉与锤",
      "content": "汝执握错了方向。"
    },
    {
      "id": 48,
      "model": "단테",
      "content": "<辛克莱……快逃……我帮不上……你……>"
    },
    {
      "id": 49,
      "model": "싱클레어",
      "content": "不……我不会再逃了。"
    },
    {
      "id": 50,
      "model": "제복소드",
      "teller": "索德",
      "title": "LCCB",
      "content": "……答的好，辛克莱。"
    },
    {
      "id": -1,
      "model": "탕!"
    },
    {
      "id": 51,
      "content": "枪声贯耳。"
    },
    {
      "id": 52,
      "content": "但子弹落在了圭多头上。"
    },
    {
      "id": 53,
      "model": "피묻은귀도",
      "teller": "圭多",
      "title": "钉与锤",
      "content": "……"
    },
    {
      "id": 54,
      "model": "피묻은귀도",
      "teller": "圭多",
      "title": "钉与锤",
      "content": "汝等，自取灭亡之人……"
    },
    {
      "id": 55,
      "model": "피묻은귀도",
      "teller": "圭多",
      "title": "钉与锤",
      "content": "锤绝不会放过……"
    },
    {
      "id": 56,
      "content": "说完这些话后……"
    },
    {
      "id": 57,
      "content": "圭多轰然倒地，彻底失去了气息。"
    },
    {
      "id": 58,
      "content": "在那个瞬间……"
    },
    {
      "id": 59,
      "content": "我听到了手枪落地的声音。"
    },
    {
      "id": 60,
      "model": "단테",
      "content": "<……索德。>"
    },
    {
      "id": 61,
      "model": "제복소드",
      "teller": "索德",
      "title": "LCCB",
      "content": "埃菲他果然……已经，死了吧？"
    },
    {
      "id": 62,
      "model": "제복소드",
      "teller": "索德",
      "title": "LCCB",
      "content": "你们这些人真的是。就算要骗我，至少也把谎话说的可信一点啊。"
    },
    {
      "id": 63,
      "model": "그레고르",
      "content": "……振作一点，索德，我们先离开这里。你伤的不重……只要给你包扎一下……把血止住就好。"
    },
    {
      "id": 64,
      "model": "이스마엘",
      "content": "对，我正好有止血带……"
    },
    {
      "id": 65,
      "model": "제복소드",
      "teller": "索德",
      "title": "LCCB",
      "content": "别傻了，我连手指都抬不动了。"
    },
    {
      "id": 66,
      "model": "제복소드",
      "teller": "索德",
      "title": "LCCB",
      "content": "再说，那帮审判官肯定还会追上来吧？你们还得继续朝下走。"
    },
    {
      "id": 67,
      "model": "제복소드",
      "teller": "索德",
      "title": "LCCB",
      "content": "我来拖住他们，你们先走。"
    },
    {
      "id": 68,
      "model": "싱클레어",
      "content": "为什么，为什么要这么做……"
    },
    {
      "id": 69,
      "model": "이스마엘",
      "content": "你自己都说抬不动手指了。我怎么还能让你为我们殿后……不是吗？"
    },
    {
      "id": 70,
      "model": "제복소드",
      "teller": "索德",
      "title": "LCCB",
      "content": "你们真是……像这种时候……明明只要点点头，然后继续上路就好了。"
    },
    {
      "id": 71,
      "model": "제복소드",
      "teller": "索德",
      "title": "LCCB",
      "content": "没必要关心我这个自愿留下的人吧？"
    },
    {
      "id": 72,
      "model": "싱클레어",
      "content": "但是……但是……"
    },
    {
      "id": 73,
      "model": "제복소드",
      "teller": "索德",
      "title": "LCCB",
      "content": " 啊……怎么现在都乱成这样了？我好不容易才说了帅气的台词。"
    },
    {
      "id": 74,
      "model": "제복소드",
      "teller": "索德",
      "title": "LCCB",
      "content": "浮士德，请你快点把这几个大笨蛋带走吧。"
    },
    {
      "id": 75,
      "model": "파우스트",
      "content": "我会代你向维吉里乌斯先生问好。"
    },
    {
      "id": 76,
      "model": "제복소드",
      "teller": "索德",
      "title": "LCCB",
      "content": "不用。"
    },
    {
      "id": 77,
      "model": "제복소드",
      "teller": "索德",
      "title": "LCCB",
      "content": "……只用转告他，哪天来打个招呼就好了。你明白吧？"
    },
    {
      "id": 78,
      "model": "파우스트",
      "content": "……"
    },
    {
      "id": 79,
      "model": "파우스트",
      "content": "如您所愿。"
    },
    {
      "id": 80,
      "content": "我们把奄奄一息的索德留下，继续朝着下一区域迈进。"
    },
    {
      "id": 81,
      "content": "沉默在我们中停留许久。"
    }
  ]
}