{
  "dataList": [
    {
      "id": 0,
      "place": "11区 脑叶公司支部内某处",
      "teller": "？？？",
      "title": "？？？",
      "content": "真没想到……你们不知不觉间……就已经在战斗中成长了这么多。"
    },
    {
      "id": 1,
      "content": "从一旁的角落中传出了微弱的声音。"
    },
    {
      "id": 2,
      "model": "그레고르",
      "content": "索德……？"
    },
    {
      "id": 3,
      "content": "索德无力地倚在墙上。"
    },
    {
      "id": 4,
      "content": "浑身上下都遍布着被大罪撕咬出的伤痕。"
    },
    {
      "id": 5,
      "model": "이스마엘",
      "content": "没事吧？你还站得起来吗？"
    },
    {
      "id": 6,
      "content": "别说是站起来，索德恐怕就连开口都做不到。可哪怕这样，她依旧断断续续地吐出了饱含痛苦的文字。"
    },
    {
      "id": 7,
      "model": "제복소드",
      "teller": "索德",
      "title": "LCCB",
      "content": "埃菲……怎么样了……？"
    },
    {
      "id": 8,
      "model": "제복소드",
      "teller": "索德",
      "title": "LCCB",
      "content": "他应该，还活着吧？你们……肯定在外面见到他了……"
    },
    {
      "id": 9,
      "content": "在索德绝望的追问下，谁也不忍心开口。"
    },
    {
      "id": 10,
      "content": "无论是谁也说不出，我们那时只遇到了遍体鳞伤的埃菲，最后也只能选择帮他解脱。"
    },
    {
      "id": 11,
      "model": "홍루",
      "content": "……是啊，他还活的好好的。"
    },
    {
      "id": 12,
      "content": "鸿璐轻声回答。"
    },
    {
      "id": 13,
      "content": "没有其他罪人站出来指正他的错误。"
    },
    {
      "id": 14,
      "model": "오티스",
      "content": "闲聊时间到此为止。"
    },
    {
      "id": 15,
      "model": "오티스",
      "content": "那堆奇异的怪物又朝着我们爬过来了。"
    },
    {
      "id": 16,
      "content": "大罪朝我们涌来。"
    },
    {
      "id": 17,
      "content": "简直像是我们的内疚化作了实体。"
    }
  ]
}