{
  "dataList": [
    {
      "id": 0,
      "place": "无尽的尸山",
      "content": "我望见尸体堆积出无边无际的尸山。"
    },
    {
      "id": 1,
      "content": "审判官们一齐高举双手，犹如对神圣之物顶礼膜拜。"
    },
    {
      "id": 2,
      "content": "而站在尸堆顶峰的，是克罗默。"
    },
    {
      "id": 3,
      "content": "她向祭坛上的金枝伸出双手，做出了祈祷般的姿势。"
    },
    {
      "id": 4,
      "model": "파우스트",
      "content": "自我心道已经开启。有人先我们一步，与金枝产生了共鸣。"
    },
    {
      "id": 5,
      "model": "그레고르",
      "content": "他们在搞什么名堂？为什么都把手举着？"
    },
    {
      "id": 6,
      "model": "파우스트",
      "content": "……祈祷。"
    },
    {
      "id": -1,
      "model": "파우스트",
      "content": "어느 옛날엔… 신을 믿었던 시대가 있다고도 했죠."
    },
    {
      "id": -1,
      "model": "//효과음",
      "content": "딩동댕동 (학교 종소리)"
    },
    {
      "id": 7,
      "model": "이스마엘",
      "content": "……这是什么声音？"
    },
    {
      "id": 8,
      "model": "히스클리프",
      "content": "感觉很耳熟……光是听到这旋律就莫名其妙地让我有点头痛，真叫人不爽……"
    },
    {
      "id": 9,
      "model": "그레고르",
      "content": "……是学校的铃声吧。貌似你还挺讨厌上学啊。"
    },
    {
      "id": 10,
      "content": "互相开了开玩笑后，罪人间的氛围也轻松了许多。"
    },
    {
      "id": 11,
      "content": "除了一个人。"
    },
    {
      "id": 12,
      "content": "这段“自我心道” 的原主人，仍旧充满了不安。 "
    },
    {
      "id": 13,
      "model": "싱클레어",
      "content": "不、不要……我不想让你们看到，我、我的记忆……"
    },
    {
      "id": 14,
      "content": "可是，他的意志完全无法左右领域的景象。"
    },
    {
      "id": 15,
      "model": "크로머",
      "teller": "克罗默",
      "title": "钉与锤",
      "content": "来，诸位！听好了！"
    },
    {
      "id": 16,
      "model": "N사심문관1",
      "teller": "异端审判官1",
      "title": "钉与锤",
      "content": "执柄者已发话。"
    },
    {
      "id": 17,
      "model": "N사심문관2",
      "teller": "异端审判官2",
      "title": "钉与锤",
      "content": "执柄者已发话。"
    },
    {
      "id": 18,
      "model": "크로머",
      "teller": "克罗默",
      "title": "钉与锤",
      "content": "这些异端不仅要扰乱我们神圣的仪式，甚至还想夺走我们宝贵的祭品！"
    },
    {
      "id": 19,
      "model": "N사심문관1",
      "teller": "异端审判官1",
      "title": "钉与锤",
      "content": "何等肮脏，何等无耻。"
    },
    {
      "id": 20,
      "model": "N사심문관2",
      "teller": "异端审判官2",
      "title": "钉与锤",
      "content": "何等肮脏，何等无耻。"
    },
    {
      "id": 21,
      "model": "크로머",
      "teller": "克罗默",
      "title": "钉与锤",
      "content": "去吧！杀了他们！无须畏惧死亡！"
    },
    {
      "id": 22,
      "model": "크로머",
      "teller": "克罗默",
      "title": "钉与锤",
      "content": "只要有了这黄金的祭品，你们便能永无止境地复生！"
    },
    {
      "id": 23,
      "model": "N사심문관1",
      "teller": "异端审判官1",
      "title": "钉与锤",
      "content": "执柄者与吾等同在，吾等无所畏惧。"
    },
    {
      "id": 24,
      "model": "N사심문관2",
      "teller": "异端审判官2",
      "title": "钉与锤",
      "content": "执柄者与吾等同在，吾等无所畏惧。"
    },
    {
      "id": 25,
      "model": "크로머",
      "teller": "克罗默",
      "title": "钉与锤",
      "content": "然后……辛克莱。"
    },
    {
      "id": 26,
      "model": "크로머",
      "teller": "克罗默",
      "title": "钉与锤",
      "content": "快过来。快到我的手心里来。"
    },
    {
      "id": 27,
      "model": "N사심문관1",
      "teller": "异端审判官1",
      "title": "钉与锤",
      "content": "侍奉执柄者乃无上荣誉。"
    },
    {
      "id": 28,
      "model": "N사심문관2",
      "teller": "异端审判官2",
      "title": "钉与锤",
      "content": "侍奉执柄者乃无上荣誉。"
    },
    {
      "id": 29,
      "model": "싱클레어",
      "content": "我，我……"
    },
    {
      "id": 30,
      "model": "크로머",
      "teller": "克罗默",
      "title": "钉与锤",
      "content": "辛克莱。"
    },
    {
      "id": 31,
      "model": "크로머",
      "teller": "克罗默",
      "title": "钉与锤",
      "content": "你把那枚硬币带来了吧？"
    },
    {
      "id": 32,
      "place": "嘈杂的教室",
      "model": "싱클레어",
      "content": "…同龄的孩子聚在一起的课间休息时间总是那么嘈杂喧闹。"
    },
    {
      "id": 33,
      "model": "싱클레어",
      "content": "大人们则远远地观望着我们，仿佛觉得这是一幅温馨的画卷。"
    },
    {
      "id": 34,
      "model": "싱클레어",
      "content": "但大人们并不知道。"
    },
    {
      "id": 35,
      "model": "싱클레어",
      "content": "只要再靠近些看，和谐的交流就会撕下表皮，暴露出充满嫉妒、虚荣、傲慢和算计的本质。"
    },
    {
      "id": 36,
      "model": "싱클레어",
      "content": "孩子们真的相当狡猾。"
    },
    {
      "id": 37,
      "teller": "记忆中的同学1",
      "title": "学生",
      "content": "我听隔壁班的拉尔夫说，他父亲会亲自给他做双臂手术。甚至还会用上没公开的最新技术来着？"
    },
    {
      "id": 38,
      "teller": "记忆中的同学2",
      "title": "学生",
      "content": "你们知不知道杂志封面上的这个演员？我应该还没和你们说过，她要来我妈妈的诊所做义眼移植手术吧？找我妈妈做手术的人实在太多了，她甚至还和经纪人一起登门拜访，说想把手术提前呢。"
    },
    {
      "id": 39,
      "model": "싱클레어",
      "content": "听着同学们一个接一个说出浮夸的故事，我愈发坐如针毡。"
    },
    {
      "id": 40,
      "model": "싱클레어",
      "content": "我能说些什么呢？他们看向我的期待的眼神随时都可能转为嘲笑和轻蔑。"
    },
    {
      "id": 41,
      "model": "싱클레어",
      "content": "虽、虽然是个秘密，但是…"
    },
    {
      "id": 42,
      "model": "싱클레어",
      "content": "我紧张地咽下口水。"
    },
    {
      "id": 43,
      "model": "싱클레어",
      "content": "也许，其实根本没有谁要求我也讲一个故事。"
    },
    {
      "id": 44,
      "model": "싱클레어",
      "content": "但我却无法逃避他们好奇的目光。"
    },
    {
      "id": 45,
      "model": "싱클레어",
      "content": "我很清楚，在他们将目光移开之后，我就会沦为一个无人问津的边缘人。"
    },
    {
      "id": 46,
      "model": "싱클레어",
      "content": "我爸爸他……和P公司签了合同。\n他们看了我爸爸开发的技术之后，答应会给他全力支持。"
    },
    {
      "id": 47,
      "model": "싱클레어",
      "content": "天哪，我到底是怎么想的才会把这种事情说出去呢？"
    },
    {
      "id": 48,
      "model": "싱클레어",
      "content": "仅仅是因为不想遭到同学们的排挤，我便口不择言地说出了不能说的秘密，最终酿成大祸。"
    },
    {
      "id": 49,
      "model": "싱클레어",
      "content": "或许我只是产生了某种幼稚的冲动，以及某种想在同龄人中出风头的庸俗欲望。"
    },
    {
      "id": 50,
      "model": "싱클레어",
      "content": "“听好，埃米尔，这是企业间的保密协议，你绝对不能向任何人透露。”\n父亲的叮嘱在我的脑中回响，他严肃的面庞也仿佛还在我眼前。"
    },
    {
      "id": 51,
      "teller": "记忆中的同学1",
      "title": "学生",
      "content": "哇啊……那是真的吗，辛克莱？"
    },
    {
      "id": 52,
      "teller": "记忆中的同学2",
      "title": "学生",
      "content": "P公司？你是说“世界之翼”？！哇……太羡慕了。"
    },
    {
      "id": 53,
      "model": "싱클레어",
      "content": "转瞬之间，我就成了谈话的中心。\n我能感受到班上其他同学朝我投来的炽热目光。"
    },
    {
      "id": 54,
      "model": "싱클레어",
      "content": "我洋洋自得，受人景仰的感觉真的快意无比。"
    },
    {
      "id": 55,
      "model": "싱클레어",
      "content": "我想，我已经彻底被庸俗的虚荣心冲昏了头脑。"
    },
    {
      "id": 56,
      "teller": "记忆中的同学1",
      "title": "学生",
      "content": "这么看来辛克莱！你也马上就要做义体手术了吧？"
    },
    {
      "id": 57,
      "model": "싱클레어",
      "content": "那…那是当然。说是要……给我装最新型的。"
    },
    {
      "id": 58,
      "model": "싱클레어",
      "content": "但凡这些人稍微留意了我的表情……"
    },
    {
      "id": 59,
      "model": "싱클레어",
      "content": "一定就会意识到我对此有多不情愿。"
    },
    {
      "id": 60,
      "model": "싱클레어",
      "content": "所幸，没有人在意我的神色。"
    },
    {
      "id": 61,
      "model": "싱클레어",
      "content": "当课间休息结束，我再次孤身一人的时候，剧烈的罪恶感才向我袭来。"
    },
    {
      "id": 62,
      "model": "싱클레어",
      "content": "明明说好了要保守秘密……如果父亲知道了该怎么办？"
    },
    {
      "id": 63,
      "model": "싱클레어",
      "content": "啊……"
    },
    {
      "id": 64,
      "model": "싱클레어",
      "content": "鲜血不知何时从我的指尖渗出。"
    },
    {
      "id": 65,
      "model": "싱클레어",
      "content": "每当感到不安时就会咬手指甲的习惯终究惹了祸。"
    },
    {
      "id": 66,
      "model": "싱클레어",
      "content": "为了改掉这个习惯，我已经把指甲剪得短到不能再短……"
    },
    {
      "id": 67,
      "model": "싱클레어",
      "content": "但没想到反而会咬到肉。"
    },
    {
      "id": 68,
      "model": "싱클레어",
      "content": "看着落在书桌上的血滴，我不禁想到。"
    },
    {
      "id": 69,
      "model": "싱클레어",
      "content": "毕业之后，我就要进行义体手术了……"
    },
    {
      "id": 70,
      "model": "싱클레어",
      "content": "如此一来，我就永远不会有伤口，也永远不会见血了。"
    },
    {
      "id": 71,
      "model": "싱클레어",
      "content": "不过，这真的……"
    },
    {
      "id": 72,
      "model": "학생크로머",
      "teller": "克罗默",
      "title": "学生",
      "content": "你……流血了。"
    },
    {
      "id": 73,
      "model": "싱클레어",
      "content": "伴随着奇怪的口哨声，一个娇小的身影出现在我的课桌前。"
    },
    {
      "id": 74,
      "model": "싱클레어",
      "content": "向我搭话的，是顶多只能记起名字的那种没怎么沟通过的同级生。"
    },
    {
      "id": 75,
      "model": "싱클레어",
      "content": "一时之间，我只结结巴巴地作出回答。"
    },
    {
      "id": 76,
      "model": "싱클레어",
      "content": "什……你，说什么？"
    },
    {
      "id": 77,
      "model": "학생크로머",
      "teller": "克罗默",
      "title": "学生",
      "content": "所以说，你刚刚说的……是真的吗？"
    },
    {
      "id": 78,
      "model": "싱클레어",
      "content": "呃，嗯……是真的。"
    },
    {
      "id": 79,
      "model": "학생크로머",
      "teller": "克罗默",
      "title": "学生",
      "content": "原来如此。看来你的父亲，真的很了不起。是吧？"
    },
    {
      "id": 80,
      "model": "싱클레어",
      "content": "嗯，嘛……确实。"
    },
    {
      "id": 81,
      "model": "싱클레어",
      "content": "意料之外的赞词让我感到羞愧。"
    },
    {
      "id": 82,
      "model": "싱클레어",
      "content": "仿佛父亲的优秀也都是我的美德一样。"
    },
    {
      "id": 83,
      "model": "학생크로머",
      "teller": "克罗默",
      "title": "学生",
      "content": "但是……你为什么要摆出那么一副表情？"
    },
    {
      "id": 84,
      "model": "싱클레어",
      "content": "什，什么？"
    },
    {
      "id": 85,
      "model": "학생크로머",
      "teller": "克罗默",
      "title": "学生",
      "content": "你呀……心里是这么想的吧？"
    },
    {
      "id": 86,
      "model": "싱클레어",
      "content": "只见她随后低下了头，用只有我听得到的声音低语道。"
    },
    {
      "id": 87,
      "model": "학생크로머",
      "teller": "克罗默",
      "title": "学生",
      "content": "真肮脏。"
    },
    {
      "id": 88,
      "model": "싱클레어",
      "content": "我的眼睛睁大了。"
    },
    {
      "id": 89,
      "model": "싱클레어",
      "content": "不仅是震惊于她能看出我的真心话，"
    },
    {
      "id": 90,
      "model": "싱클레어",
      "content": "更是震惊于我费心掩盖的秘密，居然会被陌生人一眼看穿。"
    },
    {
      "id": 91,
      "model": "싱클레어",
      "content": "你，你怎么知道的？"
    },
    {
      "id": 92,
      "model": "싱클레어",
      "content": "明明当时只要矢口否认就能摆脱她的纠缠，可我却犯了傻，只是一脸茫然地向她发问。"
    },
    {
      "id": 93,
      "model": "학생크로머",
      "teller": "克罗默",
      "title": "学生",
      "content": "噗，当然是因为……我和你一样。"
    },
    {
      "id": 94,
      "model": "싱클레어",
      "content": "和……和我？"
    },
    {
      "id": 95,
      "model": "학생크로머",
      "teller": "克罗默",
      "title": "学生",
      "content": "人，总是能从同类身上看到更多东西。"
    },
    {
      "id": 96,
      "model": "학생크로머",
      "teller": "克罗默",
      "title": "学生",
      "content": "很高兴见到你。我是克罗默。"
    },
    {
      "id": 97,
      "model": "싱클레어",
      "content": "在那之后。"
    },
    {
      "id": 98,
      "model": "싱클레어",
      "content": "我和克罗默便成了无话不谈的朋友。"
    }
  ]
}