{
  "dataList": [
    {
      "id": 0,
      "model": "싱클레어",
      "content": "背着双亲成功偷到了地下室的钥匙后，同约好的一样，我与克罗默汇合，来到了地下室。"
    },
    {
      "id": 1,
      "model": "싱클레어",
      "content": "克罗默领着我走向一条狭窄的通风管道。"
    },
    {
      "id": 2,
      "model": "싱클레어",
      "content": "我们在管道中匍匐前进，阴湿发霉的臭味愈发强烈，管道内回荡着老鼠窜来窜去的声响。"
    },
    {
      "id": 3,
      "model": "싱클레어",
      "content": "衣服变得越来越脏，喉咙变得越来越渴，想要回家的欲望也变得越来越强烈。"
    },
    {
      "id": 4,
      "model": "싱클레어",
      "content": "那个时刻，我突然注意到，周围充斥着一股不同寻常的气味。"
    },
    {
      "id": 5,
      "model": "학생크로머",
      "teller": "克罗默",
      "title": "学生",
      "content": "你也感觉到了吧？"
    },
    {
      "id": 6,
      "model": "싱클레어",
      "content": "我听见克罗默对我低声说道。"
    },
    {
      "id": 7,
      "model": "학생크로머",
      "teller": "克罗默",
      "title": "学生",
      "content": "前面肯定有什么东西……！"
    },
    {
      "id": 8,
      "model": "싱클레어",
      "content": "如果说还有反悔的机会的话，恐怕就是这一刻了。"
    },
    {
      "id": 9,
      "model": "싱클레어",
      "content": "或许我当时就应该劝阻她，用尽甜言蜜语挽留，并约好下次再见。"
    },
    {
      "id": 10,
      "model": "싱클레어",
      "content": "即便我知道，糖衣炮弹对她而言是行不通的。"
    },
    {
      "id": 11,
      "model": "싱클레어",
      "content": "然而那时的我，心中突然涌起了一股邪恶的好奇心。"
    },
    {
      "id": 12,
      "model": "싱클레어",
      "content": "我感觉自己有生以来，第一次和恶棍身处同一个世界。"
    },
    {
      "id": 13,
      "model": "싱클레어",
      "content": "究竟是为什么呢。"
    },
    {
      "id": 14,
      "model": "싱클레어",
      "content": "我打消了折返的念头。"
    },
    {
      "id": 15,
      "model": "싱클레어",
      "content": "同时，在心中隐约却又切实地意识到，这已经是我最后的机会。"
    },
    {
      "id": 16,
      "model": "싱클레어",
      "content": "啊，那是一片令我绝对无法承受第二次的，极致恐怖的光景。"
    },
    {
      "id": 17,
      "model": "싱클레어",
      "content": "仅仅用“怪物”这个词，真的足以简单概括了吗？"
    },
    {
      "id": 18,
      "model": "싱클레어",
      "content": "那看起来似乎是某种具有知性的存在，但若将其称为人类，却又大错特错。"
    },
    {
      "id": 19,
      "model": "싱클레어",
      "content": "呜……啊……"
    },
    {
      "id": 20,
      "model": "싱클레어",
      "content": "在恐惧中挣扎的同时，我开始为踏入这个世界而后悔不已。"
    },
    {
      "id": 21,
      "model": "싱클레어",
      "content": "辛克莱，你真是个白痴，明明已经将最后的机会一脚踢开，却又祈祷着能够重获一次。"
    },
    {
      "id": 22,
      "model": "싱클레어",
      "content": "伴随着深深的悔恨，我确信自己至死都不会忘记这样的场面。"
    },
    {
      "id": 23,
      "model": "싱클레어",
      "content": "克……勒默……我……必须得回去……"
    },
    {
      "id": 24,
      "model": "싱클레어",
      "content": "然而，克罗默与我不同。"
    },
    {
      "id": 25,
      "model": "싱클레어",
      "content": "她沉醉于眼前的这副光景，只是目不转睛的凝视着，仿佛发现了自己一生中最美好的事物。"
    },
    {
      "id": 26,
      "model": "학생크로머",
      "teller": "克罗默",
      "title": "学生",
      "content": "……"
    },
    {
      "id": 27,
      "model": "싱클레어",
      "content": "我抛下似乎已经听不见任何话语的克罗默，独自朝出口爬去。"
    },
    {
      "id": 28,
      "model": "싱클레어",
      "content": "为什么我家附近，会连接着那么恐怖的地方呢。"
    },
    {
      "id": 29,
      "model": "싱클레어",
      "content": "为什么克罗默会知道这些事情呢。"
    },
    {
      "id": 30,
      "model": "싱클레어",
      "content": "为什么克罗默一点也不害怕呢。"
    },
    {
      "id": 31,
      "model": "싱클레어",
      "content": "在我的身后，随风传来克罗默那令人毛骨悚然的口哨声。"
    },
    {
      "id": 32,
      "model": "싱클레어",
      "content": "第二天，克罗默若无其事地来到了学校。"
    },
    {
      "id": 33,
      "model": "학생크로머",
      "teller": "克罗默",
      "title": "学生",
      "content": "辛克莱，非常感谢你让我见到了如此珍奇的东西。"
    },
    {
      "id": 34,
      "model": "학생크로머",
      "teller": "克罗默",
      "title": "学生",
      "content": "这是我的谢礼。"
    },
    {
      "id": 35,
      "model": "싱클레어",
      "content": "她这么说着，往我的手中塞了两枚来历不明的硬币。"
    },
    {
      "id": 36,
      "model": "학생크로머",
      "teller": "克罗默",
      "title": "学生",
      "content": "务必要一直带着它们，知道了吗？"
    },
    {
      "id": 37,
      "model": "싱클레어",
      "content": "而我只能点点头。"
    },
    {
      "id": 38,
      "model": "싱클레어",
      "content": "那之后的每一晚，管道那头的光景就像噩梦一般萦绕在我的心头。"
    },
    {
      "id": 39,
      "model": "싱클레어",
      "content": "我开始有意识地避开克罗默。"
    },
    {
      "id": 40,
      "model": "싱클레어",
      "content": "仅仅是看着她，我就能想象到自己被恐慌与惊惧吞没的样子。"
    },
    {
      "id": 41,
      "model": "싱클레어",
      "content": "但是，我还有必须要从克罗默那里拿回来的东西。"
    },
    {
      "id": 42,
      "model": "싱클레어",
      "content": "地下室的钥匙。"
    },
    {
      "id": 43,
      "model": "싱클레어",
      "content": "如果某一天，父母突然心血来潮要整理钥匙，这件事立刻就会败露。"
    },
    {
      "id": 44,
      "model": "싱클레어",
      "content": "我第一次背叛了身处于温暖世界的双亲……"
    },
    {
      "id": 45,
      "model": "싱클레어",
      "content": "我因恐惧而颤抖，生怕自己被确信已经与他们所处的世界彻底分离。"
    },
    {
      "id": 46,
      "model": "싱클레어",
      "content": "克罗默……是不是差不多该还给我了？"
    },
    {
      "id": 47,
      "model": "학생크로머",
      "teller": "克罗默",
      "title": "学生",
      "content": "还什么？"
    },
    {
      "id": 48,
      "model": "싱클레어",
      "content": "地下室的……钥匙……"
    },
    {
      "id": 49,
      "model": "학생크로머",
      "teller": "克罗默",
      "title": "学生",
      "content": "……噗。"
    },
    {
      "id": 50,
      "model": "싱클레어",
      "content": "我鼓起勇气的那一天。"
    },
    {
      "id": 51,
      "model": "싱클레어",
      "content": "克罗默突然大笑起来，像是听到了什么意想不到的事情。我惊恐的慢慢向后退去。"
    },
    {
      "id": 52,
      "model": "학생크로머",
      "teller": "克罗默",
      "title": "学生",
      "content": "啊哈哈哈！！！那么战战兢兢地，我还以为要说什么呢……"
    },
    {
      "id": 53,
      "model": "학생크로머",
      "teller": "克罗默",
      "title": "学生",
      "content": "行啊，还你啦。因为我们已经不需要这个钥匙了，辛克莱。"
    },
    {
      "id": 54,
      "model": "학생크로머",
      "teller": "克罗默",
      "title": "学生",
      "content": "还有……"
    },
    {
      "id": 55,
      "model": "학생크로머",
      "teller": "克罗默",
      "title": "学生",
      "content": "你的愿望一定会有结果的，辛克莱，你不想接受义体手术吧。"
    },
    {
      "id": 56,
      "model": "학생크로머",
      "teller": "克罗默",
      "title": "学生",
      "content": "还记得我们的约定吗？你满足了我的愿望。这就是我的回礼。"
    },
    {
      "id": 57,
      "model": "싱클레어",
      "content": "我诅咒我的无知。当时的我沉溺于取回钥匙的安心感中，完全没有意识到克罗默在说些什么。"
    },
    {
      "id": 58,
      "model": "싱클레어",
      "content": "关于克罗默所说的“我们”究竟指的是她和谁。"
    },
    {
      "id": 59,
      "model": "싱클레어",
      "content": "关于为什么她说钥匙已经没有用了，我的愿望究竟会以怎样的方式实现。"
    },
    {
      "id": 60,
      "model": "싱클레어",
      "content": "我对于当时没有选择继续追问的，那愚蠢的自己。"
    },
    {
      "id": 61,
      "model": "싱클레어",
      "content": "寄以无尽的悔恨与和诅咒。"
    }
  ]
}