{
  "dataList": [
    {
      "id": 0,
      "model": "싱클레어",
      "content": "那天是圣诞夜，镇上充满了钟声与欢笑。"
    },
    {
      "id": 1,
      "model": "싱클레어",
      "content": "在圣夜的祝福下，我本打算以自己的方式向家人忏悔。"
    },
    {
      "id": 2,
      "model": "싱클레어",
      "content": "尽管我犯下了偷取地下室的钥匙这种愚蠢的错误，但我还是想重新做回他们的模范好儿子。"
    },
    {
      "id": 3,
      "model": "싱클레어",
      "content": "在那期间，我备受煎熬，并恐惧不已。我切实领悟到了自己所在的世界究竟是多么地和平，多么地令人满足。"
    },
    {
      "id": 4,
      "model": "싱클레어",
      "content": "这样一来……虽然家人们最初应该会受到一点惊吓，但肯定很快就会欢迎我回到那个乐园的吧。"
    },
    {
      "id": 5,
      "model": "싱클레어",
      "content": "一定，是这样的吧。"
    },
    {
      "id": 6,
      "model": "싱클레어",
      "content": "但是。"
    },
    {
      "id": 7,
      "model": "싱클레어",
      "content": "嗯……？"
    },
    {
      "id": 8,
      "model": "싱클레어",
      "content": "平日里，我一站到正门前就会听见前来迎接我的机器狗的叫声，但如今，这个家只是被寂静的夜色包裹着。"
    },
    {
      "id": 9,
      "model": "싱클레어",
      "content": "而后，出现在我面前的，是一个已然坠毁的乐园。"
    },
    {
      "id": 10,
      "teller": "姐姐",
      "title": "我亲爱的家人",
      "content": "辛克莱……快……逃……"
    },
    {
      "id": 11,
      "teller": "父亲",
      "title": "我亲爱的家人",
      "content": "辛……辛克……辛，辛，xinxinxin……"
    },
    {
      "id": 12,
      "model": "싱클레어",
      "content": "有人重击了我父亲的头部。"
    },
    {
      "id": 13,
      "model": "싱클레어",
      "content": "是某个穿着生锈的银色盔甲的可疑人物。"
    },
    {
      "id": 14,
      "teller": "？？？",
      "title": "记忆中的那人",
      "content": "不是人类的东西居然会因为仰慕人性而胡乱发散虚假的感情。"
    },
    {
      "id": 15,
      "model": "학생크로머",
      "teller": "克罗默",
      "title": "学生？",
      "content": "别在意，圭多。是这些不净的玩意儿的生存本能在作怪。"
    },
    {
      "id": 16,
      "model": "학생크로머",
      "teller": "克罗默",
      "title": "学生？",
      "content": "不……应该说，只是害怕被关机么。哈哈！"
    },
    {
      "id": 17,
      "model": "싱클레어",
      "content": "机械的碎片，血，和肉飞溅到空中，而后散落到地上。"
    },
    {
      "id": 18,
      "model": "학생크로머",
      "teller": "克罗默",
      "title": "学生？",
      "content": "辛克莱！你来了呀！！！"
    },
    {
      "id": 19,
      "model": "싱클레어",
      "content": "啊……啊……"
    },
    {
      "id": 20,
      "model": "싱클레어",
      "content": "克罗默拿着一把沾满血肉的锤子靠了过来。"
    },
    {
      "id": 21,
      "model": "학생크로머",
      "teller": "克罗默",
      "title": "学生？",
      "content": "啊，这个啊？"
    },
    {
      "id": 22,
      "model": "학생크로머",
      "teller": "克罗默",
      "title": "学生？",
      "content": "我啊，从很久以前开始，就无法忍受和那些肮脏的家伙沾上一丁点关系。"
    },
    {
      "id": 23,
      "model": "학생크로머",
      "teller": "克罗默",
      "title": "学生？",
      "content": "毕竟，我是爱着人类的博爱主义者啊！"
    },
    {
      "id": 24,
      "model": "학생크로머",
      "teller": "克罗默",
      "title": "学生？",
      "content": "但，如果那些不净的家伙有了孩子的话……"
    },
    {
      "id": 25,
      "model": "학생크로머",
      "teller": "克罗默",
      "title": "学生？",
      "content": "我该怎么处置你呢，辛克莱？嗯？"
    },
    {
      "id": 26,
      "model": "싱클레어",
      "content": "我的腿已经脱力很久了。"
    },
    {
      "id": 27,
      "model": "싱클레어",
      "content": "嘴也是。感觉全身上下器官都不听使唤。"
    },
    {
      "id": 28,
      "model": "싱클레어",
      "content": "克罗默的脚就在我的眼前。但我却无论如何也抬不起头。或许是因为直到她离我这么近，我才终于开始感到害怕。我紧紧地闭上了双眼。"
    },
    {
      "id": 29,
      "model": "싱클레어",
      "content": "一想到沾有父母和姐姐被打碎的肉片的铁锤即将向我砸来，我就无法抑制住内心的恐惧。"
    },
    {
      "id": 30,
      "model": "싱클레어",
      "content": "……"
    },
    {
      "id": 31,
      "model": "싱클레어",
      "content": "然而，什么都没有发生。"
    },
    {
      "id": 32,
      "model": "싱클레어",
      "content": "感到不可思议的我，战战兢兢地睁开眼、抬起头来。"
    },
    {
      "id": 33,
      "model": "싱클레어",
      "content": "克罗默正盯着我。"
    },
    {
      "id": 34,
      "model": "싱클레어",
      "content": "就像曾几何时，我坐在课桌前，而她向我搭话、告诉我她的名字那样，克罗默露出了一个完美的笑容。"
    },
    {
      "id": 35,
      "model": "학생크로머",
      "teller": "克罗默",
      "title": "学生？",
      "content": "但你是我的英雄呢，辛克莱。"
    },
    {
      "id": 36,
      "model": "싱클레어",
      "content": "说着，她伸手从我的校服口袋中取出了一枚硬币。"
    },
    {
      "id": 37,
      "model": "싱클레어",
      "content": "是她塞给我的两枚硬币中的一枚。"
    },
    {
      "id": 38,
      "model": "학생크로머",
      "teller": "克罗默",
      "title": "学生？",
      "content": "从这一刻开始，你就抱着我在你记忆中留下的无法磨灭的恐惧……对周围的一切都疑神疑鬼，惴惴不安地活下去吧。"
    },
    {
      "id": 39,
      "model": "싱클레어",
      "content": "呜……呜……"
    },
    {
      "id": 40,
      "model": "학생크로머",
      "teller": "克罗默",
      "title": "学生？",
      "content": "然后，等时机到了……我就会呼唤你的。"
    },
    {
      "id": 41,
      "model": "학생크로머",
      "teller": "克罗默",
      "title": "学生？",
      "content": "喂！把这个孩子搬到安全的地方去！谁敢对他出手，我绝饶不了他！"
    },
    {
      "id": 42,
      "model": "싱클레어",
      "content": "在不断袭来的耳鸣声，靴子声，以及眩晕感中……"
    },
    {
      "id": 43,
      "model": "싱클레어",
      "content": "我就这样失去了意识。"
    }
  ]
}