{
  "dataList": [
    {
      "id": 0,
      "place": "无边无际的尸山",
      "model": "크로머",
      "teller": "克罗默",
      "title": "钉与锤",
      "content": "怎么样，辛克莱？你在自己的心路历程中找到答案了吗？"
    },
    {
      "id": 1,
      "model": "싱클레어",
      "content": "……克罗默。"
    },
    {
      "id": 2,
      "model": "크로머",
      "teller": "克罗默",
      "title": "钉与锤",
      "content": "啊哈哈，别那样盯着我啊。"
    },
    {
      "id": 3,
      "model": "크로머",
      "teller": "克罗默",
      "title": "钉与锤",
      "content": "时机尚未成熟……"
    },
    {
      "id": 4,
      "model": "크로머",
      "teller": "克罗默",
      "title": "钉与锤",
      "content": "我说不定会对你起杀心的。"
    },
    {
      "model": "크로머",
      "teller": "克罗默",
      "title": "钉与锤",
      "content": "呼……不行不行，要忍耐……可不能因为眼前的快乐而误了更重要的事。"
    },
    {
      "id": 5,
      "model": "파우스트",
      "content": "辛克莱，回收开始共鸣的金枝的唯一方法是……"
    },
    {
      "id": 6,
      "model": "싱클레어",
      "content": "我知道。"
    },
    {
      "id": 7,
      "model": "싱클레어",
      "content": "……就算不是为了金枝。"
    },
    {
      "id": 8,
      "model": "싱클레어",
      "content": "我也会宰了那个婊子……把她的尸体撕成碎片。"
    },
    {
      "id": 9,
      "model": "크로머",
      "teller": "克罗默",
      "title": "钉与锤",
      "content": "噗…啊哈哈哈！！！"
    },
    {
      "id": 10,
      "model": "크로머",
      "teller": "克罗默",
      "title": "钉与锤",
      "content": "赫赫……啊，辛克莱……！你什么时候学会了说这种话？真不像你，好奇怪，噗……"
    },
    {
      "id": 11,
      "model": "크로머",
      "teller": "克罗默",
      "title": "钉与锤",
      "content": "不过……也罢，你似乎交到了不少朋友嘛。"
    },
    {
      "id": 12,
      "model": "크로머",
      "teller": "克罗默",
      "title": "钉与锤",
      "content": "这次，你不会再逃跑了吧？"
    }
  ]
}