{
  "dataList": [
    {
      "id": 0,
      "place": "无边无际的尸山",
      "content": "罪人们精疲力竭，有几人似乎已经没有了气息。"
    },
    {
      "id": 1,
      "content": "但是克罗默依旧张扬着她的笑容、\n如同宣告着死亡的手，慢慢地摸向辛克莱大衣的内口袋。"
    },
    {
      "id": 2,
      "model": "피묻은크로머",
      "teller": "克罗默",
      "title": "钉与锤",
      "content": "来吧，时机已到。辛克莱。"
    },
    {
      "id": 3,
      "model": "피묻은크로머",
      "teller": "克罗默",
      "title": "钉与锤",
      "content": "第二枚硬币……这最后的机会我就收回了。"
    },
    {
      "id": 4,
      "model": "싱클레어",
      "content": "为什么你……要对我做这种事……"
    },
    {
      "id": 5,
      "model": "싱클레어",
      "content": "为什么……偏偏是我……"
    },
    {
      "id": 6,
      "model": "피묻은크로머",
      "teller": "克罗默",
      "title": "钉与锤",
      "content": "辛克莱，知道为什么我就这么老实地将地下室的钥匙还给了你吗？"
    },
    {
      "id": 7,
      "model": "피묻은크로머",
      "teller": "克罗默",
      "title": "钉与锤",
      "content": "那个啊，既不是已经找到了钥匙，也不是因为复制了钥匙。"
    },
    {
      "id": 8,
      "model": "피묻은크로머",
      "teller": "克罗默",
      "title": "钉与锤",
      "content": "因为你就是我的钥匙啊。"
    },
    {
      "id": 9,
      "model": "피묻은크로머",
      "teller": "克罗默",
      "title": "钉与锤",
      "content": "我啊，可是知道某种能够窥视无穷可能的未来的方法。"
    },
    {
      "id": 10,
      "model": "피묻은크로머",
      "teller": "克罗默",
      "title": "钉与锤",
      "content": "在这之中，我看到了与你一同在都市中漫步着将散落在各地的异端全部一扫而空的未来。"
    },
    {
      "id": 11,
      "model": "피묻은크로머",
      "teller": "克罗默",
      "title": "钉与锤",
      "content": "尽管是在身边净是那群令人作呕的义体异端的环境下长大成人的……"
    },
    {
      "id": 12,
      "model": "피묻은크로머",
      "teller": "克罗默",
      "title": "钉与锤",
      "content": "但是你依然表现出了对他们的反感。这不是很有意思吗？"
    },
    {
      "id": 13,
      "model": "피묻은크로머",
      "teller": "克罗默",
      "title": "钉与锤",
      "content": "你用长戟将异端者们的脑袋贯穿！"
    },
    {
      "id": 14,
      "model": "싱클레어",
      "content": "别、别说那种谎……"
    },
    {
      "id": 15,
      "model": "피묻은크로머",
      "teller": "克罗默",
      "title": "钉与锤",
      "content": "而我再愉悦地将他们的脑袋砸碎！"
    },
    {
      "id": 16,
      "model": "싱클레어",
      "content": "闭嘴……！"
    },
    {
      "id": 17,
      "model": "피묻은크로머",
      "teller": "克罗默",
      "title": "钉与锤",
      "content": "哈哈哈…我看见的在那个世界里的你，真的比世上任何人都自由与超然。"
    },
    {
      "id": 18,
      "model": "싱클레어",
      "content": "不对……"
    },
    {
      "id": 19,
      "model": "싱클레어",
      "content": "你骗人！！！"
    },
    {
      "id": 20,
      "model": "피묻은크로머",
      "teller": "克罗默",
      "title": "钉与锤",
      "content": "到底有没有骗你……"
    },
    {
      "id": 21,
      "model": "피묻은크로머",
      "teller": "克罗默",
      "title": "钉与锤",
      "content": "唔呼。"
    },
    {
      "id": 22,
      "content": "突然，克罗默发出怪异的笑声，同时停止了动作。"
    },
    {
      "id": 23,
      "model": "단테",
      "content": "<是金枝……！>"
    },
    {
      "id": 24,
      "content": "放置在祭坛上的金枝似乎与她发生了共鸣、\n光芒渐渐地四散开来。"
    },
    {
      "id": 25,
      "content": "随后…"
    },
    {
      "id": 26,
      "model": "피묻은크로머",
      "teller": "克罗默",
      "title": "钉与锤",
      "content": "啊啊…！开始了…！\n终于，我最后的愿望得以满足的时刻到来了！"
    },
    {
      "id": 27,
      "content": "肉块将她的下半身包裹了起来。"
    },
    {
      "id": 28,
      "content": "无数恐怖可憎的肉块之中、难以分辨是手还是腿的肢体不断蔓延增生出来。"
    },
    {
      "id": 29,
      "content": "宛如欲望与疯狂的集合体一般……"
    },
    {
      "id": 30,
      "model": "변신크로머",
      "teller": "克罗默",
      "title": "钉与锤",
      "content": "来吧……辛克莱。"
    },
    {
      "id": 31,
      "model": "변신크로머",
      "teller": "克罗默",
      "title": "钉与锤",
      "content": "来试着把我杀死。"
    },
    {
      "id": 32,
      "model": "변신크로머",
      "teller": "克罗默",
      "title": "钉与锤",
      "content": "如果你能做到的话……喀喀。"
    }
  ]
}