{
  "dataList": [
    {
      "id": 0,
      "model": "학생데미안",
      "teller": "德米安",
      "title": "不可思议的转校生",
      "content": "结果，你还是把钥匙交给克罗默了。"
    },
    {
      "id": 1,
      "model": "싱클레어",
      "content": "为什么你会知道？"
    },
    {
      "id": 2,
      "model": "싱클레어",
      "content": "德米安好像拥有知晓一切的力量，即便是那些深藏在心底的秘密也不例外。"
    },
    {
      "id": 3,
      "model": "싱클레어",
      "content": "有一天，当我问起他有关这项能力的事情时，他只是说，“如果你仔细观察人类的话就能够明白了”，但却不愿谈论更多。"
    },
    {
      "id": 4,
      "model": "학생데미안",
      "teller": "德米安",
      "title": "不可思议的转校生",
      "content": "辛克莱，从今往后，你可能会接连遇到更加艰难与痛苦的事。"
    },
    {
      "id": 5,
      "model": "학생데미안",
      "teller": "德米安",
      "title": "不可思议的转校生",
      "content": "但你绝不可以放弃。"
    },
    {
      "id": 6,
      "model": "학생데미안",
      "teller": "德米安",
      "title": "不可思议的转校生",
      "content": "因为历经苦痛，将使你成长得更加美丽。"
    },
    {
      "id": 7,
      "model": "싱클레어",
      "content": "无论是多么晦涩的话语，只要从德米安的口中说出来，都会变得令人信服。他就是拥有如此不可思议的力量。"
    },
    {
      "id": 8,
      "model": "싱클레어",
      "content": "听到他的话，我便笃信自己会获得成长，对于自己将有所作为这件事充满了希望。"
    },
    {
      "id": 9,
      "model": "싱클레어",
      "content": "唔……但我还是不太明白啊，德米安。"
    },
    {
      "id": 10,
      "model": "학생데미안",
      "teller": "德米安",
      "title": "不可思议的转校生",
      "content": "这就需要你自己去领悟了。如果你有了答案的话，就来告诉我一声吧。"
    },
    {
      "id": 11,
      "model": "싱클레어",
      "content": "他的语气明明是那么温柔，他的眼中也透露着笑意，但不知为何，我却总有一种自己被驱使了的感觉。"
    },
    {
      "id": 12,
      "model": "싱클레어",
      "content": "他的双眼一定蕴含着某种魔力。"
    },
    {
      "id": 13,
      "model": "싱클레어",
      "content": "只要对上视线，就会被抽走全部意志的魔力。"
    },
    {
      "id": 15,
      "model": "싱클레어",
      "content": "但是……"
    },
    {
      "id": 16,
      "model": "싱클레어",
      "content": "既然如此，为什么他不曾提醒过我呢？"
    },
    {
      "id": 17,
      "model": "싱클레어",
      "content": "关于这件事，我至今仍在询问自己。"
    }
  ]
}