{
  "dataList": [
    {
      "id": 0,
      "place": "无尽的尸山",
      "model": "싱클레어",
      "content": "德，德米安……"
    },
    {
      "id": 1,
      "model": "데미안",
      "teller": "德米安",
      "title": "？？？",
      "content": "你改变了自己的命运呢，辛克莱。"
    },
    {
      "id": 2,
      "model": "데미안",
      "teller": "德米安",
      "title": "？？？",
      "content": "虽不再是胆小鬼，却也没成为英雄，你果然还是无法完全抛下恐惧。"
    },
    {
      "id": 3,
      "model": "데미안",
      "teller": "德米安",
      "title": "？？？",
      "content": "我说过了吧？对某人心怀畏惧，也就是……"
    },
    {
      "id": 4,
      "model": "싱클레어",
      "content": "那人……拥有足以支配我的力量……"
    },
    {
      "id": 5,
      "model": "데미안",
      "teller": "德米安",
      "title": "？？？",
      "content": "没错，以及我……不喜欢你被别人驯化。"
    },
    {
      "id": 6,
      "model": "데미안",
      "teller": "德米安",
      "title": "？？？",
      "content": "所以我才把克罗默那女人抹除了。"
    },
    {
      "id": 7,
      "content": "名为德米安之人开始向前踱步，如将要旅行一般步履轻盈。"
    },
    {
      "id": 8,
      "model": "데미안",
      "teller": "德米安",
      "title": "？？？",
      "content": "不久后世界将迎来新生，只有极少数人能前往那个新世界。"
    },
    {
      "id": 9,
      "model": "데미안",
      "teller": "德米安",
      "title": "？？？",
      "content": "辛克莱，你是其中一人。"
    },
    {
      "id": 10,
      "content": "辛克莱没能回答就失去了意识……"
    },
    {
      "id": 11,
      "content": "自称德米安的人缓缓向我走来。"
    },
    {
      "id": 12,
      "model": "데미안",
      "teller": "德米安",
      "title": "？？？",
      "content": "克罗默……她曾试图成为被众人所崇拜的神明。辛克莱也差点成了她的垫脚石。"
    },
    {
      "id": 13,
      "model": "데미안",
      "teller": "德米安",
      "title": "？？？",
      "content": "但他必须破茧成蝶才行。"
    },
    {
      "id": 14,
      "model": "데미안",
      "teller": "德米安",
      "title": "？？？",
      "content": "克罗默可是相当努力了，她千方百计制作出了和辛克莱第一次失去硬币时相同的情况。"
    },
    {
      "id": 15,
      "model": "데미안",
      "teller": "德米安",
      "title": "？？？",
      "content": "虽然离圣诞节还有段时间……"
    },
    {
      "id": 16,
      "model": "데미안",
      "teller": "德米安",
      "title": "？？？",
      "content": "费尽心思，最后却做出了自己极其厌恶的“假货”，很讽刺吧？"
    },
    {
      "id": 17,
      "model": "단테",
      "content": "<你在说什么？你是什么人？>"
    },
    {
      "id": 18,
      "model": "데미안",
      "teller": "德米安",
      "title": "？？？",
      "content": "很高兴见到你，但丁。"
    },
    {
      "id": 19,
      "model": "데미안",
      "teller": "德米安",
      "title": "？？？",
      "content": "你这段时间都扮演着一位和辛克莱很亲近的大人呢。"
    },
    {
      "id": 20,
      "model": "데미안",
      "teller": "德米安",
      "title": "？？？",
      "content": "至于我是谁……"
    },
    {
      "id": 21,
      "model": "데미안",
      "teller": "德米安",
      "title": "？？？",
      "content": "以及我在说些什么，时机成熟后你自然会知道。"
    },
    {
      "id": 22,
      "model": "단테",
      "content": "<……？！>"
    },
    {
      "id": 23,
      "model": "데미안",
      "teller": "德米安",
      "title": "？？？",
      "content": "当辛克莱带着内心的力量与信念振翅之时……"
    },
    {
      "id": 24,
      "model": "데미안",
      "teller": "德米安",
      "title": "？？？",
      "content": "嗯，那即是他和耀眼繁星合二为一的日子。"
    },
    {
      "id": 25,
      "model": "데미안",
      "teller": "德米安",
      "title": "？？？",
      "content": "……到那时我还会再回来。"
    },
    {
      "id": 26,
      "model": "데미안",
      "teller": "德米安",
      "title": "？？？",
      "content": "在那之前辛克莱就交给你了，但丁。"
    },
    {
      "id": 27,
      "model": "단테",
      "content": "<你……你能听懂我的话吗？>"
    },
    {
      "id": 28,
      "model": "데미안",
      "teller": "德米安",
      "title": "？？？",
      "content": "所有窸窣的响动我都了然于胸，你的自然也不例外，但丁。"
    },
    {
      "id": 29,
      "model": "데미안",
      "teller": "德米安",
      "title": "？？？",
      "content": "一如既往……"
    },
    {
      "id": 30,
      "model": "데미안",
      "teller": "德米安",
      "title": "？？？",
      "content": "最重要的事情，不可见，亦不可言。"
    },
    {
      "id": 31,
      "content": "围着青色围巾的少年不知何时消失不见……"
    },
    {
      "id": 32,
      "content": "尸山逐渐溶解崩坏。"
    },
    {
      "id": 33,
      "content": "血肉杂糅着滴落。"
    },
    {
      "id": 34,
      "content": "在那前方，是闪耀着温暖光芒的金枝。"
    },
    {
      "id": 35,
      "content": "辛克莱的世界也渐渐溶解。"
    },
    {
      "id": 36,
      "content": "我拖着只剩上半身的身体艰难地爬向辛克莱。"
    },
    {
      "id": 37,
      "model": "싱클레어",
      "content": "……"
    },
    {
      "id": 38,
      "content": "他还有呼吸。"
    },
    {
      "id": 39,
      "content": "我也一样，多亏这样我才能拨动指针。"
    },
    {
      "id": 40,
      "content": "既然如此，我还不能太早放弃经理的职位。"
    },
    {
      "id": 41,
      "content": "临死之际我领悟到了……"
    },
    {
      "id": 42,
      "content": "我必须成为更加明智的经理才行。"
    },
    {
      "id": 43,
      "content": "所以，我现在该说的是……"
    },
    {
      "id": 44,
      "model": "단테",
      "content": "<这也许是你的错，辛克莱。>"
    },
    {
      "id": 45,
      "model": "단테",
      "content": "<但那又如何……谁都会犯错，这次只不过是个小失误。>"
    },
    {
      "id": 46,
      "model": "단테",
      "content": "<不要因此而作茧自缚。>"
    },
    {
      "id": 47,
      "content": "我用融化的右手拍了拍他的背。"
    },
    {
      "id": 48,
      "content": "辛克莱没有回应。"
    },
    {
      "id": 49,
      "content": "如果追究所有的失误，那可就没完没了了。"
    },
    {
      "id": 50,
      "content": "我们每个人都怀着背负自身罪孽的决心登上了这辆巴士。"
    },
    {
      "id": 51,
      "content": "失去了头和记忆，却仍然担任着经理的我也一样。"
    },
    {
      "id": 52,
      "content": "……归根结底，是我们自己的错也说不定。"
    },
    {
      "id": 53,
      "content": "但如果被那事实埋没的话，就再也无法往前迈进。"
    },
    {
      "id": 54,
      "teller": "？？？",
      "title": "？？？",
      "content": "……找到了！"
    },
    {
      "id": 55,
      "content": "在大家凄惨地分散一地的时候，我听到了几个人的脚步声。"
    },
    {
      "id": 56,
      "content": "……应该是维吉里乌斯了解到情况，呼叫了外援小队吧。"
    },
    {
      "id": 57,
      "teller": "？？？",
      "title": "LCCA",
      "content": "好像是这个人，要现在注射吗？"
    },
    {
      "id": 58,
      "teller": "？？？",
      "title": "LCCA",
      "content": "只要他活着，其他人貌似就都能复活。务必全力修复他的身体。"
    },
    {
      "id": 59,
      "model": "단테",
      "content": "<咕……？！>"
    },
    {
      "id": 60,
      "content": "在肩膀上传来刺痛后不久，从我融化的身体部位传来奇怪的感觉。"
    },
    {
      "id": 61,
      "teller": "？？？",
      "title": "LCCA",
      "content": "那边提供的HP安瓿针剂有三个，要全部注射吗？"
    },
    {
      "id": 62,
      "teller": "？？？",
      "title": "LCCA",
      "content": "先观察再生状况，需要时再注射。"
    },
    {
      "id": 63,
      "teller": "？？？",
      "title": "LCCA",
      "content": "这群巴士上的混蛋们……能见到特色真是三生有幸啊，那位好像和K公司也有关系……"
    },
    {
      "id": 64,
      "teller": "？？？",
      "title": "LCCA",
      "content": "……来了，追……"
    },
    {
      "id": 65,
      "content": "围在我周围的人声渐渐远去。"
    },
    {
      "id": 66,
      "content": "混杂着辛克莱惨叫的哭声慢慢低沉，随后静静回荡。"
    },
    {
      "id": 67,
      "content": "于是，我们的第三次作战在阴郁的氛围中落幕了。"
    },
    {
      "id": 68
    },
    {
      "id": 69,
      "place": "梅菲斯托费勒斯 内部",
      "content": "虽然夺回了金枝，但我们输了。"
    },
    {
      "id": 70,
      "content": "可大家都像没意识到一样，巴士里比反而以往更有活力了。"
    },
    {
      "id": 71,
      "model": "베르길리우스",
      "content": "鸡肉串是按着人数买的，但现在少了一些，能吱声的就自己去找。"
    },
    {
      "id": 72,
      "model": "홍루",
      "content": "哇，好奇特的形状，为什么要把鸡肉串起来呢？"
    },
    {
      "id": 73,
      "model": "이상",
      "content": "记得在我曾居住的地方……也有这食物。"
    },
    {
      "id": 74,
      "model": "카론",
      "content": "甜甜的味道，是梅菲会喜欢的味道。"
    },
    {
      "id": 75,
      "content": "卡戎似乎很高兴地提高了车速。"
    },
    {
      "id": 76,
      "content": "卡戎又唱起听惯了的歌，我好像能猜到她这次唱的是什么。"
    },
    {
      "id": 77,
      "model": "그레고르",
      "content": "卡戎，离圣诞节还有一段时间吧？"
    },
    {
      "id": 78,
      "model": "카론",
      "content": "请不要让卡戎扫兴，虫男。"
    },
    {
      "id": 79,
      "model": "카론",
      "content": "卡戎觉得现在是圣诞节的气氛，那就是。"
    },
    {
      "id": 80,
      "model": "그레고르",
      "content": "呃……不是，我也没给你起绰号吧！"
    },
    {
      "id": 81,
      "model": "로쟈",
      "content": "那格雷格也喊“巴士小妹”怎么样~。你也是，怎么总是被欺负呢。"
    },
    {
      "id": 82,
      "model": "그레고르",
      "content": "呃……"
    },
    {
      "id": 83,
      "model": "베르길리우스",
      "content": "……"
    },
    {
      "id": 84,
      "content": "没吃难得买来的鸡肉串，维吉里乌斯就这样守望着这幅场景。"
    },
    {
      "id": 85,
      "content": "卡戎的歌又让他平静下来了吧。"
    },
    {
      "id": 86,
      "content": "他的话突然闯入我的耳中，“卡戎正在穿过隧道”。"
    },
    {
      "id": 87,
      "content": "于是我……"
    },
    {
      "id": 88,
      "content": "注视着和其他罪人呆在一起，脸上浮出笑容的辛克莱。"
    },
    {
      "id": 89,
      "model": "단테",
      "content": "<既然要穿过很长的隧道……>"
    },
    {
      "id": 90,
      "model": "단테",
      "content": "<那等早上再出发不也行吗？>"
    },
    {
      "id": 91,
      "model": "베르길리우스",
      "content": "……"
    },
    {
      "id": 92,
      "model": "로쟈",
      "content": "哈哈！但丁，你在说什么呢？来！你也吃鸡肉串，啊~。"
    },
    {
      "id": 93,
      "model": "뫼르소",
      "content": "经理他没有嘴。"
    },
    {
      "id": 94,
      "model": "오티스",
      "content": "经理大人是即使一言不发也能控制住局面的奇才，因此无须用嘴，请您将此牢记于心。"
    },
    {
      "id": 95,
      "model": "이스마엘",
      "content": "不是……你这么信口开河难道不累吗，奥提斯？"
    },
    {
      "id": 96,
      "model": "히스클리프",
      "content": "喂！这玩意儿还有吗？怪好吃的。"
    },
    {
      "id": 97,
      "model": "료슈",
      "content": "嘿，虫・男，借下打火机。"
    },
    {
      "id": 98,
      "model": "그레고르",
      "content": "……你以为省略着说我就不知道了吗？"
    },
    {
      "id": 99,
      "content": "关于这次既成功也失败的作战，我也有想过和罪人们诉说这份微妙的心情……"
    },
    {
      "id": 100,
      "content": "但很快便放弃了。"
    },
    {
      "id": 101,
      "content": "我想起自己对辛克莱说过的话，“不要因现在的失败作茧自缚”。"
    },
    {
      "id": 102,
      "content": "我暗自下定决心，要在下次作战挽回。"
    },
    {
      "id": 103,
      "model": "돈키호테",
      "content": "喂，猩红……不对，维吉里乌斯先生。"
    },
    {
      "id": 104,
      "model": "베르길리우스",
      "content": "怎么了。"
    },
    {
      "id": 105,
      "model": "돈키호테",
      "content": "吾确信自己严格遵守规章行动了。"
    },
    {
      "id": 106,
      "model": "돈키호테",
      "content": "所以，吾……吃一串鸡肉串也行吧？"
    },
    {
      "id": 107,
      "model": "베르길리우스",
      "content": "……随便你。"
    },
    {
      "id": 108,
      "content": "热闹的巴士随着堂吉诃德的欢呼声迅速奔驰。"
    },
    {
      "id": 109,
      "content": "虽然话语无法传达，但我相信我的想法会以某种方式传达给大家。"
    },
    {
      "id": 110,
      "content": "……于是朝阳升起。"
    },
    {
      "id": 111
    }
  ]
}