{
  "dataList": [
    {
      "id": 0,
      "model": "싱클레어",
      "content": "我的家人有条每天早上都要聚在餐桌上一起吃早饭的规矩。"
    },
    {
      "id": 1,
      "model": "싱클레어",
      "content": "在那段全家都其乐融融地围坐在餐桌旁的时光中，我们总是分享着彼此生活中的趣事，互相开开玩笑，或是给对方接下来的一天加油打气。现在回忆起来，一切也依旧是那么美好。"
    },
    {
      "id": 2,
      "model": "싱클레어",
      "content": "我喜欢那段时光中的每一次早晨，那条规则为我的内心带来了数不清的快乐和温馨。"
    },
    {
      "id": 3,
      "model": "싱클레어",
      "content": "那是个一切都自然无比，似乎永远也不会改变的，属于我的世界。"
    },
    {
      "id": 4,
      "model": "싱클레어",
      "content": "但从有一天起，那个世界却开始让我感到陌生……"
    },
    {
      "id": 5,
      "model": "싱클레어",
      "content": "正是在我的姐姐完成了义体改造的手术后，坐到餐桌旁的那一天。"
    },
    {
      "id": 6,
      "model": "싱클레어",
      "content": "而在我父亲的头颅被一团由钢铁、电路和线缆组成的陌生装置代替之后，我的世界便彻底天翻地覆。"
    },
    {
      "id": 7,
      "model": "싱클레어",
      "content": "我们的家庭早餐既无法让我感到温暖，也无法让我与家人们紧密相连。在那个日渐冰冷的场所，我也愈发沉默寡言。"
    },
    {
      "id": 8,
      "model": "싱클레어",
      "content": "啊……从那时起，对义体的厌恶便成了我的生理本能。"
    },
    {
      "id": 9,
      "model": "싱클레어",
      "content": "“真肮脏……”"
    },
    {
      "id": 10,
      "model": "싱클레어",
      "content": "用异物来取代自己血肉的行径，我光是想想就觉得反胃，更别说是付诸实践了。"
    },
    {
      "id": 11,
      "model": "싱클레어",
      "content": "为什么我们要使用义体？"
    },
    {
      "id": 12,
      "model": "싱클레어",
      "content": "我小心翼翼地发出询问，却只得到了父亲简略的回答。"
    },
    {
      "id": 13,
      "model": "싱클레어",
      "content": "人类的肉体，太过于“落伍”了。"
    },
    {
      "id": 14,
      "model": "싱클레어",
      "content": "缺乏进食就会感到饥饿，缺乏睡眠就会感到疲惫，一旦受伤，还要耗费大量的时间来等待痊愈。"
    },
    {
      "id": 15,
      "model": "싱클레어",
      "content": "肉体的一切都充满了低效。"
    },
    {
      "id": 16,
      "model": "싱클레어",
      "content": "以后使用义体的人只会越来越多，最后在某一天，义体就会成为我们生活中稀疏平常的一部分。"
    },
    {
      "id": 17,
      "model": "싱클레어",
      "content": "而我在想："
    },
    {
      "id": 18,
      "model": "싱클레어",
      "content": "“如果这就是时代的趋势，那我宁愿被潮流所抛弃。”"
    },
    {
      "id": 19,
      "model": "싱클레어",
      "content": "……除此之外，我想不出任何理性的答复。"
    },
    {
      "id": 20,
      "place": "教室",
      "model": "학생크로머",
      "teller": "克罗默",
      "title": "学生",
      "content": "哟，辛克莱……你并不想去做替换手术，对吧？"
    },
    {
      "id": 21,
      "model": "싱클레어",
      "content": "我沉默地点了点头。"
    },
    {
      "id": 22,
      "model": "학생크로머",
      "teller": "克罗默",
      "title": "学生",
      "content": "可要是把这话转告给你的父母，他们一定会难过的要命。"
    },
    {
      "id": 23,
      "model": "학생크로머",
      "teller": "克罗默",
      "title": "学生",
      "content": "你是不是为自己的无能为力感到沮丧？"
    },
    {
      "id": 24,
      "model": "싱클레어",
      "content": "我又点了点头。"
    },
    {
      "id": 25,
      "model": "학생크로머",
      "teller": "克罗默",
      "title": "学生",
      "content": "让我来帮助你吧？我可以让你自由自在的活着，再也不用管那些鬼东西。"
    },
    {
      "id": 26,
      "model": "싱클레어",
      "content": "但、但是，你要怎么做？"
    },
    {
      "id": 27,
      "model": "학생크로머",
      "teller": "克罗默",
      "title": "学生",
      "content": "这个嘛，到时候你就知道了。"
    },
    {
      "id": 28,
      "model": "학생크로머",
      "teller": "克罗默",
      "title": "学生",
      "content": "作为交换……"
    },
    {
      "id": 29,
      "model": "학생크로머",
      "teller": "克罗默",
      "title": "学生",
      "content": "作为我帮你解决麻烦的回报，你也得帮我解决一个麻烦。"
    }
  ]
}