{
  "dataList": [
    {
      "id": 0,
      "place": "11区 脑叶公司支部内某处",
      "model": "히스클리프",
      "content": "……你们听到附近传来好像是野兽爬行一样的动静了吗？"
    },
    {
      "id": 1,
      "content": "周围肯定有什么东西在地板上来回刮擦移动。"
    },
    {
      "id": 2,
      "model": "침식직원1",
      "teller": "？？？",
      "title": "？？？",
      "content": "呜……咕呜呜呜……"
    },
    {
      "id": 3,
      "model": "그레고르",
      "content": "那也是异想体吗？"
    },
    {
      "id": 4,
      "model": "이스마엘",
      "content": "看清楚了，那些不是异想体。看到那些纹章了吗……"
    },
    {
      "id": 5,
      "content": "以实玛利低声对我们说道。"
    },
    {
      "id": 6,
      "content": "仔细一看，那些野兽的身体中镶嵌着熟悉的纹章。那是在审判官身上才会有的东西。"
    },
    {
      "id": 7,
      "model": "파우스트",
      "content": "是E.G.O.侵蚀。"
    },
    {
      "id": 8,
      "model": "그레고르",
      "content": "你是说那个恶心的状态……？"
    },
    {
      "id": 9,
      "model": "이스마엘",
      "content": "好像在战斗中精神产生动摇的时候就会发生……简直就像是被某种东西吞噬了一样。"
    },
    {
      "id": 10,
      "model": "파우스트",
      "content": "虽然不太准确，但还算是个不错的比喻。它的确会吞噬你的本质。"
    },
    {
      "id": 11,
      "model": "파우스트",
      "content": "……从观察结果上来看，这里与之前的楼层不同，并不完全是用于拷问义体使用者的地方。"
    },
    {
      "id": 12,
      "model": "파우스트",
      "content": "准确来说，这里应该是强行让自己被侵蚀的场所。"
    },
    {
      "id": 13,
      "model": "침식직원1",
      "teller": "被侵蚀的异端审判官",
      "title": "钉与锤",
      "content": "喔……呜……啊……"
    },
    {
      "id": 14,
      "content": "望着那个摇摇晃晃向我走来的东西……"
    },
    {
      "id": 15,
      "content": "我心情复杂地叹了口气。"
    },
    {
      "id": 16,
      "content": "难道因为对我这种时钟脑袋痛恨不已，就要变成比钟表更加丑陋的样子活下去吗？"
    },
    {
      "id": 17,
      "content": "主动抛弃自我，然后被别的什么东西所取代……"
    },
    {
      "id": 18,
      "content": "就这样，在抹除掉自我后才得到的金枝……"
    },
    {
      "id": 19,
      "content": "真的能够为了他们的利益而使用吗？"
    },
    {
      "id": 20,
      "content": "忽然间，一个想法就这样闯进了我的脑海。"
    },
    {
      "id": 21,
      "content": "我并不知道金枝可能会引发什么样的后果，却依然在搜寻着它……"
    },
    {
      "id": 22,
      "content": "……我和那些可悲的侵蚀者们，真的有什么不同吗？ "
    }
  ]
}