{
  "dataList": [
    {
      "id": 0,
      "place": "小巷之中",
      "model": "싱클레어",
      "content": "回过神来发现，自己在巷子中被正午的太阳仔细的炙烤着。"
    },
    {
      "id": 1,
      "model": "싱클레어",
      "content": "我就那么呆呆的躺在那里。"
    },
    {
      "id": 2,
      "model": "싱클레어",
      "content": "巷子里到处都是蒸腾的热气。"
    },
    {
      "id": 3,
      "model": "학생데미안",
      "teller": "德米安",
      "title": "不可思议的转校生",
      "content": "辛克莱，你的世界中出现了裂隙呢。"
    },
    {
      "id": 4,
      "model": "싱클레어",
      "content": "我看到德米安时每每感到的违和感的原因，我可能明白了。"
    },
    {
      "id": 5,
      "model": "싱클레어",
      "content": "为什么那个人总是没有脚步声呢？"
    },
    {
      "id": 6,
      "model": "싱클레어",
      "content": "又为什么一切都孤独又安静，就像靠近了不存于世间的寂静呢？"
    },
    {
      "id": 7,
      "model": "싱클레어",
      "content": "家人的死也……世界的恶也……绝望也……"
    },
    {
      "id": 8,
      "model": "싱클레어",
      "content": "并且你也……"
    },
    {
      "id": 9,
      "model": "학생데미안",
      "teller": "德米安",
      "title": "不可思议的转校生",
      "content": "你害怕么，辛克莱？"
    },
    {
      "id": 10,
      "model": "싱클레어",
      "content": "他如是对我讲到。"
    },
    {
      "id": 11,
      "model": "싱클레어",
      "content": "就像看穿了全部一样，\n就像一切都只是既定的过程一样。"
    },
    {
      "id": 12,
      "model": "싱클레어",
      "content": "他的举动就像知晓一切，不等我回答就开口。"
    },
    {
      "id": 13,
      "model": "학생데미안",
      "teller": "德米安",
      "title": "不可思议的转校生",
      "content": "总有一天，你会突破这一切，然后展翅高飞。"
    },
    {
      "id": 14,
      "model": "학생데미안",
      "teller": "德米安",
      "title": "不可思议的转校生",
      "content": "我想看到的……是摆脱桎梏后原本的你。"
    },
    {
      "id": 15,
      "model": "싱클레어",
      "content": "他说出我没有说出口的心声，就像知道会发生什么一样。"
    },
    {
      "id": 16,
      "model": "싱클레어",
      "content": "虽然，他的话语中好像充满了温暖…"
    },
    {
      "id": 17,
      "model": "싱클레어",
      "content": "但我只感到了冰冷，就像在咬没有熟透的火鸡一样。…"
    },
    {
      "id": 18,
      "model": "싱클레어",
      "content": "无法抗拒，我只能再次陷入昏迷。"
    }
  ]
}