{
  "dataList": [
    {
      "id": 0,
      "place": "教室",
      "model": "싱클레어",
      "content": "某一天，隔壁班上来了一个名叫“德米安”的转校生。"
    },
    {
      "id": 1,
      "model": "싱클레어",
      "content": "虽说他总是被人群所簇拥着，"
    },
    {
      "id": 2,
      "model": "싱클레어",
      "content": "但实际上，我觉得他似乎不喜欢任何人。"
    },
    {
      "id": 3,
      "model": "싱클레어",
      "content": "在我看来，德米安就像漂浮在空中一样，他的心并不在此处。"
    },
    {
      "id": 4,
      "model": "싱클레어",
      "content": "同样，他看起来对我也没什么兴趣。"
    },
    {
      "id": 5,
      "model": "싱클레어",
      "content": "一开始，是这样的。"
    },
    {
      "id": 6,
      "model": "싱클레어",
      "content": "那一天，是无聊透顶的工学课。"
    },
    {
      "id": 7,
      "model": "싱클레어",
      "content": "我的视线逐渐逃离了黑板，不知不觉的飘向窗外。"
    },
    {
      "id": 8,
      "model": "싱클레어",
      "content": "透过窗户，我看见他正在享受着散步的时光。"
    },
    {
      "id": 9,
      "model": "싱클레어",
      "content": "一如既往被朋友们簇拥着的他，脸上挂着一抹淡淡的微笑。"
    },
    {
      "id": 10,
      "model": "싱클레어",
      "content": "就连他的笑容也与其他同龄人有所不同。那是一张令人陌生的，成熟而又孤独的笑脸。"
    },
    {
      "id": 11,
      "model": "싱클레어",
      "content": "沐浴在阳光下，他那样笑着，静静地向上拢了拢头发"
    },
    {
      "id": 12,
      "model": "싱클레어",
      "content": "哎？"
    },
    {
      "id": 13,
      "model": "싱클레어",
      "content": "一瞬间，他的额头上似乎闪现出一道不可思议的红光。"
    },
    {
      "id": 14,
      "model": "싱클레어",
      "content": "是我看错了吗？也许只是那一刻的阳光太过刺眼了而已。"
    },
    {
      "id": 15,
      "model": "싱클레어",
      "content": "就在这时。"
    },
    {
      "id": 16,
      "model": "싱클레어",
      "content": "我感觉好像对上了他的目光。"
    },
    {
      "id": 17,
      "model": "학생데미안",
      "teller": "德米安",
      "title": "不可思议的转校生",
      "content": "……"
    },
    {
      "id": 18,
      "model": "싱클레어",
      "content": "窗外依旧传来孩子们的说笑声，"
    },
    {
      "id": 19,
      "model": "싱클레어",
      "content": "感受到他的视线，我慌忙地收回目光，看向眼前的桌子。"
    },
    {
      "id": 20,
      "model": "싱클레어",
      "content": "这件奇妙的事情之后，德米安就开始经常找我亲密的搭话了。"
    },
    {
      "id": 21,
      "model": "싱클레어",
      "content": "奇怪的是，只要是德米安来找我的日子，克罗默就不会来跟我问好。"
    },
    {
      "id": 22,
      "model": "싱클레어",
      "content": "但她还是会抓住每一个接近我的机会，反复确认我是否忘记了我们的约定。"
    },
    {
      "id": 23,
      "place": "教室",
      "model": "학생데미안",
      "teller": "德米安",
      "title": "不可思议的转校生",
      "content": "我时常会做梦，辛克莱。"
    },
    {
      "id": 24,
      "model": "학생데미안",
      "teller": "德米安",
      "title": "不可思议的转校生",
      "content": "在梦中，我登上了一架很高很高的梯子。在上面，整片大地都一览无余。从巢到后巷，再到郊区，全部都能看到。"
    },
    {
      "id": 25,
      "model": "학생데미안",
      "teller": "德米安",
      "title": "不可思议的转校生",
      "content": "而当我低头俯瞰时，都市中所有的灯光都熄灭了，就像是迎来了万物的终结。"
    },
    {
      "id": 26,
      "model": "학생데미안",
      "teller": "德米安",
      "title": "不可思议的转校生",
      "content": "没有任何动静，唯有寂静的死亡。"
    },
    {
      "id": 27,
      "model": "학생데미안",
      "teller": "德米安",
      "title": "不可思议的转校生",
      "content": "啊，这便是死亡本身。"
    },
    {
      "id": 28,
      "model": "싱클레어",
      "content": "德米安，你去过郊区吗？"
    },
    {
      "id": 29,
      "model": "싱클레어",
      "content": "我在恐惧中低声询问道。"
    },
    {
      "id": 30,
      "model": "싱클레어",
      "content": "因为郊区一个谁也不能去，谁都去不了的地方。"
    },
    {
      "id": 31,
      "model": "학생데미안",
      "teller": "德米安",
      "title": "不可思议的转校生",
      "content": "辛克莱，这世界并不像人们所决定的那样，划分为该去和不该去的地方。"
    },
    {
      "id": 32,
      "model": "학생데미안",
      "teller": "德米安",
      "title": "不可思议的转校生",
      "content": "你认为这座巢中存在着自由与爱吗？相比之下，郊区反而比这里要更加丰饶。"
    },
    {
      "id": 33,
      "model": "학생데미안",
      "teller": "德米安",
      "title": "不可思议的转校生",
      "content": "我从很久之前就一直在思考一件事，我想答案也许就藏在郊区。"
    },
    {
      "id": 34,
      "model": "싱클레어",
      "content": "在与德米安交流的时候，我感觉自己的灵魂似乎都变得更加成熟了。"
    },
    {
      "id": 35,
      "model": "싱클레어",
      "content": "然而，无论是我对于义体改造手术的恐惧，还是我与克罗默的奇妙关系，我都从未与他提起过。"
    },
    {
      "id": 36,
      "model": "싱클레어",
      "content": "尽管他似乎对我身上的许多事情都充满了好奇，但我还是没有与他分享这些秘密。"
    },
    {
      "id": 37,
      "model": "싱클레어",
      "content": "我实在羞于暴露出自己心中那份潜藏的恐惧。"
    },
    {
      "id": 38,
      "model": "싱클레어",
      "content": "就这样，终于……"
    },
    {
      "id": 39,
      "model": "싱클레어",
      "content": "与克罗默约定的那天到了。"
    },
    {
      "id": 40,
      "model": "학생크로머",
      "teller": "克罗默",
      "title": "学生",
      "content": "辛克莱，能带我参观一下你家的地下室吗？"
    },
    {
      "id": 41,
      "model": "싱클레어",
      "content": "她的话语响起得那样突然，却又像飘落的羽毛一般轻描淡写。"
    },
    {
      "id": 42,
      "model": "싱클레어",
      "content": "她请求我的态度，就像希望我捡起掉在地上的橡皮擦一样理所当然，我差点就要不假思索地答应了。"
    },
    {
      "id": 43,
      "model": "싱클레어",
      "content": "为、为什么要去我家的地下室？"
    },
    {
      "id": 44,
      "model": "학생크로머",
      "teller": "克罗默",
      "title": "学生",
      "content": "如果我偶然听到的传闻没错，那么那里就连接着一个很厉害的地方。我有必须要去确认的东西。"
    },
    {
      "id": 45,
      "model": "싱클레어",
      "content": "但是我的父母……"
    },
    {
      "id": 46,
      "model": "싱클레어",
      "content": "“…可能会不太高兴。”\n尽管是这么想的……但就连这样的话语，都会令我感到羞耻不已。我无论如何都没能说出口。"
    },
    {
      "id": 47,
      "model": "학생크로머",
      "teller": "克罗默",
      "title": "学生",
      "content": "只要我能够确认清楚，辛克莱。"
    },
    {
      "id": 48,
      "model": "학생크로머",
      "teller": "克罗默",
      "title": "学生",
      "content": "我向你保证，一定会遵守我们之间的约定。"
    },
    {
      "id": 49,
      "model": "학생크로머",
      "teller": "克罗默",
      "title": "学生",
      "content": "你只需要偷偷拿来地下室的钥匙，带路就交给我……"
    },
    {
      "id": 50,
      "model": "싱클레어",
      "content": "没能注意到她的言语中暗含着某种既视感的我，最终缓缓点了点头……"
    },
    {
      "id": 51,
      "model": "싱클레어",
      "content": "于是，邪恶的世界，自我家的中心诞生了。"
    }
  ]
}