{
  "dataList": [
    {
      "id": 0,
      "place": "无边无际的尸山",
      "content": "由肉体组成的山丘喷涌着强酸，轻而易举地将辛克莱的双脚融化。\n而其他罪人，也已经像这样融入了脚下的山丘。"
    },
    {
      "id": 1,
      "content": "他凄惨地倒下了。不，毋如说是坠落更为准确。"
    },
    {
      "id": 2,
      "content": "但是，尽管如此。他还是向着克罗默的方向继续前进着。"
    },
    {
      "id": 3,
      "model": "변신크로머",
      "teller": "克罗默",
      "title": "钉与锤",
      "content": "没错！就是这样！痛苦吗？憎恨吗？\n将所有这一切感情！全部接纳吧！"
    },
    {
      "id": 4,
      "model": "변신크로머",
      "teller": "克罗默",
      "title": "钉与锤",
      "content": "看着我！看这最为接近纯粹的人类的这副身姿！看这具肉体，这群肉块！\n看着你们所无法企及的纯粹的强大！"
    },
    {
      "id": 5,
      "model": "변신크로머",
      "teller": "克罗默",
      "title": "钉与锤",
      "content": "啊啊，辛克莱啊……现在的你是如此的接近人类！\n你也将会变成与我同样的存在！"
    },
    {
      "id": 6,
      "model": "싱클레어",
      "content": "我要……把你……"
    },
    {
      "id": 7,
      "model": "변신크로머",
      "teller": "克罗默",
      "title": "钉与锤",
      "content": "辛克莱，你其实很害怕对吧？失去了家人之后，和陌生人一起坐着辆巴士\n东奔西走随波逐流，被逼着干各种不想干的事情。"
    },
    {
      "id": 8,
      "model": "변신크로머",
      "teller": "克罗默",
      "title": "钉与锤",
      "content": "这里根本就不是你该待的地方，其实你心里是这样想的吧"
    },
    {
      "id": 9,
      "model": "변신크로머",
      "teller": "克罗默",
      "title": "钉与锤",
      "content": "很想逃走吧？很想将所有一切都抛之脑后？对吧？"
    },
    {
      "id": 10,
      "model": "싱클레어",
      "content": "我绝对……"
    },
    {
      "id": 11,
      "model": "변신크로머",
      "teller": "克罗默",
      "title": "钉与锤",
      "content": "一同踏上征程吧，辛克莱！不要逃避，接受这一切！\n实现我的夙愿！"
    },
    {
      "id": 12,
      "content": "辛克莱那紧握武器的手臂逐渐脱力。"
    },
    {
      "id": 13,
      "content": "但是，他匍匐迈向克罗默的脚步并没有停下。"
    },
    {
      "id": 14,
      "model": "변신크로머",
      "teller": "克罗默",
      "title": "钉与锤",
      "content": "接受痛苦吧！我们将会在超越痛苦的瞬间获得新生！"
    },
    {
      "id": 15,
      "model": "변신크로머",
      "teller": "克罗默",
      "title": "钉与锤",
      "content": "任肉体剥离，让鲜血流淌！不断地趋向人类最纯粹的那一刻！！"
    },
    {
      "id": 16,
      "model": "변신크로머",
      "teller": "克罗默",
      "title": "钉与锤",
      "content": "将存在着成千上万不纯之物的都市滤净成最为纯粹的新世界！"
    },
    {
      "id": 17,
      "model": "싱클레어",
      "content": "母亲……父亲……姐姐……"
    },
    {
      "id": 18,
      "content": "辛克莱看向已经失去气息的罪人们的脸，失神般喃喃着。"
    },
    {
      "id": 19,
      "content": "不能就这样放任不管。"
    },
    {
      "id": 20,
      "model": "단테",
      "content": "<辛克莱！给我听好了！>"
    },
    {
      "id": 21,
      "content": "事到如今我很惭愧，但事到如今，我还是想做点什么。"
    },
    {
      "id": 22,
      "content": "像执行经理该做的那样。"
    },
    {
      "id": 23,
      "model": "단테",
      "content": "<我是知道的！在你心里考虑的事情总是比你在人前说的要多得多！>"
    },
    {
      "id": 24,
      "content": "辛克莱就是这样的人。"
    },
    {
      "id": 25,
      "content": "为了不让自己成为累赘，总是想的比说的多，\n以至于让人觉得沉默寡言。"
    },
    {
      "id": 26,
      "content": "以负罪感的形式将自己的思考消化。"
    },
    {
      "id": 27,
      "model": "싱클레어",
      "content": "我的家人都因我而死去了……"
    },
    {
      "id": 28,
      "model": "싱클레어",
      "content": "就因为我说了不该说的话……"
    },
    {
      "id": 29,
      "model": "변신크로머",
      "teller": "克罗默",
      "title": "钉与锤",
      "content": "没错！都是你的错。所以接受它吧！这样你就能获得完全的新生！"
    },
    {
      "id": 30,
      "model": "변신크로머",
      "teller": "克罗默",
      "title": "钉与锤",
      "content": "跟我来吧……让我执掌你的存在！"
    },
    {
      "id": 31,
      "model": "단테",
      "content": "<不能听她说的！>"
    },
    {
      "id": 32,
      "model": "단테",
      "content": "<你看！看看她的样子，她的本质究竟是什么！>"
    },
    {
      "id": 33,
      "content": "但是，仿佛没有听到。"
    },
    {
      "id": 34,
      "model": "싱클레어",
      "content": "啊……"
    },
    {
      "id": 35,
      "content": "辛克莱手中握着的武器，还是落到了地面。"
    },
    {
      "id": 36,
      "content": "他再也无法朝着克罗默前进了。"
    },
    {
      "id": 37,
      "content": "是啊，现在都完了。"
    },
    {
      "id": 38,
      "content": "我感觉到自己的身体逐渐融入了山丘之中。"
    },
    {
      "id": 39,
      "content": "我也想过自己总有一天会死于这种得过且过的扮经理游戏。"
    },
    {
      "id": 40,
      "content": "但是……"
    },
    {
      "id": 41,
      "model": "단테",
      "content": "<辛克莱……>"
    },
    {
      "id": 42,
      "content": "我必须再说些什么。"
    },
    {
      "id": 43,
      "content": "我必须要告诉他，克罗默说的那些话，充满了虚伪、威胁、伪善和夸张。"
    },
    {
      "id": 44,
      "content": "我全身的神经都被激起，它们大叫着不能就这样放弃辛克莱。"
    },
    {
      "id": 45,
      "content": "我能感觉到，这具身体的形状已经渐渐融化……"
    },
    {
      "id": 46,
      "model": "단테",
      "content": "<好好地、好好地看着！辛克莱！>"
    },
    {
      "id": 47,
      "model": "단테",
      "content": "<不是用眼睛、而是用你的心去看！>"
    },
    {
      "id": 48,
      "content": "我向着辛克莱竭力挤出了声音。"
    },
    {
      "id": 49,
      "model": "단테",
      "content": "<只有这样……你才能看到最重要的东西。>"
    },
    {
      "id": 50,
      "teller": "？？？",
      "title": "？？？",
      "content": "只有这样……你才能看到最重要的东西。"
    },
    {
      "id": 51,
      "content": "这时。"
    },
    {
      "id": 52,
      "content": "有什么人悄无声息地接近了。"
    },
    {
      "id": 53,
      "model": "데미안",
      "teller": "？？？",
      "title": "？？？",
      "content": "而当你能看到你最重要的东西之后……"
    },
    {
      "id": 54,
      "model": "데미안",
      "teller": "？？？",
      "title": "？？？",
      "content": "就凭这种贫弱的威胁和小伎俩，是不可能将你杀死的。"
    },
    {
      "id": 55,
      "model": "데미안",
      "teller": "？？？",
      "title": "？？？",
      "content": "……对吧，辛克莱？"
    },
    {
      "id": 56,
      "content": "//효과연출1"
    },
    {
      "id": 57,
      "content": "他显得十分轻盈，宛如在空中漂浮一般慢慢移动着。"
    },
    {
      "id": 58,
      "content": "好似世间任何东西都无法束缚住他，任何人都不及他那般轻巧。"
    },
    {
      "id": 59,
      "content": "目之所及，是宛如理解了世间一切之物般浮于尘世之上的剥离感，但与此相反\n他缓慢向前，迫切而来的，是宛如让万物臣服的压迫气场。"
    },
    {
      "id": 60,
      "content": "然后，他挥了挥左臂。"
    },
    {
      "id": 61,
      "content": "//효과연출2"
    },
    {
      "id": 62,
      "content": "克罗默的上半身完全消失了。"
    }
  ]
}