{
  "dataList": [
    {
      "id": 0,
      "model": "뒤틀린주인카운트2",
      "teller": "银凤家炸鸡酒吧 店长",
      "title": "银凤家炸鸡酒吧",
      "content": "……"
    },
    {
      "id": 1,
      "model": "돈키호테",
      "content": "不对，这到底是怎么回事？！他甚至连一口都还没吃，数字就已经下降了？！"
    },
    {
      "id": 2,
      "model": "단테",
      "content": "<他说仅仅是听到你们所说的内容食欲就大大下降，甚至连评估的价值都没有……>"
    },
    {
      "id": 3,
      "model": "그레고르요리사",
      "content": "和店长本来发出的声音相比，是不是多了几个音节？"
    },
    {
      "id": 4,
      "model": "돈키호테",
      "content": "确实如此！请撤回刚才的评价！！"
    },
    {
      "id": 5,
      "model": "단테",
      "content": "<等，等一下！我先问你们一个问题！>"
    },
    {
      "id": 6,
      "model": "단테",
      "content": "<你们之中有人尝过这东西吗？>"
    },
    {
      "id": 7,
      "model": "그레고르요리사",
      "content": "……"
    },
    {
      "id": 8,
      "model": "이상",
      "content": "……"
    },
    {
      "id": 9,
      "model": "히스클리프",
      "content": "……"
    },
    {
      "id": 10,
      "model": "돈키호테",
      "content": "……"
    },
    {
      "id": 11,
      "model": "단테",
      "content": "<说是让人试吃料理，但制作者自己都不吃算怎么回事啊，我们是在努力取悦这里的人哎！>"
    },
    {
      "id": 12,
      "model": "히스클리프",
      "content": "呃……钟表头，难得说了正经话啊。谁要来吃？"
    },
    {
      "id": 13,
      "content": "空气中弥漫着比战斗开始前还要杀机四伏的气氛。"
    },
    {
      "id": 14,
      "model": "이상",
      "content": "……不要用这种眼神看着我……"
    },
    {
      "id": 15,
      "model": "돈키호테",
      "content": "吾愿献身！若牺牲可令恢复世间之扭曲恢复原状……！"
    },
    {
      "id": 16,
      "content": "堂吉诃德一脸悲壮地闭上眼睛。"
    },
    {
      "id": 17,
      "model": "히스클리프",
      "content": "妈的！不管了，谁都好快点把它给吃了！"
    },
    {
      "id": 18,
      "content": "希斯克利夫从盘子里抓了一块，塞进了离他最近的人嘴里……"
    },
    {
      "id": 19,
      "model": "뫼르소",
      "content": "……"
    },
    {
      "id": 20,
      "content": "面对突如其来的味觉考验，默尔索僵立在原地，一动不动。"
    },
    {
      "id": 21,
      "model": "단테",
      "content": "<他是不是当场去世了？>"
    },
    {
      "id": 22,
      "model": "돈키호테",
      "content": "以名誉起誓，这次吾真的什么都没有做。如果维吉里乌斯老爷追究起责任的话……"
    },
    {
      "id": 23,
      "content": "默尔索缓缓把头转向希斯克利夫。"
    },
    {
      "id": 24,
      "model": "뫼르소",
      "content": "整……"
    },
    {
      "id": 25,
      "model": "히스클리프",
      "content": "整……什么？"
    },
    {
      "id": 26,
      "model": "뫼르소",
      "content": "整体上调味太过分散不协调；鸡肉没有用合适的火候烹熟，没能完全去除鸡肉的腥味和杂味；酱汁过于黏稠，鸡肉味道寡淡；刀工随意且不整齐，摆盘无法勾起食用者的食欲。"
    },
    {
      "id": 27,
      "model": "히스클리프",
      "content": "哈……你是不是已经疯了？你想说的就是这些吗？"
    },
    {
      "id": 28,
      "model": "뫼르소",
      "content": "不。"
    },
    {
      "id": 29,
      "model": "뫼르소",
      "content": "我还没有说完。"
    },
    {
      "id": 30,
      "model": "뫼르소",
      "content": "调味和香料简直一团糟，吃到嘴里还不如一块石膏。你因为砂糖不够而加入了两勺半黄油作为调料，而这些让口味直接落入了下水道。"
    },
    {
      "id": 31,
      "model": "돈키호테",
      "content": "对……对……对不起……"
    },
    {
      "id": 32,
      "model": "뫼르소",
      "content": "李箱，如同你的名字一样，料理被你搞成了破灭的理想，它让我的口腔感受到了死亡，你打算让我得胃溃疡，还是想让我变遗像？我要就此离场，以上。"
    },
    {
      "id": 33,
      "model": "이상",
      "content": "……我无可辩解。"
    },
    {
      "id": 34,
      "model": "히스클리프",
      "content": "等一下，那家伙……是被什么东西附身了吗？"
    },
    {
      "id": 35,
      "model": "뫼르소",
      "content": "对大多数人而言，我说的话越详细，就越无法抓住核心观点。"
    },
    {
      "id": 36,
      "model": "뫼르소",
      "content": "因此，至今为止我一直刻意不让自己的言辞过于冗长。"
    },
    {
      "id": 37,
      "model": "뫼르소",
      "content": "此外……"
    },
    {
      "id": 38,
      "model": "홍루",
      "content": "那么，下一个就让默尔索先生来做料理吧！"
    },
    {
      "id": 39,
      "content": "鸿璐在批判轮到自己之前，拍了拍手迅速转换了话题。"
    },
    {
      "id": 40,
      "model": "홍루",
      "content": "我们会在你需要的各方面协助你的！"
    },
    {
      "id": 41,
      "model": "뫼르소",
      "content": "……我不喜欢有助手协助。"
    },
    {
      "id": 42,
      "model": "돈키호테",
      "content": "不用担心！我们不会让你失望的！"
    },
    {
      "id": 43,
      "content": "堂吉诃德撸起袖子，大声喊道。"
    },
    {
      "id": 44,
      "model": "뫼르소",
      "content": "嗯……虽然烹饪不是我的专业领域，但如果你们坚持的话，我很乐意试一试。"
    },
    {
      "id": 45,
      "model": "단테",
      "content": "<让，让我们来看看良秀队表现如何？>"
    },
    {
      "id": 46,
      "content": "在格里高尔队状况百出的时候，良秀队的气氛却变得异常紧张。"
    },
    {
      "id": 47,
      "model": "싱클레어",
      "content": "但，但是……"
    },
    {
      "id": 48,
      "model": "싱클레어",
      "content": "味道又咸又淡，甜又不甜，又嫩又脆的料理，到底要怎么做啊！"
    },
    {
      "id": 49,
      "content": "辛克莱怒不可遏地大声抱怨着，一把扔下了穿在身上的围裙。"
    },
    {
      "id": 50,
      "model": "싱클레어",
      "content": "我做不到！索性按以实玛利小姐说的那样，和希斯克利夫先生掰手腕获胜也许还更容易点！"
    },
    {
      "id": 51,
      "model": "이스마엘",
      "content": "那，那只是玩笑话……"
    },
    {
      "id": 52,
      "model": "파우스트",
      "content": "按照概率计算的话，这就和辛克莱先生身高一周长五厘米一样是无稽之——"
    },
    {
      "id": 53,
      "model": "싱클레어",
      "content": "烦死了！都是一回事啦！！！"
    },
    {
      "id": 54,
      "model": "오티스",
      "content": "连这种程度的批评都抱怨个不停，真是懦弱得可笑啊。"
    },
    {
      "id": 55,
      "model": "싱클레어",
      "content": "要是这么有自信的话……奥提斯小姐您来做怎么样？"
    },
    {
      "id": 56,
      "content": "尽管他反驳的相当勇敢，但他的眼睛却是一直紧闭着的。"
    },
    {
      "id": 57,
      "model": "오티스",
      "content": "……真没办法。"
    },
    {
      "id": 58,
      "model": "오티스요리사",
      "content": "躲开，残兵败将。结果还是得我出马啊。"
    },
    {
      "id": 59,
      "content": "不知什么时候，格里高尔戴着的厨师帽被交给了默尔索。"
    },
    {
      "id": 60,
      "content": "在默尔索的指示下，厨房里的众人开始了有条不紊的工作。"
    },
    {
      "id": 61,
      "model": "돈키호테",
      "content": "默尔索！快看！我把这个切成了可爱的星星形状……"
    },
    {
      "id": 62,
      "model": "뫼르소요리사",
      "content": "土豆必须准确地切成正方形，才能使每面均匀受热直至完全熟透。"
    },
    {
      "id": 63,
      "model": "돈키호테",
      "content": "但是……！！"
    },
    {
      "id": 64,
      "model": "뫼르소요리사",
      "content": "正方形。五厘米。"
    },
    {
      "id": 65,
      "model": "돈키호테",
      "content": "……"
    },
    {
      "id": 66,
      "content": "继承厨师长衣钵的默尔索比任何时候都充满领袖气质。"
    },
    {
      "id": 67,
      "model": "그레고르",
      "content": "又不是什么大事，鸡肉料理终究也只是鸡肉料理罢了。"
    },
    {
      "id": 68,
      "model": "그레고르",
      "content": "所谓失去的菜谱，其实不就是“一勺真心、三勺努力”之类的吗？"
    },
    {
      "id": 69,
      "model": "홍루",
      "content": "哦~土豆原来是这样做成菜的啊~"
    },
    {
      "id": 70,
      "model": "히스클리프",
      "content": "怎么……你以为烤土豆是直接从田里挖出来的吗？"
    },
    {
      "id": 71,
      "model": "홍루",
      "content": "你以为我是笨蛋吗……！"
    },
    {
      "id": 72,
      "model": "홍루",
      "content": "时候一到，成熟的土豆就会从树上掉下来，这种程度的事我还是知道的。"
    },
    {
      "id": 73,
      "model": "히스클리프",
      "content": "……"
    },
    {
      "id": 74,
      "model": "홍루",
      "content": "噗，我是开玩笑的啦，希斯克利夫先生。"
    },
    {
      "id": 75,
      "model": "홍루",
      "content": "咦？为什么突然拿起松肉锤……"
    },
    {
      "id": 76,
      "model": "이상",
      "content": "土豆上开着清爽的小花。啊，即使在这不毛之地，花蕾也终将会绽放。"
    },
    {
      "id": 77,
      "model": "뫼르소요리사",
      "content": "这意味着土豆有毒，必须立刻清除。堂吉诃德，把它们收走。"
    },
    {
      "id": 78,
      "model": "돈키호테",
      "content": "明白！！！"
    },
    {
      "id": 79,
      "model": "이상",
      "content": "啊……不，不可以……"
    },
    {
      "id": 80,
      "model": "이상",
      "content": "烧焦之物亦有其自身的意义。当事物的本质保持不变时，所谓“烧焦”的状态，也可能只是基于人类定义的一个虚构的概念。"
    },
    {
      "id": 81,
      "model": "뫼르소요리사",
      "content": "所谓“烧焦”，是指长时间暴露在高温中表面出现一定颜色变化，并产生烟味这种现象。"
    },
    {
      "id": 82,
      "model": "뫼르소요리사",
      "content": "而且这一个连里面都彻底烧焦了。如果长期食用，可能会产生身体不适反应，因此扔掉才是正确做法。"
    },
    {
      "id": 83,
      "model": "이상",
      "content": "真是惆怅……"
    },
    {
      "id": 84,
      "content": "默尔索变成了一位冷酷严苛的厨师，而李箱则完全派不上什么用场。"
    },
    {
      "id": 85,
      "content": "希斯克利夫在以惊人的速度削着土豆皮。"
    },
    {
      "id": 86,
      "model": "히스클리프",
      "content": "别跟我说话。会打扰我集中注意力。"
    },
    {
      "id": 87,
      "model": "히스클리프",
      "content": "刀什么的太奢侈了。真正的贫民，用一个铁勺就能剥掉所有土豆皮。"
    },
    {
      "id": 88,
      "model": "뫼르소요리사",
      "content": "……"
    },
    {
      "id": 89,
      "model": "뫼르소요리사",
      "content": "合格了。从斜向切这一点可以看出不错的技巧，给你加分。"
    },
    {
      "id": 90,
      "model": "히스클리프",
      "content": "好耶！！！！"
    },
    {
      "id": 91,
      "model": "오티스요리사",
      "content": "好好看着，你需要加入多种多样的食材。你就是因为偏食所以才长不高的。"
    },
    {
      "id": 92,
      "model": "싱클레어",
      "content": "我……我还在成长期……！"
    },
    {
      "id": 93,
      "model": "싱클레어",
      "content": "……大概。"
    },
    {
      "id": 94,
      "model": "오티스요리사",
      "content": "而且，因为营养摄入不均，你的头发才会那么白吧。"
    },
    {
      "id": 95,
      "model": "파우스트",
      "content": "浮士德……本来就……"
    },
    {
      "id": 96,
      "model": "오티스요리사",
      "content": "你的手如此粗糙，也都是因为偏食。"
    },
    {
      "id": 97,
      "model": "이스마엘",
      "content": "啊？这只是因为我长时间在船上工作而已！"
    },
    {
      "id": 98,
      "model": "로쟈",
      "content": "奥提斯小姐！我呢？我怎么样？"
    },
    {
      "id": 99,
      "model": "오티스요리사",
      "content": "在我忙的时候不要大声喧哗！你太不稳重了！"
    }
  ]
}