{
  "dataList": [
    {
      "id": 0,
      "place": "银凤家炸鸡酒吧 厨房",
      "model": "뒤틀린주인카운트1",
      "teller": "银凤家炸鸡酒吧 店长",
      "title": "银凤家炸鸡酒吧",
      "content": "……"
    },
    {
      "id": 1,
      "model": "히스클리프",
      "content": "……这数字是啥？"
    },
    {
      "id": 2,
      "model": "이상",
      "content": "这应该是在提示我们，总共五个机会里，已经消耗掉了两个……"
    },
    {
      "id": 3,
      "model": "단테",
      "content": "<事已至此，要不我们分成各个组再准备一次料理吧？>"
    },
    {
      "id": 4,
      "content": "于是乎……"
    },
    {
      "id": 5,
      "content": "边狱公司的料理大战开始了……"
    },
    {
      "id": 6,
      "model": "그레고르요리사",
      "content": "咳咳，要不我们来决定下人选吧。反正肯定会再失败就是了……"
    },
    {
      "id": 7,
      "model": "그레고르요리사",
      "content": "鸿璐先生你……或许之前下过厨房？"
    },
    {
      "id": 8,
      "model": "돈키호테",
      "content": "咳……！"
    },
    {
      "id": 9,
      "model": "홍루",
      "content": "嗯……我的房间里没有厨房那种东西呢。不过我小时候倒是经常偷偷溜进我家二楼的餐厅找零食。"
    },
    {
      "id": 10,
      "model": "돈키호테",
      "content": "咳咳！！"
    },
    {
      "id": 11,
      "model": "그레고르요리사",
      "content": "呃，下一个，李箱先生……"
    },
    {
      "id": 12,
      "model": "히스클리프",
      "content": "几天前咱们喝了过期的牛奶后不是只有他看上去没事儿么？"
    },
    {
      "id": 13,
      "model": "이상",
      "content": "唔唔唔嗯……那缭绕的味道仍旧弥漫在我的肺部深处。"
    },
    {
      "id": 14,
      "model": "돈키호테",
      "content": "咳哼！！！！"
    },
    {
      "id": 15,
      "model": "그레고르요리사",
      "content": "堂吉诃德，从刚才开始你的喉咙就看起来不太舒服啊？"
    },
    {
      "id": 16,
      "model": "돈키호테",
      "content": "有什么能交给我帮忙的吗？！"
    },
    {
      "id": 17,
      "content": "堂吉诃德把双手背在身后，露出羞涩的表情。"
    },
    {
      "id": 18,
      "model": "그레고르요리사",
      "content": "堂吉诃德……现在不是小孩子玩闹的时间。"
    },
    {
      "id": 19,
      "model": "돈키호테",
      "content": "我才不是小孩！再说，明明那边的小组里连辛克莱都可以烹饪，为什么这里什么都不让我干啊！"
    },
    {
      "id": 20,
      "model": "그레고르요리사",
      "content": "嗯？"
    },
    {
      "id": 21,
      "model": "오티스",
      "content": "鸡切得太不均匀了。必须切得更加干净利落点。身体保持挺直！"
    },
    {
      "id": 22,
      "model": "싱클레어",
      "content": "好，好的……！"
    },
    {
      "id": 23,
      "model": "로쟈",
      "content": "小家伙~味道是不是太淡了？我想尝尝更甜一点的呢~"
    },
    {
      "id": 24,
      "model": "싱클레어",
      "content": "啊，甜一点是吗？砂糖在……在哪里来着……"
    },
    {
      "id": 25,
      "model": "파우스트",
      "content": "浮士德分析认为，火力应该再强一点。"
    },
    {
      "id": 26,
      "model": "료슈요리사",
      "content": "糟糕透顶，从菜刀的使用方法开始就错得一塌糊涂。"
    },
    {
      "id": 27,
      "model": "이스마엘",
      "content": "各位，能不能别光站在一边讲风凉话，来帮下忙？"
    },
    {
      "id": 28,
      "model": "그레고르요리사",
      "content": "嗯……至少可以相信辛克莱的味觉……毕竟是富家子弟，某种程度上对味道十分挑剔吧……"
    },
    {
      "id": 29,
      "model": "히스클리프",
      "content": "等下，为啥没人让我帮忙料理啊？快看，我煎个蛋啥的还是能……"
    },
    {
      "id": 30,
      "model": "히스클리프",
      "content": "可恶！为啥这个破煎锅这么烫？！烫死老子了！"
    },
    {
      "id": 31,
      "content": "希斯克利夫将煎锅丢到墙上，它立刻变得四分五裂，其他人一起欣赏着这一戏剧性的场景。"
    },
    {
      "id": 32,
      "model": "뫼르소",
      "content": "这个餐厅……散发着至少有140天没有清扫过的臭味。"
    },
    {
      "id": 33,
      "model": "뫼르소",
      "content": "比起在这，出去做料理在卫生上应当更加安全。"
    },
    {
      "id": 34,
      "model": "돈키호테",
      "content": "请让我也来做料理！！！"
    },
    {
      "id": 35,
      "model": "뒤틀린닭1",
      "teller": "生鸡",
      "title": "扭曲之物",
      "content": "咕咕咕咕咕！！！"
    },
    {
      "id": 36,
      "model": "단테",
      "content": "<“竟敢把厨房弄得这么乱！不可饶恕啊啊啊！”>"
    },
    {
      "id": 37,
      "model": "그레고르요리사",
      "content": "……"
    },
    {
      "id": 38,
      "model": "단테",
      "content": "<呃，我觉得它应该是这个意思……>"
    },
    {
      "id": 39,
      "model": "그레고르요리사",
      "content": "……好，加油吧，格里高尔。你能行的……"
    }
  ]
}