{
  "dataList": [
    {
      "id": 0,
      "model": "파우스트",
      "content": "……但丁？"
    },
    {
      "id": 1,
      "content": "梅菲斯托费勒斯并不是一天到晚都在运行。卡戎是人，梅菲斯特也只是引擎。也就是说每个人都需要休息。"
    },
    {
      "id": 2,
      "model": "단테",
      "content": "<还没睡吗，浮士德？>"
    },
    {
      "id": 3,
      "model": "파우스트",
      "content": "还有几件事需要检查。引擎在运行中遭到了粗暴的对待，因此需要在休息时善加维护。"
    },
    {
      "id": 4,
      "content": "正如她所说，浮士德并没有像往常一样拿着她的双手剑，取而代之的是一些轻型工具和一个小型机械装置。"
    },
    {
      "id": 5,
      "model": "단테",
      "content": "<辛苦了。>"
    },
    {
      "id": 6,
      "model": "파우스트",
      "content": "这种程度不算辛苦。相反，看着浮士德的巨作被如此滥用而久疏维护，这才更加痛苦。"
    },
    {
      "id": 7,
      "content": "浮士德微微一笑……"
    },
    {
      "id": 8,
      "model": "파우스트",
      "content": "您最喜欢这部分的更新吗？"
    },
    {
      "id": 9,
      "content": "当我坐在那里摆弄设备时，浮士德低头看向了我。"
    },
    {
      "id": 10,
      "model": "단테",
      "content": "<啊……这个？>"
    },
    {
      "id": 11,
      "model": "파우스트",
      "content": "是的，平时好像没见你这么频繁摆弄过什么东西。"
    },
    {
      "id": 12,
      "model": "단테",
      "content": "<没什么特别的……就是多了个必要功能。>"
    },
    {
      "id": 13,
      "content": "每当浮士德为了例行维护而要求休息时，我手中的“LCB-PDA”也会收到定期更新。"
    },
    {
      "id": 14,
      "content": "更新偶尔会追加额外的功能，这次是……"
    },
    {
      "id": 15,
      "model": "파우스트",
      "content": "……笔记？这个设备到现在才有这个功能？"
    },
    {
      "id": 16,
      "model": "단테",
      "content": "<是啊，是挺让人惊讶的。>"
    },
    {
      "id": 17,
      "model": "단테",
      "content": "<……你不知道吗？我还以为你无所不知呢，浮士德。>"
    },
    {
      "id": 18,
      "model": "파우스트",
      "content": "浮士德只知晓浮士德所知的一切。"
    },
    {
      "id": 19,
      "model": "파우스트",
      "content": "不好意思，稍等一下。"
    },
    {
      "id": 20,
      "content": "浮士德悄悄地看向了我的屏幕。"
    },
    {
      "id": 21,
      "model": "파우스트",
      "content": "但丁，你是想写一部百科全书吗？"
    },
    {
      "id": 22,
      "model": "단테",
      "content": "<我在想……你们一直都在用些我不知道的词，像是“收尾人”、“翼”之类的……>"
    },
    {
      "id": 23,
      "model": "단테",
      "content": "<可能按照你们的标准，这些都是日常用语，但是……>"
    },
    {
      "id": 24,
      "model": "파우스트",
      "content": "我理解。我想你已经失去了对都市的所有记忆。"
    },
    {
      "id": 25,
      "model": "단테",
      "content": "<对，所以我想把能记录的都记录下来。>"
    },
    {
      "id": 26,
      "model": "단테",
      "content": "<顺便把之前写在纸面上的也一点点写进去……>"
    },
    {
      "id": 27,
      "content": "我脖子上的这个钟随时可能被换成一个别的什么头。如果真是那样，我现在的这些记忆可不一定能保留下来。"
    },
    {
      "id": 28,
      "content": "因此，必须要有适当的备份。"
    },
    {
      "id": 29,
      "content": "这样，我就不会再度遗忘了。"
    }
  ]
}