{
  "dataList": [
    {
      "id": 0,
      "place": "银凤炸鸡酒吧",
      "model": "은봉치킨",
      "teller": "银凤炸鸡酒吧 店长",
      "title": "银凤炸鸡酒吧",
      "content": "……经营这家餐厅期间，我忘记了一些重要的事情……"
    },
    {
      "id": 1,
      "model": "은봉치킨",
      "teller": "银凤炸鸡酒吧 店长",
      "title": "银凤炸鸡酒吧",
      "content": "是啊，我想做的鸡肉……"
    },
    {
      "id": 2,
      "model": "은봉치킨",
      "teller": "银凤炸鸡酒吧 店长",
      "title": "银凤炸鸡酒吧",
      "content": "是连我的妈妈也能够觉得吃得享受且美味的鸡肉。"
    },
    {
      "id": 3,
      "model": "은봉치킨",
      "teller": "银凤炸鸡酒吧 店长",
      "title": "银凤炸鸡酒吧",
      "content": "这是为了取悦她极其挑剔的味蕾……"
    },
    {
      "id": 4,
      "model": "은봉치킨",
      "teller": "银凤炸鸡酒吧 店长",
      "title": "银凤炸鸡酒吧",
      "content": "……"
    },
    {
      "id": 5,
      "model": "은봉치킨",
      "teller": "银凤炸鸡酒吧 店长",
      "title": "银凤炸鸡酒吧",
      "content": "不……"
    },
    {
      "id": 6,
      "model": "은봉치킨",
      "teller": "银凤炸鸡酒吧 店长",
      "title": "银凤炸鸡酒吧",
      "content": "我一直都知道。"
    },
    {
      "id": 7,
      "model": "은봉치킨",
      "teller": "银凤炸鸡酒吧 店长",
      "title": "银凤炸鸡酒吧",
      "content": "我妈妈不吃鸡肉的真正原因是……"
    },
    {
      "id": 8,
      "model": "은봉치킨",
      "teller": "银凤炸鸡酒吧 店长",
      "title": "银凤炸鸡酒吧",
      "content": "因为我们没钱养家糊口……"
    },
    {
      "id": 9,
      "model": "은봉치킨",
      "teller": "银凤炸鸡酒吧 店长",
      "title": "银凤炸鸡酒吧",
      "content": "这就是为什么……我们家总是存着一堆代金券……十张即可兑换一只免费鸡的代金券……"
    },
    {
      "id": 10,
      "model": "은봉치킨",
      "teller": "银凤炸鸡酒吧 店长",
      "title": "银凤炸鸡酒吧",
      "content": "我妈妈为了我一直在收集它们……"
    },
    {
      "id": 11,
      "model": "은봉치킨",
      "teller": "银凤炸鸡酒吧 店长",
      "title": "银凤炸鸡酒吧",
      "content": "换来一只只自己不吃却给我吃的鸡……"
    },
    {
      "id": 12,
      "model": "은봉치킨",
      "teller": "银凤炸鸡酒吧 店长",
      "title": "银凤炸鸡酒吧",
      "content": "……"
    },
    {
      "id": 13,
      "model": "은봉치킨",
      "teller": "银凤炸鸡酒吧 店长",
      "title": "银凤炸鸡酒吧",
      "content": "嗯？"
    },
    {
      "id": 14,
      "model": "은봉치킨",
      "teller": "银凤炸鸡酒吧 店长",
      "title": "银凤炸鸡酒吧",
      "content": "啊。"
    },
    {
      "id": 15,
      "model": "은봉치킨",
      "teller": "银凤炸鸡酒吧 店长",
      "title": "银凤炸鸡酒吧",
      "content": "这些是披萨代金券。"
    },
    {
      "id": 16,
      "teller": "店长妈妈",
      "title": "银凤炸鸡酒吧",
      "content": "你看，儿子……"
    },
    {
      "id": 17,
      "teller": "店长妈妈",
      "title": "银凤炸鸡酒吧",
      "content": "妈妈更喜欢披萨……"
    },
    {
      "id": 18,
      "model": "은봉치킨",
      "teller": "银凤炸鸡酒吧 店长",
      "title": "银凤炸鸡酒吧",
      "content": "啊……我的头……"
    },
    {
      "id": 19,
      "model": "단테",
      "content": "<他变回正常样子了。>"
    },
    {
      "id": 20,
      "model": "오티스",
      "content": "这是个明智的计划。胡萝卜加大棒。这是在军事行动中经常使用的一种有效战术。"
    },
    {
      "id": 21,
      "model": "이스마엘",
      "content": "那……是个计划？我看不出那跟你平时进行的先下手为强的人身攻击有什么不同……"
    },
    {
      "id": 22,
      "model": "오티스",
      "content": "手法很巧妙，这个菜——呃不，年轻人能够意识到暗示。干得好。"
    },
    {
      "id": 23,
      "model": "싱클레어",
      "content": "谢，谢谢你，奥提斯队长！"
    },
    {
      "id": 24,
      "model": "단테",
      "content": "<你刚才是想说“菜鸟”，是不？>"
    },
    {
      "id": 25,
      "model": "은봉치킨",
      "teller": "银凤炸鸡酒吧 店长",
      "title": "银凤炸鸡酒吧",
      "content": "我对您感激不尽。我想我已经准备好重新开始了。"
    },
    {
      "id": 26,
      "model": "은봉치킨",
      "teller": "银凤炸鸡酒吧 店长",
      "title": "银凤炸鸡酒吧",
      "content": "我并不需要什么食谱……只要我能记得，我是为了那些关心我的人下厨……即使它的形状……像披萨一样……我的顾客仍然会感谢这些发自内心的服务。"
    },
    {
      "id": 27,
      "model": "히스클리프",
      "content": "喂，你的竞争对手答应我们人手一张炸鸡终生免费券，你能给我们点什么？"
    },
    {
      "id": 28,
      "model": "로쟈",
      "content": "我还以为我现在可以享用各种不同风味的鸡腿了……"
    },
    {
      "id": 29,
      "model": "은봉치킨",
      "teller": "银凤炸鸡酒吧 店长",
      "title": "银凤炸鸡酒吧",
      "content": "……"
    },
    {
      "id": 30,
      "model": "은봉치킨",
      "teller": "银凤炸鸡酒吧 店长",
      "title": "银凤炸鸡酒吧",
      "content": "虽然这算不上什么，但还请收下这个……"
    },
    {
      "id": 31,
      "content": "银凤炸鸡酒吧的店长给了我们一个包装好的盒子。"
    },
    {
      "id": 32,
      "model": "은봉치킨",
      "teller": "银凤炸鸡酒吧 店长",
      "title": "银凤炸鸡酒吧",
      "content": "这可是无价之宝，世上再也找不出第二个来了……"
    },
    {
      "id": 33,
      "model": "돈키호테",
      "content": "我们真的能收下这么珍贵的东西吗？"
    },
    {
      "id": 34,
      "model": "은봉치킨",
      "teller": "银凤炸鸡酒吧 店长",
      "title": "银凤炸鸡酒吧",
      "content": "没有您的帮助，我也没法让我的餐厅重新开张……所以还请把它当作我的谢礼。"
    },
    {
      "id": 35,
      "place": "梅菲斯托费勒斯 内部",
      "model": "돈키호테",
      "content": "……因此我们解决了扭曲，为自己赢得了这份战利品！"
    },
    {
      "id": 36,
      "model": "베르길리우스",
      "content": "……"
    },
    {
      "id": 37,
      "model": "돈키호테",
      "content": "请讲，请讲！也许您已经被我们的光荣事迹惊讶到说不出话来了？"
    },
    {
      "id": 38,
      "model": "베르길리우스",
      "content": "从你说到“我们进到了银凤里”开始我就没再听故事了。"
    },
    {
      "id": 39,
      "model": "돈키호테",
      "content": "那也就是说你完全没在听啊！"
    },
    {
      "id": 40,
      "model": "베르길리우스",
      "content": "当浮士德的报告能够告诉我所有细节时，我为什么还要听你的连篇废话呢？"
    },
    {
      "id": 41,
      "model": "로쟈",
      "content": "来这边，小堂。忘了他，让我们一起打开盒子吧，嘿嘿嘿。"
    },
    {
      "id": 42,
      "model": "로쟈",
      "content": "我想知道里面会有什么~"
    },
    {
      "id": 43,
      "content": "被充满期待的罪人们包围着，盒子的盖子被揭开了……"
    },
    {
      "id": 44,
      "model": "은봉치킨",
      "teller": "银凤炸鸡酒吧 店长",
      "title": "银凤炸鸡酒吧",
      "content": "这是小凤，我们店里唯一的吉祥物玩偶。我制作了它并希望有一天它能够派上用场，我很高兴能把它当作感激的谢礼送给你们。^0^/"
    },
    {
      "id": 45,
      "model": "로쟈",
      "content": "这……不，不该是这样的。也许他在玩偶的肚子里藏了什么东西？"
    },
    {
      "id": 46,
      "model": "단테",
      "content": "<他看起来不像是会准备那种惊喜的人……>"
    },
    {
      "id": 47,
      "model": "그레고르",
      "content": "他可能是想处理掉它，就正好塞给我们了。"
    },
    {
      "id": 48,
      "model": "히스클리프",
      "content": "让我们把这玩意扔进那个什么焚烧炉里吧。"
    },
    {
      "id": 49,
      "content": "一只手轻轻地拉住了被希斯克利夫暴怒地抓着的玩偶。"
    },
    {
      "id": 50,
      "model": "카론",
      "content": "卡戎喜欢这个乘客。"
    },
    {
      "id": 51,
      "model": "히스클리프",
      "content": "这玩意有什么好喜欢的——"
    },
    {
      "id": 52,
      "model": "카론",
      "content": "它除了眼睛什么都没有。"
    },
    {
      "id": 53,
      "model": "카론",
      "content": "这点我喜欢。"
    },
    {
      "id": 54,
      "model": "베르길리우스",
      "content": "……好了，就这样吧。留着这个玩偶吧。"
    },
    {
      "id": 55,
      "model": "뫼르소",
      "content": "分析错误，毕竟这个玩偶还有着躯干和四肢。"
    },
    {
      "id": 56,
      "content": "就这样，代替炸鸡终生免费券的鸡玩偶也在巴士上有了其一席之地……"
    },
    {
      "id": 57,
      "model": "삼조",
      "teller": "三朝",
      "title": "K公司 粮食资源改良部门？",
      "content": "是，东朗首席。扭曲已被解决，由我亲眼见证过了。"
    },
    {
      "id": 58,
      "place": "菩萨鸡",
      "model": "삼조",
      "teller": "三朝",
      "title": "K公司 粮食资源改良部门？",
      "content": "他们虽然一开始看起来不是很可靠，是的……但我认为与他们进行接触交流是没问题的。是，我现在就把他们带去。"
    },
    {
      "id": 59,
      "model": "보살치킨",
      "teller": "菩萨鸡经理",
      "title": "菩萨鸡",
      "content": "现……现在是什么情况？"
    },
    {
      "id": 60,
      "model": "삼조",
      "teller": "三朝",
      "title": "K公司 粮食资源改良部门？",
      "content": "我……不喜欢缺乏主语的句子。"
    },
    {
      "id": 61,
      "model": "보살치킨",
      "teller": "菩萨鸡经理",
      "title": "菩萨鸡",
      "content": "一旦那家餐厅重新开张，我就会失去我的顾客们……那我就不能完成业绩了，而且……"
    },
    {
      "id": 62,
      "model": "삼조",
      "teller": "三朝",
      "title": "K公司 粮食资源改良部门？",
      "content": "当你把你偷来的那份食谱扔进概念焚化炉的那一刻，你就该开始寻找继续苟活下去的方式了。"
    },
    {
      "id": 63,
      "model": "삼조",
      "teller": "三朝",
      "title": "K公司 粮食资源改良部门？",
      "content": "你难道没听说过，“盗其物，应不惊其主”吗？"
    },
    {
      "id": 64,
      "model": "보살치킨",
      "teller": "菩萨鸡经理",
      "title": "菩萨鸡",
      "content": "我……我什么也不知道啊……我不……"
    },
    {
      "id": 65,
      "model": "삼조",
      "teller": "三朝",
      "title": "K公司 粮食资源改良部门？",
      "content": "你当然不知道，这是我刚编的，下次给我记牢了。"
    },
    {
      "id": 66,
      "model": "삼조",
      "teller": "三朝",
      "title": "K公司 粮食资源改良部门？",
      "content": "我会再来看你的。"
    },
    {
      "id": 67,
      "model": "삼조",
      "teller": "三朝",
      "title": "K公司 粮食资源改良部门？",
      "content": "现在我要去接待些访客。"
    },
    {
      "id": 68,
      "content": "不久后，我们就被卷入了一场规模空前的混乱之中……"
    }
  ]
}