{
  "dataList": [
    {
      "id": 0,
      "place": "K巢中心小巷",
      "model": "파우스트",
      "content": "各位下车吧，这里就是和下一位客户预定的见面地点。"
    },
    {
      "id": 1,
      "model": "히스클리프",
      "content": "先让我缓缓，现在我们都成跑腿的了？"
    },
    {
      "id": 2,
      "model": "그레고르",
      "content": "嗯？那边有什么好看的？前面队伍怎么排得这么长。"
    },
    {
      "id": 3,
      "model": "로쟈",
      "content": "啊~你闻不出那让人心潮澎湃的味道吗？这是炸鸡啊！格雷格，是浸透了金贵油脂的酥脆的鸡肉啊！"
    },
    {
      "id": 4,
      "model": "삼조",
      "teller": "？？？",
      "title": "？？？",
      "content": "你们居然不知道K巢鼎鼎有名的菩萨鸡？是刚刚才来K巢观光的游客吗？"
    },
    {
      "id": 5,
      "content": "一位看上去一丝不苟的男人突然插入了罪人之间的谈话，仿佛他本就是我们的一员。"
    },
    {
      "id": 6,
      "model": "홍루",
      "content": "哦！菩萨鸡？那是什么？"
    },
    {
      "id": 7,
      "model": "삼조",
      "teller": "？？？",
      "title": "？？？",
      "content": "让我来……回答你"
    },
    {
      "id": 8,
      "model": "삼조",
      "teller": "？？？",
      "title": "？？？",
      "content": "菩萨鸡，是一家以其六爪八翼的美味家禽为招牌、不论口味还是份量都堪称菩萨在世的著名餐厅啊。"
    },
    {
      "id": 9,
      "model": "삼조",
      "teller": "？？？",
      "title": "？？？",
      "content": "不仅如此，他们还提供了多种口味，来满足不同食客们的胃口。有软滑弹牙的肉鸡，多汁肥嫩的阉鸡，还有嚼劲十足的公鸡……应有尽有。那么，几位中意哪个呢？"
    },
    {
      "id": 10,
      "model": "이상",
      "content": "似乎曾经有所耳闻……"
    },
    {
      "id": 11,
      "model": "로쟈",
      "content": "唔！太阳打西边出来了，我们与世隔绝的李箱先生难道也赶上了潮流？"
    },
    {
      "id": 12,
      "model": "히스클리프",
      "content": "你小子是什么来头？"
    },
    {
      "id": 13,
      "model": "히스클리프",
      "content": "反正你肯定也不认识我们，就是个厚着脸皮来插嘴的家伙。"
    },
    {
      "id": 14,
      "model": "이스마엘",
      "content": "……那你试着解释一下我们到底什么身份？"
    },
    {
      "id": 15,
      "model": "삼조",
      "teller": "？？？",
      "title": "？？？",
      "content": "哎呀，那些在店门口徘徊的是什么东西？我觉得它们看起来不太正常啊。"
    },
    {
      "id": 16,
      "content": "顺着他的话转过身，一群外貌举止都非常奇怪的人进入了我的视野。"
    },
    {
      "id": 17,
      "model": "단테",
      "content": "<是，是K巢的员工吗？奇怪，怎么会变成那个样子……>"
    },
    {
      "id": 18,
      "model": "뫼르소",
      "content": "这些人用奇怪的面具蒙住了自己的头部。"
    },
    {
      "id": 19,
      "model": "싱클레어",
      "content": "也……也许只是某种吉祥物？如果凑近看的话，他们好像也挺可爱的……"
    },
    {
      "id": 20,
      "model": "이스마엘",
      "content": "那些可爱的吉祥物可是把人群吓得四散惊逃哦？"
    },
    {
      "id": 21,
      "model": "그레고르",
      "content": "看上去是不太对劲，但还是不要插手了。似乎是波及不到我们，要是卷进什么奇怪的骚动可就麻烦了……"
    },
    {
      "id": 22,
      "model": "삼조",
      "teller": "？？？",
      "title": "？？？",
      "content": "说的不错，的确暂时波及不到我们。"
    },
    {
      "id": 23,
      "model": "그레고르",
      "content": "所以……你捡路边的石头想干嘛？身份不明的哥们？"
    },
    {
      "id": 24,
      "model": "뒤틀린손님2",
      "teller": "鸡头K巢安保人员",
      "title": "扭曲之物",
      "content": "！"
    },
    {
      "id": 25,
      "model": "단테",
      "content": "<你到底想干什么？！>"
    },
    {
      "id": 26,
      "content": "被石头砸中之后，它开始环顾四周。"
    },
    {
      "id": 27,
      "content": "然后，它朝着我们的方向蹒跚而来。"
    },
    {
      "id": 28,
      "model": "뒤틀린손님2",
      "teller": "鸡头K公司安保人员",
      "title": "扭曲之物",
      "content": "叽、叽……"
    },
    {
      "id": 29,
      "model": "삼조",
      "teller": "？？？",
      "title": "？？？",
      "content": "诶呀呀，我好像不小心闯了大祸，现在我们该怎么办才好？"
    },
    {
      "id": 30,
      "model": "로쟈",
      "content": "真要脸啊你，明明是直接瞄着那东西的脑袋砸的……"
    },
    {
      "id": 31,
      "model": "홍루",
      "content": "哇偶，你投掷的姿势相当标准呀！"
    },
    {
      "id": 32,
      "model": "삼조",
      "teller": "？？？",
      "title": "？？？",
      "content": "您可过奖了，不过我以前确实梦想过成为都市中的的棒球明星。"
    },
    {
      "id": 33,
      "model": "료슈",
      "content": "既然这么喜欢棒球，那我就好好的陪你打。站好别动，我给你脑袋来一个全垒打。"
    },
    {
      "id": 34,
      "model": "삼조",
      "teller": "？？？",
      "title": "？？？",
      "content": "它们靠近的可越来越快啦，难道你们不该优先处理它们？之后再考虑用我的脑袋打一发全垒？"
    },
    {
      "id": 35,
      "content": "当怒火中烧的良秀将手探向刀鞘时，那些东西已经迫近到我们的身前……"
    },
    {
      "id": 36,
      "model": "파우스트",
      "content": "它们长着鸡脑袋。"
    },
    {
      "id": 37,
      "model": "로쟈",
      "content": "确实，脑袋上是只鸡。"
    },
    {
      "id": 38,
      "model": "이스마엘",
      "content": "还是一整只活鸡。"
    },
    {
      "id": 39,
      "model": "그레고르",
      "content": "就像是看到了从地狱里爬出来寻仇的鸡的怨魂一样……"
    },
    {
      "id": 40,
      "model": "그레고르",
      "content": "所以……是因为是辛克莱上次嫌剔骨头麻烦，就浪费了一根鸡翅的事？我反正想不出其他引发这鸡群浩劫的理由了……"
    },
    {
      "id": 41,
      "model": "싱클레어",
      "content": "这种讨厌的玩笑对我已经没用了……更何况……罗佳小姐最后也把那串鸡翅消灭干净了……"
    },
    {
      "id": 42,
      "model": "삼조",
      "teller": "？？？",
      "title": "？？？",
      "content": "唔，看来我们除了战斗，已经别无选择了。"
    },
    {
      "id": 43,
      "model": "단테",
      "content": "<所以这家伙凭什么躲在我身后啊？>"
    },
    {
      "id": 44,
      "content": "我还没来得及抱怨，那群鸡脑袋就已经气势汹汹的袭击过来了。"
    }
  ]
}