{
  "dataList": [
    {
      "id": 0,
      "place": "银凤炸鸡酒吧",
      "model": "단테",
      "content": "<要想解决扭曲现象该怎么做？>"
    },
    {
      "id": 1,
      "model": "파우스트",
      "content": "这很简单。"
    },
    {
      "id": 2,
      "content": "浮士德好像有着用“这很简单”来开始说明的习惯。"
    },
    {
      "id": 3,
      "model": "파우스트",
      "content": "只要打开扭曲的心结就可以。"
    },
    {
      "id": 4,
      "model": "파우스트",
      "content": "得让它解除警戒并展露内心才行。"
    },
    {
      "id": 5,
      "model": "료슈",
      "content": "原来如此。是要取出肩胛骨？还是胸骨？"
    },
    {
      "id": 6,
      "model": "파우스트",
      "content": "嗯，“直接”展露内心的方法……倒也是一种有趣的方式。"
    },
    {
      "id": 7,
      "model": "단테",
      "content": "<首，首先……还是应该先去“银凤炸鸡”附近了解下情况比较好。>"
    },
    {
      "id": 8,
      "model": "싱클레어",
      "content": "呃呃…生鸡们在四处乱转。这对卫生环境可不好……"
    },
    {
      "id": 9,
      "model": "단테",
      "content": "<好像跟刚才黏在人们头上的东西长得一模一样。>"
    },
    {
      "id": 10,
      "model": "단테",
      "content": "<虽然还不知道它们到底是什么，但还是不要贸然靠近……>"
    },
    {
      "id": 11,
      "content": "不过我忘记了，罪人们八成把我的话看得比路边的鸽子叫声还微不足道。"
    },
    {
      "id": 12,
      "model": "뒤틀린닭1",
      "teller": "生鸡",
      "title": "扭曲之物",
      "content": "叽咿咿！"
    },
    {
      "id": 13,
      "model": "히스클리프",
      "content": "所以说，只要把这些鸡全收拾掉就可以在那家店终生享用炸鸡，是吧？"
    },
    {
      "id": 14,
      "model": "료슈",
      "content": "可爱。全・切。"
    },
    {
      "id": 15,
      "model": "단테",
      "content": "<……>"
    },
    {
      "id": 16,
      "model": "단테",
      "content": "<答案！是全都切掉的意思！>"
    },
    {
      "id": 17,
      "model": "이스마엘",
      "content": "……呵。"
    },
    {
      "id": 18,
      "model": "료슈",
      "content": "点头。"
    },
    {
      "id": 19,
      "content": "受到攻击的生鸡们就这样扑面而来……"
    },
    {
      "id": 20,
      "model": "싱클레어",
      "content": "希斯克利夫先生？！？！"
    },
    {
      "id": 21,
      "content": "希斯克利夫的头就这样被吞掉了。"
    },
    {
      "id": 22,
      "model": "히스클리프요리사",
      "teller": "希斯克利夫？",
      "title": "扭曲之物?",
      "content": "……"
    },
    {
      "id": 23,
      "model": "단테",
      "content": "<……希斯克利夫？！！>"
    },
    {
      "id": 24,
      "model": "히스클리프요리사",
      "teller": "希斯克利夫?",
      "title": "扭曲之物?",
      "content": "……"
    },
    {
      "id": 25,
      "content": "带着生鸡脑袋的希斯克利夫一言不发的伫立着……"
    },
    {
      "id": 26,
      "content": "场面十分恐怖。"
    },
    {
      "id": 27,
      "model": "이스마엘",
      "content": "我觉得现在的希斯克利夫先生更好一些哦？看起来还更理性了一些。"
    },
    {
      "id": 28,
      "model": "로쟈",
      "content": "怎，怎么办啊但丁？快转动时钟啊！"
    },
    {
      "id": 29,
      "model": "단테",
      "content": "<但，但是……>"
    },
    {
      "id": 30,
      "content": "当然可以转动时钟。但是……"
    },
    {
      "id": 31,
      "model": "단테",
      "content": "<如果转动时钟之后那个鸡头转移到我头上该怎么办啊？>"
    },
    {
      "id": 32,
      "model": "료슈",
      "content": "那・那。"
    },
    {
      "id": 33,
      "model": "싱클레어",
      "content": "那就那样吗？！"
    },
    {
      "id": 34,
      "model": "료슈",
      "content": "钟表头和鸡头还能有什么差异，真不知道你在犹豫什么。"
    },
    {
      "id": 35,
      "content": "好像真心关心希斯克利夫的人只有辛克莱。"
    },
    {
      "id": 36,
      "model": "싱클레어",
      "content": "希斯克利夫先生！你还好吗？"
    },
    {
      "id": 37,
      "model": "히스클리프요리사",
      "teller": "希斯克利夫?",
      "title": "扭曲之物?",
      "content": "叽……叽……"
    },
    {
      "id": 38,
      "model": "로쟈",
      "content": "这样，如果鸡头弄不下来，就这样把他当做我们的吉祥物怎么样？"
    },
    {
      "id": 39,
      "model": "단테",
      "content": "<罗佳为什么老是执着于吉祥物啊……？>"
    },
    {
      "id": 40,
      "model": "히스클리프요리사",
      "teller": "希斯克利夫?",
      "title": "扭曲之物?",
      "content": "叽……嗷……"
    },
    {
      "id": 41,
      "model": "돈키호테",
      "content": "噢噢噢噢噢！看看这个！希斯克利夫正在和其他的鸡们对话！"
    },
    {
      "id": 42,
      "model": "뒤틀린손님2",
      "teller": "鸡头人",
      "title": "扭曲之物",
      "content": "喔叽！喔喔叽叽。喔咯咯咯！"
    },
    {
      "id": 43,
      "model": "히스클리프요리사",
      "teller": "希斯克利夫?",
      "title": "扭曲之物?",
      "content": "喔咯咯，咯咯咯、喔叽……"
    },
    {
      "id": 44,
      "model": "홍루",
      "content": "呼呼，话匣子被打开了呢，希斯克利夫先生。"
    },
    {
      "id": 45,
      "model": "파우스트",
      "content": "比起说是希斯克利夫先生在进行对话，倒不如说是套在他头上的鸡在借他的身体说话。"
    },
    {
      "id": 46,
      "model": "돈키호테",
      "content": "呜呜……吾不喜欢。吾还打算以后跟希斯克利夫先生一起扮演“燃烧夕阳的收尾人”的来着，如果戴着鸡头就算出了也只会被嘲笑的啊……"
    },
    {
      "id": 47,
      "content": "围观群众在逐渐增加，我们打算把希斯克利夫强制转移到银凤炸鸡酒吧之中。"
    },
    {
      "id": 48,
      "place": "银凤炸鸡酒吧",
      "model": "히스클리프요리사",
      "teller": "希斯克利夫?",
      "title": "扭曲之物?",
      "content": "叽……叽……"
    },
    {
      "id": 49,
      "model": "오티스",
      "content": "这个鸡头真是看不去了。看我让你重新振作精神。"
    },
    {
      "id": 50,
      "content": "只见奥提斯单手抓住了希斯克利夫的生鸡脑袋，另一只手无情地用力抽了起来。"
    },
    {
      "id": 51,
      "content": "打耳光……"
    },
    {
      "id": 52,
      "model": "히스클리프요리사",
      "teller": "希斯克利夫?",
      "title": "扭曲之物?",
      "content": "叽……叽喔……"
    },
    {
      "id": 53,
      "model": "뫼르소",
      "content": "……这动静赶得上审问敌军俘虏了。"
    },
    {
      "id": 54,
      "model": "오티스",
      "content": "看不出要恢复神智的迹象。别无他法了。得把鸡头整个拔下来。。"
    },
    {
      "id": 55,
      "model": "로쟈",
      "content": "这样拔萝卜似的真的没问题吗？万一把脸皮剥下来可怎么办啊！"
    },
    {
      "id": 56,
      "model": "오티스",
      "content": "不用慌。就算脸皮被剥掉，有经理在这里就没关系。"
    },
    {
      "id": 57,
      "model": "단테",
      "content": "<不是…有关系，奥提斯，这真的有关……>"
    },
    {
      "id": 58,
      "content": "但是奥提斯开始全力拉希斯克利夫的生鸡脑袋了。"
    },
    {
      "id": 59,
      "model": "히스클리프요리사",
      "teller": "希斯克利夫?",
      "title": "扭曲之物?",
      "content": "叽咿咿叽咿咿咿！！！"
    },
    {
      "id": 60,
      "model": "단테",
      "content": "<虽说听到了啵的一声…但是不会吧？嗯？>"
    },
    {
      "id": 61,
      "model": "히스클리프",
      "content": "咳、咳……呕……"
    },
    {
      "id": 62,
      "model": "오티스",
      "content": "清醒了吗？"
    },
    {
      "id": 63,
      "model": "히스클리프",
      "content": "呃……我嘴里为什么会有奇怪的酱汁…"
    },
    {
      "id": 64,
      "model": "로쟈",
      "content": "希斯…你一直在嘟囔着一些奇怪的话，还和鸡群认真地对话来着。记得吗？"
    },
    {
      "id": 65,
      "model": "히스클리프",
      "content": "这、这么看来……好像确实是有些什么对话进到了我的脑袋里……"
    },
    {
      "id": 66,
      "model": "히스클리프",
      "content": "说，说什么来着……遗失了什么食谱……"
    },
    {
      "id": 67,
      "model": "히스클리프",
      "content": "那是能让客人们聚起来的秘方，但是丢了之后……客人们就逐渐不见踪影……"
    },
    {
      "id": 68,
      "model": "히스클리프",
      "content": "然后主人突然变得神神叨叨，开始感染我们……"
    },
    {
      "id": 69,
      "model": "이스마엘",
      "content": "噗，你刚刚是和鸡群自称“我们”了吗？"
    },
    {
      "id": 70,
      "model": "히스클리프",
      "content": "……妈的，猎头鸡的影响还没有……我脑袋里乱七八糟的。"
    },
    {
      "id": 71,
      "model": "싱클레어",
      "content": "它们的名字叫猎头鸡……？"
    },
    {
      "id": 72,
      "model": "단테",
      "content": "<如果扭曲的出现是食谱的遗失所导致……>"
    },
    {
      "id": 73,
      "model": "단테",
      "content": "<是不是只要我们重现一遍那个食谱就行？>"
    },
    {
      "id": 74,
      "model": "파우스트",
      "content": "看来已经接近了正确答案。"
    },
    {
      "id": 75,
      "model": "파우스트",
      "content": "虽然对于扭曲现象的情报并不多，但是……善恶……不，当心灵支离破碎的时候就会发生扭曲。"
    },
    {
      "id": 76,
      "model": "단테",
      "content": "<总感觉是因为本想说明何为善恶但嫌麻烦才改口为心灵的……>"
    },
    {
      "id": 77,
      "model": "파우스트",
      "content": "比如说，鸿璐先生在都市的生活中，肯定会有着自认为绝对不会发生改变的信念。"
    },
    {
      "id": 78,
      "model": "파우스트",
      "content": "或者是支撑自己生活下去的希望之类的一些东西。"
    },
    {
      "id": 79,
      "model": "홍루",
      "content": "…嗯。"
    },
    {
      "id": 80,
      "model": "파우스트",
      "content": "如果那个东西在一瞬间崩塌，造成让人放弃“自我”的巨大打击，心灵就会破碎。"
    },
    {
      "id": 81,
      "model": "홍루",
      "content": "……啊，应该有那种可能。"
    },
    {
      "id": 82,
      "model": "히스클리프",
      "content": "风光无限的少爷在人生中遇到的最大打击，撑死了也不过就是零花钱被抢吧？"
    },
    {
      "id": 83,
      "model": "홍루",
      "content": "不是啊，我根本就没有领过零花钱。想花的时候就能花，没有必要非得去领嘛。"
    },
    {
      "id": 84,
      "model": "로쟈",
      "content": "啊？那到底是什么？"
    },
    {
      "id": 85,
      "model": "홍루",
      "content": "嗯……我觉得自己是知道的，但是一时半会儿想不起来。"
    },
    {
      "id": 86,
      "model": "파우스트",
      "content": "所以，整理下来的话……"
    },
    {
      "id": 87,
      "model": "파우스트",
      "content": "扭曲现象，是由于只有当事人才知晓的不明原因的心理打击才会发生的现象。"
    },
    {
      "id": 88,
      "model": "파우스트",
      "content": "也可以说是垒起坚固心灵壁垒的状态。"
    },
    {
      "id": 89,
      "model": "파우스트",
      "content": "要通过扭曲所期望的方式推倒这面墙。"
    },
    {
      "id": 90,
      "model": "그레고르",
      "content": "就此而言，这扭曲所期望的方式……"
    },
    {
      "id": 91,
      "model": "그레고르",
      "content": "……就是“鸡料理”，没错。"
    },
    {
      "id": 92,
      "content": "格里高尔露出自信满满的神色，向前迈出一步，说道。"
    },
    {
      "id": 93,
      "model": "그레고르",
      "content": "我曾在战场上多次收集剩下的食物给战友们做罐头料理。"
    },
    {
      "id": 94,
      "model": "그레고르",
      "content": "那些遭受创伤的军人们也全都流着感动的泪水一起吃着那些食物。"
    },
    {
      "id": 95,
      "model": "료슈",
      "content": "哼。"
    },
    {
      "id": 96,
      "model": "그레고르",
      "content": "……刚刚是谁在嗤笑来着……我没有听错吧？"
    },
    {
      "id": 97,
      "model": "료슈",
      "content": "可笑。区区毛・虫怎敢谈论料理？你这家伙，还不如用那钳子烤汉堡肉更好一些。"
    },
    {
      "id": 98,
      "model": "홍루",
      "content": "哇~格里高尔先生要是开店的话就要成为钳老板了！"
    },
    {
      "id": 99,
      "model": "그레고르",
      "content": "……良秀，刚刚那是毛头虫子的意思吧？但是被叫做钳老板还挺不错的……嗯？脑袋突然……"
    },
    {
      "id": 100,
      "model": "료슈",
      "content": "所谓料理，就要遵从舌与刀的指示。"
    },
    {
      "id": 101,
      "model": "료슈",
      "content": "在战场上胡乱搞来吃的食物，能有着被称为真正的料理的价值吗？"
    },
    {
      "id": 102,
      "model": "로쟈",
      "content": "哦~刚刚有名台词出现！"
    },
    {
      "id": 103,
      "model": "싱클레어",
      "content": "甚至良秀小姐都没有缩略着说！"
    },
    {
      "id": 104,
      "model": "그레고르",
      "content": "咳，虽然这话很有道理，但从那个人嘴里说出来听着还是很不爽……"
    },
    {
      "id": 105,
      "model": "그레고르",
      "content": "不对，但是你有做过料理的经验吗，良秀？"
    },
    {
      "id": 106,
      "model": "료슈",
      "content": "当然。我做过你这没用的家伙想都不敢想的境界的料理。"
    },
    {
      "id": 107,
      "model": "그레고르",
      "content": "真是让人越来越火大……"
    },
    {
      "id": 108,
      "model": "로쟈",
      "content": "这样的话……我站良秀这边！"
    },
    {
      "id": 109,
      "model": "그레고르",
      "content": "为什么突然要分队？"
    },
    {
      "id": 110,
      "model": "로쟈",
      "content": "啊哈哈，这不是很有趣嘛~"
    },
    {
      "id": 111,
      "model": "그레고르",
      "content": "那么你如此自然的站在良秀那边的理由是？"
    },
    {
      "id": 112,
      "model": "로쟈",
      "content": "格雷格，我们最近走得太近了。今天就稍微制造些隔阂吧。"
    },
    {
      "id": 113,
      "content": "清醒过来的希斯克利夫靠走到格里高尔身边，开口说道。"
    },
    {
      "id": 114,
      "model": "히스클리프",
      "content": "所以只要把这家伙干得稀碎就算赢，是这样吧？"
    },
    {
      "id": 115,
      "model": "그레고르",
      "content": "不对不对，不是说要干碎……"
    },
    {
      "id": 116,
      "model": "오티스",
      "content": "难道说你给手下们吃了罐头？真是军人之耻。作为参考我是速食食品派。"
    },
    {
      "id": 117,
      "model": "그레고르",
      "content": "明明只是口味不同而已啊！"
    },
    {
      "id": 118,
      "model": "이스마엘",
      "content": "真是幼稚。当真想要为了这种事情分帮结派吗？"
    },
    {
      "id": 119,
      "model": "로쟈",
      "content": "所以所以？以实是哪边的？如果说非要在格雷格或良秀之中选一名作为罪人们的饮食担当员的话……？"
    },
    {
      "id": 120,
      "model": "그레고르",
      "content": "别耍花招啊。以实玛利的想法一开始就跟我很合得来。"
    },
    {
      "id": 121,
      "content": "但是与格里高尔所确信的相反，以实玛利表情尴尬，且犹豫不决。"
    },
    {
      "id": 122,
      "model": "그레고르",
      "content": "以，以实玛利……？"
    },
    {
      "id": 123,
      "model": "이스마엘",
      "content": "格里高尔先生的罐头料理……我已经在船上吃腻了……"
    },
    {
      "id": 124,
      "model": "그레고르",
      "content": "为什么不看着我的眼睛，以实玛利？嗯？"
    },
    {
      "id": 125,
      "content": "以实玛利十分缓慢地向后走去，站在了良秀身边。"
    },
    {
      "id": 126,
      "content": "她仍然没能回应格里高尔的目光。"
    },
    {
      "id": 127,
      "model": "그레고르",
      "content": "……"
    },
    {
      "id": 128,
      "model": "료슈",
      "content": "呼。"
    },
    {
      "id": 129,
      "content": "虽然本来就不怎么坚固……但我能感觉到这是两人之间那一点点信任的纽带惨遭破坏的瞬间。"
    },
    {
      "id": 130,
      "content": "堂吉诃德不知何时已经贴在了格里高尔身后，她的面色十分阴沉。"
    },
    {
      "id": 131,
      "model": "돈키호테",
      "content": "说，说起来之前在巴士上吃鸡肉串的时候……吾，就看到了……她做了什么……"
    },
    {
      "id": 132,
      "model": "그레고르",
      "content": "她对鸡肉串做了什么？"
    },
    {
      "id": 133,
      "model": "돈키호테",
      "content": "那，那种行径……根本，就不可言状……"
    },
    {
      "id": 134,
      "model": "료슈",
      "content": "啊，你看到了那个？呵呵，那是独属于我的能够激发鸡肉串终极美味的秘法…"
    },
    {
      "id": 135,
      "content": "堂吉诃德浑身都在发抖。"
    },
    {
      "id": 136,
      "content": "紧接着鸿璐两眼放光地跑到了格里高尔身边。"
    },
    {
      "id": 137,
      "model": "홍루",
      "content": "呼呼，人生在世偶尔也该吃一遍宠物们的饲料一样的食物，不是吗？我会为格里高尔先生加油的！"
    },
    {
      "id": 138,
      "model": "그레고르",
      "content": "好，好啊。真是谢谢你啊，鸿璐……"
    },
    {
      "id": 139,
      "content": "鸿璐和颜悦色地站到了格里高尔身后。"
    },
    {
      "id": 140,
      "model": "그레고르",
      "content": "浮士德！你总该可以做出比任何人都合理的选择吧？"
    },
    {
      "id": 141,
      "model": "파우스트",
      "content": "或许吧，浮士德……也乐于进行各种冒险。"
    },
    {
      "id": 142,
      "content": "浮士德说着些意味深长的话语站到了良秀的身后。"
    },
    {
      "id": 143,
      "model": "싱클레어",
      "content": "我无法理解……为什么要在我们之间分派别？"
    },
    {
      "id": 144,
      "model": "료슈",
      "content": "喂，现・轻・话・晚。要么选一条生路要么就滚蛋。"
    },
    {
      "id": 145,
      "model": "싱클레어",
      "content": "现，现在说这些轻松话已经晚了吗……！那，那么……"
    },
    {
      "id": 146,
      "model": "단테",
      "content": "<辛克莱……到如今不已经是良秀的灵魂伴侣了吗？>"
    },
    {
      "id": 147,
      "content": "良秀毫不留情的一句话便让辛克莱踌躇着站在了良秀的身后。"
    },
    {
      "id": 148,
      "model": "그레고르",
      "content": "哪有用威胁的方式带走人的？这是犯规啊！"
    },
    {
      "id": 149,
      "model": "이상",
      "content": "……"
    },
    {
      "id": 150,
      "model": "이상",
      "content": "我不做选择，但凭差遣。"
    },
    {
      "id": 151,
      "model": "료슈",
      "content": "这个不需要。拿去吧。"
    },
    {
      "id": 152,
      "model": "이상",
      "content": "……"
    },
    {
      "id": 153,
      "content": "李箱原地不动，被自动分配到了格里高尔的队伍之中。"
    },
    {
      "id": 154,
      "content": "最后默尔索静静地站到了格里高尔身后。"
    },
    {
      "id": 155,
      "model": "그레고르",
      "content": "默，默尔索……"
    },
    {
      "id": 156,
      "model": "그레고르",
      "content": "我真心被感动到了。尽管我们平时并没有太多交情，但还是这样过来支持我……"
    },
    {
      "id": 157,
      "model": "뫼르소",
      "content": "我只是认为前往人数较少的一方有助于正确的均衡。"
    },
    {
      "id": 158,
      "content": "说不定有人会说，在那一瞬间，自己目睹了积聚在格里高尔眼中的泪水。"
    },
    {
      "id": 159,
      "content": "由于找不到适当的地方做菜，我们来到了银凤炸鸡酒吧的厨房。"
    },
    {
      "id": 160,
      "content": "尽管由于鸡群的肆虐与长时间的闲置使得厨房一团糟，"
    },
    {
      "id": 161,
      "content": "良秀和格里高尔一脚踢开地上的锅碗瓢盆，在厨房中就位了。"
    },
    {
      "id": 162,
      "model": "단테",
      "content": "<等下，在别人的餐厅里这么做也没关系吗？>"
    },
    {
      "id": 163,
      "model": "료슈",
      "content": "区区迟・要・完・餐，管他作甚。"
    },
    {
      "id": 164,
      "model": "싱클레어",
      "content": "迟早要完蛋的餐厅吗？！"
    },
    {
      "id": 165,
      "model": "그레고르",
      "content": "没错。我们的目标不说是要解决扭曲吗？"
    },
    {
      "id": 166,
      "model": "뒤틀린닭1",
      "teller": "生鸡",
      "title": "扭曲之物",
      "content": "咕咕咕咕！！！"
    },
    {
      "id": 167,
      "content": "虽然由于突如其来的入侵者们，愤怒的鸡群正威胁性的扇动着翅膀……"
    },
    {
      "id": 168,
      "model": "그렉료슈",
      "teller": "格里高尔&良秀",
      "title": "罪人们",
      "content": "胆敢妨碍我的就都斩（捅）掉！"
    },
    {
      "id": 169,
      "model": "단테",
      "content": "<这俩人反而是现在看起来更合得来……>"
    }
  ]
}