{
  "dataList": [
    {
      "id": 0,
      "model": "단테",
      "content": "<嗯……>"
    },
    {
      "id": 1,
      "model": "단테",
      "content": "<谁能来告诉我一下这是什么食物吗？>"
    },
    {
      "id": 2,
      "model": "돈키호테",
      "content": "这很简单！"
    },
    {
      "id": 3,
      "model": "돈키호테",
      "content": "经理老爷！巧克力这种东西不是非常美味吗？所以我把它放进去了。"
    },
    {
      "id": 4,
      "model": "돈키호테",
      "content": "而且我不喜欢土豆，所以替换成了相似形状的橙子。"
    },
    {
      "id": 5,
      "model": "히스클리프",
      "content": "哈？我还说是谁擅自把土豆都拿出来了，原来是你这呆头鹅，真不知说你什么好。"
    },
    {
      "id": 6,
      "model": "단테",
      "content": "<另外，为什么这些鸡会被如此残忍地撕成碎片呢？>"
    },
    {
      "id": 7,
      "model": "이상",
      "content": "在我居住的城镇，是用手把鸡肉撕成细丝来吃的。称得上珍馐的除此再无别物。"
    },
    {
      "id": 8,
      "model": "단테",
      "content": "<这黑色的是什么？为什么木炭会在平底锅里……>"
    },
    {
      "id": 9,
      "model": "히스클리프",
      "content": "话说回来，一个连嘴都没有的家伙，总是在一个劲儿地吹毛求疵。你能吃这个吗？"
    },
    {
      "id": 10,
      "model": "뒤틀린주인카운트1",
      "teller": "银凤家炸鸡酒吧 店长",
      "title": "银凤家炸鸡酒吧",
      "content": "……"
    },
    {
      "id": 11,
      "model": "뒤틀린주인카운트2",
      "teller": "银凤家炸鸡酒吧 店长",
      "title": "银凤家炸鸡酒吧",
      "content": "咯咯！"
    },
    {
      "id": 12,
      "content": "在扭曲店长那急促而有力的命令下，鸡群一起向着我们逼近。"
    }
  ]
}