{
  "dataList": [
    {
      "id": 0,
      "model": "파우스트",
      "teller": "浮士德",
      "title": "执柄者",
      "content": "辛克莱"
    },
    {
      "id": 1,
      "content": "一道轻柔的声音笼罩了这个空间。"
    },
    {
      "id": 2,
      "model": "파우스트",
      "teller": "浮士德",
      "title": "执柄者",
      "content": "看这边，辛克莱。"
    },
    {
      "id": 3,
      "content": "这声音像是要包裹他，甚至，像是还要层层盘绕那般。"
    },
    {
      "id": 4,
      "content": "然而。"
    },
    {
      "id": 5,
      "model": "파우스트",
      "teller": "浮士德",
      "title": "执柄者",
      "content": "咯咯……哈哈哈！这难道不是一幅绝景吗？"
    },
    {
      "id": 6,
      "content": "那孩子身旁的人发出了仿佛要彻底扭曲空气的笑声，如同两块锋利的金属片相互摩擦又弹开的，令人毛骨悚然的尖啸。"
    },
    {
      "id": 7,
      "content": "仔细打量周围的区域后……"
    },
    {
      "id": 8,
      "content": "你便可以看到，这四周被刀锋般的熊熊烈焰所包围。"
    },
    {
      "id": 9,
      "model": "파우스트",
      "teller": "浮士德",
      "title": "执柄者",
      "content": "感觉如何，辛克莱？目睹这烈火包围一切的景色，感觉如何！"
    },
    {
      "id": 10,
      "content": "她的声音甚至可以说是疯狂，而她讥讽的笑容要比她周围的火焰更加扭曲。"
    },
    {
      "id": 11,
      "model": "싱클레어",
      "teller": "辛克莱",
      "title": "准执柄者",
      "content": "……啊。"
    },
    {
      "id": 12,
      "content": "就在这时，那孩子张开了嘴。"
    },
    {
      "id": 13,
      "content": "他的嘴唇在颤抖，肺部不停发出喘息声。"
    },
    {
      "id": 14,
      "content": "这是出于恐惧吗？的确，看起来就是如此。"
    },
    {
      "id": 15,
      "content": "毫无疑问，这孩子一定曾拥有过那所谓“机会”。"
    },
    {
      "id": 16,
      "content": "他本可以凭自己的力量打破那卵壳般的桎梏，从而自己掌握自己的人生道路。 "
    },
    {
      "id": 17,
      "content": "但是……"
    },
    {
      "id": 18,
      "model": "싱클레어",
      "teller": "辛克莱",
      "title": "准执柄者",
      "content": "这真美丽啊……浮士德。这些污秽恶心的东西受到净化的样子看起来真是美丽。"
    },
    {
      "id": 19,
      "content": "借助他人的力量破壳而出，是一种几乎无法拒绝的便捷。"
    },
    {
      "id": 20,
      "content": "即便他们并不是你的母鸟……"
    },
    {
      "id": 21,
      "content": "即便他们紧紧掌握又肆意操纵着你前进的道路……"
    },
    {
      "id": 22,
      "content": "令人不安却又好似温暖的火焰，伪装成一团带来宽慰的篝火，引诱着你放下戒备与力量。"
    },
    {
      "id": 23,
      "model": "싱클레어",
      "teller": "辛克莱",
      "title": "准执柄者",
      "content": "为什么我没能早些放下，浮士德？"
    },
    {
      "id": 24,
      "model": "싱클레어",
      "teller": "辛克莱",
      "title": "准执柄者",
      "content": "已然有如此清晰的答案摆在面前，又何必再绞尽脑汁的思考下去。"
    },
    {
      "id": 25,
      "content": "孩子的声音满含着颤抖和呜咽，就在哭泣的边缘。"
    },
    {
      "id": 26,
      "content": "雏鸟太早就被逼出鸟巢， 极力掩饰着他缺乏自信的事实……"
    },
    {
      "id": 27,
      "content": "那雏鸟就是他，甚至还没有完全破壳而出。"
    },
    {
      "id": 28,
      "content": "这是对这孩子最贴切的描述。"
    },
    {
      "id": 29,
      "model": "파우스트",
      "teller": "浮士德",
      "title": "执柄者",
      "content": "不是任何人都能成为浮士德这般，辛克莱。"
    },
    {
      "id": 30,
      "model": "파우스트",
      "teller": "浮士德",
      "title": "执柄者",
      "content": "不过，没有关系……呼。"
    },
    {
      "id": 31,
      "content": "那银发的孩子指着天空说道。"
    },
    {
      "id": 32,
      "content": "在上面某处，一个被刺穿在长钉上的东西正在在喃喃自语，发出模糊的机械噪音。"
    },
    {
      "id": 33,
      "model": "싱클레어",
      "teller": "辛克莱",
      "title": "准执柄者",
      "content": "啊……啊啊！"
    },
    {
      "id": 34,
      "content": "孩子的瞳孔进一步收缩，他的颤抖也愈加剧烈。"
    },
    {
      "id": 35,
      "content": "他其实并不希望看到自己所目睹的这一切，是再显眼不过的事实。"
    },
    {
      "id": 36,
      "content": "即便他也明白这一点，但他决定不去理会它。"
    },
    {
      "id": 37,
      "content": "即便他也认为他所做的事情绝非正确，但他无法拒绝由这只陌生的母鸟送到他嘴边的吃食。"
    },
    {
      "id": 38,
      "content": "一只除了张嘴和吞咽之外，什么都不用做的，粉红色的雏鸟。"
    },
    {
      "id": 39,
      "content": "他已经纵身跃入了沸腾的油锅，除了扇动那行将融化的双翼外，他毫无选择。"
    },
    {
      "id": 40,
      "content": "……虽然，当某日火焰停息时，他一定早就化为了灰烬。"
    },
    {
      "id": 41,
      "model": "싱클레어",
      "teller": "辛克莱",
      "title": "准执柄者",
      "content": "哈……哈哈。"
    },
    {
      "id": 42,
      "content": "那孩子笑了。 "
    },
    {
      "id": 43,
      "model": "파우스트",
      "teller": "浮士德",
      "title": "执柄者",
      "content": "恭喜你，辛克莱。你已经成为能以此为乐的人了。"
    },
    {
      "id": 44,
      "content": "站在那孩子身边的人由衷地向他祝贺。"
    },
    {
      "id": 45,
      "content": "不过，她实际上是在赞美自己的成就。如果可能性真的分歧出了众多的平行世界……那她一定成功的将这孩子塑造成了一个，其他的世界定会为之所妒的样子。"
    },
    {
      "id": 46,
      "content": "也许，某个平行世界中的人也曾多少窥见过这孩子在转变中逐渐焦化的样子，也曾让那人深深着迷。"
    },
    {
      "id": 47,
      "content": "很快，那个世界也将经历一场由烈火，滚油与火星织成的暴风雨。在那个世界的这孩子将也经历一场类似，但截然不同的审判。"
    },
    {
      "id": 48,
      "model": "파우스트",
      "teller": "浮士德",
      "title": "执柄者",
      "content": "那我们开始吧，辛克莱。开始净化这个世界。"
    },
    {
      "id": 49,
      "model": "싱클레어",
      "teller": "辛克莱",
      "title": "准执柄者",
      "content": "……好。"
    },
    {
      "id": 50,
      "content": "那孩子在火焰中哭泣。即便他不停的挥舞着手中的铁器，他也无法执握住任何东西，无法改变自己的道路，也终将被火焰燃尽。"
    },
    {
      "id": 51,
      "content": "不论是他自己破壳而出，还是屈服于被他人执出卵壳的安逸……"
    },
    {
      "id": 52,
      "content": "虽然，在一个世界中发生的事情，终究会止于那个世界本身。"
    },
    {
      "id": 53,
      "content": "但是，你若是想要知道是哪个世界，无论以何种方式，先达到破壳的地步……"
    },
    {
      "id": 54,
      "content": "谁又说得准呢?"
    }
  ]
}