{
  "dataList": [
    {
      "id": 0,
      "model": "로쟈",
      "title": "黑云会 组员",
      "content": "来吧，大叔。我知道你在那个保险箱里面放了多少钱。"
    },
    {
      "id": 1,
      "content": "这个孩子得意地说着，那笑容中流露出一股尖锐的玩世不恭的神气。"
    },
    {
      "id": 2,
      "content": "黑云会和其他帮派之间没有太大区别。"
    },
    {
      "id": 3,
      "content": "他们每日的工作就是以交他们所称的“保护费”为由，在后巷中敲诈各个家庭和企业，榨取着他们的每一分钱。"
    },
    {
      "id": 4,
      "content": "奇怪的是，比起其他地方，这个孩子对于这里却显得异常苛刻。"
    },
    {
      "id": 5,
      "content": "也许是她在其他什么地方听说这个男人是个吝啬的守财奴，认为他的钱可以喂饱自己饥饿的手下吧。"
    },
    {
      "id": 6,
      "content": "她看上去随时都能揪住他的领子把他的头砍下来，但是有什么在阻止她这样做。"
    },
    {
      "id": 7,
      "content": "她大概是不想惹上麻烦，因为在帮派中未经授权的行为是被严厉禁止的。"
    },
    {
      "id": 8,
      "content": "哦，这个男人可真幸运啊。看起来有个向导的到来吸引了她的注意力。"
    },
    {
      "id": 9,
      "model": "료슈",
      "title": "黑云会 若众",
      "content": "罗佳，有好事了。终于可以摆脱这些卑劣的任务了。"
    },
    {
      "id": 10,
      "model": "로쟈",
      "title": "黑云会 组员",
      "content": "……嘛，意思是有好消息对吧？"
    },
    {
      "id": 11,
      "content": "喜欢毫无意义地缩略词汇的向导扬起嘴角点了点头，点燃香烟补充道："
    },
    {
      "id": 12,
      "model": "료슈",
      "title": "黑云会 若众",
      "content": "我们要同剑契的人共舞一曲了。"
    }
  ]
}