{
  "dataList": [
    {
      "id": 0,
      "model": "료슈",
      "teller": "良秀",
      "title": "23区后巷",
      "content": "啊，你醒了。"
    },
    {
      "id": 1,
      "content": "那孩子淡淡地说道。"
    },
    {
      "id": 2,
      "content": "如果不是周遭那开膛破肚的景象，这可能会被误认为对刚从甜蜜梦乡中醒来的人的亲切问候。"
    },
    {
      "id": 3,
      "model": "료슈",
      "teller": "良秀",
      "title": "23区后巷",
      "content": "幸好你醒得及时。处理结束时要是你心跳过慢的话，可是会影响味道的。"
    },
    {
      "id": 4,
      "content": "那孩子看着躺在地板上发出轻微嘎吱声的人。"
    },
    {
      "id": 5,
      "content": "这可怜的家伙躺在地板上扭动挣扎，无法接受自己落入这样的险境。"
    },
    {
      "id": 6,
      "model": "료슈",
      "teller": "良秀",
      "title": "23区后巷",
      "content": "喂，不要乱动。啧，我早跟帮厨讲过了要把肉里的水分榨干。"
    },
    {
      "id": 7,
      "content": "啪。"
    },
    {
      "id": 8,
      "content": "孩子拍了拍那家伙的脸颊，嘴里吐出冷酷无情的话语。"
    },
    {
      "id": 9,
      "model": "료슈",
      "teller": "良秀",
      "title": "23区后巷",
      "content": "我可受不了艺术素材随意占据主题。安静，要是你不想被折・肢的话。"
    },
    {
      "id": 10,
      "content": "尽管受害者并不知道那是“折断四肢”的意思……"
    },
    {
      "id": 11,
      "content": "不过他很快就明白只有乖乖听话才能活命。"
    },
    {
      "id": 12,
      "model": "료슈",
      "teller": "良秀",
      "title": "23区后巷",
      "content": "这是你的乖・听・奖。"
    },
    {
      "id": 13,
      "content": "扎入。"
    },
    {
      "id": 14,
      "content": "那孩子用她一直摆弄着的注射器扎入受害者体内。"
    },
    {
      "id": 15,
      "model": "료슈",
      "teller": "良秀",
      "title": "23区后巷",
      "content": "这一管昂贵的麻醉注射器可是混合了各式各样的调味剂，能把你变成后巷最棒的，一顿佳肴……和一门艺术。"
    },
    {
      "id": 16,
      "content": "那孩子一直在胡乱地描述她口中的艺术，令人难以理解……"
    },
    {
      "id": 17,
      "content": "要知道，23区后巷可是被众人称为“味之巷”。"
    },
    {
      "id": 18,
      "content": "对，就坐落于W公司所在的巢周围。"
    },
    {
      "id": 19,
      "content": "此地盛行追求美食的文化，居民们以食为天，以美为先。"
    },
    {
      "id": 20,
      "content": "同时也是8大主厨和都其林指南这些与烹饪艺术密切相关之人的诞生地。"
    },
    {
      "id": 21,
      "content": "这孩子想要成为著名的8大主厨之一，用人类————通常被称作烹饪艺术的巅峰之作，作为主要食材。"
    },
    {
      "id": 22,
      "content": "为此，那孩子在这里开设了一家餐馆，取名为良・派……使用简写是那孩子一直以来的喜好。"
    },
    {
      "id": 23,
      "content": "猜得到，那孩子出售肉派。她的肉派在美食家们的口中赢得了良好口碑。"
    },
    {
      "id": 24,
      "model": "료슈",
      "teller": "良秀",
      "title": "23区后巷",
      "content": "现在……有没有觉得你正在失去知觉？"
    },
    {
      "id": 25,
      "content": "那孩子一边检查着她的刀，一边愉快的看着她的受害者。"
    },
    {
      "id": 26,
      "model": "료슈",
      "teller": "良秀",
      "title": "23区后巷",
      "content": "你最好是块好料。我快要受不了那个又慢又蠢，手法生疏的帮厨格里高尔了。"
    },
    {
      "id": 27,
      "content": "那孩子咂着嘴，开始抱怨起来。"
    },
    {
      "id": 28,
      "content": "说着她多么讨厌她的帮厨做事慢慢吞吞，老是带给她劣质食材，用钝刃切坏货品等等……"
    },
    {
      "id": 29,
      "model": "료슈",
      "teller": "良秀",
      "title": "23区后巷",
      "content": "行了，随便吧，我一当上8大主厨就炒了他。"
    },
    {
      "id": 30,
      "content": "那孩子还在抱怨，而受害者的眼皮开始下垂。"
    },
    {
      "id": 31,
      "content": "为什么她会如此恼怒，之后在他身上会发生什么……他的意识逐渐模糊远去，神智逐渐消失。"
    },
    {
      "id": 32,
      "model": "료슈",
      "teller": "良秀",
      "title": "23区后巷",
      "content": "嗯，还是回到正题上来。"
    },
    {
      "id": 33,
      "model": "료슈",
      "teller": "良秀",
      "title": "23区后巷",
      "content": "现在……笑一个吧。你马上就是这件艺术品的中心了。"
    },
    {
      "id": 34,
      "content": "看着受害者，那孩子举起了她的刀。"
    },
    {
      "id": 35,
      "content": "刀子上流着的血形似一个笑脸，应该只是个偶然吧？"
    },
    {
      "id": 36,
      "content": "……根本不需要怀疑，从她脸上就能得到答案。"
    }
  ]
}