{
  "dataList": [
    {
      "id": 0,
      "model": "이상",
      "title": "剑契组 杀手",
      "content": "尽管我的本意只是望向窗外，然而窗纸将它覆盖，徒留纸面上所映的扭曲的月影，使我不甚满意。"
    },
    {
      "id": 1,
      "content": "那孩子眯着一双不满的眼睛，定定地注视着窗纸，似乎仍然无法对其释怀。看起来他并没有搭理来访者的打算。"
    },
    {
      "id": 2,
      "model": "오티스",
      "title": "剑契组 封口人",
      "content": "\"不是你自己说想睡在瓦房里的吗？\""
    },
    {
      "id": 3,
      "content": "吸溜吸溜。喝茶的声音表达着他的不快。"
    },
    {
      "id": 4,
      "model": "오티스",
      "title": "剑契组 封口人",
      "content": "还有，让我们把据点搬到南方的人也是你吧，李箱。"
    },
    {
      "id": 5,
      "model": "이상",
      "title": "剑契组 杀手",
      "content": "虽是如此……"
    },
    {
      "id": 6,
      "content": "听到这一席带刺的话，名为李箱的孩子慢慢低下头，将目光投向对方。"
    },
    {
      "id": 7,
      "model": "이상",
      "title": "剑契组 杀手",
      "content": "剑契不是必须找到一个新的能收保护费的地方么？私以为，这是一个非常合适的替代方案。"
    },
    {
      "id": 8,
      "model": "오티스",
      "title": "剑契组 封口人",
      "content": "哎，你还真是一步也不肯退让啊。"
    },
    {
      "id": 9,
      "model": "이상",
      "title": "剑契组 杀手",
      "content": "屈服并未我的风格。"
    },
    {
      "id": 10,
      "model": "오티스",
      "title": "剑契组 封口人",
      "content": "那么，为什么你不来带领我们？为什么要拥护我当首领？"
    },
    {
      "id": 11,
      "model": "이상",
      "title": "剑契组 杀手",
      "content": "其余劳心劳力的事务，皆非理想之事。"
    },
    {
      "id": 12,
      "model": "오티스",
      "title": "剑契组 封口人",
      "content": "你不就是因为杀了多余的人才被称为杀人魔的吗？"
    },
    {
      "id": 13,
      "model": "이상",
      "title": "剑契组 杀手",
      "content": "居其位，安其职，尽其诚。"
    },
    {
      "id": 14,
      "content": "二人你来我往地一问一答。忽然，眼睛阴沉的孩子像是想起了什么似的，补充道："
    },
    {
      "id": 15,
      "model": "이상",
      "title": "剑契组 杀手",
      "content": "曾经，你有询问过。为何平日嬉笑打闹，饮宴与乐，持刀相向时却心冷如铁石？"
    },
    {
      "id": 16,
      "model": "오티스",
      "title": "剑契组 封口人",
      "content": "是这么问过。"
    },
    {
      "id": 17,
      "model": "이상",
      "title": "剑契组 杀手",
      "content": "或许今日之辩，可作为解答。"
    },
    {
      "id": 18,
      "content": "吸溜吸溜。"
    },
    {
      "id": 19,
      "content": "他若无其事地端起茶杯，好像刚刚只是说了一句稀松平常的话。"
    },
    {
      "id": 20,
      "content": "对面孩子脸上复杂的表情意味良多，但硬要一一解释的话就有些不解风情了。"
    },
    {
      "id": 21,
      "content": "“难道不是吗？”"
    }
  ]
}