{
  "dataList": [
    {
      "id": 0,
      "model": "로쟈",
      "teller": "罗佳",
      "title": "N公司 中锤",
      "content": "棒极了。"
    },
    {
      "id": 1,
      "model": "로쟈",
      "teller": "罗佳",
      "title": "N公司 中锤",
      "content": "真的，非常棒！"
    },
    {
      "id": 2,
      "model": "로쟈",
      "teller": "罗佳",
      "title": "N公司 中锤",
      "content": "这世上怎会有如此出色之人？"
    },
    {
      "id": 3,
      "model": "로쟈",
      "teller": "罗佳",
      "title": "N公司 中锤",
      "content": "不对，应该说这世上竟会有如此众多仿冒人类的劣质品？"
    },
    {
      "id": 4,
      "model": "로쟈",
      "teller": "罗佳",
      "title": "N公司 中锤",
      "content": "遇到执柄者后我才明白，明明在街上走两步就能闻到那令人不快的臭味，我却在拼命装作没发现的样子活到现在！"
    },
    {
      "id": 5,
      "model": "로쟈",
      "teller": "罗佳",
      "title": "N公司 中锤",
      "content": "执柄者的声音时常能够推翻我那愚蠢的想法，让我被正确的思想所充盈。"
    },
    {
      "id": 6,
      "model": "로쟈",
      "teller": "罗佳",
      "title": "N公司 中锤",
      "content": "第一次被称呼为锤子的时候也是，第一次挥下锤子的时候也是，那道声音引导着我平静下来！"
    },
    {
      "id": 7,
      "model": "로쟈",
      "teller": "罗佳",
      "title": "N公司 中锤",
      "content": "啊啊，我究竟为什么会因为粉碎那些不洁的存在而感到恐惧呢？"
    },
    {
      "id": 8,
      "model": "로쟈",
      "teller": "罗佳",
      "title": "N公司 中锤",
      "content": "明明那些不洁的人类们正堂堂地走在路上，我为什么没有想到这土地正在被他们玷污呢！"
    },
    {
      "id": 9,
      "model": "로쟈",
      "teller": "罗佳",
      "title": "N公司 中锤",
      "content": "而后我醒悟了。"
    },
    {
      "id": 10,
      "model": "로쟈",
      "teller": "罗佳",
      "title": "N公司 中锤",
      "content": "我那美丽的故乡也被这样不净的……异端们毫不在意地大步践踏着的事实！"
    },
    {
      "id": 11,
      "model": "로쟈",
      "teller": "罗佳",
      "title": "N公司 中锤",
      "content": "成为中锤后的第一周，我第一次向执柄者诉说。说我想纠正变得污浊的故乡的未来！"
    },
    {
      "id": 12,
      "model": "로쟈",
      "teller": "罗佳",
      "title": "N公司 中锤",
      "content": "执柄者一如既往地露出仁慈的笑容。"
    },
    {
      "id": 13,
      "model": "파우스트",
      "teller": "浮士德",
      "title": "执柄者",
      "content": "那就如你所愿。"
    },
    {
      "id": 14,
      "model": "로쟈",
      "teller": "罗佳",
      "title": "N公司 中锤",
      "content": "啊啊，果然我是被执柄者选中之人！"
    },
    {
      "id": 15,
      "model": "로쟈",
      "teller": "罗佳",
      "title": "N公司 中锤",
      "content": "那天晚上，后巷居民们的尸体被堆成了塔。"
    },
    {
      "id": 16,
      "model": "로쟈",
      "teller": "罗佳",
      "title": "N公司 中锤",
      "content": "啊啊，没错。就是身为“异端”的住民们！"
    },
    {
      "id": 17,
      "model": "로쟈",
      "teller": "罗佳",
      "title": "N公司 中锤",
      "content": "看着他们被钉在距离大地最远的地方……我开心得笑出声来。"
    },
    {
      "id": 18,
      "model": "로쟈",
      "teller": "罗佳",
      "title": "N公司 中锤",
      "content": "甚至想要亲吻净化过后的、洁净的故乡的泥土。"
    }
  ]
}