{
  "dataList": [
    {
      "id": 0,
      "teller": "笨拙的新人",
      "title": "六协会 6科",
      "content": "呜啊？！"
    },
    {
      "id": 1,
      "content": "鲜红色的火花噼里啪啦地燃烧起来。"
    },
    {
      "id": 2,
      "content": "持剑的孩子吓得跌坐在地，一个戴着金属护手的孩子向他伸出了手。"
    },
    {
      "id": 3,
      "teller": "笨拙的新人",
      "title": "六协会 6科",
      "content": "默尔索先生……"
    },
    {
      "id": 4,
      "model": "뫼르소",
      "title": "六协会 6科",
      "content": "在正确的时机击中正确的部位，六协会的装备就能够产生火焰。"
    },
    {
      "id": 5,
      "content": "沉默寡言的孩子对摔倒在地的孩子这样说道，向他伸出了手，金属护手上缭绕的火焰刚刚散去。"
    },
    {
      "id": 6,
      "teller": "笨拙的新人",
      "title": "六协会 6科",
      "content": "……"
    },
    {
      "id": 7,
      "model": "뫼르소",
      "title": "六协会 6科",
      "content": "反之，如果没能经过正确的轨迹和摩擦，就不可能燃烧起来，毕竟火焰也不会自己点燃。"
    },
    {
      "id": 8,
      "teller": "笨拙的新人",
      "title": "六协会 6科",
      "content": "唔……"
    },
    {
      "id": 9,
      "model": "뫼르소",
      "title": "六协会 6科",
      "content": "这条指引着六协会所有人的法则也曾教导过我。正因如此，火焰才会自然产生，正如我自然而然地留在六协会，直至今日。"
    },
    {
      "id": 10,
      "content": "困惑的孩子歪着头，好像没想明白。而回答者看着他，露出了淡淡的微笑。"
    },
    {
      "id": 11,
      "model": "뫼르소",
      "title": "六协会 6科",
      "content": "得更加努力练习才行。"
    },
    {
      "id": 12,
      "content": "说完，这孩子就离开了。"
    }
  ]
}