{
  "dataList": [
    {
      "id": 0,
      "content": "那孩子一无所有，她已经失去了太多。"
    },
    {
      "id": 1,
      "content": "失去了右眼、失去了同伴、失去了工作、失去了信赖。除此之外，还有无数的失去之物在头脑中盘旋。"
    },
    {
      "id": 2,
      "model": "파우스트",
      "title": "脑叶公司 幸存者",
      "content": "工作已完成，即将返回。"
    },
    {
      "id": 3,
      "content": "那孩子简洁地报告道，说完，她就把发信机放进了口袋。"
    },
    {
      "id": 4,
      "content": "被那孩子的独眼所俯视的世界是……"
    },
    {
      "id": 5,
      "content": "一具断成了两截的遗体，倒在都市后巷冰冷的地面上。一盏或许是年久失修的蓝灯，明灭不定的光芒将此处照亮。"
    },
    {
      "id": 6,
      "model": "파우스트",
      "title": "脑叶公司 幸存者",
      "content": "你知道吗？"
    },
    {
      "id": 7,
      "content": "那孩子提出了一个无从应答的问题。"
    },
    {
      "id": 8,
      "content": "尽管这样问了，那孩子却不曾期待过回答，她继续说了下去。"
    },
    {
      "id": 9,
      "model": "파우스트",
      "title": "脑叶公司 幸存者",
      "content": "浮士德何时才能被承认？"
    },
    {
      "id": 10,
      "content": "无论是谁——哪怕是一只随处可见的虫子——都没有听到她充满渴求的声音。"
    },
    {
      "id": 11,
      "model": "파우스트",
      "title": "脑叶公司 幸存者",
      "content": "要到何时，曾属于折断之翼的员工的事实才会被遗忘？"
    },
    {
      "id": 12,
      "content": "如果说，她还有一样东西没有失去，那便是在旧L公司的……没错，那正是我的孩子们曾在之地。还未丧失的，只有她曾为那个地方效力的事实。"
    },
    {
      "id": 13,
      "model": "파우스트",
      "title": "脑叶公司 幸存者",
      "content": "必须从那个活地狱里活着回来的理由，真的存在吗？"
    },
    {
      "id": 14,
      "model": "파우스트",
      "title": "脑叶公司 幸存者",
      "content": "还有什么地方需要我吗？"
    },
    {
      "id": 15,
      "model": "파우스트",
      "title": "脑叶公司 幸存者",
      "content": "被掩埋的空间里还有其他的幸存者吗？那明亮的夜晚与漆黑的白昼有什么意义吗？"
    },
    {
      "id": 16,
      "content": "那孩子轻轻地叹了一口气。"
    },
    {
      "id": 17,
      "model": "파우스트",
      "title": "脑叶公司 幸存者",
      "content": "浮士德，一无所知。"
    },
    {
      "id": 18,
      "content": "那声叹息还没来得及填满后巷的角落，就已经模糊地消散了。"
    }
  ]
}