{
  "dataList": [
    {
      "id": 0,
      "teller": "一脸好奇的同事",
      "title": "Seven协会 6科",
      "content": "……你为什么还待在Seven协会呢？"
    },
    {
      "id": 1,
      "model": "료슈",
      "title": "Seven协会 6科",
      "content": "没・因。"
    },
    {
      "id": 2,
      "content": "这个孩子对别人的提问总是很冷淡。"
    },
    {
      "id": 3,
      "content": "虽然这样的行为没什么特别的意义，但Seven协会反而将目光放在了那孩子的这个特点上。"
    },
    {
      "id": 4,
      "content": "“信息不对称性。”"
    },
    {
      "id": 5,
      "content": "虽然Seven协会负责收集情报，但原则上它也不会轻易把自己的情报分享出去。"
    },
    {
      "id": 6,
      "content": "从这点来说，这孩子大部分的情报都不愿分享给他人。可以说是口风非常紧了吧？"
    },
    {
      "id": 7,
      "content": "当然，她并不是有意这样的。"
    },
    {
      "id": 8,
      "content": "也许这孩子只是需要一个可以挥剑的地方，这种可能性更大。"
    },
    {
      "id": 9,
      "model": "료슈",
      "title": "Seven协会 6科",
      "content": "……呼，看好了。"
    },
    {
      "id": 10,
      "content": "这孩子用奇特的姿势举起了剑，瞬息间开始挥舞起来。"
    },
    {
      "id": 11,
      "content": "剑每次击中目标都伴随着剥落，切割，断裂，飞散……"
    },
    {
      "id": 12,
      "model": "료슈",
      "title": "Seven协会 6科",
      "content": "剑・创・艺・极……"
    },
    {
      "id": 13,
      "content": "用剑创作出的艺术所能达到的极致。"
    },
    {
      "id": 14,
      "content": "如字面意思，眼前只剩下个与人类的形状相去甚远的肉块。"
    }
  ]
}