{
  "dataList": [
    {
      "id": 0,
      "teller": "已经厌烦的队友",
      "title": "W公司",
      "content": "你看看他，什么时候都一声不吭，只是埋头做自己应该做的事情。你要是有他……"
    },
    {
      "id": 1,
      "content": "“有他一半好”，这孩子一定是想这样结尾的，但最后他闭上了嘴。"
    },
    {
      "id": 2,
      "content": "他们换了个话题。"
    },
    {
      "id": 3,
      "teller": "已经厌烦的队友",
      "title": "W公司",
      "content": "不，也别拿他当榜样。说实话，看着也不太好。"
    },
    {
      "id": 4,
      "content": "不论如何……"
    },
    {
      "id": 5,
      "content": "那孩子一言不发地专注于自己的工作。"
    },
    {
      "id": 6,
      "content": "那个个子很高、眼神冷漠的孩子一脸淡然，仿佛自己不是周遭谈论的对象一般，尽管他的耳朵既没有被堵上，也没有失聪。"
    },
    {
      "id": 7,
      "teller": "已经厌烦的队友",
      "title": "W公司",
      "content": "……喂，你好歹说两句。"
    },
    {
      "id": 8,
      "content": "他的无动于衷似乎很是让这抱怨连篇的孩子困扰。这时他，这个高个子孩子，终于回头盯着他开口了。"
    },
    {
      "id": 9,
      "model": "뫼르소",
      "title": "W公司 清扫小组",
      "content": "我不认为自己有义务回复。"
    },
    {
      "id": 10,
      "teller": "已经厌烦的队友",
      "title": "W公司",
      "content": "就是，拜托老兄……你真的打算在别人对你评头论足的时候就这么坐着？"
    },
    {
      "id": 11,
      "model": "뫼르소",
      "title": "W公司 清扫小组",
      "content": "只要对我没有直接损害就行。"
    },
    {
      "id": 12,
      "content": "留下这句话，他就回去工作了。"
    },
    {
      "id": 13,
      "content": "大吐苦水的孩子一直用冰冷的眼神盯着他……"
    },
    {
      "id": 14,
      "content": "然而他丝毫不为所动。"
    }
  ]
}