{
  "dataList": [
    {
      "id": 0,
      "content": "那孩子只是在劈砍。"
    },
    {
      "id": 1,
      "content": "或许是在挥刀而下。"
    },
    {
      "id": 2,
      "content": "又或者是深深刺入。"
    },
    {
      "id": 3,
      "content": "那孩子胸前一边挂着的奖章，就像是认同了他至今为止的劳苦一般，提高了他的阶级。"
    },
    {
      "id": 4,
      "content": "但他眼中曾经那澄澈无比的光芒已然黯淡。"
    },
    {
      "id": 5,
      "content": "那场战争究竟有什么意义？"
    },
    {
      "id": 6,
      "content": "是翼之间纠缠不休的权利纠纷？虽然也没错，但其中是否也包含着参与战争的数不胜数的孩子们的权利？"
    },
    {
      "id": 7,
      "content": "如果包含，便再好不过。"
    },
    {
      "id": 8,
      "content": "因为，这孩子正以无欲无求的表情无数次地贯穿着敌人的心脏。"
    },
    {
      "id": 9,
      "content": "不久前还一脸天真无邪地向着某人敬礼的孩子，将那段短暂的时光深刻烙印在了脑海当中。"
    },
    {
      "id": 10,
      "content": "那颗磨损殆尽的心……"
    },
    {
      "id": 11,
      "content": "似乎最终还是走向了用杀人来扼杀感情的道路。"
    },
    {
      "id": 12,
      "content": "没关系。"
    },
    {
      "id": 13,
      "content": "如果那是为了你的话。"
    },
    {
      "id": 14,
      "content": "那么这也可以，当做是一件正确的事情吧。"
    }
  ]
}