{
  "dataList": [
    {
      "id": 0,
      "model": "히스클리프",
      "title": "R公司 第四集团军 兔子队",
      "content": "嘎哈哈！"
    },
    {
      "id": 1,
      "content": "孩子的笑声十分欢快，但又充斥着一种令人毛骨悚然的感觉。"
    },
    {
      "id": 2,
      "model": "히스클리프",
      "title": "R公司 第四集团军 兔子队",
      "content": "下一个家伙！继续射击！"
    },
    {
      "id": 3,
      "content": "孩子的枪口连续不断地喷射出火焰。"
    },
    {
      "id": 4,
      "content": "仿佛根本没有将手指移开扳机这一选项一般，孩子咧嘴大笑着，任由敌人的血滴飞溅到他的脸颊和衣服上。"
    },
    {
      "id": 5,
      "model": "히스클리프",
      "title": "R公司 第四集团军 兔子队",
      "content": "子弹怎么打完了！"
    },
    {
      "id": 6,
      "content": "原以为那疯狂的火光终于平息，没想到那孩子马上把用尽弹药的枪支扔向了敌人。"
    },
    {
      "id": 7,
      "content": "灼热的枪支直接命中了敌人的身体，并迅速点燃了目标的衣物。"
    },
    {
      "id": 8,
      "model": "히스클리프",
      "title": "R公司 第四集团军 兔子队",
      "content": "如果没有可以刨开鲜草的前脚，那就用牙齿来撕咬！"
    },
    {
      "id": 9,
      "content": "孩子拔出他的刀向前冲去。就像是一只兔子一样向前跳跃，将敌人杀的片甲不留。"
    },
    {
      "id": 10,
      "model": "히스클리프",
      "title": "R公司 第四集团军 兔子队",
      "content": "这件衣服……妈的，我都要爱上它了！真是感觉越杀越强！"
    },
    {
      "id": 11,
      "content": "孩子闪闪发光的眼睛仿佛陶醉于某物一般……"
    },
    {
      "id": 12,
      "content": "不过，看起来他乐于此道，倒也不必过于担心。对吧？"
    }
  ]
}