{
  "dataList": [
    {
      "id": 0,
      "model": "이스마엘",
      "title": "し协会 5科",
      "content": "哈啊，所以……说！在目标的前方进行突刺攻击根本就……没有意义！"
    },
    {
      "id": 1,
      "content": "橙色头发的孩子正在灵巧地躲避手握长剑的孩子的攻击。"
    },
    {
      "id": 2,
      "content": "并非敌人却对彼此心怀杀意，并非训练却有加以指点。"
    },
    {
      "id": 3,
      "content": "这些孩子们的战斗一直都是这种方式，因此谁都没有劝阻他们的理由。"
    },
    {
      "id": 4,
      "model": "히스클리프",
      "title": "し协会 5科",
      "content": "嗷！你给我站着别动！"
    },
    {
      "id": 5,
      "model": "이스마엘",
      "title": "し协会 5科",
      "content": "让你暗杀啊，暗杀！讲真我都不知道你是怎么被招进来的！"
    },
    {
      "id": 6,
      "model": "히스클리프",
      "title": "し协会 5科",
      "content": "呃……你这……！"
    },
    {
      "id": 7,
      "model": "히스클리프",
      "title": "し协会 5科",
      "content": "没有目击者可不就是暗杀了吗，还有什么问题！！！"
    },
    {
      "id": 8,
      "content": "更年幼的孩子瞪大了眼。"
    },
    {
      "id": 9,
      "content": "是被比预想的要更饱含怨恨的声音吓到了吗，还是说……"
    },
    {
      "id": 10,
      "model": "이스마엘",
      "title": "し协会 5科",
      "content": "哇。真没想到你能把这话说出口啊。"
    },
    {
      "id": 11,
      "content": "她大概单纯是被对方幼稚的想法给惊呆了。"
    },
    {
      "id": 12,
      "model": "이스마엘",
      "title": "し协会 5科",
      "content": "够了。我也不会再忍了。我要去找部长告状！"
    },
    {
      "id": 13,
      "model": "히스클리프",
      "title": "し协会 5科",
      "content": "喂，等下……喂！"
    },
    {
      "id": 14,
      "content": "像柱子一样高大的孩子迅速改变姿势想追上去，但随即又无所谓似的停在了原地。大抵是认为反正也没有用了吧。"
    },
    {
      "id": 15,
      "content": "取而代之，那孩子望向天空长叹一口气，默默说出心中所想。"
    },
    {
      "id": 16,
      "model": "히스클리프",
      "title": "し协会 5科",
      "content": "啧，总得挣钱吃饭吧……我也知道这跟我的性子合不来啊。"
    },
    {
      "id": 17,
      "content": "这个孩子似乎也积攒了不少心事呢。"
    }
  ]
}