{
  "dataList": [
    {
      "id": 0,
      "content": "这并非我所期待的那般。"
    },
    {
      "id": 1,
      "content": "我并未想到自己将要做这种事。"
    },
    {
      "id": 2,
      "content": "我只是……想要做得更好。"
    },
    {
      "id": 3,
      "content": "只是凯瑟琳那日的话语，依旧不断地刺痛着我的心……"
    },
    {
      "id": 4,
      "content": "明明只是一边发誓着再也不回去，一边跑了出来。"
    },
    {
      "id": 5,
      "teller": "领头的异端审判官",
      "title": "N公司 大锤",
      "content": "这些就足够了。我们折回。"
    },
    {
      "id": 6,
      "content": "我是怎么被卷进这些事情的来着？"
    },
    {
      "id": 7,
      "teller": "领头的异端审判官",
      "title": "N公司 大锤",
      "content": "你，那边的小锤。"
    },
    {
      "id": 8,
      "model": "히스클리프",
      "teller": "希斯克利夫",
      "title": "N公司 小锤",
      "content": "……啊！收到！"
    },
    {
      "id": 9,
      "teller": "领头的异端审判官",
      "title": "N公司 大锤",
      "content": "没听到我们要折回了吗？跟上。"
    },
    {
      "id": 10,
      "content": "那怪异的长钉到底是怎么回事？"
    },
    {
      "id": 11,
      "content": "那中间有一根透明的针筒，在穿刺人体时就会逐渐被什么东西填满。"
    },
    {
      "id": 12,
      "content": "就像是人类的……"
    },
    {
      "id": 13,
      "teller": "领头的异端审判官",
      "title": "N公司 大锤",
      "content": "你正被什么杂念所占据？"
    },
    {
      "id": 14,
      "model": "히스클리프",
      "teller": "希斯克利夫",
      "title": "N公司 小锤",
      "content": "没，没什么。"
    },
    {
      "id": 15,
      "teller": "领头的异端审判官",
      "title": "N公司 大锤",
      "content": "你应该提前清空一切杂念，为今日的仪式备好纯净不染的脑海。"
    },
    {
      "id": 16,
      "content": "啧……那该死的仪式！"
    },
    {
      "id": 17,
      "content": "他们又要逼我把那些书中晦涩难懂的俳句印在脑子里。"
    },
    {
      "id": 18,
      "content": "然后，他们还要一直把那些罐头里的白粥一样的东西喂给我……"
    },
    {
      "id": 19,
      "content": "每当此刻……旧时的记忆就那样逐渐模糊……"
    },
    {
      "id": 20,
      "teller": "领头的异端审判官",
      "title": "N公司 大锤",
      "content": "口号。异端。"
    },
    {
      "id": 21,
      "model": "히스클리프",
      "teller": "希斯克利夫",
      "title": "N公司 小锤",
      "content": "必将净化。"
    },
    {
      "id": 22,
      "content": "哈？"
    },
    {
      "id": 23,
      "content": "我刚刚……说了什么？"
    }
  ]
}