{
  "dataList": [
    {
      "id": 0,
      "model": "이스마엘",
      "title": "し协会 5科",
      "content": "果然还是得说一句……"
    },
    {
      "id": 1,
      "content": "那个孩子咬紧了嘴唇，自言自语。"
    },
    {
      "id": 2,
      "content": "其实孩子的心里一直郁闷不已。"
    },
    {
      "id": 3,
      "content": "因为部长强加着不现实的目标，而同事的性格又与协会的特色完全不合。"
    },
    {
      "id": 4,
      "model": "이스마엘",
      "title": "し协会 5科",
      "content": "唔……"
    },
    {
      "id": 5,
      "content": "孩子一边重新包扎刚才开裂的伤口，一边小声地呻吟。虽然，不仅仅是因为这个原因。"
    },
    {
      "id": 6,
      "content": "即使她只是吐露内心的想法，都市里也会有很多人产生共鸣吧。"
    },
    {
      "id": 7,
      "content": "她在都市中历经过的数十个工作，以及在都市中漂泊的时间。"
    },
    {
      "id": 8,
      "content": "即使是获得了收尾人资格后，对于依旧只能在最低的位置做杂务的她来说，这一切也只会让她觉得效率低下且不合理吧。"
    },
    {
      "id": 9,
      "content": "虽说是杂务，但也不简单。"
    },
    {
      "id": 10,
      "content": "虽说双手沾上血污的便是收尾人，但其中也不乏忌讳之事。"
    },
    {
      "id": 11,
      "content": "身上到处缠着绷带的孩子，率先做起了那样的事。"
    },
    {
      "id": 12,
      "content": "她现在能置身于し协会，说不定单纯是托了此福。"
    },
    {
      "id": 13,
      "content": "当她从命悬一线的现场，奄奄一息地完成任务归来时，发现她的病床旁放着し协会猎头的信。"
    },
    {
      "id": 14,
      "model": "이스마엘",
      "title": "し协会 5科",
      "content": "没想到会有这样的部长……"
    },
    {
      "id": 15,
      "content": "就在她如此叹息之时，隔壁的房间传来了很大的声音。"
    },
    {
      "id": 16,
      "model": "돈키호테",
      "title": "し协会 5科",
      "content": "……所以说啊！！"
    },
    {
      "id": 17,
      "content": "那是孩子闻所未闻的，混杂着部长发自内心的愤怒的吼声。"
    },
    {
      "id": 18,
      "model": "돈키호테",
      "title": "し协会 5科",
      "content": "我的孩子们都吃了这么多苦了，还是在下达这样的命令吗！"
    },
    {
      "id": 19,
      "content": "孩子屏住呼吸把耳朵贴在部长室的门上。于是，听见了更清晰的话语。"
    },
    {
      "id": 20,
      "model": "돈키호테",
      "title": "し协会 5科",
      "content": "吾也不想责备那些孩子们啊!你知道用那些空洞的说辞去刺激他们是一件多让人难受的事情吗！？"
    },
    {
      "id": 21,
      "model": "이스마엘",
      "title": "し协会 5科",
      "content": "……"
    },
    {
      "id": 22,
      "content": "时常烦躁的孩子，马上就思绪万千了起来。"
    },
    {
      "id": 23,
      "content": "然后悄悄地把耳朵从门上移开，并从入口处返回。"
    },
    {
      "id": 24,
      "content": "还以为自己已经成为了一个略有经验的收尾人，其实还是和以前没什么区别呢。"
    },
    {
      "id": 25,
      "content": "那孩子一边这么想着，"
    },
    {
      "id": 26,
      "model": "이스마엘",
      "title": "し协会 5科",
      "content": "呼……"
    },
    {
      "id": 27,
      "content": "一边只能深深地叹息。"
    }
  ]
}