{
  "dataList": [
    {
      "id": 0,
      "model": "싱클레어",
      "title": "剑契组 杀手",
      "content": "究竟哪边的我才是真正的我呢……"
    },
    {
      "id": 1,
      "content": "孩子畏惧着自己。"
    },
    {
      "id": 2,
      "content": "他无法遏制自身的变化，也欠缺下定决心的勇气。"
    },
    {
      "id": 3,
      "content": "或许他只是个发疯了的杀人狂呢？孩子抱着那般层层思绪，各种想法令他头晕目眩。"
    },
    {
      "id": 4,
      "content": "孩子所遇到的剑契组的人们称赞说那种性情最为适合剑契组、接近于一个真正的杀手……"
    },
    {
      "id": 5,
      "content": "但那也只是在孩子自己期望如此的时候，才能作为称赞的话语发挥出作用的东西吧。"
    },
    {
      "id": 6,
      "content": "相比于带来的鼓励的效果，那孩子反倒把那些话语当作负担。"
    },
    {
      "id": 7,
      "content": "所以现在，他也仍在快乐与不安的夹缝间彷徨，寻求着落脚之处。"
    },
    {
      "id": 8,
      "model": "싱클레어",
      "title": "剑契组 杀手",
      "content": "月亮真亮啊……"
    },
    {
      "id": 9,
      "content": "孩子叹了口气，望向空中。"
    },
    {
      "id": 10,
      "content": "因为独自望向月亮时，心中能稍稍感到安慰。"
    }
  ]
}