{
  "dataList": [
    {
      "id": 0,
      "content": "那个笔记上的第一行，以一个小小的疑问开始。"
    },
    {
      "id": 1,
      "content": "“R公司的建筑样式很奇怪。建筑样式通常应该与周边地区的翼相似，但又与J公司、S公司或T公司找不到任何关联。”"
    },
    {
      "id": 2,
      "content": "“反而…倒是与W公司很接近。虽然向他人与图书馆询问过其中的缘由，但无人知晓。”"
    },
    {
      "id": 3,
      "content": "“我，为了找到其中的缘由而写下这个笔记。”"
    },
    {
      "id": 4,
      "model": "이스마엘",
      "title": "R公司 第四集团军 驯鹿队",
      "content": "可以肯定的是……在现在的R公司之前，一定也有过旧的R公司。"
    },
    {
      "id": 5,
      "content": "旧的R公司有着什么样的奇点，又为什么消失了。孩子好奇着那些。"
    },
    {
      "id": 6,
      "content": "然后，追溯那个事实的话……"
    },
    {
      "id": 7,
      "model": "이스마엘",
      "title": "R公司 第四集团军 驯鹿队",
      "content": "嗯……为了找到那个……必须要入手关于旧的R公司的情报。"
    },
    {
      "id": 8,
      "content": "她相信能够得到关于自己正在寻找之物的答案。"
    },
    {
      "id": 9,
      "content": "至于那个东西是什么，现在说出来好像并没有什么意思。"
    },
    {
      "id": 10,
      "content": "如果有机会的话，就试试下次再说吧。"
    },
    {
      "id": 11,
      "model": "이스마엘",
      "title": "R公司 第四集团军 驯鹿队",
      "content": "呜咕……下，下一个位置……"
    },
    {
      "id": 12,
      "content": "现在，光是看着这个孩子干嚼止痛药的样子，就足以说明全部问题了。"
    }
  ]
}