{
  "dataList": [
    {
      "id": 0,
      "teller": "审判长",
      "title": "军事法庭",
      "content": "请声明与阁下有所勾结并联合发动战争的公司。"
    },
    {
      "id": 1,
      "model": "오티스",
      "title": "G公司 总经理",
      "content": "……F公司，E公司。"
    },
    {
      "id": 2,
      "teller": "审判长",
      "title": "军事法庭",
      "content": "……除此之外呢？"
    },
    {
      "id": 3,
      "content": "虽然这孩子心里想着明明都知道为什么还要问，但是她太明白把这句话挂在嘴边会使她的处境变得岌岌可危。"
    },
    {
      "id": 4,
      "model": "오티스",
      "title": "G公司 总经理",
      "content": "……曾经的L公司。"
    },
    {
      "id": 5,
      "teller": "审判长",
      "title": "军事法庭",
      "content": "你刚刚的证词表明，阁下曾与煽动这场战争的始作俑者并肩作战。你承认这一点吗？"
    },
    {
      "id": 6,
      "model": "오티스",
      "title": "G公司 总经理",
      "content": "本人只是作为员工服从了G公司的命令……！"
    },
    {
      "id": 7,
      "teller": "审判长",
      "title": "军事法庭",
      "content": "奥提斯总经理。"
    },
    {
      "id": 8,
      "content": "审判长仿佛是对这孩子的多嘴感到不满，静静地抬起了一只手并制止了她。"
    },
    {
      "id": 9,
      "model": "오티스",
      "title": "G公司 总经理",
      "content": "……奥提斯总经理。"
    },
    {
      "id": 10,
      "teller": "审判长",
      "title": "军事法庭",
      "content": "听着，战争已经结束了。况且还是你们这边胜利。"
    },
    {
      "id": 11,
      "teller": "审判长",
      "title": "军事法庭",
      "content": "G公司如愿以偿，从烟霾的副产品中获得了往后可用几十年的能源。"
    },
    {
      "id": 12,
      "teller": "审判长",
      "title": "军事法庭",
      "content": "本法庭不是要向你问责或是降罚于你，明白了吗？"
    },
    {
      "id": 13,
      "content": "“怎么可能。”这孩子如此想道。"
    },
    {
      "id": 14,
      "content": "胜利并不意味着G公司联盟的影响力将扩展到整个都市。"
    },
    {
      "id": 15,
      "content": "相反，由于这是场涉及到数个翼错综复杂的利益的战争，胜者需要名分。"
    },
    {
      "id": 16,
      "content": "那么一来公司的选择便是……选择通过谴责一个恰当的可以被指指点点之人，进而巩固自身完美胜利者形象的战略。"
    },
    {
      "id": 17,
      "content": "“是我也会那样做。”这孩子如此想着……"
    },
    {
      "id": 18,
      "model": "오티스",
      "title": "G公司 总经理",
      "content": "……我明白了。"
    }
  ]
}