{
  "dataList": [
    {
      "id": 0,
      "model": "그레고르",
      "title": "六协会 6科",
      "content": "不公平？老兄，我倒有些好奇。到底哪里不公平了？"
    },
    {
      "id": 1,
      "content": "那孩子将被他攥住领口的人轻轻扔向一边，随后蹲下与说了那句话的人对视。"
    },
    {
      "id": 2,
      "teller": "痛苦的混混",
      "title": "？？？",
      "content": "呃呃……说到底，拳头会窜出焰火这事就很奇怪吧？"
    },
    {
      "id": 3,
      "model": "그레고르",
      "title": "六协会 6科",
      "content": "明明连都市里最平平无奇的收尾人都在工坊中获取武器，你却觉得这种事奇怪？"
    },
    {
      "id": 4,
      "model": "그레고르",
      "title": "六协会 6科",
      "content": "还有，我在收拾你们的时候也没有使用火焰魔法吧。抱怨啥？"
    },
    {
      "id": 5,
      "teller": "痛苦的混混",
      "title": "？？？",
      "content": "什么鬼魔法……"
    },
    {
      "id": 6,
      "model": "그레고르",
      "title": "六协会 6科",
      "content": "老兄……单纯是因为你太弱了。所以你为什么要和路过的大叔找茬？嗯？"
    },
    {
      "id": 7,
      "teller": "痛苦的混混",
      "title": "？？？",
      "content": "对！问题就在那里！"
    },
    {
      "id": 8,
      "content": "重新戴好眼镜的那孩子“嗯？”地变换了表情。"
    },
    {
      "id": 9,
      "teller": "痛苦的混混",
      "title": "？？？",
      "content": "所以说油腻的中年大叔！撂倒8个年纪轻轻的人，像话吗！"
    },
    {
      "id": 10,
      "model": "그레고르",
      "title": "六协会 6科",
      "content": "中年大叔……"
    },
    {
      "id": 11,
      "content": "那孩子眉头微皱了一下，但很快又舒展开。"
    },
    {
      "id": 12,
      "content": "反正，那孩子一路走来也不只是一两次被这么说了。"
    },
    {
      "id": 13,
      "model": "그레고르",
      "title": "六协会 6科",
      "content": "饱经风霜……还有饱经风霜这种褒义词啊，年轻人。嗯？"
    },
    {
      "id": 14,
      "teller": "痛苦的混混",
      "title": "？？？",
      "content": "而，而且你不就是个矬子！"
    },
    {
      "id": 15,
      "model": "그레고르",
      "title": "六协会 6科",
      "content": "矬子……"
    },
    {
      "id": 16,
      "teller": "痛苦的混混",
      "title": "？？？",
      "content": "邋遢得跟乞丐窝里爬来的似的！"
    },
    {
      "id": 17,
      "model": "그레고르",
      "title": "六协会 6科",
      "content": "不是……我哪有……"
    },
    {
      "id": 18,
      "teller": "痛苦的混混",
      "title": "？？？",
      "content": "不，你有！你那须子都擀毡了，脑袋都能养鸟了！你——"
    },
    {
      "id": 19,
      "content": "砰。"
    },
    {
      "id": 20,
      "content": "那孩子向躺在地上的人挥出的拳头上燃起了熊熊的火焰，将那人的头发烧的劈啪作响。"
    },
    {
      "id": 21,
      "content": "那孩子从口袋里掏出略微有些弯曲的烟头叼入嘴中，把拳头对在了烟头上。"
    },
    {
      "id": 22,
      "model": "그레고르",
      "title": "六协会 6科",
      "content": "哎……至少不用翻箱倒柜找打火机，还蛮方便的。"
    }
  ]
}