{
  "dataList": [
    {
      "id": 0,
      "model": "이상",
      "title": "Seven协会 6科",
      "content": "你的战斗技巧一定出自Zwei协会。"
    },
    {
      "id": 1,
      "teller": "苦恼的同事",
      "title": "Seven协会 6科",
      "content": "……啊，是的！搏斗的时候我一直输给你，所以……我这次尝试着更倾向于防守一些。"
    },
    {
      "id": 2,
      "model": "이상",
      "title": "Seven协会 6科",
      "content": "虽然这个想法本身是值得赞赏的……你能告诉我一下你拿着的武器叫什么名字吗？"
    },
    {
      "id": 3,
      "teller": "苦恼的同事",
      "title": "Seven协会 6科",
      "content": "啊，这是一柄长剑……"
    },
    {
      "id": 4,
      "model": "이상",
      "title": "Seven协会 6科",
      "content": "那是一把剑刃极为轻薄的剑，而Zwei协会的武器是厚重且巨大的。"
    },
    {
      "id": 5,
      "model": "이상",
      "title": "Seven协会 6科",
      "content": "正是这样的武器特征让Zwei协会的成员能够轻松防御与反击，而你用纤细的武器来模仿这种战斗风格无疑会很困难。"
    },
    {
      "id": 6,
      "teller": "苦恼的同事",
      "title": "Seven协会 6科",
      "content": "啊……"
    },
    {
      "id": 7,
      "model": "이상",
      "title": "Seven协会 6科",
      "content": "举例而言，我正在学习Cinq协会的战斗技巧。"
    },
    {
      "id": 8,
      "teller": "苦恼的同事",
      "title": "Seven协会 6科",
      "content": "哈？是吗？……啊，你这么一说，我确实能看出一些相似之处。"
    },
    {
      "id": 9,
      "model": "이상",
      "title": "Seven协会 6科",
      "content": "基础才是你要学习的。一味模仿已知流派的技术，同时也意味着对反制它的招数毫无抵抗之力。"
    },
    {
      "id": 10,
      "content": "这孩子一边说着，一边把剑插回剑鞘。"
    },
    {
      "id": 11,
      "model": "이상",
      "title": "Seven协会 6科",
      "content": "不要疏于观察。"
    },
    {
      "id": 12,
      "model": "이상",
      "title": "Seven协会 6科",
      "content": "只是一味模仿或者镜像复制的话，永远不会是属于自己的东西。我还是建议你通过继续观察来多学习基础。"
    },
    {
      "id": 13,
      "teller": "苦恼的同事",
      "title": "Seven协会 6科",
      "content": "非，非常感谢！"
    },
    {
      "id": 14,
      "content": "说完自己的建议，这孩子就走开了。"
    },
    {
      "id": 15,
      "content": "所谓的孩子，也就是李箱，一直受到访客和同事的尊重——我相信你能明白其中缘由。"
    },
    {
      "id": 16,
      "content": "他可能看起来冷漠无情，但在需要的时候，他从不吝于给出宝贵的建议。"
    },
    {
      "id": 17,
      "model": "이상",
      "title": "Seven协会 6科",
      "content": "……咖啡不错。"
    },
    {
      "id": 18,
      "content": "当然，他自己并没有想那么多。"
    }
  ]
}