{
  "dataList": [
    {
      "id": 0,
      "place": "10区后巷某处",
      "model": "료슈",
      "content": "可悲的敌人。毫无意义的行为。"
    },
    {
      "id": 1,
      "model": "에피",
      "teller": "埃菲",
      "title": "LCCB",
      "content": "豆豆帮在这附近眼线很密。这肯定不是最后——"
    },
    {
      "id": 2,
      "content": "说话的功夫，更多的豆豆帮成员从街角涌出来。"
    },
    {
      "id": 3,
      "model": "세보이고싶었던콩콩파조직원",
      "teller": "捶胸豆豆帮成员",
      "title": "豆豆帮",
      "content": "是谁让你们这些豆丁来找我们茬的？！"
    },
    {
      "id": 4,
      "model": "돈키호테",
      "content": "吾辈是骄傲的战士，效命于边……唔！"
    },
    {
      "id": 5,
      "content": "埃菲眼疾手快，捂住了堂吉诃德的嘴。"
    },
    {
      "id": 6,
      "model": "에피",
      "teller": "埃菲",
      "title": "LCCB",
      "content": "你疯了吗？你想让整条街区的人都来追杀我们吗？"
    },
    {
      "id": 7,
      "model": "오티스",
      "content": "更多的敌人正在接近！请您下令，经理！"
    }
  ]
}