{
  "dataList": [
    {
      "id": 0,
      "place": "辛克莱的旧宅",
      "model": "싱클레어",
      "content": "哇啊啊啊！！！"
    },
    {
      "id": 1,
      "model": "히스클리프",
      "content": "喂，你……！"
    },
    {
      "id": 2,
      "content": "赶在其他人阻止他之前，辛克莱朝着克罗默消失的方向一路狂奔。"
    },
    {
      "id": 3,
      "content": "可还没冲出多远，其他那几名N公司审判官就拦住了他的去路。"
    },
    {
      "id": -1,
      "model": "//효과음 – 퍽"
    },
    {
      "id": 4,
      "content": "在这转瞬之间，辛克莱忽然爆发出了谁也想象不到的巨大力量。他迅速挥出手中的武器，将阻碍他前进的脑袋砸了个粉碎。"
    },
    {
      "id": 5,
      "content": "甚至来不及发出呻吟，审判官就已经瘫倒在地。"
    },
    {
      "id": 6,
      "content": "一向只担当后卫的辛克莱，就这样作出了他的首次擅自行动。"
    },
    {
      "id": 7,
      "model": "히스클리프",
      "content": "……什么玩意？你既然这么能打，之前还躲后面干啥呢？"
    },
    {
      "id": 8,
      "model": "귀도",
      "teller": "圭多",
      "title": "钉与锤",
      "content": "在下清楚记得，汝等呼吸应已被吾亲手扼止。"
    },
    {
      "id": 9,
      "model": "귀도",
      "teller": "圭多",
      "title": "钉与锤",
      "content": "在下也清楚看见，碎骨与脑浆已从汝等头颅中渗出。"
    },
    {
      "id": 10,
      "model": "귀도",
      "teller": "圭多",
      "title": "钉与锤",
      "content": "可汝辈异端如今竟又毫发无损地站在吾面前。"
    },
    {
      "id": 11,
      "model": "그레고르",
      "content": "彼此彼此吧，你不也毫发无损地站在我们面前吗……"
    },
    {
      "id": 12,
      "content": "圭多凝视着站在罪人之中的我。"
    },
    {
      "id": 13,
      "content": "过了一会，他才如顿悟般缓缓点头。"
    },
    {
      "id": 14,
      "model": "귀도",
      "teller": "圭多",
      "title": "钉与锤",
      "content": "这位持有异形头颅的阁下。"
    },
    {
      "id": 15,
      "model": "귀도",
      "teller": "圭多",
      "title": "钉与锤",
      "content": "想必就是您假借牧羊人之名，将诸位信徒迷惑至亵渎神灵的境地。"
    },
    {
      "id": 16,
      "content": "他一边说着，一边朝院中被无数钉子刺穿的尸体抬了抬下巴。"
    },
    {
      "id": 17,
      "model": "귀도",
      "teller": "圭多",
      "title": "钉与锤",
      "content": "以不洁之躯闯入神圣仪式的中心，此乃重罪。"
    },
    {
      "id": 18,
      "model": "귀도",
      "teller": "圭多",
      "title": "钉与锤",
      "content": "因而，吾施予其与异端相同的惩罚。"
    },
    {
      "id": 19,
      "model": "귀도",
      "teller": "圭多",
      "title": "钉与锤",
      "content": "也让其领会到了，于无意识的朦胧中，被名为机械义体之异物侵入身体是何等屈辱。"
    },
    {
      "id": 20,
      "model": "귀도",
      "teller": "圭多",
      "title": "钉与锤",
      "content": "但汝等不同。"
    },
    {
      "id": 21,
      "model": "귀도",
      "teller": "圭多",
      "title": "钉与锤",
      "content": "信奉异端之罪，要轻于异端之罪。"
    },
    {
      "id": 22,
      "model": "귀도",
      "teller": "圭多",
      "title": "钉与锤",
      "content": "因而，如若汝等悔过自忏，涤净心灵……"
    },
    {
      "id": 23,
      "model": "귀도",
      "teller": "圭多",
      "title": "钉与锤",
      "content": "吾辈锤，自会施予汝等宽恕。"
    },
    {
      "id": 24,
      "model": "귀도",
      "teller": "圭多",
      "title": "钉与锤",
      "content": "身陷诱惑的可悲而又愚昧的罪人啊。"
    },
    {
      "id": 25,
      "model": "귀도",
      "teller": "圭多",
      "title": "钉与锤",
      "content": "速从虚伪的奇迹中挣脱，于我面前跪地忏悔吧。"
    },
    {
      "id": 26,
      "content": "气氛霎时降到冰点，一时寂静无声。"
    },
    {
      "id": 27,
      "model": "단테",
      "content": "<原来大家都被我诱惑了？你们没必要瞒着我啊？>"
    },
    {
      "id": 28,
      "content": "我本来还以为能用这个玩笑打破尴尬的气氛，结果谁也没笑出来。"
    },
    {
      "id": 29,
      "model": "이스마엘",
      "content": "但丁先生……那个人……他是在侮辱你。甚至都不把你当人看了。"
    },
    {
      "id": 30,
      "model": "단테",
      "content": "<可你们不也总叫我钟表头吗……>"
    },
    {
      "id": 31,
      "model": "이스마엘",
      "content": "这都不是一回事！而且我明明也没这么叫过……"
    },
    {
      "id": 32,
      "content": "以实玛利气呼呼地，把后半句又憋了回去。"
    },
    {
      "id": 33,
      "model": "히스클리프",
      "content": "你不会以为说这么些屁话，就能让我们对你五体投地、跪求原谅吧……"
    },
    {
      "id": 34,
      "model": "히스클리프",
      "content": "该滚蛋的是你，面具混蛋！你的纯种人类脑袋我看离萎缩也相差不远了。"
    },
    {
      "id": 35,
      "model": "귀도",
      "teller": "圭多",
      "title": "钉与锤",
      "content": "……"
    },
    {
      "id": 36,
      "model": "귀도",
      "teller": "圭多",
      "title": "钉与锤",
      "content": "吾已充分给予过汝等机会。"
    },
    {
      "id": 37,
      "model": "귀도",
      "teller": "圭多",
      "title": "钉与锤",
      "content": "但看来汝等仍与那些缢死者无异。"
    },
    {
      "id": 38,
      "model": "귀도",
      "teller": "圭多",
      "title": "钉与锤",
      "content": "吾即锤。"
    },
    {
      "id": 39,
      "model": "귀도",
      "teller": "圭多",
      "title": "钉与锤",
      "content": "吾乃执柄者至诚的工具，肩负着贯穿异端虚假肉体的伟大之业。"
    },
    {
      "id": 40,
      "model": "귀도",
      "teller": "圭多",
      "title": "钉与锤",
      "content": "吾将向汝等刺下铁钉，放逐至黄泉之下。"
    },
    {
      "id": 41,
      "model": "귀도",
      "teller": "圭多",
      "title": "钉与锤",
      "content": "不愿忏悔罪孽之人……"
    },
    {
      "id": 42,
      "model": "히스클리프",
      "content": "喂，废话说完了吗？"
    },
    {
      "id": 43,
      "model": "귀도",
      "teller": "圭多",
      "title": "钉与锤",
      "content": "……没有资格得到安息。"
    }
  ]
}