{
  "dataList": [
    {
      "id": 0,
      "place": "4区后巷某处",
      "model": "베르길리우스",
      "content": "喂，够了！客人随时都可能过来。"
    },
    {
      "id": 1,
      "content": "维吉里乌斯说着，把脑袋探出窗外。"
    },
    {
      "id": 2,
      "model": "단테",
      "content": "<客人？谁啊？>"
    },
    {
      "id": 3,
      "model": "파우스트",
      "content": "毕竟是第一次进入迷宫，我想我们需要一个向导。"
    },
    {
      "id": 4,
      "model": "유리",
      "teller": "尤莉",
      "title": "8阶收尾人",
      "content": "打扰一下……你们就是边狱公司的人吗？"
    },
    {
      "id": 5,
      "content": "有个人正缓慢地向我们走来。"
    },
    {
      "id": 6,
      "model": "유리",
      "teller": "尤莉",
      "title": "8阶收尾人",
      "content": "看起来是了……"
    },
    {
      "id": 7,
      "content": "巴士刚刚享用完它的美餐，嘎吱嘎吱地咀嚼着最后剩下的骨屑。"
    },
    {
      "id": 8,
      "place": "梅菲斯托费勒斯 内部",
      "content": "尤莉毫不在意这幅景象，并开始向我们做自我介绍。"
    },
    {
      "id": 9,
      "model": "유리",
      "teller": "尤莉",
      "title": "8阶收尾人",
      "content": "我是尤莉，前L公司职员。请多多关照。"
    },
    {
      "id": 10,
      "model": "단테",
      "content": "<L公司，你是指……>"
    },
    {
      "id": 11,
      "model": "그레고르",
      "content": "应该是脑叶公司吧。"
    },
    {
      "id": 12,
      "model": "파우스트",
      "content": "没错，我们将探索脑叶公司以前的支部——也被称为旧L公司。"
    },
    {
      "id": 13,
      "model": "이스마엘",
      "content": "如果我是你，就绝不趟这趟浑水。"
    },
    {
      "id": 14,
      "model": "이스마엘",
      "content": "作为折断之翼的员工，以这样的方式失去工作你一定感到很不愉快吧？"
    },
    {
      "id": 15,
      "model": "로쟈",
      "content": "说什么呢？翼也好其他啥的也好，只要有钱花，做啥不都能过得很愉快嘛。"
    },
    {
      "id": 16,
      "model": "그레고르",
      "content": "唔，我听说那鬼地方到现在还有许多怪物在四处游荡……"
    },
    {
      "id": 17,
      "model": "파우스트",
      "content": "不是“怪物”，是异想体。那些传闻是真的。但眼下还有更重要的东西等着我们。"
    },
    {
      "id": 18,
      "model": "파우스트",
      "content": "在这些旧支部的深处，生长着形似新生植物的L公司技术结晶。"
    },
    {
      "id": 19,
      "model": "베르길리우스",
      "content": "但丁，如果你还记得的话，我想我前几天曾要求过你雕刻你的星位。"
    },
    {
      "id": 20,
      "model": "베르길리우스",
      "content": "如果有这些精华……这些金枝，那就轻而易举了。"
    },
    {
      "id": 21,
      "content": "“星位”这个词还是让我头痛。"
    },
    {
      "id": 22,
      "content": "“我”之前要做什么？"
    },
    {
      "id": 23,
      "model": "파우스트",
      "content": "您无需强迫自己回忆那些忘却的事物。在合适的时机，它们自会回到您的脑海。"
    },
    {
      "id": 24,
      "content": "对于浮士德平静地提出的建议，我缓慢地点头作为回应。"
    },
    {
      "id": 25,
      "content": "没错，现在我只需要着眼于当下应该考虑的事情就好了。"
    },
    {
      "id": 26,
      "model": "단테",
      "content": "<而且我们要是探索脑叶公司的话，兴许还能找到一些脑啡肽。>"
    },
    {
      "id": 27,
      "model": "싱클레어",
      "content": "哦！这是不是说，我们不必再把人喂给我们的巴士了？"
    },
    {
      "id": 28,
      "model": "이스마엘",
      "content": "幸运的话，或许还能找到几件E.G.O，一石三鸟。"
    },
    {
      "id": 29,
      "content": "E.G.O.？我歪了歪头，又是个不认识的新词语……"
    },
    {
      "id": 30,
      "content": "但不论如何，把客人晾在一边自顾自的聊天，也是相当失礼的行为。"
    },
    {
      "id": 31,
      "content": "……而且这么想的似乎不止我一个。"
    },
    {
      "id": 32,
      "model": "그레고르",
      "content": "说起来，尤莉小姐在离职后又做了什么事呢？"
    },
    {
      "id": 33,
      "content": "格里高尔尽己所能地做出一副友善的表情与新乘客对话，想让她放松下来。"
    },
    {
      "id": 34,
      "content": "但由于不甚习惯，他的眉毛几乎僵直到抽搐，不过无伤大雅。"
    },
    {
      "id": 35,
      "model": "돈키호테",
      "content": "在吾眼中，汝便是荣耀的收尾人！世人尽言，收尾人皆流露高尚气息，实乃英雄之象征！"
    },
    {
      "id": 36,
      "content": "尤莉轻轻地点点头，而以实玛利则长叹了一口气。"
    },
    {
      "id": 37,
      "model": "이스마엘",
      "content": "我不知道是谁让你产生了这种想法，但是收尾人既不高贵，也无英勇可言。你们能从他们身上闻到的唯一的气味，就是财奴散发出的可悲的恶臭。"
    },
    {
      "id": 38,
      "model": "그레고르",
      "content": "……不过这么快就找到另一份工作也挺不容易的。很高兴你挺过来了。"
    },
    {
      "id": 39,
      "model": "유리",
      "teller": "尤莉",
      "title": "8阶收尾人",
      "content": "现在还没有……我只是个合同工。"
    },
    {
      "id": 40,
      "model": "이스마엘",
      "content": "啊哈……原来如此，所以这就是你哪怕是爬也要回来的原因啊。"
    },
    {
      "id": 41,
      "model": "이스마엘",
      "content": "那他们有没有给你承诺，如果你立了大功，就会提拔你到团队领导之类的位置上？"
    },
    {
      "id": 42,
      "model": "유리",
      "teller": "尤莉",
      "title": "8阶收尾人",
      "content": "……如果业绩优秀的话，合同期限可能会延长吧。"
    },
    {
      "id": 43,
      "model": "그레고르",
      "content": "是、是啊，普通合同工的确只能把命赌在业绩上了。"
    },
    {
      "id": 44,
      "model": "이스마엘",
      "content": "呵……可真是悲惨的命呢。"
    },
    {
      "id": 45,
      "model": "그레고르",
      "content": "（喂……你怎么一直在阴阳怪气啊。到底是啥让你这么不爽啊？）"
    },
    {
      "id": 46,
      "model": "이스마엘",
      "content": "……谁知道呢，反正从头到尾都尽是些不爽的事情。"
    },
    {
      "id": 47,
      "content": "尤莉似乎对如此粗鲁的态度无动于衷，只是静静的找了个空座位坐下。"
    },
    {
      "id": 48,
      "content": "格里高尔的眼神在两人间徘徊着，无奈的挠挠头，也只得先坐回自己的位置。"
    },
    {
      "id": 49,
      "model": "단테",
      "content": "<我……不觉得自己能习惯呆在这群人旁边。>"
    },
    {
      "id": 50,
      "model": "베르길리우스",
      "content": "但丁，你迟早会适应他们的。"
    },
    {
      "id": 51,
      "model": "베르길리우스",
      "content": "……卡戎，出发吧,客人已经落座了。"
    },
    {
      "id": 52,
      "model": "카론",
      "content": "梅菲肚子砰砰，卡戎也要砰砰。"
    }
  ]
}