{
  "dataList": [
    {
      "id": 0,
      "place": "梅菲斯托费勒斯 内部",
      "model": "유리",
      "teller": "尤莉",
      "title": "8阶收尾人",
      "content": "卡戎，这边是东还是西？"
    },
    {
      "id": 1,
      "model": "카론",
      "content": "卡戎只知道两个方向。梅菲的前方和后方。"
    },
    {
      "id": 2,
      "model": "유리",
      "teller": "尤莉",
      "title": "8阶收尾人",
      "content": "你们是怎么跟着一个毫无方向感的司机走了这么远的？"
    },
    {
      "id": 3,
      "model": "싱클레어",
      "content": "卡戎，我之前说过了，太阳升起的那一边是……"
    },
    {
      "id": 4,
      "content": "驾驶位上，三人的脑袋紧靠一起，目光纷纷聚焦于地图"
    },
    {
      "id": 5,
      "content": "不过，有一个人似乎靠的不是很近"
    },
    {
      "id": 6,
      "model": "로쟈",
      "content": "噗……小朋友，你不去和他们一起吗？"
    },
    {
      "id": 7,
      "model": "돈키호테",
      "content": "恕吾冒昧！吾并非孩童，更非小朋友！"
    },
    {
      "id": 8,
      "content": "看着堂吉诃德对罗佳呼呼地挥舞拳头，一个表情苦涩、注视着她们的人进入了我的视野。"
    },
    {
      "id": 9,
      "model": "단테",
      "content": "<尤莉的成长经历可能非常不幸>"
    },
    {
      "id": 10,
      "content": "格里高尔转身看我一眼，摇了摇头，又托起下巴，向驾驶位一侧望去。"
    },
    {
      "id": 11,
      "model": "그레고르",
      "content": "……也不算小了。就算刚到能拿得动刀的年龄，某些巢也会要。"
    },
    {
      "id": 12,
      "content": "巢……我记得被解释为一个地区的核心区域。"
    },
    {
      "id": 13,
      "content": "过去似乎还发生过巢与巢之间的战争。"
    },
    {
      "id": 14,
      "model": "단테",
      "content": "<这种事经常发生吗？>"
    },
    {
      "id": 15,
      "model": "그레고르",
      "content": "……不多，但也不是完全没有。"
    },
    {
      "id": 16,
      "model": "그레고르",
      "content": "经理兄，你好像对战争很感兴趣啊？"
    },
    {
      "id": 17,
      "model": "단테",
      "content": "<啊，算不上感兴趣，只是想多多收集一些经理需要知道的信息。>"
    },
    {
      "id": 18,
      "content": "我正打算继续说下去，但瞥见格里高尔的表情让我止住了嘴。"
    },
    {
      "id": 19,
      "content": "他的目光不再停滞于驾驶位，而是望向了更遥远的地方。"
    },
    {
      "id": 20,
      "model": "그레고르",
      "content": "别误会，经理兄，这不是在批评你。照我说，这个态度不是挺好的嘛，好上司就该这么做。"
    },
    {
      "id": 21,
      "content": "他从胸前口袋掏出了烟盒，慢慢地说了下去。"
    },
    {
      "id": 22,
      "model": "그레고르",
      "content": "不过，我觉得无知也是件好事"
    },
    {
      "id": 23,
      "model": "그레고르",
      "content": "毕竟有些东西你一旦知道了，就再也没法回头了。"
    },
    {
      "id": 24,
      "content": "他点着烟，不再言语。"
    },
    {
      "id": 25,
      "model": "유리",
      "teller": "尤莉",
      "title": "8阶收尾人",
      "content": "不对，刚才那个十字路口你该右转！"
    },
    {
      "id": 26,
      "model": "싱클레어",
      "content": "没，没关系的哦，卡戎。我们可以到下个路口再转弯"
    },
    {
      "id": 27,
      "model": "카론",
      "content": "啊啊……当司机真累人"
    },
    {
      "id": 28,
      "model": "그레고르",
      "content": "嘛……现在更重要的还是找到去目的地的路。对吧，经理兄？"
    },
    {
      "id": 29,
      "content": "格里高尔嘴里叼着烟，咯咯的笑了。"
    },
    {
      "id": 30,
      "content": "虽然我很好奇他之前经历了些什么，但他说的不错，我现在应该专注于别的事。"
    },
    {
      "id": 31,
      "content": "正好，一件应该专注的事就出现在眼前，或者说是巴士前。"
    },
    {
      "id": 32,
      "model": "베르길리우스",
      "content": "聊天到此为止吧。前面又有敌人。"
    },
    {
      "id": 33,
      "teller": "流氓头头",
      "title": "4区后巷",
      "content": "混蛋！你们把我的朋友扔进了巴士里！你们脑子有病是不是！"
    },
    {
      "id": 34,
      "teller": "流氓头头",
      "title": "4区后巷",
      "content": "你们要付出代价！本来我只想抢走巴士，现在我要把你们都杀了！"
    },
    {
      "id": 35,
      "model": "카론",
      "content": "维吉，燃料们好吵。卡戎，听到两个人以上的吵架声会很晕。"
    },
    {
      "id": 36,
      "model": "베르길리우스",
      "content": "不用担心，卡戎，他们很快就会闭嘴的。"
    },
    {
      "id": 37,
      "model": "베르길리우스",
      "content": "全员下车。"
    }
  ]
}