{
  "dataList": [
    {
      "id": 0,
      "place": "K公司 检查站",
      "content": "依次经历了12轮的苦痛折磨后，罪人们重新变得完整起来。"
    },
    {
      "id": 1,
      "content": "可能是对刚才的单方面屠杀感到畏惧，此刻，周围安静得古怪，与平时大相径庭。"
    },
    {
      "id": 2,
      "model": "지크프리트",
      "teller": "齐格飞",
      "title": "收尾人？",
      "content": "过得怎么样啊，猩红凝视？最近也没怎么见着你，你也不出席“巢中优秀收尾人集会”了……"
    },
    {
      "id": 3,
      "model": "지크프리트",
      "teller": "齐格飞",
      "title": "收尾人？",
      "content": "我发的几十张邀请函你都没收到吗？"
    },
    {
      "id": 4,
      "model": "베르길리우스",
      "content": "我换住所了。并且，我也没有像你那样忠实摇尾巴的余裕。"
    },
    {
      "id": 5,
      "model": "단테",
      "content": "<虽然不知道发生过什么……维吉里乌斯的回应是不是太尖锐了？>"
    },
    {
      "id": 6,
      "model": "파우스트",
      "content": "两人的立场差异不是一看便知吗，但丁？"
    },
    {
      "id": 7,
      "model": "단테",
      "content": "<什么立场？>"
    },
    {
      "id": 8,
      "model": "파우스트",
      "content": "简单来说，齐格飞先生即便在收尾人中也很亲近于翼。"
    },
    {
      "id": 9,
      "model": "파우스트",
      "content": "相反维吉里乌斯追求的，是只作为收尾人的独立性。"
    },
    {
      "id": 10,
      "model": "파우스트",
      "content": "他认为收尾人从属于影响力强的某个事物的瞬间，就会连最低限度的价值准则也都失去。"
    },
    {
      "id": 11,
      "model": "파우스트",
      "content": "他是个对持有力量者无比严格的人。"
    },
    {
      "id": 12,
      "content": "和浮士德说话的时候，我看到堂吉诃德的身影哆哆嗦嗦地走近了齐格飞。"
    },
    {
      "id": 13,
      "content": "即便刚刚才被他本人打得粉碎，她也只会把这视作一种荣耀。"
    },
    {
      "id": 14,
      "model": "돈키호테",
      "content": "吾吾吾吾吾，吾是，吾是您的粉丝！吾也收集了您的周边模型！虽然没拿到限量版……吾做梦都想成为像您一样超厉害的收尾人！"
    },
    {
      "id": 15,
      "model": "지크프리트",
      "title": "收尾人？",
      "content": "喔！是收尾人的希望之星呢！虽然时间不多了，但还是可以签个名的！"
    },
    {
      "id": 16,
      "model": "돈키호테",
      "content": "那……那是真的吗！那请您签名……签名……在这里……欸嘿嘿……"
    },
    {
      "id": 17,
      "model": "그레고르",
      "content": "稍微喘口气吧，堂吉诃德……"
    },
    {
      "id": 18,
      "teller": "通告",
      "title": "K公司 检查站",
      "content": "通知。紧急状态，解除。紧急状态，解除。已清理全事项。"
    },
    {
      "id": 19,
      "model": "지크프리트",
      "title": "收尾人？",
      "content": "喔！工作顺利结束！!"
    },
    {
      "id": 20,
      "model": "지크프리트",
      "title": "收尾人？",
      "content": "那么，下次再见吧！哈哈哈哈！！"
    },
    {
      "id": 21,
      "content": "伴随着剧烈的震动，齐格飞便升上了天空，消失在了某个地方……"
    },
    {
      "id": 22,
      "content": "虽然多花了点时间，但我们总算是再次得到了通行许可。"
    },
    {
      "id": 23,
      "content": "趁着这个间隙维吉里乌斯先回到了巴士上。也许他早就知道会和这个叫做齐格飞的人相遇，所以才同我们下车。"
    },
    {
      "id": 24,
      "content": "在意他那似乎有些生气的背影的人，好像只有我一个……"
    },
    {
      "id": 25,
      "model": "돈키호테",
      "content": "呜呼，呼呼呼……"
    },
    {
      "id": 26,
      "content": "也许只有一个人读不懂冰冷的空气吧。堂吉诃德用比这个世界上任何人还幸福的表情，抚摸着写有齐格飞签名的纸。"
    },
    {
      "id": 27,
      "model": "돈키호테",
      "content": "不会是在做梦吧！经理老爷！能掐一下吾的脸吗？"
    },
    {
      "id": 28,
      "content": "正在我一边离开检查站，一边想要对吵闹的堂吉诃德说些什么的时候……"
    },
    {
      "id": 29,
      "content": "一辆装甲车突然在眼前停了下来。"
    },
    {
      "id": 30,
      "model": "오티스",
      "content": "……新的敌人吗？在巢的检查站前，胆量不小啊。"
    },
    {
      "id": 31,
      "model": "파우스트",
      "content": "这辆车……是LCC，清理部门所属的。"
    },
    {
      "id": 32,
      "content": "浮士德若无其事地回答着，装甲车的门很快就打开了。"
    },
    {
      "id": 33,
      "model": "제복에피",
      "teller": "埃菲",
      "title": "LCCB",
      "content": "啊啊真是的，为什么花了这么多时间啊？我们可是在这附近转了三圈啊。"
    },
    {
      "id": 34,
      "content": "从打开的车门里看到了熟悉的脸。"
    },
    {
      "id": 35,
      "content": "埃菲，还有索德。"
    },
    {
      "id": 36,
      "content": "虽然服装和先前不同，不过洋溢着自信与从容的表情还是那样。"
    },
    {
      "id": 37,
      "model": "그레고르",
      "content": "哦，从先遣部队来的吗？气场有点改变了呢。"
    },
    {
      "id": 38,
      "model": "제복소드",
      "teller": "索德",
      "title": "LCCB",
      "content": "之前那是为了潜入赌场的伪装用衣服。虽然最终没有用上呢。"
    },
    {
      "id": 39,
      "model": "단테",
      "content": "<……>"
    },
    {
      "id": 40,
      "model": "그레고르",
      "content": "哈，嘴巴还是那么毒啊。"
    },
    {
      "id": 41,
      "content": "突然想起之前行动的大吵大闹，我的胸口周围莫名地疼了起来。"
    },
    {
      "id": 42,
      "model": "제복에피",
      "teller": "埃菲",
      "title": "LCCB",
      "content": "噗……索德，你看到那个钟表的秒针在颤抖吗？那样子就像是要哭了一样。"
    },
    {
      "id": 43,
      "model": "제복소드",
      "teller": "索德",
      "title": "LCCB",
      "content": "我开玩笑的哟。虽然在实力上还有很多不足的地方，但我们确实应当承认LCB部门有些独特的东西。"
    },
    {
      "id": 44,
      "content": "不论过程如何，结果上似乎还是给那两个人留下了好印象。"
    },
    {
      "id": 45,
      "model": "파우스트",
      "content": "我认为先遣部队应该已经到达作战现场了。"
    },
    {
      "id": 46,
      "model": "제복에피",
      "teller": "埃菲",
      "title": "LCCB",
      "content": "其他的队员应该已经到了。因为有对你们来说有用的补充信息，所以决定暂时留下来等一会儿你们。"
    },
    {
      "id": 47,
      "model": "그레고르",
      "content": "嗯……无论怎么说，是很在意我们吧？"
    },
    {
      "id": 48,
      "model": "로쟈",
      "content": "噗唔，你们也被我们的魅力折服了吗？"
    },
    {
      "id": 49,
      "model": "로쟈",
      "content": "嘛~不是有那样的事情吗。只收集难吃得要死的材料来做饭的话，好像特别好吃呢。"
    },
    {
      "id": 50,
      "model": "그레고르",
      "content": "啊，在战场上那种情况很多呢。确实吃下去的时候很糟糕，但还是会想起好多次……"
    },
    {
      "id": 51,
      "model": "제복소드",
      "teller": "索德",
      "title": "LCCB",
      "content": "……两位至今为止都吃过些什么？"
    },
    {
      "id": 52,
      "model": "홍루",
      "content": "对了，你们说的信息具体是什么呢？"
    },
    {
      "id": 53,
      "model": "제복에피",
      "teller": "埃菲",
      "title": "LCCB",
      "content": "这次的目标地点，好像处在正被其他集团占领着的状态。"
    },
    {
      "id": 54,
      "model": "제복에피",
      "teller": "埃菲",
      "title": "LCCB",
      "content": "因此，我们这一方也比平时投入了更多的人员。"
    },
    {
      "id": 55,
      "model": "오티스",
      "content": "哼。即便是那样，也只是像是小苍蝇一样从某个地方聚集过来的家伙们吧。"
    },
    {
      "id": 56,
      "content": "像奥提斯说的那样，我们每次作战都和驻留在金枝附近的其他集团发生了冲突。"
    },
    {
      "id": 57,
      "content": "在最初的任务中，G公司的残兵败将流浪至此，暂居下来。"
    },
    {
      "id": 58,
      "content": "第二次任务时，赌场里也存在着各种各样的帮派。"
    },
    {
      "id": 59,
      "model": "제복에피",
      "teller": "埃菲",
      "title": "LCCB",
      "content": "很遗憾，但这次的对手似乎不如以前那样好搞定。"
    },
    {
      "id": 60,
      "model": "제복에피",
      "teller": "埃菲",
      "title": "LCCB",
      "content": "我们偷偷调查了审查记录，发现几周前N公司曾大量派遣人员。而且，他们的目的地和我们一样。"
    },
    {
      "id": 61,
      "model": "이스마엘",
      "content": "从N公司而来？"
    },
    {
      "id": 62,
      "model": "제복에피",
      "teller": "埃菲",
      "title": "LCCB",
      "content": "虽然不是被正式公开的行动，但从K公司一方也使其通过了审查来看，这之间可能有着某种交易。"
    },
    {
      "id": 63,
      "model": "제복소드",
      "teller": "索德",
      "title": "LCCB",
      "content": "也就是说，如果N公司派遣人员确有其事的话，我们的行动就不会那么顺利了。"
    },
    {
      "id": 64,
      "model": "그레고르",
      "content": "……是吗。搞不好的话，可能要和各种各样的翼为敌吧。"
    },
    {
      "id": 65,
      "model": "파우스트",
      "content": "从长期来看，我们与某片翼之间的冲突是不可避免的。"
    },
    {
      "id": 66,
      "model": "파우스트",
      "content": "但是，从N公司并没有正式地公布派遣的情况来看，单纯以利益集团之间的冲突收场的可能性也是有的。"
    },
    {
      "id": 67,
      "model": "파우스트",
      "content": "也……不能排除他们真正想要的东西不是金枝的可能性。"
    },
    {
      "id": 68,
      "model": "그레고르",
      "content": "不管怎么说，好像你也并没有否定我们很容易四处碰壁……"
    },
    {
      "id": 69,
      "model": "제복에피",
      "teller": "埃菲",
      "title": "LCCB",
      "content": "啊，说起来，我听说有几个笨蛋在K公司入境管理局那边引起了骚动。你们刚刚见过他们吗？"
    },
    {
      "id": 70,
      "model": "돈키호테",
      "content": "……流，流言传播的真快啊。就像是……驽骍难得什么的。"
    },
    {
      "id": 71,
      "content": "堂吉诃德羞愧地低下了头。"
    },
    {
      "id": 72,
      "content": "好在她似乎知道自己的鲁莽行事将带来一定后果。"
    },
    {
      "id": 73,
      "content": "……或者，也可能是觉得流言传播开了，正因为开心而害羞呢。"
    },
    {
      "id": 74,
      "model": "제복소드",
      "teller": "索德",
      "title": "LCCB",
      "content": "真可惜我没在场啊。那可不会是每天都能见得到的场面。"
    },
    {
      "id": 75,
      "model": "제복소드",
      "teller": "索德",
      "title": "LCCB",
      "content": "说真的，到底是谁一进了入境管理局就闹事，搞得跟他们有命不怕死一样……"
    },
    {
      "id": 76,
      "model": "단테",
      "content": "<……>"
    },
    {
      "id": 77,
      "model": "돈키호테",
      "content": "……"
    },
    {
      "id": 78,
      "model": "제복소드",
      "teller": "索德",
      "title": "LCCB",
      "content": "……拜托，不是吧？"
    },
    {
      "id": 79,
      "model": "이스마엘",
      "content": "好了，时间不早了。快点行动吧。"
    },
    {
      "id": 80,
      "model": "제복에피",
      "teller": "埃菲",
      "title": "LCCB",
      "content": "说起来，维吉里乌斯先生这次好像没有一起来呢？"
    },
    {
      "id": 81,
      "model": "그레고르",
      "content": "……啊，那家伙先回巴士上了。"
    },
    {
      "id": 82,
      "model": "제복소드",
      "teller": "索德",
      "title": "LCCB",
      "content": "真遗憾啊。还以为这次就能打个照面……"
    },
    {
      "id": 83,
      "model": "제복에피",
      "teller": "埃菲",
      "title": "LCCB",
      "content": "下次一定要去打招呼。我还打算问问他，能不能让我们代替你们加入LCB队伍之类的事。"
    },
    {
      "id": 84,
      "model": "단테",
      "content": "<什么，原来是打着这样的算盘来见我们的吗？>"
    },
    {
      "id": 85,
      "model": "제복소드",
      "teller": "索德",
      "title": "LCCB",
      "content": "这可不是玩笑哟。之后在现场再见吧。"
    },
    {
      "id": 86,
      "model": "제복에피",
      "teller": "埃菲",
      "title": "LCCB",
      "content": "不管怎样，如果你们能平安到达的话。"
    }
  ]
}