{
  "dataList": [
    {
      "id": 0,
      "place": "包间",
      "model": "아이드",
      "teller": "艾达",
      "title": "流浪乐队",
      "content": " 呃……你们几个是？"
    },
    {
      "id": 1,
      "model": "단테",
      "content": "<罗佳，怎么样了！？>"
    },
    {
      "id": 2,
      "model": "소냐",
      "teller": "索尼亚",
      "title": "圣愚",
      "content": "这么快就找到新朋友了啊，罗佳？"
    },
    {
      "id": 3,
      "content": "索尼亚在桌上摊开了他的手牌。"
    },
    {
      "id": 4,
      "model": "소냐",
      "teller": "索尼亚",
      "title": "圣愚",
      "content": "游戏结束。"
    },
    {
      "id": 5,
      "model": "소냐",
      "teller": "索尼亚",
      "title": "圣愚",
      "content": "你赢了，罗佳。我没有任何异议。"
    },
    {
      "id": 6,
      "content": "随后，他头也不回地走出门去。"
    },
    {
      "id": 7,
      "content": "取而代之的是，房间内突然响起了空洞的掌声。"
    },
    {
      "id": 8,
      "model": "아이드",
      "teller": "艾达",
      "title": "流浪乐队",
      "content": "哈哈，哎呀……我真的很享受这场游戏，但是……"
    },
    {
      "id": 9,
      "model": "아이드",
      "teller": "艾达",
      "title": "流浪乐队",
      "content": "我可不像索尼亚那样洒脱。"
    },
    {
      "id": 10,
      "model": "아이드",
      "teller": "艾达",
      "title": "流浪乐队",
      "content": "为了纪念你带来了你的朋友，就让我也介绍一下我的朋友吧。"
    },
    {
      "id": 11,
      "model": "그레고르",
      "content": "……那什么，我记得你们帮派的成员曾经说过，你们赌博只是为了开心。"
    },
    {
      "id": 12,
      "model": "아이드",
      "teller": "艾达",
      "title": "流浪乐队",
      "content": "嗯，所以这不比直接接受失败更有趣吗？"
    },
    {
      "id": 13,
      "model": "로쟈",
      "content": "不管谁是赢家，你都要用武力夺取，对吧？"
    },
    {
      "id": 14,
      "model": "아이드",
      "teller": "艾达",
      "title": "流浪乐队",
      "content": "噗。喂，好好想想吧。我有武力和人力，所以我为什么要为区区一局游戏而放弃金枝？"
    },
    {
      "id": 15,
      "model": "로쟈",
      "content": "也是呢。其实这样挺好的。"
    },
    {
      "id": 16,
      "model": "로쟈",
      "content": "我对于一直坐着也感到无聊了。"
    }
  ]
}