{
  "dataList": [
    {
      "id": 0,
      "place": "赌场 2F",
      "teller": "大叫的赌场客人",
      "title": "J公司 赌场",
      "content": "啊！！！别再输了！！！"
    },
    {
      "id": 1,
      "teller": "大叫的赌场客人",
      "title": "J公司 赌场",
      "content": "可恶啊，我又输了！这什么时候才能是个头啊？"
    },
    {
      "id": 2,
      "model": "흥겨운마리아치조직원",
      "teller": "欢快的流浪乐队成员",
      "title": "流浪乐队",
      "content": "嘿，等等，时间已到！我们需要小小地关照一下我们亲爱的客人！"
    },
    {
      "id": 3,
      "model": "흥겨운마리아치조직원",
      "teller": "欢快的流浪乐队成员",
      "title": "流浪乐队",
      "content": "亲爱的客人，我想您没有忘记我们的规则吧？"
    },
    {
      "id": 4,
      "teller": "大叫的赌场客人",
      "title": "J公司 赌场",
      "content": "但，但是……我就只有这么多钱……"
    },
    {
      "id": 5,
      "model": "흥겨운마리아치조직원",
      "teller": "欢快的流浪乐队成员",
      "title": "流浪乐队",
      "content": "如果你一再破坏赌桌上的气氛，我们有可能会用你举办一场皮纳塔派对。"
    },
    {
      "id": 6,
      "model": "그레고르",
      "content": "(呃，皮纳塔派对是什么？)"
    },
    {
      "id": 7,
      "model": "단테",
      "content": "<我可不想知道那是什么……>"
    },
    {
      "id": 8,
      "content": "正在哭泣的客人从座位上站了起来，仿佛那种“友好”的威胁竟如此可怕。"
    },
    {
      "id": 9,
      "content": "然后，拿着工作人员给他的一对沙槌，他们……"
    },
    {
      "id": 10,
      "content": "……伴随着连绵的呜咽声开始起舞……"
    },
    {
      "id": 11,
      "model": "히스클리프",
      "content": "这是搞哪出……？"
    },
    {
      "id": 12,
      "model": "경쾌한마리아치조직원",
      "teller": "活泼的流浪乐队成员",
      "title": "流浪乐队",
      "content": "每位到达本层的访客都必须遵守一条规则——马里亚奇音乐的传统，如果您不介意我这么说的话。"
    },
    {
      "id": 13,
      "model": "경쾌한마리아치조직원",
      "teller": "活泼的流浪乐队成员",
      "title": "流浪乐队",
      "content": "赌博纯粹是为了寻欢作乐，因此，赌博带给您的所有悲伤和痛苦都必须升华为舞蹈。"
    },
    {
      "id": 14,
      "model": "돈키호테",
      "content": "让我这个骑士示范一下什么才是舞蹈吧！"
    },
    {
      "id": 15,
      "content": "唉，这些裁判员比看上去要更严格。"
    },
    {
      "id": 16,
      "model": "흥겨운마리아치조직원",
      "teller": "欢快的流浪乐队成员",
      "title": "流浪乐队",
      "content": "这位不行。"
    },
    {
      "id": 17,
      "model": "경쾌한마리아치조직원",
      "teller": "活泼的流浪乐队成员",
      "title": "流浪乐队",
      "content": "她的动作并不诚恳。"
    },
    {
      "id": 18,
      "model": "돈키호테",
      "content": "你到底什么意思？！"
    },
    {
      "id": 19,
      "model": "흥겨운마리아치조직원",
      "teller": "欢快的流浪乐队成员",
      "title": "流浪乐队",
      "content": "舞蹈是一扇心灵之窗。"
    },
    {
      "id": 20,
      "model": "경쾌한마리아치조직원",
      "teller": "活泼的流浪乐队成员",
      "title": "流浪乐队",
      "content": "若是没有一颗清澈而纯洁的心，那舞蹈就没有意义了。"
    },
    {
      "id": 21,
      "model": "돈키호테",
      "content": "……"
    },
    {
      "id": 22,
      "model": "돈키호테",
      "content": "……我觉得你的看法相当无礼。"
    },
    {
      "id": 23,
      "model": "에피",
      "teller": "埃菲",
      "title": "LCCB",
      "content": "越来越失控了…… 索德，你在干嘛呢？"
    },
    {
      "id": 24,
      "model": "소드",
      "teller": "索德",
      "title": "LCCB",
      "content": "哦，我在提前替我们写检讨信。"
    }
  ]
}