{
  "dataList": [
    {
      "id": 0,
      "place": "K公司 检查站",
      "content": "K公司的奇点：海拉创生"
    },
    {
      "id": 1,
      "content": "我们费尽心思造成的任何致命伤，都能被一发再生子弹所疗愈。"
    },
    {
      "id": 2,
      "content": "希斯克利夫彻底失去耐心只不过是时间问题。"
    },
    {
      "id": 3,
      "model": "히스클리프",
      "content": "我受不了！你他妈看不出来吗，我们正在打这世上最没意义的一场架！"
    },
    {
      "id": 4,
      "model": "파우스트",
      "content": "我之前就说过，与翼发生冲突是毫无意义的。"
    },
    {
      "id": 5,
      "model": "로쟈",
      "content": "没想到这种徒劳感会如此快地袭来呀~"
    },
    {
      "id": 6,
      "model": "뫼르소",
      "content": "躯体一旦受到损伤就会重新生长快速恢复。"
    },
    {
      "id": 7,
      "model": "뫼르소",
      "content": "真是场艰难的拉锯战。"
    },
    {
      "id": 8,
      "model": "료슈",
      "content": "……"
    },
    {
      "id": 9,
      "model": "료슈",
      "content": "真是的……这种战斗也能称之为艺术吗，哼……"
    },
    {
      "id": 10,
      "content": "良秀露出了我从她那所见过的最痛苦的表情。她一边不甘心地皱着眉，一边挥舞着她的剑鞘。"
    },
    {
      "id": 11,
      "content": "伤口和疤痕在流出鲜血前就会愈合——对于良秀而言，没有比这更糟糕的战斗了。"
    },
    {
      "id": 12,
      "model": "단테",
      "content": "<我们真的没有任何办法了吗？>"
    },
    {
      "id": 13,
      "model": "파우스트",
      "content": "HP，——或者叫海拉创生，这是一种生物工程技术。它可以不断修复那些已受损或已丧失的细胞。"
    },
    {
      "id": 14,
      "model": "파우스트",
      "content": "一剂就会有相当长的药效，所以你不妨想象一下那些在巢中有着持续补给的人会是怎样。"
    },
    {
      "id": 15,
      "model": "파우스트",
      "content": "说直白点，在战斗中我们是无法击溃他们的。"
    },
    {
      "id": 16,
      "content": "就连浮士德也沮丧地摇了摇头"
    },
    {
      "id": 17,
      "teller": "？？？",
      "title": "？？？",
      "content": "嗯哈哈哈哈哈！！！在这最混乱的时刻，我终于登场啦！！"
    },
    {
      "id": 18,
      "content": "空气中响彻着一阵充满活力的笑声。"
    }
  ]
}