{
  "dataList": [
    {
      "id": 0,
      "place": "梅菲斯托费勒斯 内部",
      "content": "夕阳将逝，巴士被黑暗笼罩着。"
    },
    {
      "id": 1,
      "model": "카론",
      "content": "…………"
    },
    {
      "id": 2,
      "content": "卡戎一边开着车，一边哼着小曲。"
    },
    {
      "id": 3,
      "content": "我对这段旋律有种莫名的熟悉感，心里便跟着哼唱起来。"
    },
    {
      "id": 4,
      "model": "베르길리우스",
      "content": "最美妙的演出诞生于世界的分崩离析之处。真是讽刺。"
    },
    {
      "id": 5,
      "content": "维吉里乌斯看到我正盯着巴士驾驶席，便如是说道。"
    },
    {
      "id": 6,
      "model": "베르길리우스",
      "content": "不过，也不能怪罪那些认为这是“美妙演出”的人……那可太冤了。"
    },
    {
      "id": 7,
      "model": "단테",
      "content": "<……>"
    },
    {
      "id": 8,
      "model": "베르길리우스",
      "content": "卡戎，你今天看起来心情不错。"
    },
    {
      "id": 9,
      "content": "卡戎点了点头。"
    },
    {
      "id": 10,
      "model": "카론",
      "content": "嗯，心情好到想唱歌。"
    },
    {
      "id": 11,
      "model": "베르길리우스",
      "content": "好的。"
    },
    {
      "id": 12,
      "model": "베르길리우스",
      "content": "不过……"
    },
    {
      "id": 13,
      "model": "베르길리우스",
      "content": "如果我没有记错的话，你只有心情低落时才会哼这首歌。"
    },
    {
      "id": 14,
      "model": "카론",
      "content": "卡戎没有记忆。"
    },
    {
      "id": 15,
      "model": "카론",
      "content": "卡戎开心时就会唱歌。"
    },
    {
      "id": 16,
      "content": "维吉里乌斯的眼神黯然了，仿若漆黑的深渊"
    },
    {
      "id": 17,
      "content": "这无疑是最能诠释“孤独感”的颜色。"
    },
    {
      "id": 18,
      "content": "不过那种表情仅在他脸上停留了一瞬……"
    },
    {
      "id": 19,
      "content": "所以我姑且将其认定为错觉。一定是余晖太亮了。"
    },
    {
      "id": 20,
      "model": "베르길리우스",
      "content": "……卡戎正在哼诵的是一个无声、无色的世界。"
    },
    {
      "id": 21,
      "model": "베르길리우스",
      "content": "她正驶向一个深不见底的隧道。"
    },
    {
      "id": 22,
      "content": "就好比我忘记了我的过去……"
    },
    {
      "id": 23,
      "content": "卡戎与维吉里乌斯一定也有他们难以切齿的回忆。"
    },
    {
      "id": 24,
      "model": "베르길리우스",
      "content": "行了，私人的事就说到这里吧。但丁。"
    },
    {
      "id": 25,
      "model": "베르길리우스",
      "content": "你的工作可不是和我套近乎，而是管理他们。"
    },
    {
      "id": 26,
      "content": "当我再次望向他的脸时，悲伤的感情早已匆匆滑过，取而代之的是一个淡淡的微笑。"
    },
    {
      "id": 27,
      "content": "我向他点了点头，转身看向罪人们。"
    },
    {
      "id": 28,
      "content": "从刚才起，巴士就陷入了一种激昂的氛围。"
    },
    {
      "id": 29,
      "content": "毕竟这是我们第一次完成任务，成功回收了金枝。"
    },
    {
      "id": 30,
      "content": "所有罪人都叽叽喳喳地吹嘘着他们在J公司的精彩操作。"
    },
    {
      "id": 31,
      "model": "로쟈",
      "content": "你们看到我在那一刻亮牌的样子了吗？名场面喜加一啦~"
    },
    {
      "id": 32,
      "model": "그레고르",
      "content": "啊……这个故事我已经听了七遍，连耳朵老茧都快长出来了。换个话题吧——我们这次要去哪儿？"
    },
    {
      "id": 33,
      "model": "베르길리우스",
      "content": "这次……我们要去K巢。"
    },
    {
      "id": 34,
      "model": "히스클리프",
      "content": "啊，是11区？这份工作还真是把我们一个个送到那些一辈子都不可能去的地方。"
    },
    {
      "id": 35,
      "model": "돈키호테",
      "content": "又是一位伟大英雄的故乡！那里一定有纪念品商铺罢！吾要买限量款手办套装！"
    },
    {
      "id": 36,
      "model": "로쟈",
      "content": "哦~那里是不是还开了家超好吃的汉堡连锁店？"
    },
    {
      "id": 37,
      "model": "오티스",
      "content": "呼……现在生活条件真好。以前我在行军期间，能入口的只有一小撮盐。"
    },
    {
      "id": 38,
      "model": "이스마엘",
      "content": "还真是。我在航行期间唯一咽得下的食物，只有全是铁味的汤罐头。"
    },
    {
      "id": 39,
      "model": "로쟈",
      "content": "……是、是不是已经流口水了？对吧，良秀？"
    },
    {
      "id": 40,
      "model": "료슈",
      "content": "呵，一想到不同部位的血液颜色，我确实垂涎三尺了。"
    },
    {
      "id": 41,
      "model": "로쟈",
      "content": "恶……跟你交流真心累。嘿孩子，你想吃点什么吗？"
    },
    {
      "id": 42,
      "model": "싱클레어",
      "content": "……"
    },
    {
      "id": 43,
      "content": "罗佳找不到可以正常聊天的人，于是如往常一样抓住了辛克莱。"
    },
    {
      "id": 44,
      "content": "然而……"
    },
    {
      "id": 45,
      "model": "로쟈",
      "content": "辛克莱？"
    },
    {
      "id": 46,
      "model": "로쟈",
      "content": "哎呀？！喂，他、他怎么了？"
    },
    {
      "id": 47,
      "model": "뫼르소",
      "content": "他面色惨白。还伴随着急促呼吸与发冷症状。"
    },
    {
      "id": 48,
      "model": "단테",
      "content": "<这——这持续多长时间了？>"
    },
    {
      "id": 49,
      "model": "뫼르소",
      "content": "自从维吉里乌斯先生提到K公司开始。"
    },
    {
      "id": 50,
      "model": "단테",
      "content": "<为什么不早点告诉我？>"
    },
    {
      "id": 51,
      "model": "뫼르소",
      "content": "……因为您并没有命令我。"
    },
    {
      "id": 52,
      "content": "默尔索理所当然地盯着我说道。"
    },
    {
      "id": 53,
      "model": "싱클레어",
      "content": "我……只是有点胃疼。对不起。"
    },
    {
      "id": 54,
      "model": "로쟈",
      "content": "你确定真没问题……？"
    },
    {
      "id": 55,
      "model": "단테",
      "content": "<目前看来应该没……>"
    },
    {
      "id": 56,
      "model": "단테",
      "content": "<浮士德，每次维吉里乌斯公布本次目的地时，我们中就会有一个人敏感地作出回应。>"
    },
    {
      "id": 57,
      "model": "단테",
      "content": "<并且，我们到达的地方，都在某事上与这个人有股紧密的联系。>"
    },
    {
      "id": 58,
      "model": "단테",
      "content": "<难不成这就是我们入职公司的原因？>"
    },
    {
      "id": 59,
      "model": "파우스트",
      "content": "……你刚才说“我们”是吗。"
    },
    {
      "id": 60,
      "model": "단테",
      "content": "<啊？>"
    },
    {
      "id": 61,
      "model": "파우스트",
      "content": "感知微妙的变化也是我的重要工作之一。"
    },
    {
      "id": 62,
      "model": "파우스트",
      "content": "还有，回到问题，我虽然不能告诉您招募罪人的原因……"
    },
    {
      "id": 63,
      "model": "파우스트",
      "content": "但不可否认的是，我们的目的地，确实和每一位罪人的出身有一定联系。"
    },
    {
      "id": 64,
      "model": "히스클리프",
      "content": "是不是所有的聪明蛋都有一种能力，就是把本来很简单就能回答的问题，用乱七八糟地话扯成一大串？"
    },
    {
      "id": 65,
      "model": "파우스트",
      "content": "倒叙法并不总是正确的。浮士德只是选择了最有效的叙述方式。"
    },
    {
      "id": 66,
      "model": "히스클리프",
      "content": "倒……倒啥？"
    },
    {
      "id": 67,
      "model": "파우스트",
      "content": "……不是因为别人是聪明蛋，而是因为你太愚笨。所以你才认为浮士德的话很乱。"
    },
    {
      "id": 68,
      "model": "히스클리프",
      "content": "你……！"
    },
    {
      "id": 69,
      "model": "싱클레어",
      "content": "呜、呕……"
    },
    {
      "id": 70,
      "content": "当希斯克利夫手持球杆，向浮士德走去时……"
    },
    {
      "id": 71,
      "content": "辛克莱突然往地上呕吐起来。"
    },
    {
      "id": 72,
      "content": "此时，巴士上的喧闹声才彻底终止。"
    }
  ]
}