{
  "dataList": [
    {
      "id": 0,
      "place": "K公司 检查点",
      "content": "一个身影带着令人心悸的力量高速接近，让人不由得联想到曾经所见之凶兽。"
    },
    {
      "id": 1,
      "model": "히스클리프",
      "content": "噫， *都市粗口……什么鬼东西朝我们过来了！？"
    },
    {
      "id": 2,
      "model": "뫼르소",
      "content": "预计接触时间只剩三秒，经理，你的对策是？"
    },
    {
      "id": 3,
      "model": "단테",
      "content": "<我……我不知道，我到底该怎么办……>"
    },
    {
      "id": 4,
      "content": "慌乱的众人中，只有维吉里乌斯对此毫无惊讶。"
    },
    {
      "id": 5,
      "content": "——倒不如说，他正为早已预见的麻烦而头疼。"
    },
    {
      "id": 6,
      "model": "베르길리우스",
      "content": "来了，K公司的超级巨星。"
    },
    {
      "id": 7,
      "content": "一个狂放的男人带着他刺耳的笑声自混乱中浮现。"
    },
    {
      "id": 8,
      "model": "지크프리트",
      "teller": "？？？",
      "title": "？？？",
      "content": "向每一位朋友致意！你们将能自由地传颂即将于此地见证的英雄伟绩，不过还请注意拍摄照片等纪念仍需要经过K公司的许可！"
    },
    {
      "id": 9,
      "model": "지크프리트",
      "teller": "？？？",
      "title": "？？？",
      "content": "唉，我必须在半个小时后出席一场杂志专访，所以很遗憾我不能久留，还请各位多多谅解！"
    },
    {
      "id": 10,
      "model": "베르길리우스",
      "content": "刚还想着你什么时候来。"
    },
    {
      "id": 11,
      "model": "베르길리우스",
      "content": "我可是听说你变成某片翼的哈巴狗了，齐格飞。"
    },
    {
      "id": 12,
      "model": "지크프리트",
      "teller": "齐格飞",
      "title": "收尾人？",
      "content": "啊哈！你那张小刀子嘴还是一如既往的锋利，老铁！"
    },
    {
      "id": 13,
      "model": "지크프리트",
      "teller": "齐格飞",
      "title": "收尾人？",
      "content": "我第一时间赶过来处理应急警报，这么看来你这些朋友可是惹出了不小的麻烦！"
    },
    {
      "id": 14,
      "model": "베르길리우스",
      "content": "不能说是朋友……我希望你明白眼下的骚乱和我没有关系。"
    },
    {
      "id": 15,
      "model": "지크프리트",
      "teller": "齐格飞",
      "title": "收尾人？",
      "content": "既然如此……"
    },
    {
      "id": 16,
      "model": "베르길리우스",
      "content": "对，我指望你给他们来一堂印象深刻的思想课。"
    },
    {
      "id": 17,
      "model": "히스클리프",
      "content": "你们两个在小声嘀咕什么？这可不是好兆头。"
    },
    {
      "id": 18,
      "model": "료슈",
      "content": "同感，这人是从哪个石头缝里蹦出来的？"
    },
    {
      "id": 19,
      "model": "지크프리트",
      "teller": "齐格飞",
      "title": "收尾人？",
      "content": "哈哈哈！好，好，看来你们中也有些来自偏僻小巷的人。那么就在今天这特别的场合，我授予你们拍照纪念的特权！"
    },
    {
      "id": 20,
      "model": "오티스",
      "content": "他就像对着跪在大街上乞怜的信徒一样施舍我们！你怎么敢——"
    },
    {
      "id": 21,
      "model": "돈키호테",
      "content": "噫啊啊啊啊啊啊啊啊啊啊啊啊啊啊啊啊啊啊啊啊啊啊啊啊啊啊啊啊啊！！！"
    },
    {
      "id": 22,
      "model": "단테",
      "content": "<堂吉诃德？怎么了？>"
    },
    {
      "id": 23,
      "model": "돈키호테",
      "content": "是，是那，那，那个，那个人，是他，是他本人！！！！！"
    },
    {
      "id": 24,
      "model": "베르길리우스",
      "content": "我们有一点点小忙，所以就尽可能控制在一分钟内吧。那个钟表头除外。"
    },
    {
      "id": 25,
      "model": "지크프리트",
      "teller": "齐格飞",
      "title": "收尾人？",
      "content": "嗯……他那是个义体对吧？好嘞，50秒足矣！"
    },
    {
      "id": -1,
      "model": "//효과음",
      "content": "찰-칵!"
    },
    {
      "id": -1,
      "model": "//CG",
      "content": "수감자들을 죽이면서 셀카를 찍고 있는 지크프리트"
    },
    {
      "id": 26,
      "content": "娴熟的战斗技艺同才华横溢的表演交织兼备，我仅能敬畏地看着他展现自己无逊于所谓“英雄”的姿态。"
    },
    {
      "id": 27,
      "model": "히스클리프",
      "content": "“咔嚓”"
    },
    {
      "id": 28,
      "model": "지크프리트",
      "teller": "齐格飞",
      "title": "收尾人？",
      "content": "来，再看这边镜头！我的粉丝们绝对会爱上它！"
    },
    {
      "id": 29,
      "model": "료슈",
      "content": "这妖孽……该死的强。"
    },
    {
      "id": 30,
      "model": "지크프리트",
      "teller": "齐格飞",
      "title": "收尾人？",
      "content": "嗯？你刚刚有做什么吗？哈哈哈！好~好~挺可爱嘛！"
    },
    {
      "id": 31,
      "model": "료슈",
      "content": "嘎！"
    },
    {
      "id": 32,
      "content": "一个接一个，罪人们在他手下都撑不过多久。"
    },
    {
      "id": 33,
      "content": "而维吉里乌斯满意地品味着这场屠杀。"
    },
    {
      "id": 34,
      "model": "단테",
      "content": "<……>"
    },
    {
      "id": 35,
      "model": "베르길리우스",
      "content": "妄想在巢中搞出大乱子后还能安然无恙地离开，该是时候让他们知道现实是什么样子了。"
    },
    {
      "id": 36,
      "model": "베르길리우스",
      "content": "……但丁，或许你现在已经记不清了，但你也曾一度称得上是位大人物。"
    },
    {
      "id": 37,
      "model": "단테",
      "content": "<我……我吗？>"
    },
    {
      "id": 38,
      "content": "我甚至无法想象那种事情。"
    },
    {
      "id": 39,
      "content": "如今的我只是一个会被任何意外打到手忙脚乱的无能领导——一遍又一遍被自己的罪人撕扯，唾弃，接着扔到垃圾桶里忽视掉。"
    },
    {
      "id": 40,
      "content": "他们甚至开始把我当成一个战场急救包……想想我这名可怜的执行经理在过去居然是被那么多人尊重的领导者……"
    },
    {
      "id": 41,
      "content": "我便愈发渴望让浮士德再找个方法来恢复我的记忆。"
    },
    {
      "id": 42,
      "model": "베르길리우스",
      "content": "然而，你的失忆并不能作为你这次失职的借口，我相信你明白我在说什么。"
    },
    {
      "id": 43,
      "model": "단테",
      "content": "<……>"
    },
    {
      "id": 44,
      "content": "我想起那些K公司检查站的职员。"
    },
    {
      "id": 45,
      "content": "那些毫无怜悯地扯碎一个家庭的职员们，仿佛他们所行是再正常不过的工作流程的一部分。"
    },
    {
      "id": 46,
      "content": "尽管堂吉诃德挺枪刺向不义，给我们惹上了麻烦……"
    },
    {
      "id": 47,
      "content": "我仍确信若我们袖手旁观，午夜梦回时我会因此惊悸。"
    },
    {
      "id": 48,
      "content": "看到目睹骚乱时，在希斯克利夫紧握战棍的双手上所暴起的血管……"
    },
    {
      "id": 49,
      "content": "即便不是堂吉诃德，我知道我们中同样会有人挺身而出。"
    },
    {
      "id": 50,
      "content": "实话实说，我并没有尽我所能来阻止堂吉诃德。当维吉里乌斯说这事的相当一部分责任在我身上时，他也并非无端指责。"
    },
    {
      "id": 51,
      "model": "단테",
      "content": "<让我醒悟过来也许未必是好事，维吉里乌斯。>"
    },
    {
      "id": 52,
      "model": "베르길리우스",
      "content": "这真是……我下次一定让他们给你装个麦克风。"
    },
    {
      "id": 53,
      "model": "베르길리우스",
      "content": "……我就当你明白我的意思了。"
    },
    {
      "id": 54,
      "model": "지크프리트",
      "teller": "齐格飞",
      "title": "收尾人？",
      "content": "呜呼！46.5秒！又一天，又一个英雄传奇在此地诞生！"
    },
    {
      "id": 55,
      "model": "베르길리우스",
      "content": "……看来帷幕已经落下。该倒转时钟了，但丁。"
    }
  ]
}