{
  "dataList": [
    {
      "id": 0,
      "place": "梅菲斯托费勒斯 内部",
      "model": "카론",
      "content": "心情好的卡戎，心情好的到达。"
    },
    {
      "id": 1,
      "model": "베르길리우스",
      "content": "好了，全都下车。该过安检了。"
    },
    {
      "id": 2,
      "model": "베르길리우스",
      "content": "啊，以防万一你们又想弄出些古怪行为，多提一嘴："
    },
    {
      "id": 3,
      "model": "베르길리우스",
      "content": "不要到处搞事情，不要幻想后面的发展会如你所愿……"
    },
    {
      "id": 4,
      "model": "베르길리우스",
      "content": "因为在这个地方根本不可能发生这样的事。"
    },
    {
      "id": 5,
      "content": "我感觉他的话挺吓人的，但即便这样担忧……"
    },
    {
      "id": 6,
      "place": "K公司安检口",
      "model": "더미2",
      "teller": "公告",
      "title": "K公司 检查站",
      "content": "我们衷心欢迎所有K巢的来访者们。"
    },
    {
      "id": 7,
      "model": "더미2",
      "teller": "公告",
      "title": "K公司 检查站",
      "content": "进入时请有序排好队，站在指示标记的位置。"
    },
    {
      "id": 8,
      "content": "这种威胁和审讯的氛围，可以打压任何初来到访者的气性，甚至罪人们也不例外。"
    },
    {
      "id": 9,
      "content": "我可以不时地听见辛克莱的抽噎，罗佳和格里高尔在一旁安慰他。"
    },
    {
      "id": 10,
      "content": "就算问为什么，得到的也只有默默摇头。"
    },
    {
      "id": 11,
      "model": "베르길리우스",
      "content": "瞧瞧现在，看到你们那么守规矩真不错。就像一群小雏鸡去郊游。"
    },
    {
      "id": 12,
      "model": "이스마엘",
      "content": "等下，为什么你会在这……"
    },
    {
      "id": 13,
      "model": "단테",
      "content": "<为什么这次你跟着我们下了巴士？>"
    },
    {
      "id": 14,
      "content": "注意到我对这次出乎意料跟随的慌张反应，维吉里乌斯开了口。"
    },
    {
      "id": 15,
      "model": "베르길리우스",
      "content": "因为这是巢啊，但丁。"
    },
    {
      "id": 16,
      "model": "베르길리우스",
      "content": "如果你们中的任何一个在这里惹了什么意外麻烦……"
    },
    {
      "id": 17,
      "model": "베르길리우스",
      "content": "但丁，要你一个人来承担责任的话，那怕不是太过沉重了。"
    },
    {
      "id": 18,
      "content": "当维吉里乌斯这样说时……"
    },
    {
      "id": 19,
      "content": "这听上去更像……“你其实还没靠谱到不需要监督”。"
    },
    {
      "id": 20,
      "content": "……不过，我觉得明智的做法还是闭嘴。"
    }
  ]
}