{
  "dataList": [
    {
      "id": 0,
      "place": "梅菲斯托费勒斯 内部",
      "model": "돈키호테",
      "content": "不好意思！吾有疑问！"
    },
    {
      "id": 1,
      "content": "堂吉诃德突然举起了手。"
    },
    {
      "id": 2,
      "model": "베르길리우스",
      "content": "说。"
    },
    {
      "id": 3,
      "model": "돈키호테",
      "content": "第一条规矩我懂了！那么，第二条规矩是什么呢？"
    },
    {
      "id": 4,
      "model": "그레고르",
      "content": "哈，说真的……你就这么想知道？"
    },
    {
      "id": 5,
      "model": "베르길리우스",
      "content": "……"
    },
    {
      "id": 6,
      "content": "维吉里乌斯冷眼看着刚刚点燃香烟的良秀。良秀奇怪地回望着他。"
    },
    {
      "id": 7,
      "model": "베르길리우스",
      "content": "第二条规矩……"
    },
    {
      "id": 8,
      "model": "베르길리우스",
      "content": "不要把烟蒂丢在公交车的地板上。它们会留下烧痕。"
    },
    {
      "id": 9,
      "model": "료슈",
      "content": "……哈。"
    },
    {
      "id": 10,
      "content": "巴士再度陷入沉默。"
    },
    {
      "id": 11,
      "model": "베르길리우스",
      "content": "等一下，巴士可不该这么安静。引擎的声音呢？"
    },
    {
      "id": 12,
      "model": "베르길리우스",
      "content": "卡戎，为什么不加速？"
    },
    {
      "id": 13,
      "model": "카론",
      "content": "没有食物。梅菲饿了。"
    },
    {
      "id": 14,
      "model": "베르길리우스",
      "content": "正好。调节一下气氛吧。"
    },
    {
      "id": 15,
      "content": "我们会路过加油站吗？"
    },
    {
      "id": 16,
      "content": "维吉里乌斯像普通驾驶员一样把燃油喷嘴漫不经心地插进巴士，这种场景真是难以想象。"
    },
    {
      "id": 17,
      "model": "베르길리우스",
      "content": "车辆若想移动就需要燃料。"
    },
    {
      "id": 18,
      "model": "베르길리우스",
      "content": "卡戎，试着闪一下车的前灯。像舞台灯光那样。"
    },
    {
      "id": 19,
      "model": "카론",
      "content": "嗯，现在是舞蹈时间。"
    },
    {
      "id": 20,
      "model": "이스마엘",
      "content": "等下，我们要是这样做，等于是在讨打啊。"
    },
    {
      "id": 21,
      "model": "뫼르소",
      "content": "这就是目的。"
    },
    {
      "id": 22,
      "model": "이스마엘",
      "content": "……什么？"
    },
    {
      "id": 23,
      "content": "我能听到有什么猛击着巴士的外壳。"
    },
    {
      "id": 24,
      "teller": "不识数的小流氓",
      "title": "4区后巷",
      "content": "喔噫！把你们所有的东西都放下然后下车！给你们三十秒时间！十！九！"
    },
    {
      "id": 25,
      "teller": "聪明一点的小流氓",
      "title": "4区后巷",
      "content": "嘿，你漏掉了二十秒。"
    },
    {
      "id": 26,
      "teller": "不识数的小流氓",
      "title": "4区后巷",
      "content": "呃…嗯…那就当做你们祈祷了20秒吧！"
    },
    {
      "id": 27,
      "model": "이스마엘",
      "content": "唉，为什么我周围都是没脑子的人啊。"
    },
    {
      "id": 28,
      "model": "히스클리프",
      "content": "……你说什么？"
    },
    {
      "id": 29,
      "model": "돈키호테",
      "content": "伏击乃懦夫之举！毫无疑问他们定是恶人！"
    },
    {
      "id": 30,
      "model": "베르길리우스",
      "content": "好，所有人都下车。"
    },
    {
      "id": 31,
      "model": "베르길리우스",
      "content": "另外，我们需要把他们打趴下，但不是打死。明白了吗？"
    }
  ]
}