{
  "dataList": [
    {
      "id": 0,
      "place": "包间",
      "content": "我们尽力避开铁工会首领凄惨的尸体，走上了电梯。"
    },
    {
      "id": 1,
      "place": "电梯内",
      "content": "之前在脑叶支部看到虫子尸体就立刻嘟哝起来的罗佳，此时却一声不吭地按下了通往地下的按钮。"
    },
    {
      "id": 2,
      "content": "随后寂静袭来……"
    },
    {
      "id": 3,
      "content": "索德早就憋了一肚子问题，开始连珠炮似地向罗佳提问。"
    },
    {
      "id": 4,
      "model": "소드",
      "teller": "索德",
      "title": "LCCB",
      "content": "你是怎么不依靠愿力就赢了的？"
    },
    {
      "id": 5,
      "model": "소드",
      "teller": "索德",
      "title": "LCCB",
      "content": "不对，比起那个，你怎么确信自己能赢？"
    },
    {
      "id": 6,
      "model": "로쟈",
      "content": "停，稍微等等……一句一句慢点问，可以吗？"
    },
    {
      "id": 7,
      "content": "罗佳微笑着让索德冷静下来，随后缓缓开口。"
    },
    {
      "id": 8,
      "model": "로쟈",
      "content": "铁工会的首领从一开始就对豆豆帮颇为警惕。"
    },
    {
      "id": 9,
      "model": "뫼르소",
      "content": "你怎么知道？他明明是全身义体，根本看不出表情。"
    },
    {
      "id": 10,
      "model": "로쟈",
      "content": "这是显而易见的。毕竟，豆豆帮的首领有愿力提取机。"
    },
    {
      "id": 11,
      "model": "로쟈",
      "content": "他相当确信，这次的赌博中我们一定会用那东西。"
    },
    {
      "id": 12,
      "model": "에피",
      "teller": "埃菲",
      "title": "LCCB",
      "content": "也就是说……你故意让他看到你贴上愿望贴纸，从而引诱他？"
    },
    {
      "id": 13,
      "model": "로쟈",
      "content": "对！所以我才说了“胜负已分~”必须要让对方觉得我很有信心。"
    },
    {
      "id": 14,
      "model": "로쟈",
      "content": "所有的赌博都是靠气势来决定成败的。呼呼。"
    },
    {
      "id": 15,
      "model": "소드",
      "teller": "索德",
      "title": "LCCB",
      "content": "……"
    },
    {
      "id": 16,
      "model": "로쟈",
      "content": "你看，连你们也以为我用了愿望贴纸吧？"
    },
    {
      "id": 17,
      "model": "로쟈",
      "content": "实际上，愿望贴纸这东西，只不过是给许愿的欲望起了个看起来挺像样的名字罢了。"
    },
    {
      "id": 18,
      "model": "로쟈",
      "content": "据说对于绝对自信的人而言，那只不过是奇怪的纸片而已。"
    },
    {
      "id": 19,
      "model": "소드",
      "teller": "索德",
      "title": "LCCB",
      "content": "不可能是那样的。J公司的愿力相关技术早就是效果公认的准奇点技术了"
    },
    {
      "id": 20,
      "model": "소드",
      "teller": "索德",
      "title": "LCCB",
      "content": "有数万人完全依靠着愿力生活……"
    },
    {
      "id": 21,
      "model": "로쟈",
      "content": "现在这世道，恐怕没有什么能比这东西更能赋予人们自信了吧。"
    },
    {
      "id": 22,
      "model": "로쟈",
      "content": "但我可不同。"
    },
    {
      "id": 23,
      "model": "로쟈",
      "content": "因为我始终都很有自信。"
    },
    {
      "id": 24,
      "model": "이상",
      "content": "……自信，即可避免心灵坠入深渊。"
    },
    {
      "id": 25,
      "model": "이상",
      "content": "那么，那份自信从何而来？"
    },
    {
      "id": 26,
      "model": "로쟈",
      "content": "啊，那个？真的很简单来着，让我教给你们吧，好好听着哦。"
    },
    {
      "id": 27,
      "model": "싱클레어",
      "content": "哦……"
    },
    {
      "id": 28,
      "model": "로쟈",
      "content": "只要想着：“我就是最受欢迎的那个，别的什么全都是胡说八道！就这样装作听不见就好啦。”"
    },
    {
      "id": 29,
      "model": "파우스트",
      "content": "说的对，浮士德也这么想。"
    },
    {
      "id": 30,
      "model": "싱클레어",
      "content": "……"
    },
    {
      "id": 31,
      "model": "이상",
      "content": "……也许我根本不该问这个问题。"
    },
    {
      "id": 32,
      "model": "단테",
      "content": "<罗佳……你对待我说的话不会也是那么做的吧？>"
    },
    {
      "id": 33,
      "content": "不幸的是，胜利的喜悦并未持续太久。"
    },
    {
      "id": 34,
      "place": "赌场地下矿山 1层",
      "content": "在洞窟里不绝于耳的鹤嘴锄的回声中，我们看到了严密守卫着金库的警卫。"
    },
    {
      "id": 35,
      "content": "似乎在警告我们，“不会让你们轻易到达地下尽头”。"
    },
    {
      "id": 36,
      "model": "로쟈",
      "content": "等等！那样的话即使赢下游戏也没用了吧！"
    },
    {
      "id": 37,
      "model": "로쟈",
      "content": "为什么我们要这样偷偷摸摸地过去？此外，那群在用鹤嘴锄的奴隶是谁？"
    },
    {
      "id": 38,
      "model": "소드",
      "teller": "索德",
      "title": "LCCB",
      "content": "我们确实拿到了所有权……但是你也知道，我们无法证明身份，在他们眼里，我们和入侵者没什么区别。"
    },
    {
      "id": 39,
      "content": "在金库前面半吊子藏着的我们，不管怎么看都像是小偷。"
    },
    {
      "id": 40,
      "model": "이스마엘",
      "content": "真厉害，他们在挖洞的期间甚至连金库都做出来了。"
    },
    {
      "id": 41,
      "model": "로쟈",
      "content": "真是美丽的光景……我要是死了，绝对要葬在这样的金山里，最后闻着纸币的香气长眠。"
    },
    {
      "id": 42,
      "model": "그레고르",
      "content": "说起来，之前那个一直瞟着我们的家伙……是你的熟人吗？"
    },
    {
      "id": 43,
      "model": "로쟈",
      "content": "……是故乡的旧友。"
    },
    {
      "id": 44,
      "model": "단테",
      "content": "<相比于故乡的旧友，似乎是更加微妙的关系。>"
    },
    {
      "id": 45,
      "model": "로쟈",
      "content": "我亲爱的格雷格，相聚的滋味可没有那么好受啊，你上次碰到昔日战友的时候不也很紧张吗？"
    },
    {
      "id": 46,
      "model": "그레고르",
      "content": "……无法反驳啊。"
    },
    {
      "id": 47,
      "model": "홍루",
      "content": "铁笼里似乎有什么在动。"
    },
    {
      "id": 48,
      "model": "홍루",
      "content": "是养了什么宠物吗？"
    },
    {
      "id": 49,
      "model": "이스마엘",
      "content": "你家管能把铁笼摇坏的祖宗叫宠物？"
    },
    {
      "id": 50,
      "model": "파우스트",
      "content": "是大罪们。"
    },
    {
      "id": 51,
      "model": "단테",
      "content": "<他们是觉得自己能驯化异想体吗？>"
    },
    {
      "id": 52,
      "model": "그레고르",
      "content": "如果我们亲爱的尤莉小姐听到了，光是那惊讶的嗤笑声就能把大概三个人震飞吧。"
    },
    {
      "id": 53,
      "model": "싱클레어",
      "content": "尤莉小姐……"
    },
    {
      "id": 54,
      "model": "파우스트",
      "content": "理论上是可行的。"
    },
    {
      "id": 55,
      "model": "파우스트",
      "content": "如果它们拥有和人类匹敌的智力，并且具有反复实验证明的有效管理手段的话。"
    },
    {
      "id": 56,
      "model": "이스마엘",
      "content": "嘛……成功了的话似乎能成为不错的看门狗。"
    },
    {
      "id": 57,
      "model": "홍루",
      "content": "哦？仔细一看，那些人的手指或身体的一部分被咬掉了。"
    },
    {
      "id": 58,
      "content": "谢天谢地，还好这次他没说“这又是什么潮流？”之类的无聊的话。"
    },
    {
      "id": 59,
      "model": "홍루",
      "content": "这种事最近很流行吗？"
    },
    {
      "id": 60,
      "model": "단테",
      "content": "<……>"
    },
    {
      "id": 61,
      "content": "差点，差点就没说了。"
    }
  ]
}