{
  "dataList": [
    {
      "id": 0,
      "place": "11区 脑叶公司支部内某处",
      "content": "我们所到达的脑叶公司支部，并没有像上次的4区一样残留下设施的样貌。"
    },
    {
      "id": 1,
      "content": "N公司的审判官们好像长久以来都将此处活用为根据地，各种拷问器具和在镇上看到过的肉块、机器之类的东西到处散落着。"
    },
    {
      "id": 2,
      "teller": "被拷问的义体",
      "title": "卡尔夫镇镇民",
      "content": "不要再这样了……太……痛苦了……！"
    },
    {
      "id": 3,
      "model": "N사심문관1",
      "teller": "进行拷问的N公司异端审判官",
      "title": "钉与锤",
      "content": "哈。这个人在谈论痛苦呢。"
    },
    {
      "id": 4,
      "model": "N사심문관2",
      "teller": "擅长审讯的N公司异端审判官",
      "title": "钉与锤",
      "content": "想必是虚假的痛苦。不必在意。"
    },
    {
      "id": 5,
      "teller": "被拷问的义体",
      "title": "卡尔夫镇镇民",
      "content": "不……真的很痛……很痛……"
    },
    {
      "id": 6,
      "model": "N사심문관1",
      "teller": "进行拷问的N公司异端审判官",
      "title": "钉与锤",
      "content": "将杂质附着在身上的时候不痛苦吗？放弃做人之时你的内心没有呐喊过吗？"
    },
    {
      "id": 7,
      "model": "N사심문관2",
      "teller": "擅长审讯的N公司异端审判官",
      "title": "钉与锤",
      "content": "够了。如今忏悔为时已晚。"
    },
    {
      "id": 8,
      "model": "N사심문관2",
      "teller": "擅长审讯的N公司异端审判官",
      "title": "钉与锤",
      "content": "看，他不是连眼泪都流不出来吗？这是虚伪的告解。"
    },
    {
      "id": 9,
      "teller": "被拷问的义体",
      "title": "卡尔夫镇镇民",
      "content": "不是这样的！我……可以流泪！所以，请……"
    },
    {
      "id": 10,
      "model": "N사심문관1",
      "teller": "进行拷问的N公司异端审判官",
      "title": "钉与锤",
      "content": "难道我们没有必要再确认一下吗？"
    },
    {
      "id": 11,
      "model": "N사심문관2",
      "teller": "擅长审讯的N公司异端审判官",
      "title": "钉与锤",
      "content": "……嗯。当然，毕竟不虚伪的哭泣意味着人性。"
    },
    {
      "id": 12,
      "teller": "被拷问的义体",
      "title": "卡尔夫镇镇民",
      "content": "谢谢……真的非常感谢……"
    },
    {
      "id": 13,
      "model": "N사심문관2",
      "teller": "擅长审讯的N公司异端审判官",
      "title": "钉与锤",
      "content": "好，那就掏出你的眼球看看吧。"
    },
    {
      "id": 14,
      "model": "N사심문관1",
      "teller": "进行拷问的N公司异端审判官",
      "title": "钉与锤",
      "content": "据说有人连泪腺也以丑恶的杂质附在身上，若不直接确认，则不可信赖。"
    },
    {
      "id": 15,
      "model": "N사심문관1",
      "teller": "进行拷问的N公司异端审判官",
      "title": "钉与锤",
      "content": "如果把你的眼球挖出之后，发现眼眶里是血肉，就赐你自由。"
    },
    {
      "id": 16,
      "teller": "被拷问的义体",
      "title": "卡尔夫镇镇民",
      "content": "什……不行，不行！！！"
    },
    {
      "id": 17,
      "model": "로쟈",
      "content": "……嘿咻！"
    },
    {
      "id": -1,
      "model": "//퍽"
    },
    {
      "id": 18,
      "model": "N사심문관1",
      "teller": "进行拷问的N公司异端审判官",
      "title": "钉与锤",
      "content": "嘎……咕……"
    },
    {
      "id": -1,
      "model": "//효과음",
      "content": "털썩"
    },
    {
      "id": 19,
      "model": "N사심문관2",
      "teller": "擅长审讯的N公司异端审判官",
      "title": "钉与锤",
      "content": "……异端就像虫豸一样。"
    },
    {
      "id": 20,
      "model": "N사심문관2",
      "teller": "擅长审讯的N公司异端审判官",
      "title": "钉与锤",
      "content": "在从不单独出没，还不断妨碍伟业这方面——简直一模一样。"
    },
    {
      "id": 21,
      "content": "我回头一看，罗佳耸了耸肩。"
    },
    {
      "id": 22,
      "model": "로쟈",
      "content": "怎么？这次我也想试一试挺身而出。"
    }
  ]
}