{
  "dataList": [
    {
      "id": 0,
      "place": "辛克莱的旧宅",
      "content": "随着一声巨响，圭多终于倒下了。"
    },
    {
      "id": 1,
      "content": "尽管不知道他是否真的断了气，但我连走上前去摘下那副头盔来确认一下的力气都没有了。"
    },
    {
      "id": -1,
      "model": "//효과음",
      "content": "푹! 푹! 푹! 푹!"
    },
    {
      "id": 2,
      "content": "辛克莱似乎没有注意到战场的现状，不断固执地用手中的斧枪刺着某个审判官的尸体。"
    },
    {
      "id": 3,
      "content": "地上已经难以辨别出尸体的轮廓，只余一团血肉模糊散落一地。"
    },
    {
      "id": 4,
      "model": "로쟈",
      "content": "辛克莱……冷静一点。"
    },
    {
      "id": 5,
      "content": "他似乎除了眼前的尸体，已经什么都注意不到了。"
    },
    {
      "id": 6,
      "content": "时不时传来难以遏制愤怒的喘息声，以及混杂在其中的微弱的抽泣声。"
    },
    {
      "id": 7,
      "model": "싱클레어",
      "content": "全部……杀掉……"
    },
    {
      "id": 8,
      "content": "虽然大家都明白有阻止他继续这样下去的必要，但一时之间也没有人敢上前。"
    },
    {
      "id": 9,
      "content": "他眼中的神采尽数散去，只余无尽的愤怒笼罩。"
    },
    {
      "id": 10,
      "model": "돈키호테",
      "content": "现在是需要让他恢复意识对吧，吾有简单易行的办法！"
    },
    {
      "id": 11,
      "content": "话音刚落，辛克莱突然被堂吉诃德一脚踢飞，随后重重摔在了地板上。"
    },
    {
      "id": 12,
      "content": "然后……"
    },
    {
      "id": 13,
      "content": "她朝着倒下的辛克莱的脸开始挥拳。"
    },
    {
      "id": -1,
      "model": "//효과음",
      "content": "퍽 퍽 퍽"
    },
    {
      "id": 14,
      "content": "拳头如雨点般落下。"
    },
    {
      "id": 15,
      "model": "로쟈",
      "content": "这，这……我们还是做点什么比较好吧？"
    },
    {
      "id": 16,
      "model": "료슈",
      "content": "别管他们，这种幼稚的战斗用不着我们插手。"
    },
    {
      "id": 17,
      "content": "尘土飞扬……"
    },
    {
      "id": 18,
      "content": "终于，堂吉诃德停了下来。"
    },
    {
      "id": 19,
      "model": "돈키호테",
      "content": "怎么样，稍微清醒点了吗？"
    },
    {
      "id": 20,
      "model": "싱클레어",
      "content": "唔，呃……"
    },
    {
      "id": 21,
      "model": "돈키호테",
      "content": "鲁莽地就出手了真是对不住！过去吾也有会被兴奋冲昏头脑，像脱缰的野马一般不停发狂的时候。"
    },
    {
      "id": 22,
      "model": "돈키호테",
      "content": "每到那时，吾的那些旧友们就会殴打吾直到恢复神智为止。"
    },
    {
      "id": 23,
      "model": "돈키호테",
      "content": "不这样做的话，吾好像就不能从那样的境地之中清醒过来。"
    },
    {
      "id": 24,
      "model": "이스마엘",
      "content": "啊，这么说你和维吉里乌斯先生也算朋友呗？"
    },
    {
      "id": 25,
      "model": "로쟈",
      "content": "噗……"
    },
    {
      "id": 26,
      "model": "돈키호테",
      "content": "当，当然……！"
    },
    {
      "id": 27,
      "model": "싱클레어",
      "content": "呜……呜……"
    },
    {
      "id": 28,
      "content": "遍布淤伤的辛克莱脸上，有晶莹的液体正在缓缓流下，和血色慢慢融在一起。"
    },
    {
      "id": 29,
      "model": "싱클레어",
      "content": "我不会就这样放过她的……"
    },
    {
      "id": 30,
      "model": "싱클레어",
      "content": "我要回家去……把那个贱人……用木桩把她“噗”地刺死……然后——"
    },
    {
      "id": 31,
      "content": "他的喉咙被抽泣填满，再也没能讲出一句完整的话。"
    },
    {
      "id": 32,
      "content": "辛克莱终于不再抽噎，喃喃自语的声音从指节的缝隙里溢出来。"
    },
    {
      "id": 33,
      "model": "싱클레어",
      "content": "我……再次变得一无所有了，仅仅一夜之间。"
    },
    {
      "id": 34,
      "model": "싱클레어",
      "content": "那个时候……还没有人会仗着“钉与锤”的名号到处炫耀，也看不到这么多人聚在一起，招摇过市。"
    },
    {
      "id": 35,
      "model": "싱클레어",
      "content": "但是，不知从何时开始……"
    },
    {
      "id": 36,
      "model": "싱클레어",
      "content": "自称“铁锤教”的人们，陆续来到了镇上……"
    },
    {
      "id": 37,
      "model": "싱클레어",
      "content": "咕，呜……"
    },
    {
      "id": 38,
      "model": "로쟈",
      "content": "好了，小家伙，讲到这里就可以了……"
    },
    {
      "id": 39,
      "content": "罗佳把他揽过来，轻柔地拍着他的背。"
    },
    {
      "id": 40,
      "model": "싱클레어",
      "content": "有时候我仍然会觉得，"
    },
    {
      "id": 41,
      "model": "싱클레어",
      "content": "这一切都只是一场梦境，而我只是还没能从噩梦中醒来罢了……"
    },
    {
      "id": 42,
      "model": "싱클레어",
      "content": "每天早上从睡梦中苏醒时……我总会想……"
    },
    {
      "id": 43,
      "model": "싱클레어",
      "content": "也许这次醒来时映入眼帘的……就能是我所熟悉的……家中的天花板。"
    },
    {
      "id": 44,
      "content": "他说到这里，终于忍不住泣不成声。"
    },
    {
      "id": 45,
      "content": "我们能做的只有等待他平静下来罢了。"
    }
  ]
}