{
  "dataList": [
    {
      "id": 0,
      "place": "一间当铺",
      "model": "소드",
      "teller": "索德",
      "title": "LCCB",
      "content": "现在……关于这个任务，我们差不多会帮你包办好一切。至于你要做的，就是给我乖乖张开嘴，把喂到嘴边的工作都好好消化掉。"
    },
    {
      "id": 1,
      "model": "소드",
      "teller": "索德",
      "title": "LCCB",
      "content": "读读这个信封里的文件，然后一、字、不、差地，照着它说的去做。"
    },
    {
      "id": 2,
      "content": "索德拖长音的方式让人不爽，但我不准备跟她计较。"
    },
    {
      "id": 3,
      "content": "就算我真跟她吵上几句，她能听进去的部分也不过几声时钟的滴答作响罢了。"
    },
    {
      "id": 4,
      "model": "그레고르",
      "content": "你这个“联合作战”也没多少“联合”的意思不是吗？你只是在把我们当跟屁虫耍。"
    },
    {
      "id": 5,
      "model": "이스마엘",
      "content": "这太侮辱人了。他们把我们都当傻大个还是怎样？"
    },
    {
      "id": 6,
      "model": "이스마엘",
      "content": "你看，经理，我们得先从把脚放下学起，然后再……"
    },
    {
      "id": 7,
      "model": "이스마엘",
      "content": "再……"
    },
    {
      "id": 8,
      "model": "이스마엘",
      "content": "……唯他们马首是瞻，对吧？"
    },
    {
      "id": 9,
      "model": "단테",
      "content": "<嗯？>"
    },
    {
      "id": 10,
      "model": "이스마엘",
      "content": "他们给的那份文件，简直详尽得不可思议。"
    },
    {
      "id": 11,
      "model": "이스마엘",
      "content": "看这儿，上面把路线图以及你能想到的一切东西都画得清清楚楚。我上次见到这么一丝不苟的计划还是在很久之前。"
    },
    {
      "id": 12,
      "model": "오티스",
      "content": "嗯哼，确实。这显然表明他们在制定适当的行动计划方面很有知识。"
    },
    {
      "id": 13,
      "model": "오티스",
      "content": "啊，我可不是说他们这点小聪明能与您的深谋远虑相提并论。"
    },
    {
      "id": 14,
      "content": "被以实玛利对那份计划的赞许说服，我打开信封，仔细地阅读接下来的行动纲要。"
    },
    {
      "id": 15,
      "content": "行动目的总结如下："
    },
    {
      "id": 16,
      "content": "“到达赌场顶层。”"
    },
    {
      "id": 17,
      "content": "此次行动的首要目标，是今日赌局的头等大奖。"
    },
    {
      "id": 18,
      "content": "据可靠情报，获得金枝所在区域通行许可的唯一办法就是赢下这场赌局。"
    },
    {
      "id": 19,
      "content": "四个联合竞标这家赌场的帮派在这张赌桌上共聚一堂。"
    },
    {
      "id": 20,
      "content": "这四家之一…… 我们一般用最为臭名昭著的称谓来称呼他们……"
    },
    {
      "id": 21,
      "model": "단테",
      "content": "<豆豆帮？>"
    },
    {
      "id": 22,
      "model": "파우스트",
      "content": "认为从名称就能看出一个帮派的本质，完全就是一种肤浅的偏见。"
    },
    {
      "id": 23,
      "model": "이상",
      "content": "故意戴上所谓偏见的有色眼镜，可不是看待世界的理想方式。"
    },
    {
      "id": 24,
      "model": "단테",
      "content": "<……是。>"
    },
    {
      "id": 25,
      "content": "……说回到行动计划。我们准备伪装成“豆豆帮”的老大，然后赢下这场赌局。"
    },
    {
      "id": 26,
      "content": "再之后，我们就可以进入金枝所在的地下楼层。"
    },
    {
      "id": 27,
      "content": "这之前，我们得用当铺里找得到的饰品和衣物伪装成各自的角色，进到赌场里，再等顶楼的小队赢下赌局。"
    },
    {
      "id": 28,
      "content": "我想，这就是整个计划的概要。"
    },
    {
      "id": 29,
      "content": "呃，等等。如果我们的人赢不下来的话，一切不就都泡汤了吗？"
    },
    {
      "id": 30,
      "model": "소드",
      "teller": "索德",
      "title": "LCCB",
      "content": "我们还准备好了假身份。以防赌场安保随机抽查来访者。"
    },
    {
      "id": 31,
      "model": "그레고르",
      "content": "好吧，确实很周到…… 但到了顶楼之后你又打算怎么赢下赌局呢？"
    },
    {
      "id": 32,
      "model": "에피",
      "teller": "埃菲",
      "title": "LCCB",
      "content": " 你以为我们穿成这样是干什么的？"
    },
    {
      "id": 33,
      "model": "에피",
      "teller": "埃菲",
      "title": "LCCB",
      "content": "为了冒充如假包换的荷官，我们都练了好几个月了。"
    },
    {
      "id": 34,
      "model": "에피",
      "teller": "埃菲",
      "title": "LCCB",
      "content": "我们会把好运塞到你手里。只要你的眼睛没瞎，这场赌局就是你的囊中之物。"
    },
    {
      "id": 35,
      "content": "埃菲咕哝着又重复了一遍最后两句话，顺便毫不掩饰地斜了我们一眼。"
    },
    {
      "id": 36,
      "content": "显而易见地，他对我们毫无信心。"
    },
    {
      "id": 37,
      "model": "그레고르",
      "content": "那我们怎么取代掉豆豆帮的老大？"
    },
    {
      "id": 38,
      "model": "소드",
      "teller": "索德",
      "title": "LCCB",
      "content": "赌场提供给他的食物里会被放上镇静剂。这些细节上的问题我们早就跟主厨“沟通”好了。"
    },
    {
      "id": 39,
      "model": "이상",
      "content": "镇静剂……"
    },
    {
      "id": 40,
      "content": "索德和埃菲互相向对方眨了眨眼。"
    },
    {
      "id": 41,
      "content": "通过眼神交流就能理解对方的想法，真不愧是心有灵犀的完美搭档。"
    },
    {
      "id": 42,
      "model": "소드",
      "teller": "索德",
      "title": "LCCB",
      "content": "老板~这个这个和那个，这几个架子的货都拿出来给我们看看呗~"
    },
    {
      "id": 43,
      "model": "전당포주인",
      "teller": "当铺老板",
      "title": "J公司的当铺",
      "content": "嗯？哦！啊好的，当然，没问题。请您自便，女士。"
    },
    {
      "id": 44,
      "content": "当铺老板的态度从本来的不屑一顾，立即变作点头哈腰。"
    },
    {
      "id": 45,
      "model": "소드",
      "teller": "索德",
      "title": "LCCB",
      "content": "现在，让我们把用得上的东西挑出来吧。"
    },
    {
      "id": 46,
      "model": "홍루",
      "content": "天哪，这不是古琪的设计师款胸针吗！"
    },
    {
      "id": 47,
      "model": "전당포주인",
      "teller": "当铺老板",
      "title": "J公司的当铺",
      "content": "哈！您真识货啊，先生。这小美人儿可是本店的镇店之宝，全球限量仅十枚的稀世佳作。它的价值可是不可限量——"
    },
    {
      "id": 48,
      "model": "홍루",
      "content": "过去出门散步的时候我家狗狗的项圈上曾有一个这样的胸针。能在这里见到带来美好回忆的物品真是太好了！"
    },
    {
      "id": 49,
      "model": "전당포주인",
      "teller": "当铺老板",
      "title": "J公司的当铺",
      "content": "……"
    },
    {
      "id": 50,
      "model": "로쟈",
      "content": "我看上这副牛皮手套了。它的旧主人绝对是个时尚达人~"
    },
    {
      "id": 51,
      "model": "소드",
      "teller": "索德",
      "title": "LCCB",
      "content": "别忘了这是场角色扮演啊，你们得挑点符合身份的东西。"
    },
    {
      "id": 52,
      "model": "돈키호테",
      "content": "等等，我收到的那个信封里写的是“清洁工”，这里面肯定有什么误会。"
    },
    {
      "id": 53,
      "model": "그레고르",
      "content": "好吧，整体上是不错，但…… 你有那么多钱把这些都买下来吗？"
    },
    {
      "id": 54,
      "model": "에피",
      "teller": "埃菲",
      "title": "LCCB",
      "content": "担心花销？你以为我们是谁，普通文职吗？这张黑卡在手，没有什么是我买不下来的。"
    },
    {
      "id": 55,
      "model": "로쟈",
      "content": "但丁！这是怎么回事？！你之前还说我们因为预算不够所以吃不起高级牛排呢！"
    },
    {
      "id": 56,
      "model": "파우스트",
      "content": "所以表现出众的队伍能拿到一张不限额的公司黑卡的传言是真的。"
    },
    {
      "id": 57,
      "content": "正当所有人都惊讶于那传言中的黑卡竟然确有其事时……"
    },
    {
      "id": 58,
      "content": "外面传来了很大的声音。"
    },
    {
      "id": 59,
      "model": "촌스러운말투의콩콩파조직원",
      "teller": "粗鲁的豆豆帮成员",
      "title": "豆豆帮",
      "content": "喂，白痴！老子没说过你丫的今天要交钱了吗？"
    },
    {
      "id": 60,
      "content": "一个很明显属于某个凶恶帮派的成员进到了当铺里。"
    },
    {
      "id": 61,
      "model": "전당포주인",
      "teller": "当铺老板",
      "title": "J公司的当铺",
      "content": "请，请再……给我一次机会。我发誓我一定会准备好钱的。"
    },
    {
      "id": 62,
      "model": "촌스러운말투의콩콩파조직원",
      "teller": "粗鲁的豆豆帮成员",
      "title": "豆豆帮",
      "content": "又来？你丫不会数数吗？你丫的上次也是这么说的！老大可不会让我浪费时间带你重读幼儿园，听见了吗？"
    },
    {
      "id": 63,
      "model": "전당포주인",
      "teller": "当铺老板",
      "title": "J公司的当铺",
      "content": "我，我只是个行将就木的羸弱老头，你就算弄死我也得不到什么的……!"
    },
    {
      "id": 64,
      "content": "用做作得有点过头的声音求着情的同时，当铺老板用余光偷偷瞄着我们。"
    },
    {
      "id": 65,
      "model": "촌스러운말투의콩콩파조직원",
      "teller": "粗鲁的豆豆帮成员",
      "title": "豆豆帮",
      "content": "嗯？你懂得回嘴了是吧？好啊，继续啊，生气啊！那样我至少不会有太多罪恶感！"
    },
    {
      "id": 66,
      "content": "从他的表情来看，他正在用某种方式悄悄暗示我们帮忙。"
    },
    {
      "id": 67,
      "content": "罪人们的眼神自然都被吸引到了吵闹的方向。"
    },
    {
      "id": 68,
      "model": "촌스러운말투의콩콩파조직원",
      "teller": "粗鲁的豆豆帮成员",
      "title": "豆豆帮",
      "content": "你丫在看哪呢？你以为我是在这陪你玩呢？！"
    },
    {
      "id": 69,
      "model": "이스마엘",
      "content": "天哪…… 这也太老套了，我都懒得回他。人们骂街的时候不能再有点创意吗？"
    },
    {
      "id": 70,
      "model": "싱클레어",
      "content": "我们…… 是不是该，帮个忙？"
    },
    {
      "id": 71,
      "content": "不同于还在对着那个马仔不断嘲讽的以实玛利，辛克莱投来焦急的目光。"
    },
    {
      "id": 72,
      "model": "소드",
      "teller": "索德",
      "title": "LCCB",
      "content": "我们别无选择，后巷有自己的规矩和法则。我们不是来这干扰这片纷繁复杂的社会结构的。"
    },
    {
      "id": 73,
      "model": "소드",
      "teller": "索德",
      "title": "LCCB",
      "content": "像我们这样的外人插手，只会捅出更大的篓子。"
    },
    {
      "id": 74,
      "content": "那个马仔显然对罪人们没有插手十分满意，于是变本加厉地继续对店铺老板的勒索。"
    },
    {
      "id": 75,
      "model": "촌스러운말투의콩콩파조직원",
      "teller": "粗鲁的豆豆帮成员",
      "title": "豆豆帮",
      "content": "我说，你要是没钱的话，为什么不用那种方式清偿你的借款呢？我们总跟你讲嘛。"
    },
    {
      "id": 76,
      "model": "전당포주인",
      "teller": "当铺老板",
      "title": "J公司的当铺",
      "content": "除了那个什么都行……求求你……"
    },
    {
      "id": 77,
      "model": "단테",
      "content": "<……就这么放任事态发展下去真的没问题吗？>"
    },
    {
      "id": 78,
      "model": "오티스",
      "content": "是否需要我出面来解决掉这场争端，免得打扰您的心情，经理?"
    },
    {
      "id": 79,
      "model": "그레고르",
      "content": "说到底，那个死硬派说的“那种方式”到底是什么意思？"
    },
    {
      "id": 80,
      "model": "파우스트",
      "content": "……一种远比这个街区里流通的金钱更具价值的货币。"
    },
    {
      "id": 81,
      "model": "파우스트",
      "content": "J公司的奇点科技是一种能够保存物体现状的强大安保科技，这是家喻户晓的事实。"
    },
    {
      "id": 82,
      "model": "파우스트",
      "content": "不过，鲜为人知的是，J巢后巷中广泛的文化和历史背景为这项奇点技术提供了创作灵感。"
    },
    {
      "id": 83,
      "model": "히스클리프",
      "content": "历，历史……？你确定要在这种情况下大讲历史……？我加入这家公司的时候可没说有任何义务教育内容啊！"
    },
    {
      "id": 84,
      "content": "浮士德忽略了反对的声音，继续她的解释。"
    },
    {
      "id": 85,
      "model": "파우스트",
      "content": "在这里，存在着一项提取人身上的“愿力”的技术。"
    },
    {
      "id": 86,
      "model": "파우스트",
      "content": "由于并未被视为”奇点技术“成立所需的普适性元素，这项技术在此街区之外鲜为人知。"
    },
    {
      "id": 87,
      "model": "파우스트",
      "content": "笼统的来说，它能将“运势”化为可被交易的商品。就像另一种形式的金钱。"
    },
    {
      "id": 88,
      "model": "파우스트",
      "content": "它促使了一种阻止他人暴力提取”愿力“的技术诞生，亦即我们今日所熟知的奇点技术。"
    },
    {
      "id": 89,
      "model": "에피",
      "teller": "埃菲",
      "title": "LCCB",
      "content": "诶呦，浮士德~ 努力试图用这些傻瓜能理解的方式把他们教明白肯定很费劲吧？"
    },
    {
      "id": 90,
      "model": "파우스트",
      "content": "没关系，这在我的预料之内。"
    },
    {
      "id": 91,
      "model": "히스클리프",
      "content": "我不喜欢你这句话的语气……"
    },
    {
      "id": 92,
      "model": "소드",
      "teller": "索德",
      "title": "LCCB",
      "content": "赶紧吧，拿上伪装要用的东西我们就快走吧。"
    },
    {
      "id": 93,
      "content": "索德朝我们挥舞着那沓写满计划的纸，不断强调我们还有很多事要做。"
    },
    {
      "id": 94,
      "model": "소드",
      "teller": "索德",
      "title": "LCCB",
      "content": "我们是拿钱办事的，不是伸张正义的“英雄”。"
    },
    {
      "id": 95,
      "model": "단테",
      "content": "<等等…… 不要用那个词……!>"
    },
    {
      "id": 96,
      "content": "一股寒意掠过我的脑海，使我开始清点目光所及之处的罪人。"
    },
    {
      "id": 97,
      "model": "단테",
      "content": "<那…… 与某人的信仰…… 相悖……>"
    },
    {
      "id": 98,
      "content": "而且绝对是能让她觉得原则受到严重挑衅的大问题……!"
    },
    {
      "id": 99,
      "model": "이스마엘",
      "content": "……！"
    },
    {
      "id": 100,
      "content": "以实玛利似乎意识到了我的想法，慌忙向四周望去。"
    },
    {
      "id": 101,
      "model": "돈키호테",
      "content": "汝胆敢强夺他人珍重之物？此为极恶之行径！"
    },
    {
      "id": 102,
      "model": "단테",
      "content": "<哦不……！堂吉诃德……！>"
    },
    {
      "id": 103,
      "content": "但为时已晚。"
    },
    {
      "id": 104,
      "content": "堂吉诃德早就冲到那正揪着当铺老板衣领的豆豆帮马仔面前，挥起她手中的骑枪。"
    },
    {
      "id": 105,
      "content": "一记重击！"
    },
    {
      "id": 106,
      "content": "在毫无先兆的情况下，那马仔被她那骑枪的钝侧直击头部。骑枪的钝侧正中那马仔的脑袋。"
    },
    {
      "id": 107,
      "content": "被堂吉诃德的一击打得人仰马翻昏倒在地，他的惨状让所有人整整一分钟都没能移开视线。"
    },
    {
      "id": 108,
      "model": "소드",
      "teller": "索德",
      "title": "LCCB",
      "content": "……"
    },
    {
      "id": 109,
      "model": "파우스트",
      "content": "啊，供您参考，看管罪人们并不是我工作的一部分。应该是这边这位的工作。"
    },
    {
      "id": 110,
      "model": "단테",
      "content": "<别这么看我。控制住她完全在我的能力范围之外。>"
    },
    {
      "id": 111,
      "content": "明知道声音不会被罪人以外的任何人听见，我还是习惯性地为自己辩护。"
    },
    {
      "id": 112,
      "content": "好吧。就算让他们听到我的辩护，他们对我的困惑也减少不了多少。"
    },
    {
      "id": 113,
      "model": "전당포주인",
      "teller": "当铺老板",
      "title": "J公司的当铺",
      "content": "唔哦……！"
    },
    {
      "id": 114,
      "content": "整件事情当中，当铺老板是唯一能开心得起来的人。"
    },
    {
      "id": 115,
      "model": "전당포주인",
      "teller": "当铺老板",
      "title": "J公司的当铺",
      "content": "干得好，女士。正义得到了伸张！不过要我说，你肯定还能把他揍得再惨点，也许吧。"
    },
    {
      "id": 116,
      "model": "돈키호테",
      "content": "维吉里乌斯曾言，“凡当我将向恶徒伸张正义之时，必以不累及无辜为先决条件”，因此我将出手调停此冲突！"
    },
    {
      "id": 117,
      "content": "她骄傲的言论从未显得如此挑衅。"
    },
    {
      "id": 118,
      "model": "단테",
      "content": "<不对哦。你既然把他的话记得这么牢，怎么还冲了上去？>"
    },
    {
      "id": 119,
      "model": "돈키호테",
      "content": "此为吾坚守吾等信条之必要，烦请理解，暴行仅为践行吾之高义！"
    },
    {
      "id": 120,
      "model": "전당포주인",
      "teller": "当铺老板",
      "title": "J公司的当铺",
      "content": "不想打断你们煽情，但是…… 那个马仔没真被打死，对吧？"
    },
    {
      "id": 121,
      "model": "그레고르",
      "content": "我还以为老哥你巴不得他直接被一棒子敲死呢。"
    },
    {
      "id": 122,
      "model": "전당포주인",
      "teller": "当铺老板",
      "title": "J公司的当铺",
      "content": "我确，确实有点…… 但是如果维洛希彼的人出面的话，事情会变得很复杂，你知道的。"
    },
    {
      "id": 123,
      "model": "로쟈",
      "content": "那些维洛希彼的人？他们在这里干嘛…… 不，算了，你担心他们干什么？"
    },
    {
      "id": 124,
      "model": "전당포주인",
      "teller": "当铺老板",
      "title": "J公司的当铺",
      "content": "女士，您的消息不是很灵通啊？他们在这里捅娄子已经一个多月了。"
    },
    {
      "id": 125,
      "model": "돈키호테",
      "content": "他们也是坏人吗？"
    },
    {
      "id": 126,
      "model": "전당포주인",
      "teller": "当铺老板",
      "title": "J公司的当铺",
      "content": "哦，对我们这些谦虚的商人来说确实是坏人。他们喜欢，什么来的，打跑贪婪敛财的商贩，并且把财富分给需要的人。他们常说什么再分配……"
    },
    {
      "id": 127,
      "model": "뫼르소",
      "content": "财富的再分配。"
    },
    {
      "id": 128,
      "model": "전당포주인",
      "teller": "当铺老板",
      "title": "J公司的当铺",
      "content": "啊哈~你说得对。这些恶棍们一直劫掠我们这些可怜人那微不足道的财富。而且他们甚至不自己去干脏活累活，总是让当地的打手出面。你敢相信吗？"
    },
    {
      "id": 129,
      "model": "전당포주인",
      "teller": "当铺老板",
      "title": "J公司的当铺",
      "content": "不管如何，那些自以为是的家伙让我们的生活一直变得很艰难。看看他们吧，先是来这找找东西，然后就立马变本加厉，榨取最后一点钱财……"
    },
    {
      "id": 130,
      "model": "로쟈",
      "content": "……啊！我，我才意识到，我们不应该赶紧走了吗？更多来自豆豆帮的打手们估计早就在来这的路上了。"
    },
    {
      "id": 131,
      "content": "罗佳似乎急着和这个当铺老板划清界限，但我没时间细想这件事。"
    },
    {
      "id": 132,
      "content": "堂吉诃德放倒的那个帮派成员正在畏畏缩缩，似乎很快就要重新站起来。"
    },
    {
      "id": 133,
      "model": "에피",
      "teller": "埃菲",
      "title": "LCCB",
      "content": "唉，麻烦大了…… 你把这烂摊子收拾的越来越大。"
    },
    {
      "id": 134,
      "model": "그레고르",
      "content": "嘿，是叫玛芬和苏打对吗？先别急着挖苦人了。这周围不是还有那么多当铺吗？我们总能找到另外一个——"
    },
    {
      "id": 135,
      "model": "소드",
      "teller": "索德",
      "title": "LCCB",
      "content": "是埃菲和索德。麻烦别把我们的名字跟甜品弄混了。"
    },
    {
      "id": 136,
      "model": "소드",
      "teller": "索德",
      "title": "LCCB",
      "content": "现在你说的附近还有很多当铺没意义了……"
    },
    {
      "id": 137,
      "model": "소드",
      "teller": "索德",
      "title": "LCCB",
      "content": "毕竟那些店铺已经发现了这边的动静，估计早就闻风而动，关门闭店了。"
    },
    {
      "id": 138,
      "model": "단테",
      "content": "<堂吉诃德……！>"
    },
    {
      "id": 139,
      "model": "에피",
      "teller": "埃菲",
      "title": "LCCB",
      "content": "要把每一件小事都解释给这些蠢货听，真是烦透了。我们直接走吧。"
    },
    {
      "id": 140,
      "content": "正当我打算离开时，一个衣着与之前马仔一般无二——粗暴的举止证明他显然也是豆豆帮的一员——冲进了当铺里。"
    },
    {
      "id": 141,
      "model": "세보이고싶었던콩콩파조직원",
      "teller": "捶胸豆豆帮成员",
      "title": "豆豆帮",
      "content": "喂，臭小子，你碰见我们的小——"
    },
    {
      "id": 142,
      "model": "세보이고싶었던콩콩파조직원",
      "teller": "捶胸豆豆帮成员",
      "title": "豆豆帮",
      "content": "呜！这到底是怎么回事？！"
    },
    {
      "id": 143,
      "content": "我们尽可能地装作只是在不合适的时机光临的当铺顾客。"
    },
    {
      "id": 144,
      "content": "但是在这一系列连续的事情之后，那个马仔逐渐恢复了意识……"
    },
    {
      "id": 145,
      "model": "세보이고싶었던콩콩파조직원",
      "teller": "想表现得很强壮的豆豆帮成员",
      "title": "豆豆帮",
      "content": "谁干的？！赶紧告诉我！我绝对要让那个豆丁后悔出生在这个世上！"
    },
    {
      "id": 146,
      "model": "촌스러운말투의콩콩파조직원",
      "teller": "捶胸豆豆帮成员",
      "title": "豆豆帮",
      "content": "喝啊…… 那…… 那边那个……"
    },
    {
      "id": 147,
      "model": "촌스러운말투의콩콩파조직원",
      "teller": "想表现得很强壮的豆豆帮成员",
      "title": "豆豆帮",
      "content": "那个红色的…… 钟婊脸……"
    },
    {
      "id": 148,
      "content": "那根手指指向的方向实在是太明确了，以至于我完全没法蒙混过关。"
    },
    {
      "id": 149,
      "content": "而且，说自己根本不认识什么“钟婊脸”也完全讲不通，因为我很确信这整条街区内除我以外没有任何人符合这一描述。"
    },
    {
      "id": 150,
      "model": "전당포주인",
      "teller": "当铺老板",
      "title": "J公司的当铺",
      "content": "别误会，我跟这些人和这件事一点关系都没有。我只是想拿条毛巾来给这个可怜人的脑袋降降温。"
    },
    {
      "id": 151,
      "model": "히스클리프",
      "content": "这个狡猾的老头……"
    },
    {
      "id": 152,
      "model": "이스마엘",
      "content": "我一开始就没对他抱有任何期待，但是这家伙做人真是挺不直腰杆。"
    },
    {
      "id": 153,
      "content": "当铺老板临阵倒戈，那个还伸着手的马仔诽谤无辜钟表——即使这些小事有点儿伤我的心，我还是决定挺直腰板。"
    },
    {
      "id": 154,
      "model": "세보이고싶었던콩콩파조직원",
      "teller": "捶胸豆豆帮成员",
      "title": "豆豆帮",
      "content": "啊……那边那个豆丁…… 停下，别动。"
    },
    {
      "id": 155,
      "content": "他这么说大概是因为双方都很清楚我们现在得赶紧跑路了。"
    },
    {
      "id": 156,
      "content": "如果再让这些小事缠身，用不了多久我就要被压成浆糊了。"
    },
    {
      "id": 157,
      "model": "료슈",
      "content": "噗。没必要跑。干掉他们，一了百了。"
    },
    {
      "id": 158,
      "model": "에피",
      "teller": "埃菲",
      "title": "LCCB",
      "content": "然后呢？你要接着干掉整个帮派吗？"
    },
    {
      "id": 159,
      "model": "료슈",
      "content": "呵，听起来也不错。"
    },
    {
      "id": 160,
      "model": "돈키호테",
      "content": "邪恶的势力必将被迅速铲除，为了高举正义的旗帜！"
    },
    {
      "id": 161,
      "model": "에피",
      "teller": "埃菲",
      "title": "LCCB",
      "content": "呃，所以说实在的，你们队里其实根本没有正常人对吧？"
    },
    {
      "id": 162,
      "content": "被这样的评价攻击到的以实玛利似乎正在试图出言反驳，但是正在摩拳擦掌的豆豆帮马仔显然更加十万火急。"
    },
    {
      "id": 163,
      "model": "단테",
      "content": "<咱们还是……>"
    },
    {
      "id": 164,
      "model": "단테",
      "content": "<咱们还是先跑吧！>"
    }
  ]
}