{
  "dataList": [
    {
      "id": 0,
      "place": "包间",
      "model": "아이드",
      "teller": "艾达",
      "title": "流浪乐队",
      "content": "现在是最后一轮。你们都看好自己的筹码了吧？"
    },
    {
      "id": 1,
      "model": "로쟈",
      "content": "嗯，我梭哈了。"
    },
    {
      "id": 2,
      "model": "아이드",
      "teller": "艾达",
      "title": "流浪乐队",
      "content": "梭哈？"
    },
    {
      "id": 3,
      "model": "소냐",
      "teller": "索尼亚",
      "title": "圣愚",
      "content": "哦！赌了个大的啊，罗佳？"
    },
    {
      "id": 4,
      "model": "철공회보스",
      "teller": "帮派老大",
      "title": "铁工会",
      "content": "哈哈！这番大阵仗可把我惹恼了。你知道吗？你要把自己逼入绝境了。所以，你到底还有什么可以倚仗？"
    },
    {
      "id": 5,
      "model": "로쟈",
      "content": "我本来就是会在最后赌上全部的那种性格。"
    },
    {
      "id": 6,
      "model": "로쟈",
      "content": "……"
    },
    {
      "id": 7,
      "model": "철공회보스",
      "teller": "帮派老大",
      "title": "铁工会",
      "content": "停下来，卷起袖子。不要让我觉得你在出老千。"
    },
    {
      "id": 8,
      "model": "로쟈",
      "content": "哈？"
    },
    {
      "id": 9,
      "model": "철공회보스",
      "teller": "帮派老大",
      "title": "铁工会",
      "content": "你刚在手臂上粘上了从豆豆帮那里拿到的愿力贴纸。"
    },
    {
      "id": 10,
      "model": "철공회보스",
      "teller": "帮派老大",
      "title": "铁工会",
      "content": "为了得到金枝，你在本轮投入了所有的筹码。"
    },
    {
      "id": 11,
      "model": "철공회보스",
      "teller": "帮派老大",
      "title": "铁工会",
      "content": "全体目光向我看齐！她手心下面的东西一定是愿力贴纸，对吧？"
    },
    {
      "id": 12,
      "model": "로쟈",
      "content": "……有证据吗?"
    },
    {
      "id": 13,
      "model": "소냐",
      "teller": "索尼亚",
      "title": "圣愚",
      "content": "不好意思，罗佳，但我可以仔细检查一下你的手腕吗？"
    },
    {
      "id": 14,
      "model": "로쟈",
      "content": "……"
    },
    {
      "id": 15,
      "model": "철공회보스",
      "teller": "帮派老大",
      "title": "铁工会",
      "content": "你不行！别动她。据我所知，你们可能是一伙的。"
    },
    {
      "id": 16,
      "model": "철공회보스",
      "teller": "帮派老大",
      "title": "铁工会",
      "content": "现在，我要给你们看看她的胳膊，所以把眼睛擦亮，好吧？我就知道这狡猾的小狐狸会玩花招。"
    },
    {
      "id": 17,
      "model": "아이드",
      "teller": "艾达",
      "title": "流浪乐队",
      "content": "等等……这个局面……这个对话……出奇地熟悉。我是不是在哪里经历过？"
    },
    {
      "id": 18,
      "model": "로쟈",
      "content": "大块头，小心眼。你真的有必要这么吹毛求疵吗？"
    },
    {
      "id": 19,
      "model": "철공회보스",
      "teller": "帮派老大",
      "title": "铁工会",
      "content": "他们没有告诉你，偷窃愿力会有严重后果吗？"
    },
    {
      "id": 20,
      "model": "로쟈",
      "content": "……你电影看多了吧。什么叫偷的？"
    },
    {
      "id": 21,
      "model": "로쟈",
      "content": "如果你什么都没找到，你会弃牌出局吗?"
    },
    {
      "id": 22,
      "model": "철공회보스",
      "teller": "帮派老大",
      "title": "铁工会",
      "content": "哈，嘴还挺硬。好，我放上全部赌注，赌你的手腕上有愿力贴纸。你还有什么要说的？"
    },
    {
      "id": 23,
      "model": "로쟈",
      "content": "与你一样。所以，我们中的一个将要出局。你怕了吗？"
    },
    {
      "id": 24,
      "model": "철공회보스",
      "teller": "帮派老大",
      "title": "铁工会",
      "content": "噗哈哈哈！真是可爱，你从哪听到的这句话？不管怎样，你已经决定要赌了，对吧？"
    },
    {
      "id": 25,
      "model": "아이드",
      "teller": "艾达",
      "title": "流浪乐队",
      "content": "哦天哪……这和我印象中的一摸一样……我十分确定结果是……"
    },
    {
      "id": 26,
      "model": "철공회보스",
      "teller": "帮派老大",
      "title": "铁工会",
      "content": "好了，现在答案揭晓~"
    },
    {
      "id": 27,
      "model": "철공회보스",
      "teller": "帮派老大",
      "title": "铁工会",
      "content": "……"
    },
    {
      "id": 28,
      "model": "철공회보스",
      "teller": "帮派老大",
      "title": "铁工会",
      "content": "啊？发生什么事了？"
    },
    {
      "id": 29,
      "model": "철공회보스",
      "teller": "帮派老大",
      "title": "铁工会",
      "content": "我看到了，我明明看到这小狐狸在手腕上动手脚了！不——不可能……"
    },
    {
      "id": 30,
      "model": "소냐",
      "teller": "索尼亚",
      "title": "圣愚",
      "content": "你出局了，真是可惜。"
    },
    {
      "id": 31,
      "model": "로쟈",
      "content": "那失败者要受到什么惩罚呢？切掉一只手，或者？"
    },
    {
      "id": 32,
      "model": "소냐",
      "teller": "索尼亚",
      "title": "圣愚",
      "content": "你在开玩笑对吧罗佳？砍掉一只义肢有何意义？"
    },
    {
      "id": 33,
      "model": "철공회보스",
      "teller": "帮派老大",
      "title": "铁工会",
      "content": "不，这……这不可能……"
    },
    {
      "id": 34,
      "model": "소냐",
      "teller": "索尼亚",
      "title": "圣愚",
      "content": "虽然失败者一向得以宽容相待，但是对于虚假的指控，我们会更加慎重。"
    },
    {
      "id": 35,
      "model": "아이드",
      "teller": "艾达",
      "title": "流浪乐队",
      "content": "等下，你是……？"
    },
    {
      "id": -1,
      "content": "여기 캠셰이크 타이밍이 안맞는데 더 좋은 방법이 있을까요.."
    },
    {
      "id": 36,
      "model": "로쟈",
      "content": "……"
    },
    {
      "id": 37,
      "model": "로쟈",
      "content": "呕……这里面是……！"
    },
    {
      "id": 38,
      "model": "아이드",
      "teller": "艾达",
      "title": "流浪乐队",
      "content": "看在世界之翼的份上，能不能给个预警——哪怕只有一丢丢也行啊！"
    },
    {
      "id": 39,
      "model": "아이드",
      "teller": "艾达",
      "title": "流浪乐队",
      "content": "呕……看看这油脂和脑脊液……呕"
    },
    {
      "id": 40,
      "model": "소냐",
      "teller": "索尼亚",
      "title": "圣愚",
      "content": "记得吗，罗佳？这是我们之前在后巷的垃圾处理点看到的垃圾压缩机。"
    },
    {
      "id": 41,
      "model": "로쟈",
      "content": "……"
    },
    {
      "id": 42,
      "model": "소냐",
      "teller": "索尼亚",
      "title": "圣愚",
      "content": "我当时跟你说，"
    },
    {
      "id": 43,
      "model": "소냐",
      "teller": "索尼亚",
      "title": "圣愚",
      "content": "我们无产阶级要联合起来，推翻现存的统治阶级，建立新的社会秩序。"
    },
    {
      "id": 44,
      "model": "소냐",
      "teller": "索尼亚",
      "title": "圣愚",
      "content": "当时你的回答是："
    },
    {
      "id": 45,
      "model": "소냐",
      "teller": "索尼亚",
      "title": "圣愚",
      "content": "“如果你指的是我们要用这样的压缩机把富人压扁，那我将全心投入。”"
    },
    {
      "id": 46,
      "model": "로쟈",
      "content": "……小小的勘误：我说的是“压扁并炸烂他们”。"
    },
    {
      "id": 47,
      "model": "소냐",
      "teller": "索尼亚",
      "title": "圣愚",
      "content": "……是这样的。"
    },
    {
      "id": 48,
      "model": "소냐",
      "teller": "索尼亚",
      "title": "圣愚",
      "content": "罗佳，你是还不愿意回到圣愚吗？"
    },
    {
      "id": 49,
      "model": "로쟈",
      "content": "我……"
    },
    {
      "id": 50,
      "model": "그레고르",
      "content": "你们刚才……没有听到一声巨响吗？"
    },
    {
      "id": 51,
      "model": "소드",
      "teller": "索德",
      "title": "LCCB",
      "content": "毫无疑问。在关于愿力之类的争吵过后。"
    },
    {
      "id": 52,
      "model": "히스클리프",
      "content": "什么？他们发现了吗？喂，别愣着了，赶紧倒转时钟。"
    },
    {
      "id": 53,
      "model": "이스마엘",
      "content": "天啊，别挤了……啊！"
    },
    {
      "id": 54,
      "model": "싱클레어",
      "content": "啊……？"
    },
    {
      "id": 55,
      "content": "不幸的是，我们倚靠的门，是由米纸包裹着易损的木制框架制成的。"
    },
    {
      "id": 56,
      "content": "随着门的垮塌，我们都跌进了房间。"
    }
  ]
}