{
  "dataList": [
    {
      "id": 0,
      "place": "梅菲斯托费勒斯 内部",
      "content": "在我们解决了辛克莱的情况之后……"
    },
    {
      "id": 1,
      "model": "그레고르",
      "content": "顺便问一句，你说的K巢，就是指11区后巷吧？"
    },
    {
      "id": 2,
      "model": "그레고르",
      "content": "大家都有点亢奋所以我忘了早点说……"
    },
    {
      "id": 3,
      "model": "베르길리우스",
      "content": "我不会说错，如果我曾经说过这个的话。"
    },
    {
      "id": 4,
      "model": "베르길리우스",
      "content": "我知道我在说什么，格里高尔。K巢就是我们要去的地方。"
    },
    {
      "id": 5,
      "model": "그레고르",
      "content": "啊，那好吧，但是如果我们要进巢里……"
    },
    {
      "id": 6,
      "model": "베르길리우스",
      "content": "实际上，有移民入境检查程序。"
    },
    {
      "id": 7,
      "model": "로쟈",
      "content": "我没有K公司的签证。你别告诉我其他人都有，吧？"
    },
    {
      "id": 8,
      "model": "히스클리프",
      "content": "啥。为啥都看着我？"
    },
    {
      "id": 9,
      "model": "료슈",
      "content": "解决方法很简单。闭·突。"
    },
    {
      "id": 10,
      "model": "료슈",
      "content": "然后继续持·入，直到我们突破防线。"
    },
    {
      "id": 11,
      "model": "료슈",
      "content": "总之，闭·突·持·入。呵呵呵……"
    },
    {
      "id": 12,
      "content": "不论良秀这些古怪的缩写究竟是什么意思，罪人们已经学会了不去追究。"
    },
    {
      "id": 13,
      "model": "이스마엘",
      "content": "我们这种大公司应该能无需签证也能通行。"
    },
    {
      "id": 14,
      "model": "이스마엘",
      "content": "且不论亲爱的良秀提出的暴力闯入方案很费时。你这么说是有多低估一个被翼积极统治和管理的巢？"
    },
    {
      "id": 15,
      "model": "단테",
      "content": "<好吧，看来没人关心我要为CIDER遭受什么，对吧？>"
    },
    {
      "id": 16,
      "content": "悲伤的是，罪人们没有一个打算费心回答我。"
    },
    {
      "id": 17,
      "model": "베르길리우스",
      "content": "正如以实玛利所说，我们通过入境检查不需要签证。"
    },
    {
      "id": 18,
      "model": "베르길리우스",
      "content": "边狱公司背后有各领域的股东作为支持者。"
    },
    {
      "id": 19,
      "model": "홍루",
      "content": "哦，或许你也正好知道H公司的股东？"
    },
    {
      "id": 20,
      "model": "홍루",
      "content": "我弟弟小时候固执地说非红色护照不可，所以他们亲自来过我家。"
    },
    {
      "id": 21,
      "model": "베르길리우스",
      "content": "说不上，我仅仅只是个低微的向导，没资格知道这些。"
    },
    {
      "id": 22,
      "model": "베르길리우스",
      "content": "另外，这个问题似乎并没有回答的价值。"
    },
    {
      "id": 23,
      "model": "홍루",
      "content": "好严厉……"
    },
    {
      "id": 24,
      "model": "베르길리우스",
      "content": "正如我们担心的一样，途中有哨卡。"
    },
    {
      "id": 25,
      "model": "베르길리우스",
      "content": "全面检查意味着会有很多人想方设法地混进去，包括那些暴力闯卡的。"
    },
    {
      "id": 26,
      "model": "뫼르소",
      "content": "……我听到有几个不速之客包围了巴士。"
    },
    {
      "id": 27,
      "model": "단테",
      "content": "<行吧……下车——打架。>"
    }
  ]
}