{
  "dataList": [
    {
      "id": 0,
      "place": "梅菲斯托费勒斯 内部",
      "content": "这辆巴士并不像通常的巴士那样热闹。"
    },
    {
      "id": 1,
      "content": "我能听到罗佳偶尔的打趣声，或者是希斯克利夫开始跟什么人——也许是堂吉诃德或者辛克莱——进行无意义的争吵。"
    },
    {
      "id": 2,
      "content": "此外，良秀正在寻找新的热源来点燃她的香烟，因为她打火机的燃料已经用完了。"
    },
    {
      "id": 3,
      "content": "在这样的混乱和牢骚声中，格里高尔几乎是我唯一一个能寄希望于改变这样的氛围的罪人……"
    },
    {
      "id": 4,
      "model": "그레고르",
      "content": "……"
    },
    {
      "id": 5,
      "content": "但现在，他是最安静的人之一。"
    },
    {
      "id": 6,
      "content": "他只是凝望着窗外，似乎已经陷入沉思。"
    },
    {
      "id": 7,
      "model": "베르길리우스",
      "content": "……"
    },
    {
      "id": 8,
      "content": "不过有一件事是我能确定的。"
    },
    {
      "id": 9,
      "content": "如果有人应该为巴士上的气氛变得如此糟糕负责，那只能是维吉里乌斯。"
    },
    {
      "id": 10,
      "content": "通向金枝的路是艰难的……"
    },
    {
      "id": 11,
      "content": "这条路数次将我们置于死亡的边缘（实际上有几次已经死了），更别提我们差点失业的那几次了。"
    },
    {
      "id": 12,
      "content": "然而，维吉里乌斯并不愿意从我们的角度看待这一切。"
    },
    {
      "id": 13,
      "content": "在这样的情况下，我们的罪人对此明显感到不满，是很正常的。"
    },
    {
      "id": 14,
      "content": "以实玛利厌倦了这样的沉默，她开口了。"
    },
    {
      "id": 15,
      "model": "이스마엘",
      "content": "至少，你应该告诉我我们的下一个目的地是哪里吧？"
    },
    {
      "id": 16,
      "model": "베르길리우스",
      "content": "哦，不好意思。"
    },
    {
      "id": 17,
      "model": "베르길리우스",
      "content": "我在想，向你们这些家伙说明任务是否真的值得。"
    },
    {
      "id": 18,
      "model": "로쟈",
      "content": "哎呀，你说话这么冷漠，会让我很受伤的。难道你不知道，那些没有表现好的孩子们需要更多的关爱吗？"
    },
    {
      "id": 19,
      "model": "베르길리우스",
      "content": "算我求你。别恶心我。"
    },
    {
      "id": 20,
      "model": "베르길리우스",
      "content": "我可不想让自己看起来像是带着一群小学生出门野餐的老师。"
    },
    {
      "id": 21,
      "model": "베르길리우스",
      "content": "对你我是特别寄予厚望的，罗佳。你也许能成为这次旅途的好向导。"
    },
    {
      "id": 22,
      "model": "로쟈",
      "content": "嗯？我知道我很厉害啦，但我不觉得我能为某个我完全不知道的地方作向导……"
    },
    {
      "id": 23,
      "model": "베르길리우스",
      "content": "别担心。我们正在前往一个你相当熟悉的地方。"
    },
    {
      "id": 24,
      "model": "베르길리우스",
      "content": "一个以享乐主义为宗旨的巢，一个能让你纸醉金迷或者让你失去一切的地方："
    },
    {
      "id": 25,
      "model": "베르길리우스",
      "content": "J公司的巢。"
    },
    {
      "id": 26,
      "model": "로쟈",
      "content": "……"
    },
    {
      "id": 27,
      "content": "好极了。这下连罗佳都不说话了。"
    },
    {
      "id": 28,
      "model": "히스클리프",
      "content": "好吧。我想我们在那里大赢一场应该不算太坏。"
    },
    {
      "id": 29,
      "model": "히스클리프",
      "content": "喔，我们到了之后拜托来个人叫醒我。"
    },
    {
      "id": 30,
      "model": "베르길리우스",
      "content": "……说来也巧，亲爱的乘客。这趟巴士可没法带你直接抵达支部大楼。"
    },
    {
      "id": 31,
      "model": "베르길리우스",
      "content": "卡戎，找个车位。"
    },
    {
      "id": 32,
      "model": "카론",
      "content": "……"
    },
    {
      "id": 33,
      "model": "베르길리우스",
      "content": "……?卡戎？"
    },
    {
      "id": 34,
      "model": "카론",
      "content": "什么叫“找个车位”？"
    },
    {
      "id": 35,
      "model": "베르길리우스",
      "content": "就是让你停车的意思。"
    },
    {
      "id": 36,
      "model": "카론",
      "content": "停车是红色的。卡戎觉得红色尝起来味道很坏！"
    },
    {
      "id": 37,
      "content": "卡戎怒气冲冲，毫无预兆地踩死了刹车，大部分的罪人的脸狠狠撞上了前面的座椅，另外的罪人则被甩飞了出去。"
    },
    {
      "id": 38,
      "content": "当然，我对惯性无能为力。"
    },
    {
      "id": 39,
      "content": "爆发出一阵嘈杂的抱怨与怒骂声。"
    },
    {
      "id": 40,
      "content": "虽然我没能完全听清罪人们混乱的喊叫声……"
    },
    {
      "id": 41,
      "content": "但我敢打赌里面至少有一半是脏话，所以没听清或许更好。"
    },
    {
      "id": 42,
      "model": "베르길리우스",
      "content": "很高兴看到你们这么精神。现在下车。"
    },
    {
      "id": 43,
      "model": "홍루",
      "content": "嗯……目的地看起来还很远……啊！你会帮我们叫一辆出租车吗？"
    },
    {
      "id": 44,
      "model": "베르길리우스",
      "content": "……正如浮士德女士将要详细解释的那样，但丁。这次的任务和我们上次执行的任务截然不同。"
    },
    {
      "id": 45,
      "model": "베르길리우스",
      "content": "这是因为，这次的金枝位于……"
    },
    {
      "id": 46,
      "model": "베르길리우스",
      "content": "一座赌场的地下。"
    },
    {
      "id": 47,
      "model": "오티스",
      "content": "你的意思是，金枝在街中心那些灯火通明的建筑里？"
    },
    {
      "id": 48,
      "model": "베르길리우스",
      "content": "没错。就在其中之一。"
    },
    {
      "id": 49,
      "model": "이스마엘",
      "content": "我们上次潜入的脑叶公司支部是一个废弃了很久的建筑。"
    },
    {
      "id": 50,
      "model": "싱클레어",
      "content": "所以你的意思是……上次那种是例外？"
    },
    {
      "id": 51,
      "model": "베르길리우스",
      "content": "看到了吗？就是这样的时刻常常提醒着我，我们的队伍里完全不缺聪明人……这就更让我想不明白，你们到底是怎么把上个任务搞得那么失败的了。"
    },
    {
      "id": 52,
      "model": "이스마엘",
      "content": "……"
    },
    {
      "id": 53,
      "model": "베르길리우스",
      "content": "金枝是一种强大的能源，蕴含着数种杰出技术的精髓。"
    },
    {
      "id": 54,
      "model": "베르길리우스",
      "content": "这样的能源会吸引财富和人们流向这里，不需要多久，一整个文明就能在其上诞生。"
    },
    {
      "id": 55,
      "model": "파우스트",
      "content": "也就是说，我们未来的目标很有可能也已经被其他组织和他们的设施所占据。"
    },
    {
      "id": 56,
      "model": "파우스트",
      "content": "换言之，在这家赌场之外，我们也该做好造访各种地方的心理准备。"
    },
    {
      "id": 57,
      "model": "베르길리우스",
      "content": "这也说明你们的第一个任务其实是相当简单的一个，不过你们还是不知道怎么的就从诸多成功的机会中准确把握住了失败。"
    },
    {
      "id": 58,
      "model": "단테",
      "content": "<……他向来会对这种事情记恨这么久吗？>"
    },
    {
      "id": 59,
      "model": "그레고르",
      "content": "……嗯哼"
    },
    {
      "id": 60,
      "model": "로쟈",
      "content": "别问我哦~我们认识他的时间可不比你长。"
    },
    {
      "id": 61,
      "model": "로쟈",
      "content": "他那时怎么说的来着？像是，“欢迎来边狱公司。我是你们的向导，维吉里乌斯”之类的……"
    },
    {
      "id": 62,
      "model": "로쟈",
      "content": "哈！相当不错的第一印象，不是吗？"
    },
    {
      "id": 63,
      "model": "그레고르",
      "content": "我承认你把他的那种专断的语气展现的淋漓尽致。我必须克制住自己去问我能否在加入之后立刻辞职。"
    },
    {
      "id": 64,
      "model": "단테",
      "content": "<我有和你们一样的感觉。>"
    },
    {
      "id": 65,
      "model": "돈키호테",
      "content": "胡说！今天可是值得载入史册的一天！被猩红视线本人亲自指挥！说真的，没有什么东西更值得自豪了，相比于与一个色彩级收尾人亲自—"
    },
    {
      "id": 66,
      "model": "그레고르",
      "content": "哈，我想他说到底还是有个粉丝的。"
    },
    {
      "id": 67,
      "model": "로쟈",
      "content": "嗯哼哼，说的没错。"
    },
    {
      "id": 68,
      "content": "随着他们心情的好转，罗佳和格里高尔轻笑了起来。"
    },
    {
      "id": 69,
      "model": "베르길리우스",
      "content": "说的够多了。我真的不希望有什么事情促使我为这趟巴士之旅定下第三条规则。"
    },
    {
      "id": 70,
      "model": "로쟈",
      "content": "拜托，你也得给员工们一些说老板坏话的空间嘛。你可太小心眼了。"
    },
    {
      "id": 71,
      "model": "베르길리우스",
      "content": "下一次，请在我听不见的地方抱怨。"
    },
    {
      "id": 72,
      "model": "베르길리우스",
      "content": "你看，我可是比看上去要脆弱的多。"
    },
    {
      "id": 73,
      "model": "베르길리우스",
      "content": "好，该动身干活了。希望这次你们能带着金枝回来。"
    },
    {
      "id": 74,
      "model": "히스클리프",
      "content": "如果我们这次又搞砸了会怎么样？"
    },
    {
      "id": 75,
      "model": "베르길리우스",
      "content": "谁知道呢？也许卡戎会突然忘记到底是哪个按钮能给你们开门。"
    },
    {
      "id": 76,
      "model": "카론",
      "content": "按钮，红色的那个。恶心的颜色。"
    },
    {
      "id": 77,
      "model": "히스클리프",
      "content": "……你这傻得可笑的小家伙……"
    },
    {
      "id": 78,
      "model": "료슈",
      "content": "愚废旅现走。"
    },
    {
      "id": 79,
      "model": "히스클리프",
      "content": "什么意思？"
    },
    {
      "id": 80,
      "model": "료슈",
      "content": "愚蠢的废物旅客现在就该走人”的简称。"
    },
    {
      "id": 81,
      "content": "希斯克利夫对良秀怒目而视，脏话涌上了他的喉咙，不过最后只化作一声沉重的叹息。"
    },
    {
      "id": 82,
      "content": "他一反常态地接受了。仿佛他已经意识到，杀了良秀也没法解决任何问题。"
    }
  ]
}