{
  "dataList": [
    {
      "id": 0,
      "place": "赌场 2F",
      "model": "이스마엘",
      "content": "荒谬的是，如果我们想尽快离开这层……"
    },
    {
      "id": 1,
      "model": "이스마엘",
      "content": "就需要表演打动人心的、充满力量的舞蹈。"
    },
    {
      "id": 2,
      "model": "단테",
      "content": "<你们知道的，我的记忆很模糊，所以……跳舞，这个……我不熟悉。>"
    },
    {
      "id": 3,
      "content": "这种时候，失忆症就是一个置身事外的方便理由。"
    },
    {
      "id": 4,
      "content": "当然，我没有真的忘掉什么是跳舞，但现在没必要这么诚实，不是吗？"
    },
    {
      "id": 5,
      "model": "단테",
      "content": "<话说，鸿璐，你以前上过舞蹈课或者什么的吗？>"
    },
    {
      "id": 6,
      "model": "홍루",
      "content": "我学过一点变脸，尽管只有三个老师教我。如果要表演这个，我需要一些面具、扇子、妆造，还有……"
    },
    {
      "id": 7,
      "model": "단테",
      "content": "<……这里没有。下一个。>"
    },
    {
      "id": 8,
      "model": "히스클리프",
      "content": "哦，我曾在舞会上踩了那些势利的贵族好几脚。"
    },
    {
      "id": 9,
      "model": "이상",
      "content": "我的内在表达着恐惧。"
    },
    {
      "id": 10,
      "model": "이스마엘",
      "content": "……我？我大半生都在船上。"
    },
    {
      "id": 11,
      "model": "돈키호테",
      "content": "跳舞是我——唔！别捂我的嘴！"
    },
    {
      "id": 12,
      "model": "료슈",
      "content": "时隔很久了，来段剑舞也不错。我会让它全部炸开。"
    },
    {
      "id": 13,
      "model": "오티스",
      "content": "尽管我除了早操以外从来没有合上过节拍，但如果经理要求，我会立刻照办……"
    },
    {
      "id": 14,
      "model": "로쟈",
      "content": "但，但丁……虽然我对大部分事情都很自信~但要跳舞就有点……害羞……啊哈哈！"
    },
    {
      "id": 15,
      "model": "그레고르",
      "content": "我不介意，但是我的胳膊可能在刺激下失控狂暴然后收掉观众的脑袋。"
    },
    {
      "id": 16,
      "model": "뫼르소",
      "content": "……"
    },
    {
      "id": 17,
      "model": "파우스트",
      "content": "浮士德不太喜欢跳舞，但为了任务我可以表演一下。"
    },
    {
      "id": 18,
      "model": "파우스트",
      "content": "然而，完美的技术不是他们想要的。恰恰相反，他们在寻求的是一种更灵活更原始的……"
    },
    {
      "id": 19,
      "model": "로쟈",
      "content": "辛克莱！"
    },
    {
      "id": 20,
      "model": "싱클레어",
      "content": "欸？"
    },
    {
      "id": 21,
      "model": "로쟈",
      "content": "你小时候应该有碰过舞蹈吧？"
    },
    {
      "id": 22,
      "model": "싱클레어",
      "content": "碰，碰过？虽然……我是在学校的礼仪课上学过沙槌基础……"
    },
    {
      "id": 23,
      "model": "단테",
      "content": "<他也来自有钱人家？你怎么看出来的，罗佳？>"
    },
    {
      "id": 24,
      "model": "로쟈",
      "content": "从言谈举止看出来的。"
    },
    {
      "id": 25,
      "model": "로쟈",
      "content": "另一方面，没教养的……噗……也看得出来，你懂吧？"
    },
    {
      "id": 26,
      "content": "罗佳看着希斯克利夫小声笑了，然后溜到辛克莱背后环着他的肩膀。"
    },
    {
      "id": 27,
      "model": "로쟈",
      "content": "那现在~我的小辛克莱，我有个非常、非——常重要的任务给你。"
    },
    {
      "id": 28,
      "model": "싱클레어",
      "content": "啊？啊啊啊？罗佳？你要带我去……"
    },
    {
      "id": 29,
      "content": "几分钟后，辛克莱庄严登场。"
    },
    {
      "id": 30,
      "model": "단테",
      "content": "<辛克莱……你做得到。>"
    },
    {
      "id": 31,
      "model": "이스마엘",
      "content": "是啊，想想每次希斯克利夫折腾你的时候……"
    },
    {
      "id": 32,
      "model": "싱클레어",
      "content": "我……我……"
    },
    {
      "id": 33,
      "content": "辛克莱转向罗佳，看起来依然很紧张。"
    },
    {
      "id": 34,
      "model": "싱클레어",
      "content": "我真的……能做到吗？"
    },
    {
      "id": 35,
      "model": "로쟈",
      "content": "问错了，辛克莱。"
    },
    {
      "id": 36,
      "model": "로쟈",
      "content": "这是只有你能做到的事。"
    },
    {
      "id": 37,
      "content": "辛克莱一脸悲壮地点头。"
    },
    {
      "id": 38,
      "model": "흥겨운마리아치조직원",
      "teller": "欢快的流浪乐队成员",
      "title": "流浪乐队",
      "content": "这手腕的摇摆……这陶醉的表情……这恰当的节奏……完美！"
    },
    {
      "id": 39,
      "model": "경쾌한마리아치조직원",
      "teller": "活泼的流浪乐队成员",
      "title": "流浪乐队",
      "content": "如此冷静……这份冷静搅动了我的心绪……这年轻人——他传达了内心的某种东西……"
    },
    {
      "id": 40,
      "model": "경쾌한마리아치조직원",
      "teller": "活泼的流浪乐队成员",
      "title": "流浪乐队",
      "content": "多么令人惊叹……"
    },
    {
      "id": 41,
      "model": "경쾌한마리아치조직원",
      "teller": "活泼的流浪乐队成员",
      "title": "流浪乐队",
      "content": "他在用肢体动作反抗压抑的黑暗和内心的混乱……！"
    },
    {
      "id": 42,
      "model": "경쾌한마리아치조직원",
      "teller": "活泼的流浪乐队成员",
      "title": "流浪乐队",
      "content": "哦……在余烬中残留下的火种……被这火种点燃的节奏……配合那节奏表现的动作……这动作简直是，彻夜不熄的巨大篝火！在那之中飞散的尘土正如翩翩起舞般举行着黎明舞会！"
    },
    {
      "id": 43,
      "model": "단테",
      "content": "<那是什么？>"
    },
    {
      "id": 44,
      "model": "흥겨운마리아치조직원",
      "teller": "欢快的流浪乐队成员",
      "title": "流浪乐队",
      "content": "年轻人，考虑加入我们吗？你有很大的发展潜力。"
    },
    {
      "id": 45,
      "model": "소드",
      "teller": "索德",
      "title": "LCCB",
      "content": "这孩子属于我们的公司。你应该知道，未经允许就从现役职员里挖走重要人才，可是严重的犯罪。"
    },
    {
      "id": 46,
      "content": "几个小时前，辛克莱还只是我们队伍里呆瓜中的一个，但现在他已经晋升为重要人才了。"
    },
    {
      "id": 47,
      "model": "흥겨운마리아치조직원",
      "teller": "欢快的流浪乐队成员",
      "title": "流浪乐队",
      "content": "绝妙的表演。你想去顶楼，是吗？"
    },
    {
      "id": 48,
      "model": "경쾌한마리아치조직원",
      "teller": "活泼的流浪乐队成员",
      "title": "流浪乐队",
      "content": "你可以通过了。你赢得了这个权利。"
    },
    {
      "id": 49,
      "model": "흥겨운마리아치조직원",
      "teller": "欢快的流浪乐队成员",
      "title": "流浪乐队",
      "content": "不过提醒一下，上面的家伙可不讲道理。他们手下没有欢乐这个概念。"
    },
    {
      "id": 50,
      "content": "辛克莱精神焕发地回来了。"
    },
    {
      "id": 51,
      "model": "싱클레어",
      "content": "这是我的真情流露……就是这样。"
    },
    {
      "id": 52,
      "model": "싱클레어",
      "content": "之前我觉得这很艰难，想想看真是吃惊。现在我感觉好多了。"
    },
    {
      "id": 53,
      "content": "我很好奇，他通过舞蹈向帮派展现出的、打动对方的挣扎与纠结，究竟从何而来。"
    },
    {
      "id": 54,
      "content": "以及他那样一位理应过着美好生活的小少爷，曾经经受过怎样的艰难困苦……"
    },
    {
      "id": 55,
      "content": "但这些问题的答案以后自然会慢慢揭晓，现在，我们该上三楼了。"
    }
  ]
}