{
  "dataList": [
    {
      "id": 0,
      "place": "赌场 1F",
      "model": "료슈",
      "content": "快急死我了，真是没眼看啊。"
    },
    {
      "id": 1,
      "model": "료슈",
      "content": "这种小杂鱼要对付到什么时候？"
    },
    {
      "id": 2,
      "model": "이스마엘",
      "content": "通常来说，除了说这句话的人，没有其他人能给出明确的答案吧。"
    },
    {
      "id": 3,
      "content": "听到以实玛利的话，良秀摇了摇头，摆出一副“看好了”的表情。"
    },
    {
      "id": 4,
      "model": "료슈",
      "content": "这就是艺术啊……"
    },
    {
      "id": 5,
      "model": "료슈",
      "content": "你，把那刀给我。"
    },
    {
      "id": 6,
      "model": "이상",
      "content": "看来你没有把刀还回来的意思。"
    },
    {
      "id": 7,
      "model": "이상",
      "content": "器已离身，别无他念，此情意犹。"
    },
    {
      "id": 8,
      "model": "료슈",
      "content": "谢了。"
    },
    {
      "id": 9,
      "content": "良秀接过李箱的短刀扔向空中。"
    },
    {
      "id": 10,
      "content": "短刀精准地贯穿了吊灯的固定点，使得它摇摇欲坠。"
    },
    {
      "id": 11,
      "content": "是啊……尽管良秀成了罪人，力量被削弱了一些……"
    },
    {
      "id": 12,
      "content": "但仍能斩铁断金，是用刀之人的巅峰。"
    },
    {
      "id": 13,
      "content": "相较于我的话语，她甚至更重视一块嚼过的口香糖，当然这并不重要。"
    },
    {
      "id": 14,
      "content": "所有人的视线都转向那摇摇欲坠的吊灯……"
    },
    {
      "id": 15,
      "content": "致使那害羞不已的吊灯……"
    },
    {
      "id": 16,
      "model": "이상",
      "content": "恍惚之间，已然掉落。"
    },
    {
      "id": 17,
      "model": "각잡힌카지노경호원",
      "teller": "穿戴整齐的赌场警卫",
      "title": "J公司赌场",
      "content": "嗯？"
    },
    {
      "id": 18,
      "model": "카지노경호원대장",
      "teller": "穿戴整齐的赌场警卫",
      "title": "J公司赌场",
      "content": "喂……快避开！"
    },
    {
      "id": 19,
      "content": "劈里哐啷！"
    },
    {
      "id": 20,
      "place": "混乱的赌场 1F",
      "content": "伴随着巨大的噪声，吊灯砸向地面。"
    },
    {
      "id": 21,
      "content": "……"
    },
    {
      "id": 22,
      "content": "对，只是砸了一下。"
    },
    {
      "id": 23,
      "content": "什么都没有发生。"
    },
    {
      "id": 24,
      "content": "我们和敌人都停下，呆望着战场正中央的吊灯。"
    },
    {
      "id": 25,
      "model": "단테",
      "content": "<那个，良秀？你在干什么？>"
    },
    {
      "id": 26,
      "model": "료슈",
      "content": "是表演……"
    },
    {
      "id": 27,
      "model": "그레고르",
      "content": "你刚才是这么做的吧？"
    },
    {
      "id": 28,
      "model": "싱클레어",
      "content": "即便如此，大家都没事真是太好了！"
    },
    {
      "id": 29,
      "model": "이스마엘",
      "content": "不知道接下来能否平安无事就是了……"
    }
  ]
}