{
  "dataList": [
    {
      "id": 0,
      "place": "梅菲斯托费勒斯 内部",
      "model": "카론",
      "content": "道路清理干净了。但是维吉，梅菲可以直接碾过他们。"
    },
    {
      "id": 1,
      "model": "단테",
      "content": "<……什么？>"
    },
    {
      "id": 2,
      "model": "단테",
      "content": "<那我刚才是在做什么？>"
    },
    {
      "id": 3,
      "content": "察觉到我的骚动，维吉里乌斯走进来。"
    },
    {
      "id": 4,
      "model": "베르길리우스",
      "content": "请你冷静，但丁。"
    },
    {
      "id": 5,
      "model": "베르길리우스",
      "content": "要求一个蹒跚学步的孩子在迈出第一步后就跑并不现实。"
    },
    {
      "id": 6,
      "model": "베르길리우스",
      "content": "在你被迫跑之前，你应该抓住每个机会学习如何走路并尝试奔跑。"
    },
    {
      "id": 7,
      "model": "베르길리우스",
      "content": "此外……但丁。"
    },
    {
      "id": 8,
      "model": "베르길리우스",
      "content": "您是经理……对他们的“管理”即是你的业务。"
    },
    {
      "id": 9,
      "model": "베르길리우스",
      "content": "而我……是向导。我决定我们去往何方与如何抵达。"
    },
    {
      "id": 10,
      "model": "베르길리우스",
      "content": "明白了吗？"
    },
    {
      "id": 11,
      "model": "베르길리우스",
      "content": "别和我争辩。"
    },
    {
      "id": 12,
      "model": "단테",
      "content": "<……我怎么可能不质疑一个甚至听不懂我说话的陌生人？>"
    },
    {
      "id": 13,
      "model": "파우스트",
      "content": "……"
    },
    {
      "id": 14,
      "model": "베르길리우스",
      "content": "我听见嘀嗒声了，那么他说了什么，浮士德女士？"
    },
    {
      "id": 15,
      "model": "파우스트",
      "content": "没什么。"
    },
    {
      "id": 16,
      "model": "베르길리우스",
      "content": "没必要这么夸张地表示赞同。点点头就足够让我知道你同意了，但丁。"
    },
    {
      "id": 17,
      "model": "카론",
      "content": "那么，梅菲，出发吧。呀吼。"
    },
    {
      "id": 18,
      "model": "베르길리우스",
      "content": "卡戎，心情如何？"
    },
    {
      "id": 19,
      "model": "카론",
      "content": "非常。兴奋。像走在天上，卡戎汇报。"
    },
    {
      "id": 20,
      "model": "베르길리우스",
      "content": "……很好。"
    },
    {
      "id": 21,
      "model": "단테",
      "content": "<那么，我们要去哪？>"
    },
    {
      "id": 22,
      "model": "파우스트",
      "content": "维吉里乌斯，他在询问目的地。"
    },
    {
      "id": 23,
      "model": "베르길리우스",
      "content": "唉……我应该已经告诉过你了，但丁。"
    },
    {
      "id": 24,
      "model": "단테",
      "content": "<所以目的地到底是哪里？>"
    },
    {
      "id": 25,
      "content": "随着他的叹息，巴士颤动起来，开始隆隆向前。"
    },
    {
      "id": 26
    }
  ]
}