{
  "dataList": [
    {
      "id": 0,
      "place": "辛克莱的旧宅",
      "content": "辛克莱的家在小镇的最深处，是最大的宅邸。"
    },
    {
      "id": 1,
      "content": "即便从远处，也能一眼看出那所宅邸正被熊熊烈火所吞噬。"
    },
    {
      "id": 2,
      "content": "有一瞬间，我试着构想这个城镇和平的光景。"
    },
    {
      "id": 3,
      "content": "想象着，小镇前的那些树木，仍然长着郁郁葱葱的，苍翠的叶子。"
    },
    {
      "id": 4,
      "content": "那时的辛克莱是什么样子？"
    },
    {
      "id": 5,
      "content": "又或者大家死去的时候是什么样子？"
    },
    {
      "id": 6,
      "content": "是幸福还是绝望呢？我都不得而知。"
    },
    {
      "id": 7,
      "content": "尽管如此，我还是希望，辛克莱在即将面对的不幸中，能稍微变得淡然一点。"
    },
    {
      "id": 8,
      "model": "이스마엘",
      "content": "真的……太过分了，这……"
    },
    {
      "id": 9,
      "content": "昔日宽敞的庭院，此时立满了高耸的钉子。"
    },
    {
      "id": 10,
      "content": "像塔一样高耸的众多钉子上，贯穿着各种各样的义体。"
    },
    {
      "id": 11,
      "content": "房子就在这似要吞噬一切的火焰中，猛烈地燃烧着。"
    },
    {
      "id": 12,
      "content": "就在大家紧紧盯着那些义体的时候，"
    },
    {
      "id": 13,
      "content": "辛克莱却将视线移向庭院的一处角落。"
    },
    {
      "id": 14,
      "model": "싱클레어",
      "content": "坟墓，石头……被掀开了？"
    },
    {
      "id": 15,
      "content": "顺着他的视线看过去，三座坟墓被破坏得一塌糊涂。"
    },
    {
      "id": 16,
      "content": "仅仅通过辛克莱的表情，大家就能明白，那些墓的主人是谁。"
    },
    {
      "id": 17,
      "model": "이상",
      "content": "……死后处刑，乃恶魔所为。"
    },
    {
      "id": 18,
      "content": "爸爸，妈妈，姐姐。"
    },
    {
      "id": 19,
      "content": "这是辛克莱提到过的，家人们的坟墓。"
    },
    {
      "id": 20,
      "model": "오티스",
      "content": "等等……举异者一名，正前方。"
    },
    {
      "id": 21,
      "model": "싱클레어",
      "content": "口哨的声音……"
    },
    {
      "id": 22,
      "teller": "？？？",
      "title": "？？？",
      "content": "呼呼呼，不是吧，再怎么说这也太有趣了。"
    },
    {
      "id": 23,
      "content": "有人从熊熊燃烧的房子里走了出来。"
    },
    {
      "id": 24,
      "content": "同时放肆地发出无论怎么听都只能认为是邪恶的笑声。"
    },
    {
      "id": 25,
      "model": "크로머",
      "teller": "克罗默",
      "title": "钉与锤",
      "content": "竟然会小心翼翼地把不会腐烂的身体埋起来……是吧？"
    },
    {
      "id": 26,
      "model": "싱클레어",
      "content": "克罗默……"
    },
    {
      "id": 27,
      "model": "크로머",
      "teller": "克罗默",
      "title": "钉与锤",
      "content": "不过我想，在这里的钉串中仔细找找还是能找到的。 我应该是在哪串了他们三个的。"
    },
    {
      "id": 28,
      "model": "크로머",
      "teller": "克罗默",
      "title": "钉与锤",
      "content": "要是愿意听我话，告诉你位置也未尝不可……"
    },
    {
      "id": 29,
      "model": "크로머",
      "teller": "克罗默",
      "title": "钉与锤",
      "content": "怎么样？ 辛克莱。 竟然能到这里，好像变得非常勇敢了呢。"
    },
    {
      "id": 30,
      "model": "크로머",
      "teller": "克罗默",
      "title": "钉与锤",
      "content": "也培养出了凝视尸体的勇气，是吧？"
    },
    {
      "id": 31,
      "model": "싱클레어",
      "content": "为什么……究竟……这样……"
    },
    {
      "id": 32,
      "content": "辛克莱连句完整的话都说不出来。"
    },
    {
      "id": 33,
      "model": "오티스",
      "content": "先遣部队去哪里了？ 到了这里的话能看到他们的身影吧……"
    },
    {
      "id": 34,
      "model": "크로머",
      "teller": "克罗默",
      "title": "钉与锤",
      "content": "啊~辛克莱的朋友！"
    },
    {
      "id": 35,
      "model": "크로머",
      "teller": "克罗默",
      "title": "钉与锤",
      "content": "你在找其他那些一起偷溜进来的老鼠吧？"
    },
    {
      "id": 36,
      "model": "크로머",
      "teller": "克罗默",
      "title": "钉与锤",
      "content": "好，好。 好好看看。 我给你开灯，睁大眼睛！"
    },
    {
      "id": 37,
      "model": "크로머",
      "teller": "克罗默",
      "title": "钉与锤",
      "content": "锵锵！"
    },
    {
      "id": 38,
      "model": "제복에피",
      "teller": "埃菲",
      "title": "LCCB",
      "content": "咳，咳呃……"
    },
    {
      "id": 39,
      "model": "그레고르",
      "content": "埃菲？"
    },
    {
      "id": 40,
      "content": "费力呼吸着的埃菲，四肢都被砍去，装上了像是硬塞进去一样弯曲的胳膊和脚的义体。"
    },
    {
      "id": 41,
      "model": "싱클레어",
      "content": "埃菲先生！！！"
    },
    {
      "id": 42,
      "content": "埃菲已经遍体鳞伤，连一句像样的话也说不出来了。"
    },
    {
      "id": 43,
      "model": "파우스트",
      "content": "……"
    },
    {
      "id": 44,
      "model": "파우스트",
      "content": "照这样下去的话，到完全死亡为止所需的平均时间是两天。"
    },
    {
      "id": 45,
      "model": "파우스트",
      "content": "期间被钉柱慢慢地刺入，疼痛会加倍吧。"
    },
    {
      "id": 46,
      "model": "단테",
      "content": "<那么……>"
    },
    {
      "id": 47,
      "model": "오티스",
      "content": "经理阁下，我知道如何尽可能地在没有痛苦的情况下让人离世。"
    },
    {
      "id": 48,
      "model": "오티스",
      "content": "这是会经常用到的技术……"
    },
    {
      "id": 49,
      "model": "오티스",
      "content": "可以请您下命令吗？"
    },
    {
      "id": 50,
      "content": "我交替地注视着格里高尔和以实玛利。"
    },
    {
      "id": 51,
      "content": "两人也注视着我……不约而同地垂下脑袋，紧紧地咬着嘴唇。"
    },
    {
      "id": 52,
      "content": "我知道那意味着什么。"
    },
    {
      "id": 53,
      "model": "오티스",
      "content": "……安息吧。"
    },
    {
      "id": 54,
      "content": "有掠过奥提斯衣领的声音响起。"
    },
    {
      "id": 55,
      "content": "寂静紧随其后。"
    },
    {
      "id": 56,
      "content": "然后，那片寂静转瞬在克罗默的哈哈大笑中被打破了。"
    },
    {
      "id": 57,
      "model": "크로머",
      "teller": "克罗默",
      "title": "钉与锤",
      "content": "噗…呼哈哈哈！ ！"
    },
    {
      "id": 58,
      "model": "싱클레어",
      "content": "啊。"
    },
    {
      "id": 59,
      "content": "同时，我似乎也听到了什么东西破碎的声音。"
    },
    {
      "id": 60,
      "model": "크로머",
      "teller": "克罗默",
      "title": "钉与锤",
      "content": "反正大家都是一样的狼狈，却要到最后还互相照顾，真的很搞笑呀！"
    },
    {
      "id": 61,
      "model": "크로머",
      "teller": "克罗默",
      "title": "钉与锤",
      "content": "辛克莱，这样做会不会让你想起以前的事？"
    },
    {
      "id": 62,
      "model": "크로머",
      "teller": "克罗默",
      "title": "钉与锤",
      "content": "那个时候，你的表情也真的值得一看。"
    },
    {
      "id": 63,
      "model": "싱클레어",
      "content": "克罗默。"
    },
    {
      "id": 64,
      "model": "싱클레어",
      "content": "你应该去死。"
    },
    {
      "id": 65,
      "model": "싱클레어",
      "content": "嗯。 这才是正确的。"
    },
    {
      "id": 66,
      "model": "싱클레어",
      "content": "你就由我亲手！"
    },
    {
      "id": 67,
      "content": "就在这时，地板上传来了钉子被慢慢拖拽的声音。"
    },
    {
      "id": 68,
      "model": "오티스",
      "content": "……是那个叫圭多的家伙。"
    },
    {
      "id": 69,
      "content": "尽管我们已经尽了全力，但不知道是不是在那么短的时间内痊愈了，从他走过来的样子上看不到任何受伤的痕迹。"
    },
    {
      "id": 70,
      "content": "那种姿态让罪人们一下子没了气力……"
    },
    {
      "id": 71,
      "content": "谁都再找不到恰当的话语，就这么发出从心底涌出的叹息。"
    },
    {
      "id": 72,
      "model": "크로머",
      "teller": "克罗默",
      "title": "钉与锤",
      "content": "圭多，剩下的为什么没能处理好？"
    },
    {
      "id": 73,
      "model": "귀도",
      "teller": "圭多",
      "title": "钉与锤",
      "content": "请原谅，执柄者啊。 因我力微效弱。"
    },
    {
      "id": 74,
      "model": "크로머",
      "teller": "克罗默",
      "title": "钉与锤",
      "content": "必须时刻保持警惕。 因为我不知道那该死的铁头里藏着什么。"
    },
    {
      "id": 75,
      "model": "귀도",
      "teller": "圭多",
      "title": "钉与锤",
      "content": "铭记在心， 执柄者啊。"
    },
    {
      "id": 76,
      "model": "크로머",
      "teller": "克罗默",
      "title": "钉与锤",
      "content": "重逢也到此为止了，我要回去了。"
    },
    {
      "id": 77,
      "content": "克罗默转过身，走进了熊熊燃烧的房子里。"
    },
    {
      "id": 78,
      "model": "싱클레어",
      "content": "克罗默!!!"
    },
    {
      "id": 79,
      "model": "싱클레어",
      "content": "给我回来！ 我要……把你！ 用这只手抓住……"
    },
    {
      "id": 80,
      "model": "크로머",
      "teller": "克罗默",
      "title": "钉与锤",
      "content": "不不，辛克莱。"
    },
    {
      "id": 81,
      "model": "크로머",
      "teller": "克罗默",
      "title": "钉与锤",
      "content": "虽然一直如此……"
    },
    {
      "id": 82,
      "content": "不知是恶魔般的业火吞噬了克罗默，抑或反之，她翘起嘴角，露出了魔鬼一样的笑容。"
    },
    {
      "id": 83,
      "content": "然后开口……"
    },
    {
      "id": 84,
      "model": "크로머",
      "teller": "克罗默",
      "title": "钉与锤",
      "content": "可我，是执柄者啊。"
    }
  ]
}