{
  "dataList": [
    {
      "id": 0,
      "place": "K公司安检口",
      "model": "이스마엘",
      "content": "队伍移动得很快，最多10分钟就能轮到我们了。"
    },
    {
      "id": 1,
      "model": "이스마엘",
      "content": "我们十三个都会被问到移民问题吧。他们听不懂但丁经理说什么，这种情况下我们该怎么做？"
    },
    {
      "id": 2,
      "content": "看来，以实玛利在焦虑时语速会变快，而且会更加喜欢发问。"
    },
    {
      "id": 3,
      "model": "베르길리우스",
      "content": "哪怕你不问，我正想说这件事。"
    },
    {
      "id": 4,
      "model": "베르길리우스",
      "content": "听好了。K公司的职员只会对这一列的乘客提些非常简单的问题。"
    },
    {
      "id": 5,
      "model": "베르길리우스",
      "content": "同样，你们的回答也要非常简洁。"
    },
    {
      "id": 6,
      "model": "베르길리우스",
      "content": "如果边境官员问起入境意图……"
    },
    {
      "id": 7,
      "model": "베르길리우스",
      "content": "就说：“我们是边狱公司派来商谈业务的代表，您可以检查我们的工作签证。”"
    },
    {
      "id": 8,
      "model": "베르길리우스",
      "content": "记住这句话，背下来，一个字都不准错。"
    },
    {
      "id": 9,
      "model": "베르길리우스",
      "content": "你们只需要证明自己不是来惹事的，剩下的交给我就好。"
    },
    {
      "id": 10,
      "model": "파우스트",
      "content": "如果你连一句话都没法记清楚，那我建议你闭紧嘴巴。"
    },
    {
      "id": 11,
      "model": "파우스트",
      "content": "出示自己的员工证就足够了。"
    },
    {
      "id": 12,
      "model": "단테",
      "content": "<闭上嘴，别惹麻烦。这简直是世界上最容易的工作。>"
    },
    {
      "id": 13,
      "content": "我看着她的脸色，嘴里小声嘟囔了一句。"
    },
    {
      "id": 14,
      "content": "虽然我有点担心浮士德会告我状，所幸……"
    },
    {
      "id": 15,
      "content": "维吉里乌斯只是直勾勾地盯着空气，甚至不愿挤出一句严厉的批评。"
    },
    {
      "id": 16,
      "model": "베르길리우스",
      "content": "那么，第二件事。"
    },
    {
      "id": 17,
      "model": "베르길리우스",
      "content": "如果你们想问问题，而且这确实是个有意义的问题，那就先问问自己。"
    },
    {
      "id": 18,
      "model": "베르길리우스",
      "content": "然后，再安静地举手。"
    },
    {
      "id": 19,
      "content": "几只手举了起来，也包括我的在内。"
    },
    {
      "id": 20,
      "model": "베르길리우스",
      "content": "罗佳。"
    },
    {
      "id": 21,
      "model": "로쟈",
      "content": "因为我们是来做生意的，所以可以带武器，对吗~？"
    },
    {
      "id": 22,
      "model": "베르길리우스",
      "content": "对。下一个。"
    },
    {
      "id": 23,
      "model": "로쟈",
      "content": "那么，格雷格的奇怪胳膊，还有但丁那颗超帅的闹钟脑袋，也能通过吗？"
    },
    {
      "id": 24,
      "model": "이스마엘",
      "content": "能。顺带一提，我们经理的脑袋会被视为义体而不是武器。所以，就算我们只有游客签证，也能通过安检——即使这个脑袋还拥有着令人起死回生的能力。"
    },
    {
      "id": 25,
      "content": "以实玛利就像模范生一样替维吉里乌斯回答道。"
    },
    {
      "id": 26,
      "content": "经历了上次赌场任务后，她的态度似乎有所转变……"
    },
    {
      "id": 27,
      "content": "在对我这位领导者的能力感到失望后，她似乎更倾向于各行其是。"
    },
    {
      "id": 28,
      "model": "베르길리우스",
      "content": "说得好。"
    },
    {
      "id": 29,
      "content": "我和格里高尔一起放下了手。"
    },
    {
      "id": 30,
      "model": "베르길리우스",
      "content": "然后，良秀。在你说话前，先把烟扔了。"
    },
    {
      "id": 31,
      "model": "료슈",
      "content": "……我没有举手。"
    },
    {
      "id": 32,
      "model": "돈키호테",
      "content": "……"
    },
    {
      "id": 33,
      "content": "维吉里乌斯很想无视掉堂吉诃德那快要举到天上的手……"
    },
    {
      "id": 34,
      "content": "但他最后还是败下阵来，给执着举手的她一次说话的机会。"
    },
    {
      "id": 35,
      "model": "베르길리우스",
      "content": "……好吧，堂吉诃德。你有什么问题？"
    },
    {
      "id": 36,
      "model": "더미",
      "teller": "堂吉诃德",
      "title": "3号罪人",
      "content": "该玻璃墙何故立于此地？"
    },
    {
      "id": 37,
      "content": "顺着堂吉诃德手指的方向，我们注意到在整座建筑的中间，有一面玻璃墙。"
    },
    {
      "id": 38,
      "content": "玻璃墙泾渭分明。在墙的另外一侧……"
    },
    {
      "id": 39,
      "content": "是一列排成长龙的人们。"
    },
    {
      "id": 40,
      "model": "그레고르",
      "content": "那列队伍比蜗牛还慢，有的人都干脆坐在地上排队了。"
    },
    {
      "id": 41,
      "model": "그레고르",
      "content": "看得出来，他们排了好久。"
    },
    {
      "id": 42,
      "model": "뫼르소",
      "content": "那边的武装警卫也比我们这里多出三倍。"
    },
    {
      "id": 43,
      "model": "베르길리우스",
      "content": "……这座建筑中绝大多数的玻璃墙都是出于安全原因而建造的。"
    },
    {
      "id": 44,
      "model": "로쟈",
      "content": "啊~简单来说，那条队伍是给普通后巷居民的。每座巢管理移民的方式都不一样，但是不管是 什么方式，如果没有正确的签证，想去其他巢就会特别麻烦。"
    },
    {
      "id": 45,
      "model": "로쟈",
      "content": "你想，那群人为什么要冒着生命危险，在检查站附近袭击咱们？他们就是想抢走签证，这样就能进入巢了。"
    },
    {
      "id": 46,
      "model": "베르길리우스",
      "content": "……这个不是我们所能解决的问题。"
    },
    {
      "id": 47,
      "content": "然而，堂吉诃德对这个回答并不满意。"
    },
    {
      "id": 48,
      "content": "也许是因为墙那边阴郁而压抑的气氛……"
    },
    {
      "id": 49,
      "content": "亦或是那边发生骚乱。我不清楚。"
    },
    {
      "id": 50,
      "model": "오티스",
      "content": "轮到我们了，经理。"
    },
    {
      "id": 51,
      "model": "단테",
      "content": "<啊？好……>"
    },
    {
      "id": 52,
      "content": "我们这的队伍移动得非常快，快到还没说上几句话就轮到咱了。"
    },
    {
      "id": 53,
      "model": "이스마엘",
      "content": "记住：当你被问到入境目的时……"
    },
    {
      "id": 54,
      "model": "료슈",
      "content": "……你要是敢再重复一遍，我就给你和那个海关之类的家伙表演一下，什么，叫作万・短・至・艺。"
    },
    {
      "id": 55,
      "content": "尽管以实玛利看上去忧心忡忡，但我们的检查仍然非常顺利。"
    },
    {
      "id": 56,
      "model": "검문소경비",
      "teller": "安检员",
      "title": "K公司",
      "content": "请问您的身份和入境目的是？"
    },
    {
      "id": 57,
      "model": "그레고르",
      "content": "啊，我是边狱公司派来商谈业务的代表。这是我的员工证。"
    },
    {
      "id": 58,
      "model": "검문소경비",
      "teller": "安检员",
      "title": "K公司",
      "content": "……检查完成。下一位。"
    },
    {
      "id": 59,
      "model": "로쟈",
      "content": "边狱公司的人。为生意而来。这是员工证。以上。"
    },
    {
      "id": 60,
      "model": "검문소경비",
      "teller": "安检员",
      "title": "K公司",
      "content": "……检查完成。下一位。"
    },
    {
      "id": 61,
      "content": "在第一位罪人表明了我们的身份后，剩下的人轻而易举地通过了检查。"
    },
    {
      "id": 62,
      "content": "安检人员以同样干巴巴的语调问着同一个问题，粗略地扫过我们的脸和工作证——不过根据检查的速度来看，这更像是走个过场而不是真的检查——随后，所有罪人都被允许放行。"
    },
    {
      "id": 63,
      "model": "더미2",
      "teller": "排队的人",
      "title": "11区",
      "content": "…………"
    },
    {
      "id": 64,
      "model": "이스마엘",
      "content": "……有些不对劲。"
    },
    {
      "id": 65,
      "content": "玻璃墙拦在两条队伍之间。它厚到根本没法令我们听到对面的声音。"
    },
    {
      "id": 66,
      "content": "我们很难得知墙的另一边发生了什么。"
    },
    {
      "id": 67,
      "content": "然而，我确能清清楚楚地看见那边发生了什么：有人被保安戴上手铐，拖走了。"
    },
    {
      "id": 68,
      "content": "一个小孩在他们身后嚎啕大哭，害怕与不解已然溢于言表。"
    },
    {
      "id": 69,
      "model": "이스마엘",
      "content": "……我们不应该插手。虽说不知道发生了什么，但我猜是有人触犯了翼的禁忌。"
    },
    {
      "id": 70,
      "model": "히스클리프",
      "content": "对，当然。那些穷人居然不给老爷们上贡，简直坏了规矩。我说的没错吧？"
    },
    {
      "id": 71,
      "model": "이스마엘",
      "content": "……你是在嘲讽我？"
    },
    {
      "id": 72,
      "model": "히스클리프",
      "content": "哈，什么嘛。你不是说不用在意吗？猜猜看是谁这么双标呢？"
    },
    {
      "id": 73,
      "content": "希斯克利夫大声庆贺着他第一次成功挑衅了以实玛利。但在我因此分心的同时……"
    },
    {
      "id": 74,
      "content": "一个“惯犯”，在我们意想不到的时候再次捅出一个烂篓子。"
    },
    {
      "id": 75,
      "model": "검문소경비",
      "teller": "安检员",
      "title": "K公司",
      "content": "请问您的身份和入境目的是？"
    },
    {
      "id": 76,
      "model": "돈키호테",
      "content": "……"
    },
    {
      "id": 77,
      "model": "돈키호테",
      "content": "吾，为了给予弱者自由而来！"
    },
    {
      "id": 78,
      "content": "检察员的脸上第一次露出了表情——"
    },
    {
      "id": 79,
      "content": "大吃一惊。"
    },
    {
      "id": 80,
      "content": "正如字面意思，他仰头看向堂吉诃德，脸上的每一条肌肉都无不表达着震惊。"
    },
    {
      "id": 81,
      "model": "돈키호테",
      "content": "快点放开他们！你有没有看见，弱小无辜者正身陷于水深火热之中？"
    },
    {
      "id": 82,
      "model": "검문소경비",
      "teller": "安检员",
      "title": "K公司",
      "content": "……请陈述您的身份和入境意图。"
    },
    {
      "id": 83,
      "content": "职员无视了她的要求，将问题重复了一遍。"
    },
    {
      "id": 84,
      "content": "堂吉诃德的心情随着时间流逝而愈发沮丧。"
    },
    {
      "id": 85,
      "content": "随后……"
    },
    {
      "id": 86,
      "content": "她转头凝视着那堵透明的墙……"
    },
    {
      "id": 87,
      "content": "我看见，小孩绝望地张口："
    },
    {
      "id": 88,
      "teller": "孩子",
      "title": "？？？",
      "content": "“爸爸！"
    },
    {
      "id": 89,
      "teller": "孩子",
      "title": "？？？",
      "content": "爸爸！”"
    },
    {
      "id": 90,
      "model": "돈키호테",
      "content": "若汝熟视无睹，那么吾将挺身而出！"
    },
    {
      "id": 91,
      "model": "검문소경비",
      "teller": "安检员",
      "title": "K公司",
      "content": "……嚯。"
    },
    {
      "id": 92,
      "model": "검문소경비",
      "teller": "安检员",
      "title": "K公司",
      "content": "紫色编码。紫色编码。违反K185禁忌。"
    },
    {
      "id": 93,
      "model": "검문소경비",
      "teller": "安检员",
      "title": "K公司",
      "content": "呼叫凝血细胞。重复，呼叫凝血细胞……"
    },
    {
      "id": 94,
      "content": "除了重复相同的话语，安检员似乎完全不知道该说些什么，于是便在无线电中灌输着令人胆寒的“免疫响应”。"
    },
    {
      "id": -1,
      "model": "//효과음",
      "content": "쾅 쾅 쾅 (철문이 강하게 내려찍는 소리)"
    },
    {
      "id": -1,
      "model": "//효과음",
      "content": "사이렌"
    },
    {
      "id": 95,
      "model": "더미2",
      "teller": "通告",
      "title": "K公司",
      "content": "全体人员请注意：紫色编码。紫色编码。2号流动大厅，14号安检口。呼叫凝血细胞，呼叫白细胞。"
    },
    {
      "id": 96,
      "content": "警笛声伴随着复杂的通告一同响起，我们身边的金属大门正一扇接一扇地合上。"
    },
    {
      "id": 97,
      "model": "히스클리프",
      "content": "……真该把她的脑袋给砸碎，然后再把她丢进裹尸袋里。"
    },
    {
      "id": 98,
      "model": "이스마엘",
      "content": "我觉得照样没用。"
    },
    {
      "id": 99,
      "model": "이상",
      "content": "凝血细胞，白细胞……我很确信他们说的分别是血小板和白血球。"
    },
    {
      "id": 100,
      "model": "파우스트",
      "content": "没错。非常适合K公司的称呼。"
    },
    {
      "id": 101,
      "content": "大家都往浮士德手指的方向看去……"
    },
    {
      "id": 102,
      "content": "全副武装的安保人员正死死盯着我们。"
    }
  ]
}