{
  "dataList": [
    {
      "d": 0,
      "place": "一间当铺",
      "model": "전당포주인",
      "teller": "当铺老板",
      "title": "J公司的当铺",
      "content": "是不是一次性来太多顾客了？这当铺挤得像是……"
    },
    {
      "d": 1,
      "model": "전당포주인",
      "teller": "当铺老板",
      "title": "J公司的当铺",
      "content": "你们都觉得自己在吊王牌或者麻将里运气好吗？"
    },
    {
      "d": 2,
      "content": "在我们走进当铺之后，当铺老板向我们粗鲁地打着招呼。"
    },
    {
      "d": 3,
      "model": "히스클리프",
      "content": "那货是什么意思？"
    },
    {
      "d": 4,
      "model": "이스마엘",
      "content": "……我是唯一一个读了那些有关J巢内容的人吗？维吉里乌斯先生在我们走之前给了我们一个小册子啊。"
    },
    {
      "d": 5,
      "model": "그레고르",
      "content": "呃，我记得我扫了一眼封面……"
    },
    {
      "d": 6,
      "model": "이스마엘",
      "content": "在这里，你能当出多少钱取决于你今天的运气。"
    },
    {
      "d": 7,
      "model": "이스마엘",
      "content": "如果你运气不错，你就能拿到额外的钱，而如果你今天倒霉的话，你拿到的钱就会远低于典当物的价值。"
    },
    {
      "d": 8,
      "model": "홍루",
      "content": "啊~你这么一说我想起来了，我们家雇了一些专门的算命先生。"
    },
    {
      "d": 9,
      "model": "홍루",
      "content": "他们在我离开之前为我做的那场占卜，结果相当不错。这一定就是我会和超赞的你们一起踏上旅程的征兆。"
    },
    {
      "d": 10,
      "model": "이스마엘",
      "content": "哇哦，可真是，照你意思，在你家那样富丽堂皇的大庄园里，沉湎于崇高的闲暇时间，是你命中注定的生活了。也许我应该祈祷一下，希望我下辈子生下来就能这么富有。"
    },
    {
      "d": 11,
      "model": "히스클리프",
      "content": "我可是个好人。他们这种有钱的富佬往往会耍点卑鄙的手段。"
    },
    {
      "d": 12,
      "model": "홍루",
      "content": "你说不定是对的。小时候我就不喜欢和我的兄弟姐妹们待在一起，如果事情不如意，他们就总是会尝试骗人或者发牢骚。"
    },
    {
      "d": 13,
      "model": "히스클리프",
      "content": "不，我想说的完全就不是这个意思！"
    },
    {
      "d": 14,
      "model": "전당포주인",
      "teller": "当铺老板",
      "title": "J公司的当铺",
      "content": "所以你们到底打不打算典当东西？"
    },
    {
      "d": 15,
      "model": "전당포주인",
      "teller": "当铺老板",
      "title": "J公司的当铺",
      "content": "当我没说吧……你们这些人有什么东西可以当吗？我根本没看见你们身上有任何值钱的……"
    },
    {
      "d": 16,
      "content": "当铺老板狐疑地扫视着罪人们，直到他的视线落到了我身上。"
    },
    {
      "d": 17,
      "model": "전당포주인",
      "teller": "当铺老板",
      "title": "J公司的当铺",
      "content": "哦嚯……那个闹钟脑袋看起来还挺值钱的。"
    },
    {
      "d": 18,
      "model": "로쟈",
      "content": "你觉得这能卖多少钱，老伙计？"
    },
    {
      "d": 19,
      "model": "단테",
      "content": "<罗佳……我可不是用来卖的……>"
    },
    {
      "d": 20,
      "model": "파우스트",
      "content": "您可能已经事先得到了联系，我们来自边狱公司，而且……"
    },
    {
      "d": 21,
      "content": "不幸的是，无论是罪人还是当铺老板，都没有注意听浮士德的话。"
    },
    {
      "d": 22,
      "model": "홍루",
      "content": "喔，我离开家里的时候把这块手帕也一起带出来了……"
    },
    {
      "d": 23,
      "model": "전당포주인",
      "teller": "当铺老板",
      "title": "J公司的当铺",
      "content": "哦嚯……一条绣在丝绸上的龙。这可是相当细致的针线活，大概值……让我们看看，七百万……嗯？"
    },
    {
      "d": 24,
      "model": "히스클리프",
      "content": "一块破布值这么多钱？！你的眼神不好吗，老东西？！"
    },
    {
      "d": 25,
      "model": "전당포주인",
      "teller": "当铺老板",
      "title": "J公司的当铺",
      "content": "什么？你没有意识到这种品质值多少——噗，我明白了。你戴着一个破烂戒指，好像这个戒指是什么真正的宝贝一样……嗤嗤。"
    },
    {
      "d": 26,
      "model": "히스클리프",
      "content": "……你再说一遍。"
    },
    {
      "d": 27,
      "model": "로쟈",
      "content": "天啊，快停下！但丁~请让他们停下来~"
    },
    {
      "d": 28,
      "model": "???",
      "content": "你可让我们操心了，浮士德。"
    },
    {
      "d": 29,
      "content": "在混乱中，温柔到极致的声音在我耳边响起。"
    },
    {
      "d": 30,
      "model": "소드",
      "teller": "？？？",
      "title": "？？？",
      "content": "我们理应在4点钟见面的，但是已经过去15分钟了。你肯定还没有忘记怎么读时钟，对吧？"
    },
    {
      "d": 31,
      "model": "파우스트",
      "content": "当然没有。我只是几乎无法影响那样的巴士司机而已。"
    },
    {
      "d": 32,
      "model": "에피",
      "teller": "？？？",
      "title": "？？？",
      "content": "啊哈，所以你带着一个钟表脑袋来帮你确认时间？我估摸这家伙该是没有闹铃了。"
    },
    {
      "d": 33,
      "content": "温柔的声音后紧随着一个丝毫不掩饰自己的鄙夷之情的声音。"
    },
    {
      "d": 34,
      "model": "단테",
      "content": "<拜托，这就有点苛刻了。让我们试着留下一个更好的第一印象……>"
    },
    {
      "d": 35,
      "content": "我知道罪人之外的人听不见我的声音，但我仍然对这样无礼的言论感到不安。"
    },
    {
      "d": 36,
      "model": "에피",
      "teller": "？？？",
      "title": "？？？",
      "content": "哦，原来是你们啊？你们就是上次那个没能成功取得金枝的团队是吧？"
    },
    {
      "d": 37,
      "model": "에피",
      "teller": "？？？",
      "title": "？？？",
      "content": "大家可是对你的队伍抱有很高的期望啊，毕竟这都市里最聪明的人可在这了。"
    },
    {
      "d": 38,
      "model": "소드",
      "teller": "？？？",
      "title": "？？？",
      "content": "难怪……浮士德小姐看起来不是很高兴。"
    },
    {
      "d": 39,
      "model": "파우스트",
      "content": "我的表情没有变化。"
    },
    {
      "d": 40,
      "model": "히스클리프",
      "content": "欸，所以你们傻站着干什么呢？继续啊。这家伙也是个聪明人。别把他抛下了。"
    },
    {
      "d": 41,
      "content": "希斯克利夫瞥了李箱一眼，不过李箱的反应相当冷淡。"
    },
    {
      "d": 42,
      "model": "이상",
      "content": "我不该参与，那不过是毫无意义的吹嘘。"
    },
    {
      "d": 43,
      "model": "히스클리프",
      "content": "但你不是在地下的时候挺能说的吗？你是谁？你对李箱做了什么？"
    },
    {
      "d": 44,
      "model": "이상",
      "content": "我现在是，也一直是那个我在镜子里映出的人。"
    },
    {
      "d": 45,
      "model": "히스클리프",
      "content": "你——哈啊，算了吧。"
    },
    {
      "d": 46,
      "model": "파우스트",
      "content": "我们的第一个任务本来就是在考虑失败的前提下设计的。"
    },
    {
      "d": 47,
      "model": "파우스트",
      "content": "我们需要一个机会来看看我们的罪人到底有怎样的潜能。"
    },
    {
      "d": 48,
      "model": "그레고르",
      "content": "……等等，是这样吗？"
    },
    {
      "d": 49,
      "model": "오티스",
      "content": "一个以失败为目标的计划？这可很难称得上一个合格的提案。"
    },
    {
      "d": 50,
      "model": "소드",
      "teller": "？？？",
      "title": "？？？",
      "content": "顺便问一下，维吉里乌斯先生在哪儿？我答应协助你们这次行动的主要就是为了能有机会见他一面。"
    },
    {
      "d": 51,
      "model": "에피",
      "teller": "？？？",
      "title": "？？？",
      "content": "他一定觉得很尴尬。想象一下，和这些人待在一起。"
    },
    {
      "d": 52,
      "model": "히스클리프",
      "content": "嘁……这就是他把我们丢在离这里那么远的地方的原因？因为他觉得我们很丢人？！"
    },
    {
      "d": 53,
      "model": "이스마엘",
      "content": "……对于我们被损成这样就没有人想说点什么吗？"
    },
    {
      "d": 54,
      "model": "이스마엘",
      "content": "而且如果我们不先自我介绍一下，自吹自擂和虚张声势不就完全没用了吗？"
    },
    {
      "d": 55,
      "model": "파우스트",
      "content": "这两位将成为我们本次任务的协作者。他们来自边狱公司清理部门，也就是所谓的LCC。"
    },
    {
      "d": 56,
      "model": "소드",
      "teller": "索德",
      "title": "LCCB",
      "content": "是清理部的先遣队，谢谢。啊，我是索德，然后这位是埃菲。"
    },
    {
      "d": 57,
      "model": "히스클리프",
      "content": "什么，我们是应该鼓掌还是……"
    },
    {
      "d": 58,
      "model": "홍루",
      "content": "太棒啦！真是令人高兴！"
    },
    {
      "d": 59,
      "content": "鸿璐是我们之中唯一一个真心实意欢迎他们的人。(他几乎起身鼓掌了。)"
    },
    {
      "d": 60,
      "content": "剩下的人中，一半冷眼盯着那两个人，另一半则显得相当谨慎，直到自我介绍结束。"
    }
  ]
}