{
  "dataList": [
    {
      "id": 0,
      "place": "当铺大街",
      "content": "和索德预测得一样，所有的当铺都关门闭户来躲避麻烦。"
    },
    {
      "id": 1,
      "model": "세보이고싶었던콩콩파조직원",
      "teller": "捶胸豆豆帮成员",
      "title": "豆豆帮",
      "content": "你们这些混蛋！！站住别动！!"
    },
    {
      "id": 2,
      "model": "세보이고싶었던콩콩파조직원",
      "teller": "捶胸豆豆帮成员",
      "title": "豆豆帮",
      "content": "你丫觉得打完了我们家族的人还能全身而退吗，小豆丁？"
    },
    {
      "id": 3,
      "model": "이스마엘",
      "content": "明明是残暴的帮派干嘛非得装得跟个大家庭似的？他们没有别的相互认同的方式了吗？"
    },
    {
      "id": 4,
      "model": "세보이고싶었던콩콩파조직원",
      "teller": "捶胸豆豆帮成员",
      "title": "豆豆帮",
      "content": "看看你在我们这好老弟头上弄的包！"
    },
    {
      "id": 5,
      "model": "이스마엘",
      "content": "……"
    },
    {
      "id": 6,
      "model": "에피",
      "teller": "埃菲",
      "title": "LCCB",
      "content": "我的老天…… 这些根本不在计划之内……"
    },
    {
      "id": 7,
      "content": "埃菲捂着前额，看起来像是有点头疼。"
    },
    {
      "id": 8,
      "content": "如果光这点程度就能让他头疼的话，我想建议他随身带点止痛药，不过我把这个想法憋了回去。"
    },
    {
      "id": 9,
      "content": "在这方面我的建议可不具有参考性，毕竟我又没有脑袋。"
    },
    {
      "id": 10,
      "model": "오티스",
      "content": "你们两个，直到现在都觉得我们是毫无价值的虫子吧，不是吗？"
    },
    {
      "id": 11,
      "model": "오티스",
      "content": "我知道你一向把我们看作满是垃圾的下水道！"
    },
    {
      "id": 12,
      "model": "그레고르",
      "content": "我不觉得有谁对我们说过这么过分的话，奥提斯……"
    },
    {
      "id": 13,
      "model": "오티스",
      "content": "难道你不奇怪为什么轮到我们来承担回收金枝的重大使命？"
    },
    {
      "id": 14,
      "model": "에피",
      "teller": "埃菲",
      "title": "LCCB",
      "content": "为，为什……么？"
    },
    {
      "id": 15,
      "content": "即便是埃菲也被奥提斯强硬的态度吓了一跳。"
    },
    {
      "id": 16,
      "model": "오티스",
      "content": "虽然我并不反对你说其他人是浸透了臭水的垃圾……"
    },
    {
      "id": 17,
      "model": "그레고르",
      "content": "不，说实在的，事实上你是唯一一个这么说的……"
    },
    {
      "id": 18,
      "model": "싱클레어",
      "content": "呃……哦，原来奥提斯小姐从始至终都是这么想的……"
    },
    {
      "id": 19,
      "model": "오티스",
      "content": "我至今依然立于不败之地，我们的经理也有复苏我们的能力，使我们字面意义上根本无法死亡。"
    },
    {
      "id": 20,
      "model": "오티스",
      "content": "实际上，只有我们二人就足够了。虽然那个狡猾的维吉里乌斯并不同意这点……"
    },
    {
      "id": 21,
      "model": "오티스",
      "content": "关键在于，这些垃圾不管经过多少次战斗都不会报废，懂我意思吧？好用、耐用、经济适用。"
    },
    {
      "id": 22,
      "model": "그레고르",
      "content": "……唉。"
    },
    {
      "id": 23,
      "model": "이스마엘",
      "content": "谢谢你重申我们就是会呼吸的活垃圾，真的太暖心了。"
    },
    {
      "id": 24,
      "model": "에피",
      "teller": "埃菲",
      "title": "LCCB",
      "content": "……一帮白痴。"
    },
    {
      "id": 25,
      "model": "오티스",
      "content": "敌人正在逼近。你准备好了吗，经理？"
    }
  ]
}