{
  "dataList": [
    {
      "id": 0,
      "place": "4区后巷某处",
      "model": "로쟈",
      "content": "最后一次能吃饱饭是什么时候来着？可能连铁疙瘩们过的生活都比我好吧……"
    },
    {
      "id": 1,
      "model": "파우스트",
      "content": "所有食物都是定量供应的。"
    },
    {
      "id": 2,
      "model": "로쟈",
      "content": "就这么点吃的根本使不出劲啊！"
    },
    {
      "id": 3,
      "content": "远处,希斯克利夫喊着“那你觉得我是吃饱了才过来干这种事的吗”，但看起来罗佳在装作没有听见的样子。"
    },
    {
      "id": 4,
      "content": "话说回来……"
    },
    {
      "id": 5,
      "model": "단테",
      "content": "<这辆车的燃料是血液还是蛋白质之类的东西？>"
    },
    {
      "id": 6,
      "model": "파우스트",
      "content": "是脑啡肽，一种由脑叶公司生产的能源。"
    },
    {
      "id": 7,
      "model": "이스마엘",
      "content": "你说的是以前的L公司吧。听说那是一家通过奇点技术生产能源的公司，不过现在已经变成废墟残骸了。"
    },
    {
      "id": 8,
      "model": "파우스트",
      "content": "没错，所以现在还是挺难搞到的。"
    },
    {
      "id": 9,
      "model": "파우스트",
      "content": "但是，梅菲斯托费勒斯可以从活体体内强行提取脑啡肽。"
    },
    {
      "id": 10,
      "model": "단테",
      "content": "<活体？>"
    },
    {
      "id": 11,
      "content": "我抱着疑问,看着奥提斯向其他罪人发号施令，又转头瞥了一眼车头。"
    },
    {
      "id": 12,
      "model": "파우스트",
      "content": "是，脑啡肽只能从大脑和脊神经中提取，若是从活体中提取的话效率会更高。"
    },
    {
      "id": 13,
      "content": "怪不得维吉里乌斯告诉罪人们尽量不要杀掉袭击者。"
    },
    {
      "id": 14,
      "model": "단테",
      "content": "<那么……>"
    },
    {
      "id": 15,
      "model": "파우스트",
      "content": "你是在想“那么为什么要把他们的其他部位也放进去”吗？好问题。因为他们的血肉也可以被转化为燃料。"
    },
    {
      "id": 16,
      "model": "파우스트",
      "content": "脑啡肽是使引擎启动和推进的必需品，而剩余的有机物可以用于维持车辆速度，从而减少脑啡肽的消耗。"
    },
    {
      "id": 17,
      "model": "이상",
      "content": "混合动力。"
    },
    {
      "id": 18,
      "content": "浮士德随后讲解了有关“大部分燃料都从脑叶公司支部进行补给，并非是一直通过这种方式来补充”之类的事情……"
    },
    {
      "id": 19,
      "content": "但大多数内容听的我左耳进右耳出。"
    },
    {
      "id": 20,
      "model": "단테",
      "content": "<……还真是麻烦啊。虽然还是没怎么搞懂,之后也要辛苦你们了。>"
    },
    {
      "id": 21,
      "model": "파우스트",
      "content": "没关系。这对浮士德来说并不辛苦。"
    },
    {
      "id": 22,
      "model": "그레고르",
      "content": "辛苦的是咱们这边啊……嘿！经理兄！更多的活体来了！"
    }
  ]
}