{
  "dataList": [
    {
      "id": 0,
      "place": "赌场 入口",
      "model": "돈키호테",
      "content": "哦……？诸位，请看看这个！"
    },
    {
      "id": 1,
      "model": "싱클레어",
      "content": "……这是什么？"
    },
    {
      "id": 2,
      "model": "이상",
      "content": "汽车堆叠起来，形成高塔。"
    },
    {
      "id": 3,
      "model": "뫼르소",
      "content": "真是阴郁。"
    },
    {
      "id": 4,
      "content": "远看还以为是塔形状的建筑物，走近后才发现是层层叠叠的汽车。"
    },
    {
      "id": 5,
      "model": "싱클레어",
      "content": "为什么车会像这样叠得这么高呢……？"
    },
    {
      "id": 6,
      "model": "돈키호테",
      "content": "喔，这里有封信耶！好像是寄给家人的！"
    },
    {
      "id": 7,
      "model": "싱클레어",
      "content": "上面……写着想要团聚呢。那些人应该很快就能回家了吧？"
    },
    {
      "id": 8,
      "model": "로쟈",
      "content": "谁知道呢。"
    },
    {
      "id": 9,
      "model": "로쟈",
      "content": "即使能平安离开赌场，我也不觉得他们能若无其事地回到家人身边呢~"
    },
    {
      "id": 10,
      "model": "오티스",
      "content": "……"
    },
    {
      "id": 11,
      "model": "소드",
      "teller": "索德",
      "title": "LCCB",
      "content": "嘛……作为导游的额外奖励，这是这条街的隐藏地标。"
    },
    {
      "id": 12,
      "model": "에피",
      "teller": "埃菲",
      "title": "LCCB",
      "content": "是赌徒们的末路。"
    },
    {
      "id": 13,
      "model": "소드",
      "teller": "索德",
      "title": "LCCB",
      "content": "这里是豆豆帮向二手车市场拓展的立足点。"
    },
    {
      "id": 14,
      "model": "그레고르",
      "content": "罗佳，你说过你经常来这种地方吧？有没有什么补充说明啊？我感觉能听到有意思的事情。"
    },
    {
      "id": 15,
      "model": "로쟈",
      "content": "啊~，人家不~知道啦。想不起来。我已经把过去忘得一干二净，只能朝前看啦。"
    },
    {
      "id": 16,
      "model": "로쟈",
      "content": "……只要没有碍事的人，我觉得自己就能坚定决心一直这么活下去。哼。"
    },
    {
      "id": 17,
      "model": "콩을싫어하는콩콩파조직원",
      "teller": "讨厌豆子的豆豆帮成员",
      "title": "豆豆帮",
      "content": "菜鸟们！你们知道这块是我们的地盘吗？怎么在这里瞎转悠？"
    },
    {
      "id": 18,
      "model": "콩을싫어하는콩콩파조직원",
      "teller": "讨厌豆子的豆豆帮成员",
      "title": "豆豆帮",
      "content": "还是说，你们也是来卖车的？"
    },
    {
      "id": 19,
      "model": "돈키호테",
      "content": "不！我们是坐巴士来的！"
    },
    {
      "id": 20,
      "model": "콩을싫어하는콩콩파조직원",
      "teller": "讨厌豆子的豆豆帮成员",
      "title": "豆豆帮",
      "content": "我们可不负责收购器官啊？唔，不过你眼睛的颜色还挺稀奇的，应该能卖不少钱……"
    },
    {
      "id": 21,
      "model": "돈키호테",
      "content": "我们果然找对地方了！我们正要找你们的头头！"
    },
    {
      "id": 22,
      "model": "콩을싫어하는콩콩파조직원",
      "teller": "讨厌豆子的豆豆帮成员",
      "title": "豆豆帮",
      "content": "你们到底是个什么来头，竟然敢这么耍威风？"
    },
    {
      "id": 23,
      "model": "돈키호테",
      "content": "我们正是边y……！"
    },
    {
      "id": 24,
      "model": "돈키호테",
      "content": "呃……"
    },
    {
      "id": 25,
      "content": "一时间，尴尬的沉默环绕着我们。"
    },
    {
      "id": 26,
      "model": "콩을싫어하는콩콩파조직원",
      "teller": "讨厌豆子的豆豆帮成员",
      "title": "豆豆帮",
      "content": "你们到底从哪来的啊！为啥说一半又不说了啊！"
    }
  ]
}