{
  "dataList": [
    {
      "id": 0,
      "place": "梅菲斯托费勒斯 内部",
      "model": "로쟈",
      "content": "唔……格雷格，这难道是你的熟人？"
    },
    {
      "id": 1,
      "model": "그레고르",
      "content": "嗯？你在说啥……这个后巷中怎么可能会有我的熟……"
    },
    {
      "id": 2,
      "content": "看向窗外的格里高尔表情瞬间凝固住了。"
    },
    {
      "id": 3,
      "model": "단테",
      "content": "<……虫子头？>"
    },
    {
      "id": 4,
      "content": "与迄今为止所撞见的人都不同，那些人的身上有一部分看起来就像昆虫一样。"
    },
    {
      "id": 5,
      "model": "로쟈",
      "content": "呜哇……但丁，你的脑袋是个钟实在是太好了。那种家伙，我真是看一次就想吐一次。"
    },
    {
      "id": 6,
      "model": "이스마엘",
      "content": "诶……他们身上被施加的强化手术，和格里高尔先生的不是同一种吗？"
    },
    {
      "id": 7,
      "model": "히스클리프",
      "content": "所以说他们是故意给自己安了个虫子脑袋吗？"
    },
    {
      "id": 8,
      "model": "그레고르",
      "content": "别靠近。你们也会被传染上害虫细菌的哦？"
    },
    {
      "id": 9,
      "model": "싱클레어",
      "content": "噫！真的吗！？"
    },
    {
      "id": 10,
      "model": "그레고르",
      "content": "开玩笑的啦……我的幽默感有那么差吗？"
    },
    {
      "id": 11,
      "content": "格里高尔挠了挠后脑勺，巴士的引擎仿佛是舒了口气般发出悠扬的喷气声，停了下来。"
    },
    {
      "id": 12,
      "model": "파우스트",
      "content": "在过去的G公司，大多数职员都会像格里高尔先生那样，接受成为生物兵器的改造。"
    },
    {
      "id": 13,
      "model": "이스마엘",
      "content": "格里高尔先生是G公司出身的吗？那个时候的G公司应该……"
    },
    {
      "id": 14,
      "content": "以实玛利皱起了眉头，似乎想到了什么不愉快的事，不过她并没有说出来。"
    },
    {
      "id": 15,
      "content": "格里高尔也露出了微笑，但他自刚才起就变僵硬的目光却依然没有柔和下来。"
    },
    {
      "id": 16,
      "model": "홍루",
      "content": "那样的人们平时都睡在什么地方呢？"
    },
    {
      "id": 17,
      "model": "베르길리우스",
      "content": "以天空为盖，以星光为灯，世界上有许多人都过着这样的生活。"
    },
    {
      "id": 18,
      "model": "홍루",
      "content": "原来如此。真是一群风雅之士呢！"
    },
    {
      "id": 19,
      "model": "단테",
      "content": "<虽然我觉得他想表达的并不是这个意思……>"
    },
    {
      "id": 20,
      "model": "베르길리우스",
      "content": "虽然只是我的个人感觉，但他们似乎也准备妨碍我们的旅途。"
    },
    {
      "id": 21,
      "model": "베르길리우스",
      "content": "是不是该下车了，格里高尔？"
    },
    {
      "id": 22,
      "model": "그레고르",
      "content": "为什么你要对着我说？"
    },
    {
      "id": 23,
      "model": "베르길리우스",
      "content": "谁知道呢。我可不想自己亲口将他人的回忆广而告之啊。"
    },
    {
      "id": 24,
      "model": "베르길리우스",
      "content": "走前面去，格里高尔。你应该很清楚为什么。"
    },
    {
      "id": 25,
      "model": "그레고르",
      "content": "你啊，真是个坏心眼的“人类“呢。"
    },
    {
      "id": 26,
      "place": "4区后巷某处",
      "content": "顶着虫子头的军人们三五成群地聚集在巴士附近。"
    },
    {
      "id": 27,
      "model": "그레고르",
      "content": "唉……哎呀。其实我不太喜欢走在前面的感觉啊。"
    },
    {
      "id": 28,
      "model": "화난패잔병",
      "teller": "愤怒的残兵",
      "title": "？？？",
      "content": "你这家伙怎么回事，为什么和我们有着同样的手臂？"
    },
    {
      "id": 29,
      "model": "의아한패잔병",
      "teller": "惊讶的残兵",
      "title": "？？？",
      "content": "等等……这张脸我好像见过？"
    },
    {
      "id": 30,
      "model": "그레고르",
      "content": "……毕竟我经常出现在在海报上或者杂志上嘛。"
    },
    {
      "id": 31,
      "model": "단테",
      "content": "<格里高尔，是你的熟人吗？>"
    },
    {
      "id": 32,
      "model": "이스마엘",
      "content": "……我觉得现在不是关心这些事的时候，经理先生。这里可不适合叙旧。"
    },
    {
      "id": 33,
      "model": "화난패잔병",
      "teller": "愤怒的残兵",
      "title": "？？？",
      "content": "虽然我也有点在意……但不重要，反正这前面禁止通行。"
    },
    {
      "id": 34,
      "model": "단테",
      "content": "<原来如此。表露出了一股无法沟通的气场……>"
    },
    {
      "id": 35,
      "model": "로쟈",
      "content": "不过，为什么他们要把身上像虫子的部分展露出来？"
    },
    {
      "id": 36,
      "model": "로쟈",
      "content": "小孩子们看见了可是要大哭大闹起来的哦。像格雷格那样保持低调不好吗？"
    },
    {
      "id": 37,
      "model": "그레고르",
      "content": "我是特例啦。一般来说头上肯定是会出现昆虫部分的。"
    },
    {
      "id": 38,
      "model": "그레고르",
      "content": "不过我也不知道……这究竟该不该算我走运。"
    },
    {
      "id": 39,
      "model": "유리",
      "teller": "尤莉",
      "title": "8级收尾人",
      "content": "虽然我也不太明白，但那些人好像在试图阻止我们进入脑叶支部呢。"
    },
    {
      "id": 40,
      "model": "로쟈",
      "content": "这些家伙也盯上了金枝？"
    },
    {
      "id": 41,
      "model": "베르길리우스2",
      "teller": "维吉里乌斯",
      "content": "可能吧。"
    },
    {
      "id": 42,
      "model": "베르길리우스2",
      "teller": "维吉里乌斯",
      "content": "毕竟想要得到那个奇点的人已经多到不足为奇了。"
    },
    {
      "id": 43,
      "model": "베르길리우스2",
      "teller": "维吉里乌斯",
      "content": "……每个人想要实现的愿望都不尽相同。不是吗？"
    },
    {
      "id": 44,
      "model": "그레고르",
      "content": "为什么要看着我？我又不可能知道。"
    }
  ]
}