{
  "dataList": [
    {
      "id": 0,
      "place": "赌场 3F",
      "model": "몸푸는철공회조직원",
      "teller": "正在热身的铁工会成员",
      "title": "铁工会",
      "content": "你们这群脑瘫最好赶紧把脑袋给摘下来，因为我们正好缺个足球踢着玩。"
    },
    {
      "id": 1,
      "model": "에피",
      "teller": "埃菲",
      "title": "LCCB",
      "content": "我差点忘了……他们是因为言语粗鄙而“闻名遐迩”的……"
    },
    {
      "id": 2,
      "model": "에피",
      "teller": "埃菲",
      "title": "LCCB",
      "content": "有传言说他们仅凭一张嘴，光用精神伤害就放倒了许多敌对帮派成员……"
    },
    {
      "id": 3,
      "model": "히스클리프",
      "content": "喂！趁你的嘴还能说话时，给我——"
    },
    {
      "id": 4,
      "model": "몸푸는철공회조직원",
      "teller": "正在热身的铁工会成员",
      "title": "铁工会",
      "content": "你个傻卵在看勾巴？你看你妈呢？死鱼眼烦人得要死……"
    },
    {
      "id": 5,
      "model": "위협적인철공회조직원",
      "teller": "危险的铁工会成员",
      "title": "铁工会",
      "content": "没事，兄弟，我刚才都把他的欢乐棒给打爆了。你瞧我现在说话，他的胯下都起回音了。"
    },
    {
      "id": 6,
      "model": "몸푸는철공회조직원",
      "teller": "正在热身的铁工会成员",
      "title": "铁工会",
      "content": "管他妈的。怎么着，他脑瓜子里头哪边连几滴浆糊都没有？冲那摆设吼一声还能弹个三回不成？"
    },
    {
      "id": 7,
      "model": "히스클리프",
      "content": "……"
    },
    {
      "id": 8,
      "model": "그레고르",
      "content": "额，他们不会是同一个屁眼里教出的学生吧？"
    },
    {
      "id": 9,
      "model": "로쟈",
      "content": "……噗。"
    },
    {
      "id": 10,
      "model": "로쟈",
      "content": "但、但是这真的好好笑啊。别别别看我啊喂，看我干吗~"
    },
    {
      "id": 11,
      "model": "히스클리프",
      "content": "……去死。"
    },
    {
      "id": 12,
      "model": "히스클리프",
      "content": "……你们全他妈给我去死！！"
    }
  ]
}