{
  "dataList": [
    {
      "id": 0,
      "place": "卡尔夫镇 广场",
      "model": "이스마엘",
      "content": "……真是个难缠的对手。我们最好赶在这家伙清醒前离开。"
    },
    {
      "id": 1,
      "model": "오티스",
      "content": "何等可耻的发言。只要有一线胜机，士兵就应当直面眼前之敌，一步不退。"
    },
    {
      "id": 2,
      "model": "이스마엘",
      "content": "您就不能挑个更好的时间上这门“军人精神”课吗？"
    },
    {
      "id": 3,
      "model": "단테",
      "content": "<以实玛利说得没错。以我们现在的实力，不可能赢得了那家伙。>"
    },
    {
      "id": 4,
      "model": "오티스",
      "content": "……这就撤退。"
    },
    {
      "id": 5,
      "content": "奥提斯带着满脸的不情愿，向后退了一步。"
    },
    {
      "id": 6,
      "model": "단테",
      "content": "<辛克莱，你知道克罗默说的“老地方”在哪吗？>"
    },
    {
      "id": 7,
      "model": "싱클레어",
      "content": "那里……是……"
    },
    {
      "id": 8,
      "content": "辛克莱的身子抖个不停，简直像是被恐惧夺走了心灵。"
    },
    {
      "id": 9,
      "content": "可与此同时，我也看到了他咬紧的牙关，一种远超于恐惧的愤怒出现在他身上。"
    },
    {
      "id": 10,
      "content": "看着他，我忽然想到了什么。"
    },
    {
      "id": 11,
      "model": "단테",
      "content": "<你必须得说出来，辛克莱。>"
    },
    {
      "id": 12,
      "model": "단테",
      "content": "<你的一句话，说不定就能让我们这些人少死一半。>"
    },
    {
      "id": 13,
      "model": "오티스",
      "content": "同时也能提高作战的成功率。对于有用的情报，我会洗耳恭听。"
    },
    {
      "id": 14,
      "content": "……或许，这才是经理该做的事。"
    },
    {
      "id": 15,
      "content": "听完我的话，辛克莱轻轻摇了摇头，随后深吸一口气，经过一番挣扎后才再次开口。"
    },
    {
      "id": 16,
      "model": "싱클레어",
      "content": "……是我的家，克罗默一定就在那个地方。"
    },
    {
      "id": 17,
      "model": "히스클리프",
      "content": "所以，你认识那娘们咯？"
    },
    {
      "id": 18,
      "model": "히스클리프",
      "content": "真是操了，她那笑声劲可够大，我脑袋现在还痛着呢。"
    },
    {
      "id": 19,
      "model": "싱클레어",
      "content": "……我和她在学校相识。"
    },
    {
      "id": 20,
      "model": "로쟈",
      "content": "天呐，你们莫非是朋友？如果真是这样，你能不能劝劝她……"
    },
    {
      "id": 21,
      "model": "싱클레어",
      "content": "克罗默不是我的朋友，而是杀死我家人的人。"
    },
    {
      "id": 22,
      "model": "로쟈",
      "content": "……"
    },
    {
      "id": 23,
      "model": "로쟈",
      "content": "抱歉。"
    },
    {
      "id": 24,
      "content": "这时，挂在树上的一只义体头颅朝着我们的方向缓缓转动。"
    },
    {
      "id": 25,
      "content": "义体内不时闪烁的灯光与电火花，像极了照明灯。"
    },
    {
      "id": 26,
      "teller": "不知何人的义体头颅",
      "title": "卡尔夫镇镇民",
      "content": "辛…克…莱…啊……滋…滋滋……"
    },
    {
      "id": 27,
      "teller": "不知何人的义体头颅",
      "title": "卡尔夫镇镇民",
      "content": "你…为…什么……要…回来……"
    },
    {
      "id": 28,
      "model": "로쟈",
      "content": "……辛克莱，这是你的邻居？"
    },
    {
      "id": 29,
      "content": "看着支离破碎的义体，罗佳如此问道。"
    },
    {
      "id": 30,
      "model": "싱클레어",
      "content": "如果不是就好了……可，似乎的确如此……"
    },
    {
      "id": 31,
      "content": "望着义体裸露在外的电线和因短路不断迸射出的火花，辛克莱有些阴郁地作出了回答。"
    },
    {
      "id": 32,
      "content": "本就接近停转的头颅，很快便在杂音中停止了运作。"
    },
    {
      "id": 33,
      "content": "而后，歌声突然响起。"
    },
    {
      "id": 34,
      "teller": "不知何人的义体头颅",
      "title": "卡尔夫镇镇民",
      "content": "平安夜……"
    },
    {
      "id": 35,
      "content": "挂在树上的头颅，全都唱起同一首歌。"
    },
    {
      "id": 36,
      "content": "从无数头颅发声单元中渗出的颂歌，很快便消融于烈焰之中。"
    },
    {
      "id": 37,
      "teller": "不知何人的义体头颅",
      "title": "卡尔夫镇镇民",
      "content": "圣善夜……"
    },
    {
      "id": 38,
      "model": "이스마엘",
      "content": "看来他们眼中的“异端”……就是所有使用人工义体的人。"
    },
    {
      "id": 39,
      "model": "파우스트",
      "content": "自人工义体的使用者首次在都市中出现以来，已经经过了很长时间……"
    },
    {
      "id": 40,
      "model": "파우스트",
      "content": "可时至今日，仍有许多人把他们当成异类。"
    },
    {
      "id": 41,
      "model": "싱클레어",
      "content": "……我们的小镇。"
    },
    {
      "id": 42,
      "model": "싱클레어",
      "content": "我们的小镇原先被称作……“K巢义体产业的圣地”。大多数居民都从事于高端义体部件的制造行业。"
    },
    {
      "id": 43,
      "model": "싱클레어",
      "content": "克罗默很早就盯上了我们的小镇。"
    },
    {
      "id": 44,
      "model": "그레고르",
      "content": "所以，你的家人也是……"
    },
    {
      "id": 45,
      "model": "싱클레어",
      "content": "是啊，我的父亲也在经营一家刚起步的义体公司。"
    },
    {
      "id": 46,
      "model": "싱클레어",
      "content": "就是因为这样才……"
    },
    {
      "id": 47,
      "model": "이스마엘",
      "content": "不对。"
    },
    {
      "id": 48,
      "model": "이스마엘",
      "content": "要我说，这群人和所谓的理想、事业可扯不上一点关系，别太看得起他们了。"
    },
    {
      "id": 49,
      "model": "이스마엘",
      "content": "他们……只不过就是一群疯子，一群沉浸于疯狂和暴力的疯子罢了。"
    },
    {
      "id": 50,
      "content": "以实玛利断言道。"
    },
    {
      "id": 51,
      "content": "辛克莱凝视着那颗用他邻居装饰而成的“圣诞树”，过了不久，他转头看向我。"
    },
    {
      "id": 52,
      "model": "싱클레어",
      "content": "经理先生，如果你不介意的话，我想问一个想问你很久的问题。"
    },
    {
      "id": 53,
      "model": "단테",
      "content": "<什么问题？>"
    },
    {
      "id": 54,
      "model": "싱클레어",
      "content": "那个……是什么样的感觉？"
    },
    {
      "id": 55,
      "model": "단테",
      "content": "<感觉？>"
    },
    {
      "id": 56,
      "model": "싱클레어",
      "content": "对。"
    },
    {
      "id": 57,
      "model": "싱클레어",
      "content": "就是，用义体代替自己的头颅，是什么样的感觉？"
    },
    {
      "id": 58,
      "content": "听到这样一个从未被问过的问题，我一下子有些困惑。"
    },
    {
      "id": 59,
      "content": "问题是，我根本不可能知道在装上这个时钟脑袋前，自己有什么样的感觉。"
    },
    {
      "id": 60,
      "model": "단테",
      "content": "<嗯……这个嘛……>"
    },
    {
      "id": 61,
      "model": "싱클레어",
      "content": "啊！这……那个……我不是在逼你。"
    },
    {
      "id": 62,
      "model": "싱클레어",
      "content": "我……我问的太失礼了，对不起。"
    },
    {
      "id": 63,
      "model": "단테",
      "content": "<没关系，你不用道歉。>"
    },
    {
      "id": 64,
      "content": "毕竟其他罪人就连日常交流都要比你现在失礼无数倍，唉。"
    },
    {
      "id": 65,
      "model": "단테",
      "content": "<恐怕我是没法回答这个问题了……装上这个时钟前的记忆，我已经一点也没有了。>"
    },
    {
      "id": 66,
      "model": "싱클레어",
      "content": "这样啊……"
    },
    {
      "id": 67,
      "model": "싱클레어",
      "content": "我一直很好奇，用其他的东西取代自己的头部，究竟是一种什么样的感觉……"
    },
    {
      "id": 68,
      "model": "싱클레어",
      "content": "家里人说，就和戴帽子、戴手表差不多……"
    },
    {
      "id": 69,
      "model": "싱클레어",
      "content": "可不管我尝试了多少次，都想象不到那种感觉。"
    },
    {
      "id": 70,
      "model": "싱클레어",
      "content": "之所以我是唯一的幸存者，或许还要归功于此。"
    },
    {
      "id": 71,
      "model": "단테",
      "content": "<对于小孩子来说，义体手术一定是很恐怖的一件事。你不必为此而感到内疚。>"
    },
    {
      "id": 72,
      "model": "싱클레어",
      "content": "不是那样……"
    },
    {
      "id": 73,
      "model": "싱클레어",
      "content": "不是那样的……"
    },
    {
      "id": 74,
      "model": "싱클레어",
      "content": "恐怕我并不像你所想那般无辜，但丁先生……"
    },
    {
      "id": 75,
      "content": "辛克莱静静地垂下头。"
    },
    {
      "id": 76,
      "content": "我绞尽脑汁想找到一个合适的回答，最后却连一句像样的安慰话都没能找到。"
    },
    {
      "id": 77,
      "content": "寂静的街道上，只剩下电火花和烈焰组成的刺耳杂音在回荡。"
    }
  ]
}