{
  "dataList": [
    {
      "id": 0,
      "place": "4区 脑叶公司支部前",
      "model": "베르길리우스2",
      "teller": "维吉里乌斯",
      "title": "向导",
      "content": "……但丁，请跟我过来一下。"
    },
    {
      "id": 1,
      "content": "当其他人忙着互相问候时，维吉里乌斯把我叫到一个僻静的地方。"
    },
    {
      "id": 2,
      "model": "베르길리우스2",
      "teller": "维吉里乌斯",
      "title": "向导",
      "content": "我提前告诉你，他们只是8阶收尾人。"
    },
    {
      "id": 3,
      "model": "단테",
      "content": "<8阶？>"
    },
    {
      "id": 4,
      "model": "베르길리우스2",
      "teller": "维吉里乌斯",
      "title": "向导",
      "content": "……这意味着他们只是低级的苦力，主要负责跑腿。"
    },
    {
      "id": 5,
      "model": "베르길리우스2",
      "teller": "维吉里乌斯",
      "title": "向导",
      "content": "好好地利用他们，但别想着依靠他们。"
    },
    {
      "id": 6,
      "model": "단테",
      "content": "<也就是说，我不能指望他们为我们解决所有的事。>"
    },
    {
      "id": 7,
      "content": "我点了点头，让他知道我理解他的意思。"
    },
    {
      "id": 8,
      "model": "베르길리우스2",
      "teller": "维吉里乌斯",
      "title": "向导",
      "content": "……或许你反倒是巴士上我唯一聊得来的人。"
    },
    {
      "id": 9,
      "model": "베르길리우스2",
      "teller": "维吉里乌斯",
      "title": "向导",
      "content": "……好吧，祝你好运，但丁。"
    },
    {
      "id": 10,
      "content": "维吉里乌斯苦笑着拍了拍我的肩膀，然后缓缓走回了巴士。"
    }
  ]
}