{
  "dataList": [
    {
      "id": 0,
      "place": "K公司 检查站",
      "model": "단테",
      "content": "<虽然我已经习惯这种情况了，但这次感觉相当严重啊。>"
    },
    {
      "id": 1,
      "model": "파우스트",
      "content": "的确如此。毕竟，我们触犯了翼的禁忌。"
    },
    {
      "id": 2,
      "model": "단테",
      "content": "<他们的那些人都像根本没受伤一样——我们不能和他们好好谈谈吗？>"
    },
    {
      "id": 3,
      "content": "浮士德直视着我的脸。"
    },
    {
      "id": 4,
      "content": "浮士德通常只盯着空地说话，她直视某人只能说明一件事。"
    },
    {
      "id": 5,
      "content": "我一定说了些非常令人沮丧的话。"
    },
    {
      "id": 6,
      "model": "파우스트",
      "content": "无论是哪片翼，触犯了禁忌都意味着——"
    },
    {
      "id": -1,
      "model": "//효과음",
      "content": "총소리와 폭발 소리"
    },
    {
      "id": 7,
      "content": "一声巨响后，堂吉诃德在她刚站着的地方被肢解了。"
    },
    {
      "id": 8,
      "model": "파우스트",
      "content": "可以不提前警告，直接对违犯者采取致命措施。"
    },
    {
      "id": 9,
      "content": "看来边境管制部门直到他们肢解完其余的罪人为止，都不愿原谅我们……"
    },
    {
      "id": 10,
      "content": "武装安保人员包围着我们。"
    },
    {
      "id": 11,
      "model": "베르길리우스",
      "content": "……你总是能让我感到惊奇。"
    },
    {
      "id": 12,
      "model": "베르길리우스",
      "content": "你成功地让我对你的最后一滴期望也被拧干。"
    },
    {
      "id": 13,
      "model": "베르길리우스",
      "content": "我不管了。把一切都归咎于她，或是承担责任，无论怎样都随你便吧。"
    },
    {
      "id": 14,
      "model": "이스마엘",
      "content": "我还以为你会和我们一起处理那些经理无法独自应对的情况？！"
    },
    {
      "id": 15,
      "model": "베르길리우스",
      "content": "我与你们同行是为了解决不可避免的问题，而不是为了介入这种无聊的事。"
    },
    {
      "id": 16,
      "content": "维吉里乌斯若无其事地穿过武装警卫的队伍，斜靠在一面墙边。"
    },
    {
      "id": 17,
      "content": "然后他交叉着双臂，就像要继续开车回家的人一样，仍然作为一个旁观者靠在一旁。"
    }
  ]
}