{
  "dataList": [
    {
      "id": 0,
      "place": "卡尔夫镇 广场",
      "model": "이상",
      "content": "我就老实说吧。\n我是不知道你是怎么来到这里的。\n这实际上是一种处理出错的讯息。"
    },
    {
      "id": 1,
      "model": "파우스트",
      "content": "所以，如果你看到了这个剧情的话...\n请告诉任何一个制作或汉化这个游戏的作者，好吗？\n他们会修正，如果这是个新的程式...\n他们甚至可能会增加新的剧情。"
    },
    {
      "id": 2,
      "model": "돈키호테",
      "content": "但，最有可能的是...\n你就只是个肮脏的黑客，不是吗？"
    }
  ]
}