{
  "dataList": [
    {
      "id": 0,
      "place": "4区 脑叶公司支部内某处",
      "content": "我们进入了被称作脑叶公司支部的一栋破旧的建筑中。"
    },
    {
      "id": 1,
      "content": "光线逐渐黯淡，从地下传来的的恶臭愈发强烈。"
    },
    {
      "id": 2,
      "model": "싱클레어",
      "content": "呜呃……味道好重。"
    },
    {
      "id": 3,
      "model": "이상",
      "content": "唔……能感受到污秽在我的肺里堆积。"
    },
    {
      "id": 4,
      "model": "이상",
      "content": "这味道反而有助于头脑变得清醒。"
    },
    {
      "id": 5,
      "model": "파우스트",
      "content": "请允许我最后警告各位一次。如果你们死在这里，即便战斗结束，但丁也无法让你们复原。"
    },
    {
      "id": 6,
      "model": "홉킨스",
      "teller": "霍普金斯",
      "title": "8阶收尾人",
      "content": "复原……？"
    },
    {
      "id": 7,
      "model": "아야",
      "teller": "阿雅",
      "title": "8阶收尾人",
      "content": "这一定是某个流行的笑话之类的……呼，最近都不知道城里又流传着什么故事~"
    },
    {
      "id": 8,
      "content": "虽然产生了一些误会，但看到浮士德不打算为此特意解释，我也决定束手旁观。"
    },
    {
      "id": 9,
      "content": "比起那些，散发着萦绕鼻腔的恶臭的来源映入我的眼中。"
    },
    {
      "id": 10,
      "model": "단테",
      "content": "<看起来他们死了有一阵子了。>"
    },
    {
      "id": 11,
      "model": "오티스",
      "content": "敏锐的观察，经理。看来尸体的腐败已经进入了活跃期。"
    },
    {
      "id": 12,
      "model": "로쟈",
      "content": "哎呀，看来虫子们正在大快朵颐。"
    },
    {
      "id": 13,
      "model": "그레고르",
      "content": "……快走吧。"
    },
    {
      "id": 14,
      "model": "로쟈",
      "content": "嗯……怎么了，格雷格，你害怕虫子吗？"
    },
    {
      "id": 15,
      "model": "그레고르",
      "content": "……哈，我相信你是个成熟的人，不会做拿死虫子贴在别人脸上这种事……"
    },
    {
      "id": 16,
      "model": "로쟈",
      "content": "锵！！"
    },
    {
      "id": 17,
      "model": "그레고르",
      "content": "但是以防万一——啊啊！快把它拿走！这有什么好玩的？！"
    },
    {
      "id": 18,
      "model": "로쟈",
      "content": "噗……太好笑了，没想到你竟然怕这些小虫子……"
    },
    {
      "id": 19,
      "model": "로쟈",
      "content": "……格雷格？你有这么讨厌它吗？"
    },
    {
      "id": 20,
      "model": "그레고르",
      "content": "……算了。"
    },
    {
      "id": 21,
      "model": "오티스",
      "content": "那边！别再恶作剧了，少给我们的经理增添不必要的麻烦！"
    },
    {
      "id": 22,
      "model": "파우스트",
      "content": "等等……这具尸体还留有余温。"
    },
    {
      "id": 23,
      "model": "이상",
      "content": "说明刚被袭击不久。"
    },
    {
      "id": 24,
      "content": "仔细观察了一会尸体后，尤莉脸上的阴霾散去了。"
    },
    {
      "id": 25,
      "model": "유리",
      "teller": "尤莉",
      "title": "8阶收尾人",
      "content": "这不是我们……我是说，不是脑叶公司的员工。"
    },
    {
      "id": 26,
      "model": "이스마엘",
      "content": "我听说这些废弃的建筑似乎都被当成了宝地，所以会有些不伦不类的人聚集过来。"
    },
    {
      "id": 27,
      "model": "이스마엘",
      "content": "“脑叶之梦”和“脑啡肽热潮”这样的词，肯定在收尾人和帮派中流行起来了。"
    },
    {
      "id": 28,
      "model": "료슈",
      "content": "脑・梦，脑・潮……真是不错的略语……"
    },
    {
      "id": 29,
      "model": "이스마엘",
      "content": "唉，你这么久不说话，刚一开口就是这个？"
    },
    {
      "id": 30,
      "model": "이상",
      "content": "如此随便地使用英语，难道不会模糊原意吗？"
    },
    {
      "id": 31,
      "model": "이스마엘",
      "content": "这就是我想说——"
    },
    {
      "id": 32,
      "model": "이스마엘",
      "content": "哎，李箱先生，你话比平时多不少啊？"
    },
    {
      "id": 33,
      "model": "이상",
      "content": "有何不妥？"
    },
    {
      "id": 34,
      "model": "파우스트",
      "content": "他原本就不是寡言的人。"
    },
    {
      "id": 35,
      "model": "파우스트",
      "content": "只是最近……稍稍有了些变化。"
    },
    {
      "id": 36,
      "model": "오티스",
      "content": "能多一个观察力敏锐的下属总是好的。"
    },
    {
      "id": 37,
      "model": "오티스",
      "content": "希望你继续保持，我们前进吧。"
    },
    {
      "id": 38,
      "model": "이상",
      "content": "你似乎将自己至于队长之位。我本以为这是经理的职责。"
    },
    {
      "id": 39,
      "model": "오티스",
      "content": "……请原谅我的无礼，经理。"
    },
    {
      "id": 40,
      "content": "奥德修斯紧皱着眉头，有些手足无措，她一边向我鞠躬，一边道着歉。"
    },
    {
      "id": 41,
      "model": "단테",
      "content": "<没，没事的，我们还是继续前进吧。>"
    },
    {
      "id": 42,
      "content": "大部分尸体的一些部位都产生了奇怪的变化。"
    },
    {
      "id": 43,
      "content": "比如从尸体的肠子里伸出几对翅膀，或是扭曲成了怪异的形状，垂下可怕的触角。"
    },
    {
      "id": 44,
      "model": "유리",
      "teller": "尤莉",
      "title": "8阶收尾人",
      "content": "这看上去有点像我们之前遇到过的暴徒，对吧？"
    },
    {
      "id": 45,
      "model": "이스마엘",
      "content": "你是说那些虫脑袋？"
    },
    {
      "id": 46,
      "model": "오티스",
      "content": "安静，前方发现举异者。"
    },
    {
      "id": 47,
      "content": "正如奥提斯所说，走廊上可以看到好多个人影。"
    },
    {
      "id": 48,
      "model": "로쟈",
      "content": "(举异……者？是什么啊？)"
    },
    {
      "id": 49,
      "model": "그레고르",
      "content": "(举动异常者……说不定是敌人。)"
    },
    {
      "id": 50,
      "model": "오티스",
      "content": "……嗯。"
    },
    {
      "id": 51,
      "content": "我确信我们所有人都冒出一个想法。"
    },
    {
      "id": 52,
      "content": "之前浮士德提到的，可能正在设施里游荡的，神秘的“异想体”。"
    },
    {
      "id": 53,
      "content": "那大概就是这些身影的真身。"
    },
    {
      "id": 54,
      "model": "오티스",
      "content": "……我们别无选择，只能面对他们了。"
    },
    {
      "id": 55,
      "teller": "扭曲的老兵",
      "title": "没落的G公司",
      "content": "嘿！谁在那里？！"
    },
    {
      "id": 56,
      "content": "然而，我们面对的却是人类。"
    },
    {
      "id": 57,
      "content": "虽然尚不知该不该对此感到庆幸。"
    },
    {
      "id": 58,
      "teller": "扭曲的老兵",
      "title": "没落的G公司",
      "content": "嗯？我听说这附近就剩我们几个活人了。"
    },
    {
      "id": 59,
      "teller": "粗野的老兵",
      "title": "没落的G公司",
      "content": "入口那边没能处理掉吗？看样子是在这期间有其他老鼠混进来了。"
    },
    {
      "id": 60,
      "model": "히스클리프",
      "content": "嘿，臭虫！那边的尸体是你的朋友吗？"
    },
    {
      "id": 61,
      "teller": "粗野的老兵",
      "title": "没落的G公司",
      "content": "尸体？！你们这帮混蛋……"
    },
    {
      "id": 62,
      "teller": "扭曲的老兵",
      "title": "没落的G公司",
      "content": "等等。"
    },
    {
      "id": 63,
      "teller": "粗野的老兵",
      "title": "没落的G公司",
      "content": "……我不知道你们这帮垃圾是哪来的，但是给我听好。"
    },
    {
      "id": 64,
      "teller": "粗野的老兵",
      "title": "没落的G公司",
      "content": "反正你们来这儿肯定也是为了脑啡肽吧？只要你们再下一层楼，就能轻松得手了。"
    },
    {
      "id": 65,
      "teller": "粗野的老兵",
      "title": "没落的G公司",
      "content": "那里就让给你们了。我们彼此各取所需，友好道别……"
    },
    {
      "id": 66,
      "teller": "粗野的老兵",
      "title": "没落的G公司",
      "content": "……吧。哈，哈哈。"
    },
    {
      "id": 67,
      "model": "그레고르",
      "content": "啧，还是认出我了。"
    },
    {
      "id": 68,
      "content": "如他所言，原本想要和平解决的那人的表情……"
    },
    {
      "id": 69,
      "content": "在看见格里高尔的那一瞬间就立刻崩溃了。"
    },
    {
      "id": 70,
      "teller": "扭曲的老兵",
      "title": "没落的G公司",
      "content": "卑鄙的叛徒……"
    },
    {
      "id": 71,
      "model": "그레고르",
      "content": "啊，你应该也上过前线吧。怎么样，真正的我看上去比传单上要好多了吧？"
    },
    {
      "id": 72,
      "teller": "扭曲的老兵",
      "title": "没落的G公司",
      "content": "去你妈的！一想到曾经对着你的脸敬过礼，我就恶心得要命。"
    },
    {
      "id": 73,
      "model": "그레고르",
      "content": "哎呀，又不需要你对着真人敬礼，就别这么说了。"
    },
    {
      "id": 74,
      "teller": "粗野的老兵",
      "title": "没落的G公司",
      "content": "你倒是靠着你那屁大点的特权，摆脱掉副作用，像个正常人一样生活起来了……"
    },
    {
      "id": 75,
      "teller": "粗野的老兵",
      "title": "没落的G公司",
      "content": "我们可完全不一样，你这骗子。刚一战败我们就全被舍弃了。"
    },
    {
      "id": 76,
      "model": "그레고르",
      "content": "……我也一样被抛弃了，所有士兵不都是这样吗？"
    },
    {
      "id": 77,
      "model": "그레고르",
      "content": "在这之中，你们似乎选择了像被舍弃的虫子一样生存下去？"
    },
    {
      "id": 78,
      "model": "오티스",
      "content": "停！嘲讽你的敌人没有任何好处！"
    },
    {
      "id": 79,
      "model": "그레고르",
      "content": "同为军队出身的你应该心知肚明。"
    },
    {
      "id": 80,
      "model": "그레고르",
      "content": "我们是否要与眼前的这些家伙战斗。"
    },
    {
      "id": 81,
      "teller": "扭曲的老兵",
      "title": "没落的G公司",
      "content": "……本想放你们乖乖离开的。"
    },
    {
      "id": 82,
      "teller": "粗野的老兵",
      "title": "没落的G公司",
      "content": "但现在我要把那个混账叛徒切个稀碎。"
    },
    {
      "id": 83,
      "model": "히스클리프",
      "content": "一群蠢货。如果我们真把脑啡肽拿来了，你们肯定会在背后捅我们一刀吧。"
    },
    {
      "id": 84,
      "model": "싱클레어",
      "content": "他，他们是这么想的吗？"
    },
    {
      "id": 85,
      "model": "히스클리프",
      "content": "就这么一群堕落到骨子里的东西，你觉得他们还能讲究那狗屁义气？"
    },
    {
      "id": 86,
      "model": "히스클리프",
      "content": "哪怕是那些端端正正的人也会在背后捅人刀子。你最好是别有什么天真的期待。"
    }
  ]
}