{
  "dataList": [
    {
      "id": -1,
      "content": "S0_8 에피소드"
    },
    {
      "id": 0,
      "place": "梅菲斯托费勒斯 内部",
      "model": "카론",
      "content": "我们到了。果然卡戎一直都认得路。"
    },
    {
      "id": 1,
      "model": "유리",
      "teller": "尤莉",
      "title": "8阶收尾人",
      "content": "果然个鬼啊！我和辛克莱在旁边费了多大的劲来给你指路……。"
    },
    {
      "id": 2,
      "model": "싱클레어",
      "content": "不过你总算学会区分东南和东北了，太好了，卡戎。"
    },
    {
      "id": 3,
      "model": "단테",
      "content": "<这就是……原L公司？>"
    },
    {
      "id": 4,
      "model": "이스마엘",
      "content": "我也是第一次亲眼见到它……不过“那件事”发生后应该没过很久就是了。"
    },
    {
      "id": 5,
      "model": "홍루",
      "content": "我的天哪……一栋建筑要怎样才会变得如此破旧不堪？"
    },
    {
      "id": 6,
      "model": "히스클리프",
      "content": "哈，公子哥肯定没见过这种场面吧。"
    },
    {
      "id": 7,
      "model": "베르길리우스",
      "content": " 闲聊到此为止。下车。"
    },
    {
      "id": 10,
      "place": "4区 脑叶公司支部前",
      "model": "단테",
      "content": "<啊呀，那边怎么有一群陌生人……>"
    },
    {
      "id": 11,
      "model": "파우스트",
      "content": "他们是和尤莉小姐来自同一事务所的收尾人。"
    },
    {
      "id": 12,
      "model": "파우스트",
      "content": "是多次探索过L公司支部的熟手。"
    },
    {
      "id": 13,
      "model": "베르길리우스2",
      "teller": "维吉里乌斯",
      "title": "向导",
      "content": "来打个招呼吧。左边这位叫霍普金斯先生，右边的是阿雅女士。"
    },
    {
      "id": 14,
      "model": "아야",
      "teller": "阿雅",
      "title": "8阶收尾人",
      "content": "你好呀~"
    },
    {
      "id": 15,
      "model": "홉킨스",
      "teller": "霍普金斯",
      "title": "8阶收尾人",
      "content": "猩……猩红……"
    },
    {
      "id": 16,
      "model": "홉킨스",
      "teller": "霍普金斯",
      "title": "8阶收尾人",
      "content": "猩红凝视先生！见到您可真是荣幸……！我听过很多关于您的故事，这样亲眼见到……"
    },
    {
      "id": 17,
      "model": "베르길리우스2",
      "teller": "维吉里乌斯",
      "title": "向导",
      "content": "噢。"
    },
    {
      "id": 18,
      "model": "베르길리우스2",
      "teller": "维吉里乌斯",
      "title": "向导",
      "content": "看到那间破旧的仓库了吗？那里有通往支部的楼梯。"
    },
    {
      "id": 19,
      "model": "베르길리우스2",
      "teller": "维吉里乌斯",
      "title": "向导",
      "content": "下了台阶之后，由这边的尤莉负责向导。"
    },
    {
      "id": 20,
      "model": "유리",
      "teller": "尤莉",
      "title": "8阶收尾人",
      "content": "……好的。"
    },
    {
      "id": 21,
      "model": "베르길리우스2",
      "teller": "维吉里乌斯",
      "title": "向导",
      "content": "这些收尾人已经是熟手了。能熟练应对突发状况。"
    },
    {
      "id": 22,
      "model": "베르길리우스2",
      "teller": "维吉里乌斯",
      "title": "向导",
      "content": "这样就够了吧？我就陪你们到这。我在巴士等着你们。"
    },
    {
      "id": 23,
      "model": "단테",
      "content": "<哈？这么突然？>"
    },
    {
      "id": 24,
      "model": "베르길리우스2",
      "teller": "维吉里乌斯",
      "title": "向导",
      "content": "但丁，如果你指望我跟带孩子一样一直照顾你，那你就大错特错了。"
    },
    {
      "id": 25,
      "model": "히스클리프",
      "content": "你打算自己翘着二郎腿在这度假？"
    },
    {
      "id": 26,
      "model": "베르길리우스2",
      "teller": "维吉里乌斯",
      "title": "向导",
      "content": "说到底，我参与进来的话，你们不就跟来参观一样吗？"
    },
    {
      "id": 27,
      "model": "그레고르",
      "content": "……换句话说，你希望我们鼻青脸肿，头破血流的回来。"
    },
    {
      "id": 28,
      "model": "이스마엘",
      "content": "这是居心叵测的人才会说出来的话……"
    },
    {
      "id": 29,
      "model": "베르길리우스2",
      "teller": "维吉里乌斯",
      "title": "向导",
      "content": "随你怎么想吧。"
    },
    {
      "id": 30,
      "model": "베르길리우스2",
      "teller": "维吉里乌斯",
      "title": "向导",
      "content": "我已经给你们指完路了，给我好好干。"
    },
    {
      "id": 31,
      "model": "홉킨스",
      "teller": "霍普金斯",
      "title": "8阶收尾人",
      "content": "是！我一定不会让您失望的，猩红凝视先生！"
    },
    {
      "id": 32,
      "model": "아야",
      "teller": "阿雅",
      "title": "8阶收尾人",
      "content": "我会尽力的，大概~"
    }
  ]
}