{
  "dataList": [
    {
      "id": 0,
      "place": "赌场 3F",
      "model": "위협적인철공회조직원",
      "teller": "危险的铁工会成员",
      "title": "铁工会",
      "content": "啥玩意跑这儿来了？"
    },
    {
      "id": 1,
      "model": "몸푸는철공회조직원",
      "teller": "正在热身的铁工会成员",
      "title": "铁工会",
      "content": "你们几个知道这是谁的地盘吗？ "
    },
    {
      "id": 2,
      "model": "위협적인철공회조직원",
      "teller": "危险的铁工会成员",
      "title": "铁工会",
      "content": "要是敢过来挑事，我就把你们拧成麻花。"
    },
    {
      "id": 3,
      "model": "몸푸는철공회조직원",
      "teller": "正在热身的铁工会成员",
      "title": "铁工会",
      "content": "然后把你们的指头一个个剁下来做成麻将。"
    },
    {
      "id": 4,
      "model": "이스마엘",
      "content": "啧，可真是友好的问候"
    },
    {
      "id": 5,
      "model": "히스클리프",
      "content": "呵，我可不会拒绝这种问候。喂！开打吧！"
    }
  ]
}