{
  "dataList": [
    {
      "id": 0,
      "place": "赌场入口",
      "model": "콩콩이파보스",
      "teller": "豆豆帮老大",
      "title": "豆豆帮",
      "content": "什么？怎么了？"
    },
    {
      "id": 1,
      "model": "콩을싫어하는콩콩파조직원",
      "teller": "讨厌豆子的豆豆帮成员",
      "title": "豆豆帮",
      "content": "老大！一群不知道打哪儿来的家伙突然闯进来了！"
    },
    {
      "id": 2,
      "model": "콩콩이파보스",
      "teller": "豆豆帮老大",
      "title": "豆豆帮",
      "content": "谁让你进来的？！你小子穿得不像“哈瓦那帮”或者肉铺的人……"
    },
    {
      "id": 3,
      "model": "콩콩이파보스",
      "teller": "豆豆帮老大",
      "title": "豆豆帮",
      "content": "如果你现在跪下来，向我求饶的话，我也许还能让你手脚完好的离开。"
    },
    {
      "id": 4,
      "model": "이상",
      "content": "如果你们能自己脱下衣服的话，我们会愿意离开的。"
    },
    {
      "id": 5,
      "model": "그레고르",
      "content": "虽然这听上去有点奇怪啦，哈哈。"
    },
    {
      "id": 6,
      "model": "콩을싫어하는콩콩파조직원",
      "teller": "讨厌豆子的豆豆帮成员",
      "title": "豆豆帮",
      "content": "老大……这好像是传闻里那些，会用别人体味做些……奇怪事情的家伙。"
    },
    {
      "id": 7,
      "model": "콩콩이파보스",
      "teller": "豆豆帮老大",
      "title": "豆豆帮",
      "content": "呃……真恶心，怎么会有人能活成这样……"
    },
    {
      "id": 8,
      "content": "现在，我猜那位老大肯定已经打心眼里觉得我们无比肮脏了。"
    },
    {
      "id": 9,
      "model": "단테",
      "content": "<……我从没有如此迫切的渴望胜利。>"
    }
  ]
}