{
  "dataList": [
    {
      "id": 0,
      "place": "赌场 1F",
      "model": "소드",
      "teller": "索德",
      "title": "LCCB",
      "content": "再次确认一下……"
    },
    {
      "id": 1,
      "model": "소드",
      "teller": "索德",
      "title": "LCCB",
      "content": "你们都知道，任务目标是赢得顶层的赌局，而不是在赌场一层大闹一场，没错吧？"
    },
    {
      "id": 2,
      "content": "我确信有人把它当做了耳旁风，但这件事我还是不说出来为妙。"
    },
    {
      "id": 3,
      "model": "소드",
      "teller": "索德",
      "title": "LCCB",
      "content": "不仅仅是要到达顶层，更重要的是要在那里的赌局中获胜。"
    },
    {
      "id": 4,
      "model": "소드",
      "teller": "索德",
      "title": "LCCB",
      "content": "因此我们需要愿力才能实现它。"
    },
    {
      "id": 5,
      "model": "소드",
      "teller": "索德",
      "title": "LCCB",
      "content": "我不想深究我们收集的愿力是出于何种荒谬的理由而付诸东流的，这只会影响我们的士气。"
    },
    {
      "id": 6,
      "content": "我情不自禁的低下了头，心中充满了歉疚。"
    },
    {
      "id": 7,
      "model": "오티스",
      "content": "那这里还有其他地方可以收集到足够的愿力吗？"
    },
    {
      "id": 8,
      "model": "소드",
      "teller": "索德",
      "title": "LCCB",
      "content": "入口处有一台轮盘赌。前来赌场的人每天都会在轮盘赌上碰碰运气，并根据结果赢取或赔掉愿力。"
    },
    {
      "id": 9,
      "model": "오티스",
      "content": "若果真如此，那我们可以找个机会把那里面的汲愿器搞过来。"
    },
    {
      "id": 10,
      "model": "단테",
      "content": "<你觉得可行吗？>"
    },
    {
      "id": 11,
      "model": "오티스",
      "content": "我经历过无数规模更大，更复杂的行动。"
    },
    {
      "id": 12,
      "model": "오티스",
      "content": "经理阁下的荒唐错误和那些行动相比根本无伤大雅。"
    },
    {
      "id": 13,
      "model": "오티스",
      "content": "一定是那些拖泥带水的废物们搅扰了您的睿智的思维！不要在意他们的闲言碎语！"
    },
    {
      "id": 14,
      "model": "단테",
      "content": "<荒唐啊……我明白了……等等！>"
    },
    {
      "id": 15,
      "content": "当我们正忙于讨论备用计划时…"
    },
    {
      "id": 16,
      "content": "希斯克利夫已经急不可待地冲向了赌场的入口处。"
    },
    {
      "id": 17,
      "content": "究竟是我们太专注于讨论计划，还是只是集体走了神？"
    },
    {
      "id": 18,
      "content": "但无论何种情况，我们都对他的意图一无所知。"
    },
    {
      "id": 19,
      "model": "단테",
      "content": "<希斯克利夫？>"
    },
    {
      "id": 20,
      "model": "히스클리프",
      "content": "他妈的，你们打算扯到什么时候，直接动手不就得了？"
    },
    {
      "id": 21,
      "content": "然后他开始冲着楼层中的保镖们大喊大叫。"
    },
    {
      "id": 22,
      "model": "히스클리프",
      "content": "你们这群家伙，不觉得自己很可悲吗？"
    },
    {
      "id": 23,
      "model": "히스클리프",
      "content": "那边那个金发小鬼还是个乳臭未干的菜鸟。"
    },
    {
      "id": 24,
      "model": "히스클리프",
      "content": "还有这个我们管他叫经理的家伙，脑子啥也记不住，胳膊软到刀都提不动。"
    },
    {
      "id": 25,
      "model": "히스클리프",
      "content": "跟这种货色都能打成这鬼样？笑死个人……"
    },
    {
      "id": 26,
      "model": "카지노경호원대장",
      "teller": "赌场警卫队长",
      "title": "J公司赌场",
      "content": "呃，这……这家伙……"
    },
    {
      "id": 27,
      "model": "싱클레어",
      "content": "希……希斯克利夫先生，您说的好像有点……太过了。"
    },
    {
      "id": 28,
      "model": "단테",
      "content": "<是，是啊。的确有些过头了，希斯克利夫。>"
    },
    {
      "id": 29,
      "model": "히스클리프",
      "content": "还有，你拿着那把棍子难道是当装饰用的吗？"
    },
    {
      "id": 30,
      "model": "카지노경호원대장",
      "teller": "赌场警卫队长",
      "title": "J公司赌场",
      "content": "你小子可别太嚣张……！"
    },
    {
      "id": 31,
      "content": "气急败坏的赌场警卫挥舞着手中的棍棒，如猎狗一般嘶叫着直冲向希斯克利夫。"
    },
    {
      "id": 32,
      "content": "希斯克利夫惊险的闪过迎面而来的攻击，其身后的那台轮盘机却被落空的重击砸的粉碎。"
    },
    {
      "id": 33,
      "model": "소드",
      "teller": "索德",
      "title": "LCCB",
      "content": "汲……汲愿器！"
    },
    {
      "id": 34,
      "content": "此时，在轮盘机那惨不忍睹的残骸中，一份份曾经被称为“愿力”的东西正喷涌而出。"
    },
    {
      "id": 35,
      "content": "索德发出了将死一般的尖叫，又立马伸手掩住嘴巴，试图挽回一点形象……鉴于那副场景实在是惨不忍睹，我识趣的转过了身。"
    },
    {
      "id": 36,
      "content": "“等我长大了，我要做愿望贴纸，给每个人带来希望！”"
    },
    {
      "id": 37,
      "content": "我似乎听到了愿望贴纸上人们那未能实现的心声。"
    },
    {
      "id": 38,
      "model": "히스클리프",
      "content": "喂，你们几个听着。"
    },
    {
      "id": 39,
      "model": "히스클리프",
      "content": "你们是想让你们老板知道，你们在和我们打架的时候把机子干碎了，然后挨老板一顿痛骂……"
    },
    {
      "id": 40,
      "model": "히스클리프",
      "content": "还是说把责任全部推给我们，顺便让我们上去二楼？"
    },
    {
      "id": 41,
      "model": "각잡힌카지노경호원",
      "teller": "穿戴整齐的赌场警卫",
      "title": "J公司赌场",
      "content": "这…这可是存了一个月的运气……"
    },
    {
      "id": 42,
      "model": "카지노경호원대장",
      "teller": "赌场警卫队长",
      "title": "J公司赌场",
      "content": "……"
    },
    {
      "id": 43,
      "model": "카지노경호원대장",
      "teller": "赌场警卫队长",
      "title": "J公司赌场",
      "content": "即使上了楼，你们也讨不到好果子吃……"
    },
    {
      "id": 44,
      "model": "히스클리프",
      "content": "哦，反正在哪儿都一个鸟样。感谢忠告"
    },
    {
      "id": 45,
      "content": "说完，希斯克利夫扶着自己被棍棒打脱臼的胳膊向我走来。"
    },
    {
      "id": 46,
      "model": "히스클리프",
      "content": "瞅我干啥？干你的正事，赶紧给我治好。"
    },
    {
      "id": 47,
      "model": "단테",
      "content": "<……>"
    },
    {
      "id": 48,
      "model": "소드",
      "teller": "索德",
      "title": "LCCB",
      "content": "我下定决心了。我以后绝对不会再跟你们提“计划”这两个字。"
    },
    {
      "id": 49,
      "model": "파우스트",
      "content": "你明白的太晚了。"
    },
    {
      "id": 50,
      "model": "에피",
      "teller": "埃菲",
      "title": "LCCB",
      "content": "浮士德，真希望你能在这个时候闭嘴。"
    },
    {
      "id": 51,
      "content": "就这样，我们狼狈不堪的向二楼爬去。"
    }
  ]
}