{
  "dataList": [
    {
      "id": 0,
      "place": "赌场 2F",
      "model": "파우스트",
      "content": "氛围改变了，二层似乎是其他帮派管辖的区域。"
    },
    {
      "id": 1,
      "model": "흥겨운마리아치조직원",
      "teller": "欢快的流浪乐队成员",
      "title": "流浪乐队",
      "content": "喂，你们几个！什么啊这表情？"
    },
    {
      "id": 2,
      "model": "흥겨운마리아치조직원",
      "teller": "欢快的流浪乐队成员",
      "title": "流浪乐队",
      "content": "你不知道这一层的规矩吗？如果脸上挂着令人悲伤的表情还要四处乱晃的话，先去戴上帽子把表情藏起来！"
    },
    {
      "id": 3,
      "model": "료슈",
      "content": "为什么看着我说这话？切・脖，要开打咯？"
    },
    {
      "id": 4,
      "model": "흥겨운마리아치조직원",
      "teller": "欢快的流浪乐队成员",
      "title": "流浪乐队",
      "content": "什么意思！？"
    },
    {
      "id": 5,
      "model": "료슈",
      "content": "将你斩首的意思啊。"
    },
    {
      "id": 6,
      "model": "단테",
      "content": "<良秀……比起突然开始吵架……>"
    },
    {
      "id": 7,
      "model": "흥겨운마리아치조직원",
      "teller": "欢快的流浪乐队成员",
      "title": "流浪乐队",
      "content": "不不，等一下啊。这家伙的脸不难看吗？充当眼睛的是秒针吗？还是分针？"
    },
    {
      "id": 8,
      "model": "단테",
      "content": "<良秀…准备好了吗？>"
    },
    {
      "id": 9,
      "model": "료슈",
      "content": "当然了，但丁。"
    }
  ]
}