{
  "dataList": [
    {
      "id": 0,
      "place": "卡尔夫镇 广场",
      "content": "义体堆积在小镇的角落里，宛如一个垃圾填埋场。"
    },
    {
      "id": 1,
      "content": "其中似乎有人还保留了一丝意识，正在痛苦地呻吟着。"
    },
    {
      "id": 2,
      "content": "然而，远处的审判官们仍在毫不留情地用钉子贯穿着人们的胸膛。"
    },
    {
      "id": 3,
      "model": "N사심문관1",
      "teller": "某异端审判官",
      "title": "钉与锤",
      "content": "即使贯穿了心脏，却还是能感受到他们体内的搏动。"
    },
    {
      "id": 4,
      "model": "N사심문관2",
      "teller": "一旁的异端审判官",
      "title": "钉与锤",
      "content": "他们的心脏是被钢铁改造过了吧。生而为人的部分已经被异端给污染了。"
    },
    {
      "id": 5,
      "model": "N사심문관2",
      "teller": "一旁的异端审判官",
      "title": "钉与锤",
      "content": "真是晦气。这对骨肉是何等的亵渎。"
    },
    {
      "id": 6,
      "content": "就像是在举行某种神圣的仪式一样，审判官从怀中取出了一个瓶子，然后虔诚地泼洒起瓶中之物。"
    },
    {
      "id": 7,
      "content": "从远远飘来的恶臭味来判断，应该是油。"
    },
    {
      "id": 8,
      "model": "N사심문관2",
      "teller": "一旁的异端审判官",
      "title": "钉与锤",
      "content": "尽情吸收人类的油脂吧，异端之躯。"
    },
    {
      "id": 9,
      "model": "N사심문관2",
      "teller": "一旁的异端审判官",
      "title": "钉与锤",
      "content": "无法回归大地之人啊，至少化作烟尘散去吧。"
    },
    {
      "id": 10,
      "content": "点燃的火柴落在堆积的义体上，一瞬间，火光冲天。"
    },
    {
      "id": 11,
      "content": "与响起的火花迸进声一同，烟尘的味道迅速向四周弥漫开来。"
    },
    {
      "id": 12,
      "content": "闻起来和烧焦的肉体似乎有些不同。"
    },
    {
      "id": 13,
      "content": "伴随着噼里啪啦的声音，义体上闪烁的微光逐渐熄灭，最终由夜色覆盖了一切。"
    },
    {
      "id": 14,
      "model": "이스마엘",
      "content": "嘴上说着要净化一切，手上倒创作出了一副地狱的图景。"
    },
    {
      "id": 15,
      "model": "뫼르소",
      "content": "钉与锤总是埋头于分析何为人类。"
    },
    {
      "id": 16,
      "model": "뫼르소",
      "content": "他们中的有些人认为人类生来就应当经受苦难，因此对于那些接受了义体改造的人会加以指责。不过他们从未像现在这样，激进到付诸实践。"
    },
    {
      "id": 17,
      "model": "그레고르",
      "content": "从刚才起我就在想……你为什么对N公司这么熟悉？"
    },
    {
      "id": 18,
      "model": "뫼르소",
      "content": "……因为我之前就是N公司的职员。"
    },
    {
      "id": 19,
      "model": "그레고르",
      "content": "啊……？你竟然和他们一起工作过？"
    },
    {
      "id": 20,
      "model": "뫼르소",
      "content": "虽然没有一起共事过，但从所属公司的角度来看，确实如此。"
    },
    {
      "id": 21,
      "content": "这么说来，我还是第一次听默尔索提起他自己的故事。"
    },
    {
      "id": 22,
      "content": "谈及自身，他总是闭口不言。他似乎甚至认为完全没有告知他人的必要。"
    },
    {
      "id": 23,
      "model": "그레고르",
      "content": "……为什么之前不早说啊？那，你也佩带过那种奇怪的武器么？"
    },
    {
      "id": 24,
      "model": "뫼르소",
      "content": "有什么说的必要吗？"
    },
    {
      "id": 25,
      "model": "히스클리프",
      "content": "什……喂，那我怎么知道你和那群疯子是不是一伙的啊？"
    },
    {
      "id": 26,
      "model": "히스클리프",
      "content": "我呢……虽然喊经理那家伙“时钟头”，但我可不认为他的生命就廉价到可以被砍掉脑袋、丢进火里烤。"
    },
    {
      "id": 27,
      "model": "히스클리프",
      "content": "那些混蛋虽然嘴上说得漂亮，要搞什么净化，但在我看来，只不过是一群为了杀人而套了个借口的疯子罢了，不是吗？"
    },
    {
      "id": 28,
      "model": "히스클리프",
      "content": "快说。你是不是也和那帮家伙一样？"
    },
    {
      "id": 29,
      "model": "뫼르소",
      "content": "曾有一段时间，我确实在思考这个问题。"
    },
    {
      "id": 30,
      "model": "뫼르소",
      "content": "但我终究没有决定是否要和他们做出同样的回答。"
    },
    {
      "id": 31,
      "model": "히스클리프",
      "content": "那么，现在就回答我！如果经理那家伙命令你杀光镇上的居民，你会不会服从？"
    },
    {
      "id": 32,
      "model": "뫼르소",
      "content": "一定要我给出答案吗？这对我们目前的工作毫无帮助。"
    },
    {
      "id": 33,
      "model": "뫼르소",
      "content": "下属服从上级命令本来就是规矩。维吉里乌斯他所出具的从业规范中应该已经写明了。"
    },
    {
      "id": 34,
      "model": "뫼르소",
      "content": "如果经理这么命令了，那我就会去执行。如果要求我提出自己的想法，我就会说。但我并没有在不必要的情况下就高谈阔论的兴趣。"
    },
    {
      "id": 35,
      "model": "히스클리프",
      "content": "……啥？你是不是脑子有问题？你和那些把自己的脑袋换成铁罐头的家伙有什么区别啊？"
    },
    {
      "id": 36,
      "model": "뫼르소",
      "content": "我由16%的蛋白质、60%的水分、以及7%的无机物等构成。这明确显示出了我们之间的不同。"
    },
    {
      "id": 37,
      "model": "뫼르소",
      "content": "另外，构成我的成分中并不含有多余的重金属。"
    },
    {
      "id": 38,
      "model": "뫼르소",
      "content": "这又是一处不同。"
    },
    {
      "id": 39,
      "content": "希斯克利夫的表情明显扭曲了。"
    },
    {
      "id": 40,
      "content": "本来就无法理解这位名为默尔索的罪人在想些什么，经过这段对话后，与他的距离感又增加了。"
    },
    {
      "id": 41,
      "model": "홍루",
      "content": "不过我呢，之前就很在意一件事了。"
    },
    {
      "id": 42,
      "model": "홍루",
      "content": "我们真的应该把但丁先生作为“人类”来看待吗。"
    },
    {
      "id": 43,
      "model": "오티스",
      "content": "你说这话是什么意思？"
    },
    {
      "id": 44,
      "model": "홍루",
      "content": "所以说……如果说话的其实不是但丁先生本人，而是那个时钟头呢？"
    },
    {
      "id": 45,
      "model": "히스클리프",
      "content": "啊？你是在说，我们真的在被一面钟牵着鼻子走？"
    },
    {
      "id": 46,
      "model": "이스마엘",
      "content": "唉……净是些蠢话。让人完全没有反驳的欲望。"
    },
    {
      "id": 47,
      "model": "홍루",
      "content": "就算是这样，我也还是很喜欢现在的这个时钟头但丁先生。"
    },
    {
      "id": 48,
      "model": "로쟈",
      "content": "我也是。要不就别去找原来的那个头了，一生都保持现在这样吧？"
    },
    {
      "id": 49,
      "model": "로쟈",
      "content": "虽然我觉得不太可能啦，但如果取回了原本的头后，但丁变成了一个十恶不赦的大坏蛋怎么办？"
    },
    {
      "id": 50,
      "model": "그레고르",
      "content": "哎，我们之中只有一个人了解经理兄的过去啊……"
    },
    {
      "id": 51,
      "content": "格里高尔的目光不自觉地飘向了浮士德。"
    },
    {
      "id": 52,
      "model": "파우스트",
      "content": "……有关这一部分的信息是机密事项。而且是最高机密。"
    },
    {
      "id": 53,
      "model": "단테",
      "content": "<……而且，应该连我也无法阅览吧。>"
    },
    {
      "id": 54,
      "content": "也难怪。"
    },
    {
      "id": 55,
      "content": "毕竟，没有任何途径能够了解到过去的我究竟是一个怎样的存在。对于鸿璐的无心之言，我也无法找到可以明确地进行反驳的话语。"
    },
    {
      "id": 56,
      "content": "也许就正如他所说，我的真身可能就是这面时钟。"
    },
    {
      "id": 57,
      "content": "尽管如此，即使我去询问浮士德，我也没有能力判断她给出答案究竟是真实，还是谎言。"
    },
    {
      "id": 58,
      "content": "说不定真正的“但丁”就隐藏在某处，利用某种高级的技术，让我深信一切都是出于我自身的意志，由此实现我们之间的身份替代。"
    },
    {
      "id": 59,
      "content": "无论如何，只是一味苦恼的话，我也得不到真正的答案。"
    },
    {
      "id": 60,
      "model": "단테",
      "content": "<谁知道呢。等找回了我自己的头后，要不就把这面钟挂到墙上去吧。>"
    },
    {
      "id": 61,
      "content": "以实玛利向我投来了责备的眼神，仿佛在质问我说“你真的就打算这样蒙混过去吗？”。但很快，她最终只是选择耸了耸肩。"
    },
    {
      "id": 62,
      "content": "毕竟，这是事实。"
    }
  ]
}