{
  "dataList": [
    {
      "id": 0,
      "place": "当铺街",
      "model": "파우스트",
      "content": "请允许我对这次的计划作简要说明。"
    },
    {
      "id": 1,
      "model": "파우스트",
      "content": "我们的首要目标是在不受怀疑的前提下混入赌场。这对我们顺利回收金枝而言至关重要。"
    },
    {
      "id": 2,
      "model": "파우스트",
      "content": "根据我们已经掌握的信息，赌场有三个入口。"
    },
    {
      "id": 3,
      "model": "파우스트",
      "content": "一个供普通访客使用，一个是VIP通道，而最后一个是留给员工的后门。"
    },
    {
      "id": 4,
      "model": "파우스트",
      "content": "我们会分成四组，每组四个罪人，各负责一个入口……我们中的四个将会扮演成赌场的工作人员，四个人假装普通顾客，其余四个则扮演VIP贵宾的角色。"
    },
    {
      "id": 5,
      "model": "오티스",
      "content": "分成小组来行动肯定会吸引更少的注意。"
    },
    {
      "id": 6,
      "model": "이상",
      "content": "分头行动比一同进退更明智一些。"
    },
    {
      "id": 7,
      "model": "파우스트",
      "content": "打开我给你们的信封，确认自己将要扮演的角色。"
    },
    {
      "id": 8,
      "model": "파우스트",
      "content": "此外要补充的是，我们的上司们对我们的表现相当关注。"
    },
    {
      "id": 9,
      "model": "파우스트",
      "content": "他们强调，公司未来的计划取决于我们这次能不能顺利回收金枝。"
    },
    {
      "id": 10,
      "model": "파우스트",
      "content": "因此，我们将和其他员工共同展开联合行动。"
    },
    {
      "id": 11,
      "model": "단테",
      "content": "<联合行动？>"
    },
    {
      "id": 12,
      "model": "파우스트",
      "content": "我们的搭档是由专业人员和个中老手组成的特别行动部队……"
    },
    {
      "id": 13,
      "model": "파우스트",
      "content": "我相信他们现在被称为“LCC”，也就是边狱公司清理部门。请放心，他们比我们更加专业，至少在间谍行动中如此。"
    },
    {
      "id": 14,
      "model": "이스마엘",
      "content": "我还以为十二个人已经够多了呢。"
    },
    {
      "id": 15,
      "model": "그레고르",
      "content": "我猜有的家伙终于意识到人多并不总是好事了。"
    },
    {
      "id": 16,
      "model": "홍루",
      "content": "哇塞！我以前可从来没见过其他团队的人啊。他们现在应该在哪儿呢？"
    },
    {
      "id": 17,
      "content": "鸿璐环顾四周，期待着浮士德随时从哪里把他们带出来进行介绍。"
    },
    {
      "id": 18,
      "content": "……不用说，没人像他想象中一样出现。"
    },
    {
      "id": 19,
      "model": "파우스트",
      "content": "我们将会前往一间当铺。"
    },
    {
      "id": 20,
      "model": "그레고르",
      "content": "这年头还有典当这行吗？"
    },
    {
      "id": 21,
      "model": "파우스트",
      "content": "我们现在在所谓的“当铺街”上。这里绝大多数的店铺都额外开展着典当生意。"
    },
    {
      "id": 22,
      "model": "파우스트",
      "content": "那里就是我们的会合地点。我们进去吧。"
    }
  ]
}