{
  "dataList": [
    {
      "id": 0,
      "place": "地下室的某处",
      "content": "进入烧焦的房子后，辛克莱把我们带到了地下室。"
    },
    {
      "id": 1,
      "content": "随着门的开启……"
    },
    {
      "id": 2,
      "place": "地下通道",
      "content": "我们眼前出现了一条不知通往何处的地下通道。"
    },
    {
      "id": 3,
      "model": "단테",
      "content": "<在这种地方竟然藏着一条地道……>"
    },
    {
      "id": 4,
      "model": "싱클레어",
      "content": "如果……我的推断是正确的，这条路应该通往脑叶公司支部。"
    },
    {
      "id": 5,
      "model": "히스클리프",
      "content": "地下室里为啥会有这么奇怪的通道啊？"
    },
    {
      "id": 6,
      "model": "싱클레어",
      "content": "之前是没有的。"
    },
    {
      "id": 7,
      "model": "히스클리프",
      "content": "哈？那你为啥要带我们来这儿啊？"
    },
    {
      "id": 8,
      "model": "싱클레어",
      "content": "就像罗盘总是指向北方一样……只是感受到了而已。"
    },
    {
      "id": 9,
      "model": "파우스트",
      "content": "……"
    },
    {
      "id": 10,
      "model": "싱클레어",
      "content": "……难道不是这样吗？"
    },
    {
      "id": 11,
      "model": "싱클레어",
      "content": "你将我们当作指向金枝的罗盘，带着我们四处寻觅。"
    },
    {
      "id": 12,
      "content": "辛克莱静静地看着浮士德。"
    },
    {
      "id": 13,
      "content": "女人没有回答，而是如流水般穿过他的身旁，站到了地下室的门前。"
    },
    {
      "id": 14,
      "model": "파우스트",
      "content": "从材质来看，好像是最近才开凿的。"
    },
    {
      "id": 15,
      "model": "파우스트",
      "content": "恐怕是N公司的派遣员工在占领期间建造的吧。"
    },
    {
      "id": 16,
      "model": "파우스트",
      "content": "我想这条路不会太短。考虑到这是他们的员工通道，我们在路上遭遇敌人的可能性很大。"
    },
    {
      "id": 17,
      "model": "파우스트",
      "content": "……做好准备后就出发吧。"
    },
    {
      "id": 18,
      "model": "단테",
      "content": "<……>"
    },
    {
      "id": 19,
      "model": "파우스트",
      "content": "请不要那样看着我，但丁。"
    },
    {
      "id": 20,
      "model": "파우스트",
      "content": "……我只能沉默以对。"
    }
  ]
}