{
  "dataList": [
    {
      "id": 0,
      "place": "贵宾层",
      "model": "단테",
      "content": "<我们到达了最高层，但愿力也不够了，这可不好。>"
    },
    {
      "id": 1,
      "model": "로쟈",
      "content": "啊哈，不用担心！我老早就想告诉你，现在终于到时候了。"
    },
    {
      "id": 2,
      "model": "로쟈",
      "content": "我实际上在典当行收集了一点愿力。并不多，但是够用，对吧？"
    },
    {
      "id": 3,
      "content": "罗佳向我们展示了一张愿望贴纸，上面还剩几个。"
    },
    {
      "id": 4,
      "model": "소드",
      "teller": "索德",
      "title": "LCCB",
      "content": "你为什么不早点告诉我们？"
    },
    {
      "id": 5,
      "model": "로쟈",
      "content": "如你所言，赌博的秘诀就在于保持一张扑克脸。我不想让我们之中的任何人出现失误，把事情变得复杂。"
    },
    {
      "id": 6,
      "model": "로쟈",
      "content": "身为领导者……我可以占用一分钟吗，但丁？"
    },
    {
      "id": 7,
      "content": "因为觉得自己没能专注于领导者的角色，所以我点了点头。"
    },
    {
      "id": 8,
      "content": "即便我想采取行动，在这种情况下，放下身份并下跪才是正确的选择。"
    },
    {
      "id": 9,
      "model": "소드",
      "teller": "索德",
      "title": "LCCB",
      "content": "几小时前我可能会强烈反对，但现在……"
    },
    {
      "id": 10,
      "model": "로쟈",
      "content": "不错的想法。我在涉及钱的事情上从没有失败过。"
    },
    {
      "id": 11,
      "model": "로쟈",
      "content": "好啦……"
    },
    {
      "id": 12,
      "place": "包房",
      "model": "로쟈",
      "content": "选手入局~"
    },
    {
      "id": 13,
      "model": "로쟈",
      "content": "等等，我不是最后一个？啊，可惜了我的完美出场秀。"
    },
    {
      "id": 14,
      "teller": "？？？",
      "title": "？？？",
      "content": "你是……？"
    },
    {
      "id": 15,
      "model": "로쟈",
      "content": " 我是罗佳，为了通过地下室而赌博。"
    },
    {
      "id": 16,
      "model": "아이드",
      "teller": "？？？",
      "title": "？？？",
      "content": "呵！"
    },
    {
      "id": 17,
      "model": "아이드",
      "teller": "？？？",
      "title": "？？？",
      "content": "我正期待着遇见臭名昭著的“愿力大胡子”本人，但看看现在是谁出现了。你面对的可是一群完全陌生的人，是不是太自信了？"
    },
    {
      "id": 18,
      "model": "로쟈",
      "content": "多么愚蠢的想法~在这个世界上，你是谁并不重要，重要的是赢家是谁。"
    },
    {
      "id": 19,
      "model": "아이드",
      "teller": "？？？",
      "title": "？？？",
      "content": "好吧，你说的也许没错。能走到这一步，足以证明你有资格。"
    },
    {
      "id": 20,
      "model": "아이드",
      "teller": "艾达",
      "title": "流浪乐队",
      "content": " 很高兴认识你，我是艾达。"
    },
    {
      "id": 21,
      "model": "아이드",
      "teller": "艾达",
      "title": "流浪乐队",
      "content": "这是……"
    },
    {
      "id": 22,
      "model": "철공회보스",
      "teller": "帮派老大",
      "title": "铁工会",
      "content": "操，背真他妈的痛！"
    },
    {
      "id": 23,
      "model": "로쟈",
      "content": "机器人？不，是一个带义肢的……？"
    },
    {
      "id": 24,
      "model": "철공회보스",
      "teller": "帮派老大",
      "title": "铁工会",
      "content": "怎么这样盯着我？没见过全身义体吗？"
    },
    {
      "id": 25,
      "model": "로쟈",
      "content": "这型号……未免有点太古老了吧？看起来就像从博物馆里拿出来的一样。"
    },
    {
      "id": 26,
      "model": "철공회보스",
      "teller": "帮派老大",
      "title": "铁工会",
      "content": "如他们所言，老就是好。它打了几次补丁之后，可比最新款还坚固。"
    },
    {
      "id": 27,
      "model": "철공회보스",
      "teller": "帮派老大",
      "title": "铁工会",
      "content": "这小子怎么这么慢？这傲慢的小兔崽子，难不成认为这么重要的事可以迟到？"
    },
    {
      "id": 28,
      "teller": "？？？",
      "title": "？？？",
      "content": "不好意思，我有紧急事务。"
    },
    {
      "id": 29,
      "model": "로쟈",
      "content": "？！"
    },
    {
      "id": 30,
      "model": "아이드",
      "teller": "艾达",
      "title": "流浪乐队",
      "content": "你以为自己是世界的中心吗，索尼亚？你是有多需要关注，以至于在众人的注视下姗姗来迟？"
    },
    {
      "id": 31,
      "model": "소냐",
      "teller": "索尼亚",
      "title": "圣愚",
      "content": "哈哈，我并不是那个意思。不管怎么说，你更像是生活的主角，艾达。"
    },
    {
      "id": 32,
      "model": "로쟈",
      "content": "……"
    },
    {
      "id": 33,
      "model": "소냐",
      "teller": "索尼亚",
      "title": "圣愚",
      "content": "好久不见，罗佳。"
    },
    {
      "id": 34,
      "model": "아이드",
      "teller": "艾达",
      "title": "流浪乐队",
      "content": "什么情况，你们相互认识吗？"
    },
    {
      "id": 35,
      "model": "소냐",
      "teller": "索尼亚",
      "title": "圣愚",
      "content": "我们……来自同一个地方。对吧罗佳？"
    },
    {
      "id": 36,
      "model": "로쟈",
      "content": "所以……现在你还在领导着圣愚吗？"
    },
    {
      "id": 37,
      "model": "소냐",
      "teller": "索尼亚",
      "title": "圣愚",
      "content": "不清楚，现在说“还在”可能太早了……突然离开的只有你一个人。"
    },
    {
      "id": 38,
      "model": "아이드",
      "teller": "艾达",
      "title": "流浪乐队",
      "content": "好了好了，闲话就说到这里。现在玩家已经到齐了，我们重申一遍规则。"
    },
    {
      "id": 39,
      "model": "아이드",
      "teller": "艾达",
      "title": "流浪乐队",
      "content": "赌场的四位下注者已经到齐了：索尼亚，艾达，铁工会，和……代表着豆豆帮的……一位可疑却毫不羞耻的搅局者……"
    },
    {
      "id": 40,
      "model": "아이드",
      "teller": "艾达",
      "title": "流浪乐队",
      "content": "游戏中途别想出老千，耍花招。一旦被抓，你就出局了。"
    },
    {
      "id": 41,
      "model": "아이드",
      "teller": "艾达",
      "title": "流浪乐队",
      "content": "另外，大家都清楚，禁止任何与愿力有关的行为。"
    },
    {
      "id": 42,
      "model": "철공회보스",
      "teller": "帮派老大",
      "title": "铁工会",
      "content": "被抓到的人就是砧板上的鱼肉，绝对会后悔的！"
    },
    {
      "id": 43,
      "model": "로쟈",
      "content": "……"
    },
    {
      "id": 44,
      "model": "아이드",
      "teller": "艾达",
      "title": "流浪乐队",
      "content": "我们总共进行三局，拥有最多筹码的人获胜，简单吧？"
    },
    {
      "id": 45,
      "model": "아이드",
      "teller": "艾达",
      "title": "流浪乐队",
      "content": "胜者将坐电梯深入地下，前往金枝所藏之地。"
    },
    {
      "id": 46,
      "model": "아이드",
      "teller": "艾达",
      "title": "流浪乐队",
      "content": "那是赌场的上任拥有者心心念念的宝贝，他为发掘金枝挖了一整条隧道。"
    },
    {
      "id": 47,
      "model": "아이드",
      "teller": "艾达",
      "title": "流浪乐队",
      "content": "但随后他们突然死于未知原因，使得我们成为了“幸运”的赌徒。"
    },
    {
      "id": 48,
      "model": "로쟈",
      "content": "把“死于肮脏的阴谋”说得多么清新脱俗。"
    },
    {
      "id": 49,
      "model": "소냐",
      "teller": "索尼亚",
      "title": "圣愚",
      "content": "哈哈哈，罗佳，你还是那么愤世嫉俗，嗯？"
    },
    {
      "id": 50,
      "model": "로쟈",
      "content": "行了打住。你们几个怎么知道金枝的？我可不认为它有多出名。"
    },
    {
      "id": 51,
      "model": "아이드",
      "teller": "艾达",
      "title": "流浪乐队",
      "content": "任何一个小有名气的帮派都对它有所耳闻——金枝被埋藏在这里的故事，以及它能为其拥有者带来的财富与盛名。"
    },
    {
      "id": 52,
      "model": "로쟈",
      "content": "如果是这样的话，似乎有人对世界级的奢华有了兴趣，是吗？你曾经警告过我远离这些东西，索尼亚。"
    },
    {
      "id": 53,
      "model": "소냐",
      "teller": "索尼亚",
      "title": "圣愚",
      "content": "金枝可以用来做更伟大的事，罗佳。我的意图也是如此。摧毁压迫与剥削的体系，防止财富集中于少数……"
    },
    {
      "id": 54,
      "model": "철공회보스",
      "teller": "帮派老大",
      "title": "铁工会",
      "content": "哎，他又说起大话来了，来个人让他打住。"
    },
    {
      "id": 55,
      "model": "소냐",
      "teller": "索尼亚",
      "title": "圣愚",
      "content": "我的问题。这让我想起往日的时光。"
    },
    {
      "id": 56,
      "model": "소냐",
      "teller": "索尼亚",
      "title": "圣愚",
      "content": "有趣的是，我曾经劝你不要迷恋赌博和金钱。"
    },
    {
      "id": 57,
      "model": "소냐",
      "teller": "索尼亚",
      "title": "圣愚",
      "content": "现在我们却坐在同一张赌桌，握着各自的手牌，为了相同的目的而赌博。"
    },
    {
      "id": 58,
      "model": "소냐",
      "teller": "索尼亚",
      "title": "圣愚",
      "content": "你的目的是什么？"
    },
    {
      "id": 59,
      "model": "로쟈",
      "content": "赢。"
    },
    {
      "id": 60,
      "model": "소냐",
      "teller": "索尼亚",
      "title": "圣愚",
      "content": " ……当然。"
    }
  ]
}