{
  "dataList": [
    {
      "id": 0,
      "place": "梅菲斯托费勒斯 内部",
      "model": "이스마엘",
      "content": "我明白了……原来是这个意思啊。"
    },
    {
      "id": 1,
      "model": "파우스트",
      "content": "没必要过于心急，以实玛利。只要巴士不断前进，你自然就会……"
    },
    {
      "id": 2,
      "model": "베르길리우스",
      "content": "你自然就会被委以比市井小民之事更重要的任务的。"
    },
    {
      "id": 3,
      "model": "베르길리우스",
      "content": "虽然你的心应该在催促着你达成目标……但试着耐心点吧。"
    },
    {
      "id": 4,
      "model": "이스마엘",
      "content": "……啧。"
    },
    {
      "id": 5,
      "model": "파우스트",
      "content": "不过由于是通过从镜之世界中将我们无限的可能性中抽离出来的缘故，这将会把我们的一部分记忆覆盖掉。"
    },
    {
      "id": 6,
      "model": "파우스트",
      "content": "你很快就会习惯的。"
    },
    {
      "id": 7,
      "model": "로쟈",
      "content": "搞什么啊……这听起来是不是有点危险？"
    },
    {
      "id": 8,
      "model": "로쟈",
      "content": "要是到最后我不再是原本的自己了该怎么办？呵呵。"
    },
    {
      "id": 9,
      "model": "베르길리우스",
      "content": "……"
    },
    {
      "id": 10,
      "model": "파우스트",
      "content": "各位并不是忒修斯之船。"
    },
    {
      "id": 11,
      "model": "파우스트",
      "content": "虽然你的确借用了这些人格和记忆，但该系统的设计会保证你自身的存在不会消散。"
    },
    {
      "id": 12,
      "model": "이상",
      "content": "尽管你被映照出的人格可能有所不同，但当你离开镜内它就一定会消失。"
    },
    {
      "id": 13,
      "model": "파우스트",
      "content": "……我们的能力最终会如何发展取决于你，但丁经理。"
    },
    {
      "id": 14,
      "model": "파우스트",
      "content": "你应该在合适的时间确定对我们来说最有效率的可能性。"
    },
    {
      "id": 15,
      "model": "오티스",
      "content": "你是说变形么。"
    },
    {
      "id": 16,
      "model": "파우스트",
      "content": "是的，可以说是一种脱胎或者变身。"
    },
    {
      "id": 17,
      "model": "로쟈",
      "content": "天哪，这么高深的词是从哪学来的？"
    },
    {
      "id": 18,
      "model": "오티스",
      "content": "偶然听到的。我以前的职业使得我需要会见各种各样的人。"
    },
    {
      "id": 19,
      "model": "그레고르",
      "content": "变身么……"
    },
    {
      "id": 20,
      "model": "베르길리우스",
      "content": "谈笑结束了吗？"
    },
    {
      "id": 21,
      "model": "베르길리우스",
      "content": "我们该上路了。你们以后会有比你们想要的还要长的相处时间，所以把想说的话留到以后再说吧。"
    }
  ]
}