{
  "dataList": [
    {
      "id": 0,
      "place": "梅菲斯托费勒斯 内部",
      "model": "베르길리우스",
      "content": "看来您比刚才更中用了，但丁。"
    },
    {
      "id": 1,
      "model": "단테",
      "content": "<但是他们除了一个家伙全都逃走了。不去追也可以吗？>"
    },
    {
      "id": 2,
      "model": "파우스트",
      "content": "在担忧逃走的敌人呢。"
    },
    {
      "id": 3,
      "model": "베르길리우스",
      "content": "不用担心……正好我们也顺道。卡戎？"
    },
    {
      "id": 4,
      "model": "카론",
      "content": "脚下库哧库哧。巴士欢快行驶。"
    }
  ]
}