{
  "dataList": [
    {
      "id": 0,
      "place": "赌场 1F",
      "content": "赌场中的场景可谓是纷乱异常。"
    },
    {
      "id": 1,
      "content": "老虎机时不时响起激烈的机械声响。"
    },
    {
      "id": 2,
      "content": "灯光过于明亮，以至于部分罪人不得不用手挡住刺眼的光线。"
    },
    {
      "id": 3,
      "content": "赌场的警卫见到我们那身引人注目的行头，习惯性地向我们地点头致意。"
    },
    {
      "id": 4,
      "content": "乔装成庄家的索德和埃菲在和罗佳去交换筹码的时候,颇为谨慎地转过头来向我们示意。"
    },
    {
      "id": 5,
      "content": "我对他们在乔装行动上展现出的专业素质倍感惊讶。只看他们的言行举止，恐怕大多数人都会认为他们就是这里的资深员工。"
    },
    {
      "id": 6,
      "model": "돈키호테",
      "content": "这……这些让人眼花缭乱的玩意是什么巫术吗？"
    },
    {
      "id": 7,
      "model": "그레고르",
      "content": "堂吉诃德，别像小孩子一样到处乱看，会引起怀疑的……"
    },
    {
      "id": 8,
      "model": "이스마엘",
      "content": "这些顾客的眼神看着像是被勾了魂似的，而且身上的味道比豆豆帮的人还恶心……是压根就不会洗澡吗……"
    },
    {
      "id": 9,
      "model": "그레고르",
      "content": "别在那些人面前把鼻子捂的这么明显，以实玛利……"
    },
    {
      "id": 10,
      "model": "이스마엘",
      "content": " 但是，这么臭的味道我以前只在水手身上闻到过……"
    },
    {
      "id": 11,
      "content": "幸运的是，大多数顾客的注意力都集中在身前的赌机而非我们身上。"
    },
    {
      "id": 12,
      "model": "돈키호테",
      "content": " 经理老爷！您曾经见过这些东西吗？"
    },
    {
      "id": 13,
      "model": "돈키호테",
      "content": "吾应当怎么做才能像他们一样听到这种好听的声音？"
    },
    {
      "id": 14,
      "model": "단테",
      "content": "<我不知道。我可不记得自己以前来过这种地方……>"
    },
    {
      "id": 15,
      "content": "望着轮盘上那些流转不止的图案和数字，我那扮演心目中严肃经理的决心也渐渐消弭开来。"
    },
    {
      "id": 16,
      "model": "단테",
      "content": "<只……只是看一下应该没什么问题吧？>"
    },
    {
      "id": 17,
      "model": "돈키호테",
      "content": "这里写着按下按钮！只要按下去就可以了吧？"
    },
    {
      "id": 18,
      "content": "我以自己的时针和分针起誓，我真的没有触碰那个按钮的念头，绝对没有。"
    },
    {
      "id": 19,
      "content": "我迅速伸出手想阻止堂吉诃德的行动，然而那只手却不小心按在了那个按钮上——"
    },
    {
      "id": 20,
      "model": "단테",
      "content": "<糟了！>"
    },
    {
      "id": 21,
      "content": "并且由于某种难以言说的机缘巧合，那台老虎机里残留着上一个顾客投入的硬币——刚好够启动一次。"
    },
    {
      "id": 22,
      "content": "随着叽叽喳喳的的音效，图像开始转动……"
    },
    {
      "id": 23,
      "content": "而我们只能呆呆地看着它的运作。"
    },
    {
      "id": 24,
      "model": "소드",
      "teller": "索德",
      "title": "LCCB",
      "content": "说起来，我希望但丁能好好利用我们从豆豆帮那里搞来的愿望贴纸。"
    },
    {
      "id": 25,
      "model": "에피",
      "teller": "埃菲",
      "title": "LCCB",
      "content": "你说那个经理？这是我们向他唯一提出的要求，这个他总该能做好的吧。"
    },
    {
      "id": 26,
      "model": "로쟈",
      "content": "你们可以信任他的，两位~他可是少数能跟我聊得来的懂事理的人。"
    },
    {
      "id": 27,
      "model": "소드",
      "teller": "索德",
      "title": "LCCB",
      "content": "那挺好的。有那么多愿力可供取用，想必什么游戏都能轻松取胜吧。"
    },
    {
      "id": 28,
      "model": "소드",
      "teller": "索德",
      "title": "LCCB",
      "content": "我们只需要小心点，不要在这儿引起不必要的注意。"
    },
    {
      "id": 29,
      "content": "头~奖！"
    },
    {
      "id": 30,
      "content": "身旁的客人们见状，惊讶到下巴都差点掉在地上。"
    },
    {
      "id": 31,
      "content": "赌场筹码潮水般从机器中不断涌出，其数量多到一时间我们都不敢伸手去把它们收集起来。"
    },
    {
      "id": 32,
      "content": "我很抱歉，埃菲，索德。"
    },
    {
      "id": 33,
      "content": "我是想严肃谨慎来着，但事情就是这么不可控制的发生了。"
    },
    {
      "id": 34,
      "teller": "赌徒A",
      "title": "失智的赌鬼",
      "content": "头奖?哪台机子中了？"
    },
    {
      "id": 35,
      "teller": "赌徒B",
      "title": "失智的赌鬼",
      "content": "突然中了？现在？"
    },
    {
      "id": 36,
      "model": "각잡힌카지노경호원",
      "teller": "穿戴整齐的赌场警卫",
      "title": "J公司赌场",
      "content": "请几位稍等一下……"
    },
    {
      "id": 37,
      "model": "각잡힌카지노경호원",
      "teller": "穿戴整齐的赌场警卫",
      "title": "J公司赌场",
      "content": "让我检查一下你们的身份。"
    },
    {
      "id": 38,
      "model": "히스클리프",
      "content": "你丫的要干哈？赌场里不许发财了不成？"
    },
    {
      "id": 39,
      "model": "파우스트",
      "content": "在这里，运气一般不会像我们认知的那样随机。你可以积攒运气，之后用来赚波大的，也可以细水长流以维持收支平衡。但是总的来说，第一把就中头奖在这个地方是不可能的。"
    },
    {
      "id": 40,
      "model": "돈키호테",
      "content": "圆片像流星一样洒下来了！"
    },
    {
      "id": 41,
      "model": "이스마엘",
      "content": "我原本庆幸经理至少还有一点责任感……可没想到竟然连个堂吉诃德都管不住。"
    },
    {
      "id": 42,
      "model": "이스마엘",
      "content": "真令我失望……但偏偏你就是我们的经理，我还以为你能洗刷掉之前给我们带来的耻辱的。"
    },
    {
      "id": 43,
      "content": "以实玛利连珠炮般的尖刻低语，令格里高尔都不禁发出无奈的感叹。"
    },
    {
      "id": 44,
      "content": "最重要的是，这是我第一次领教以实玛利那令人感到芒刺在背的灼人目光。"
    },
    {
      "id": 45,
      "content": "那让我恨不得找个地缝钻进去。"
    },
    {
      "id": 46,
      "content": "这也是我第一次如此感谢自己的钟表脸，让我不至于和她那怨愤的双眼对视。"
    },
    {
      "id": 47,
      "model": "그레고르",
      "content": "……先停一停，我们要处理的麻烦还多着呢。"
    },
    {
      "id": 48,
      "content": "正在环视四周格里高尔突然如临大敌般伸手指向某处。"
    },
    {
      "id": 49,
      "content": "而在他指着的方向上——"
    },
    {
      "id": 50,
      "model": "그레고르",
      "content": "你什么时候换回的常服，良秀？"
    },
    {
      "id": 51,
      "content": "良秀正穿着平常的衣服，满脸厌弃地矗立在那里。"
    },
    {
      "id": 52,
      "model": "료슈",
      "content": "我才不穿别人丢掉的垃圾。"
    },
    {
      "id": 53,
      "model": "그레고르",
      "content": "额嗯……经理兄，我们……我们好像……"
    },
    {
      "id": 54,
      "model": "단테",
      "content": "<对……我们搞砸了，彻底地……>"
    },
    {
      "id": 55,
      "model": "에피",
      "teller": "埃菲",
      "title": "LCCB",
      "content": "不会吧……明明为了计划做了那么多准备工作……"
    },
    {
      "id": 56,
      "model": "에피",
      "teller": "埃菲",
      "title": "LCCB",
      "content": "浮士德你怎么想的，竟然自愿带这群蠢货来执行任务？你自称全都市首屈一指的天才，现在倒是想想办法啊！"
    },
    {
      "id": 57,
      "model": "파우스트",
      "content": "虽然我们接触的时间并不长，但是我还是从中领悟到一件事 。"
    },
    {
      "id": 58,
      "model": "파우스트",
      "content": "我应当成为“相信不确定性的浮士德”。"
    },
    {
      "id": 59,
      "model": "파우스트",
      "content": "当没有计划就是计划的时候，也就无所谓变量不变量了。"
    },
    {
      "id": 60,
      "model": "파우스트",
      "content": "这就是我们的“计划”。"
    },
    {
      "id": 61,
      "model": "에피",
      "teller": "埃菲",
      "title": "LCCB",
      "content": "……"
    },
    {
      "id": 62,
      "model": "이스마엘",
      "content": "哈……"
    },
    {
      "id": 63,
      "content": "浮士德平静的看着我。"
    },
    {
      "id": 64,
      "content": "多亏了她，我现在更加清晰自己的定位了。"
    },
    {
      "id": 65,
      "model": "단테",
      "content": "<好吧，是时候像往常一样……>"
    },
    {
      "id": 66,
      "model": "단테",
      "content": "<杀人，或者被杀吧。>"
    }
  ]
}