{
  "dataList": [
    {
      "id": 0,
      "place": "赌场 入口",
      "model": "콩콩이파보스",
      "teller": "豆豆帮老板",
      "title": "豆豆帮",
      "content": "一群该死的的臭虫……."
    },
    {
      "id": 1,
      "model": "콩콩이파보스",
      "teller": "豆豆帮老板",
      "title": "豆豆帮",
      "content": "你们他妈到底是哪条道上……？现在总能……说了吧……"
    },
    {
      "id": 2,
      "model": "그레고르",
      "content": "我们是……"
    },
    {
      "id": 3,
      "model": "그레고르",
      "content": "……边狱公司来的。"
    },
    {
      "id": 4,
      "model": "그레고르",
      "content": "哈，可算是把这话说出来了。"
    },
    {
      "id": 5,
      "model": "콩콩이파보스",
      "teller": "豆豆帮老板",
      "title": "豆豆帮",
      "content": "所以……根本就……没听说过啊……！"
    },
    {
      "id": 6,
      "model": "소드",
      "teller": "索德",
      "title": "LCCB",
      "content": "哦，我和埃菲跟那些家伙可不是一个部门的，请千万不要把我们混为一谈哦。"
    },
    {
      "id": 7,
      "model": "콩콩이파보스",
      "teller": "豆豆帮老板",
      "title": "豆豆帮",
      "content": "……"
    },
    {
      "id": 8,
      "content": "与我们交流而产生的挫败感，一定也是让他晕倒的重大原因吧。"
    },
    {
      "id": 9,
      "content": "我对这个可怜的家伙深表同情。"
    },
    {
      "id": 10,
      "model": "로쟈",
      "content": "说真的，我们非得穿上这些东西吗？这玩意全是汗味和血味……闻起来恶心死了。"
    },
    {
      "id": 11,
      "content": "罗佳抱怨着，用手指捏起一件从豆豆帮喽啰身上取下的衣服，像是捡起一袋垃圾。"
    },
    {
      "id": 12,
      "model": "로쟈",
      "content": "呃啊……还沾着头发，我第一次这么嫉妒但丁没长眼睛。"
    },
    {
      "id": 13,
      "model": "단테",
      "content": "<顺带一提，我看得见……>"
    },
    {
      "id": 14,
      "model": "에피",
      "teller": "埃菲",
      "title": "LCCB",
      "content": "其实……感觉还不错啊？兴许他们的生意经营的比我想象的还要好。"
    },
    {
      "id": 15,
      "model": "료슈",
      "content": "和我交换。拿来。"
    },
    {
      "id": 16,
      "model": "에피",
      "teller": "埃菲",
      "title": "LCCB",
      "content": "不，不行，这是量身定做的。"
    },
    {
      "id": 17,
      "model": "단테",
      "content": "<……标签上写的是均码。>"
    },
    {
      "id": 18,
      "content": "埃菲突然注意到我正盯着他衣服上的标签，立刻火冒三丈。"
    },
    {
      "id": 19,
      "model": "에피",
      "teller": "埃菲",
      "title": "LCCB",
      "content": "要……要不是你们在当铺那节外生枝，我们哪还需要干这种事！"
    },
    {
      "id": 20,
      "model": "홍루",
      "content": "我倒不介意呢，早就想试试这幅行头了，感觉像是在拍电影一样。"
    },
    {
      "id": 21,
      "model": "이스마엘",
      "content": "说真的，我有点紧张，毕竟好久没有伪装过了。"
    },
    {
      "id": 22,
      "model": "료슈",
      "content": "真是懦夫的行为，我不喜欢。"
    },
    {
      "id": 23,
      "model": "소드",
      "teller": "索德",
      "title": "LCCB",
      "content": "抱歉，有人能让她闭嘴吗？"
    },
    {
      "id": 24,
      "model": "그레고르",
      "content": "随你的便，不怕腰子被砍了的话，你可以试试。"
    },
    {
      "id": 25,
      "content": "格里高尔低沉的回敬，让在场的罪人都忍不住嗤笑起来。"
    },
    {
      "id": 26,
      "content": "一时之间，埃菲和索德竟有些不知所措。"
    },
    {
      "id": 27,
      "content": "不过他们很快便意识到，这根本无关紧要。埃菲调整了一下状态，随即举起了一个似乎镶嵌着珍珠的小盒子。"
    },
    {
      "id": 28,
      "model": "에피",
      "teller": "埃菲",
      "title": "LCCB",
      "content": "这是我们从豆豆帮老大手里缴获的心愿匣。"
    },
    {
      "id": 29,
      "model": "에피",
      "teller": "埃菲",
      "title": "LCCB",
      "content": "经理先生，有一个很简单的任务要交给你。"
    },
    {
      "id": 30,
      "model": "단테",
      "content": "<你是说……？>"
    },
    {
      "id": 31,
      "model": "소드",
      "teller": "索德",
      "title": "LCCB",
      "content": "啊……看您一副茫然的样子，我想有必要向您稍微解释一下。"
    },
    {
      "id": 32,
      "model": "에피",
      "teller": "埃菲",
      "title": "LCCB",
      "content": "简单来说，它是一个使用了J公司奇点技术，能够吸取人们的愿望，并以某种方式将其保存起来的装置。"
    },
    {
      "id": 33,
      "model": "소드",
      "teller": "索德",
      "title": "LCCB",
      "content": "在合适的时机，把纸状的愿望从里面抽出一张，然后在身上这么一贴——噔噔！就能得到一次幸运女神的垂青。 "
    },
    {
      "id": 34,
      "model": "에피",
      "teller": "埃菲",
      "title": "LCCB",
      "content": "看来他们的计划就是搜刮别人的运气，然后拿下顶层的赌局。不过真是意料之外，豆豆帮这种货色竟然藏着这样的宝贝。"
    },
    {
      "id": 35,
      "model": "에피",
      "teller": "埃菲",
      "title": "LCCB",
      "content": "经理先生……叫但丁，对吧？在我们潜入赌场的时候，我希望由你来保管它。"
    },
    {
      "id": 36,
      "model": "단테",
      "content": "<真要把这么重要的任务交给我吗？>"
    },
    {
      "id": 37,
      "model": "에피",
      "teller": "埃菲",
      "title": "LCCB",
      "content": "你看起来没什么自信。不过，指派你来完成这个任务，也是有理由的。"
    },
    {
      "id": 38,
      "model": "에피",
      "teller": "埃菲",
      "title": "LCCB",
      "content": "首先，在赌局中，一张不露声色的扑克脸至关重要。"
    },
    {
      "id": 39,
      "model": "에피",
      "teller": "埃菲",
      "title": "LCCB",
      "content": "不论对方有多善于察言观色，都没法从一面钟表上读出任何的情绪。"
    },
    {
      "id": 40,
      "model": "단테",
      "content": "<……>"
    },
    {
      "id": 41,
      "model": "에피",
      "teller": "埃菲",
      "title": "LCCB",
      "content": "其次，我相信他们任命你来担任经理，一定是有原因的。"
    },
    {
      "id": 42,
      "model": "에피",
      "teller": "埃菲",
      "title": "LCCB",
      "content": "我有预感，你会比你手下的那些罪人要更有用一些。"
    },
    {
      "id": 43,
      "content": "仔细想想，他说的也不无道理。"
    },
    {
      "id": 44,
      "content": "我虽然挂了一个执行经理的头衔，却没能像期望的那样成为一个充满魅力又备受尊敬的领袖，反倒要时常忍受手下罪人的无视与威胁。"
    },
    {
      "id": 45,
      "content": "仿佛一次次的复活他们，就是我所能做出的唯一贡献。"
    },
    {
      "id": 46,
      "content": "当罪人们在激烈的战斗中以命相搏时，我却只能蜷缩着躲起来，焦急的祈祷着他们不会被刺穿心脏或者打碎脑壳。"
    },
    {
      "id": 47,
      "content": "怀着沉重的心情，我点点头，让他知道我已经准备好了。"
    },
    {
      "id": 48,
      "model": "에피",
      "teller": "埃菲",
      "title": "LCCB",
      "content": "好了，把这个贴在胳膊上，短时间内，你就是全都市最幸运的人。"
    },
    {
      "id": 49,
      "model": "소드",
      "teller": "索德",
      "title": "LCCB",
      "content": "很好，现在你们是豆豆帮，我们是赌场庄家。祝行动顺利，各位。"
    },
    {
      "id": 50,
      "content": "无论如何 我们都得确保这次行动的成功"
    },
    {
      "id": 51,
      "content": "随后，我们打开了赌场的大门。"
    }
  ]
}