{
  "dataList": [
    {
      "id": 0,
      "place": "梅菲斯托费勒斯 内部",
      "model": "이스마엘",
      "content": "请等一下。"
    },
    {
      "id": 1,
      "model": "파우스트",
      "content": "怎么了？"
    },
    {
      "id": 2,
      "model": "이스마엘",
      "content": "我加入这里是因为之前听说我能在这里平步青云。"
    },
    {
      "id": 3,
      "model": "이스마엘",
      "content": "但是现在……我们只不过是像耗子一样，行使着无意义的暴力。"
    },
    {
      "id": 4,
      "model": "돈키호테",
      "content": "并非没有意义！那些家伙何尝不是攻击吾等的邪恶！"
    },
    {
      "id": 5,
      "model": "이스마엘",
      "content": "好烦人啊，你能安静点吗。"
    },
    {
      "id": 6,
      "model": "이스마엘",
      "content": "…总之，如果被雇佣来只是命令我去做这样使用暴力手段的事情，那我也该考虑一下别的工作了。"
    },
    {
      "id": 7,
      "model": "파우스트",
      "content": "你有好好读过入职合同吗？"
    },
    {
      "id": 8,
      "model": "파우스트",
      "content": "……辞职是不被允许的。"
    },
    {
      "id": 9,
      "model": "이스마엘",
      "content": "……你是觉得即使合同上写着谎话也仍然具有效力吗？"
    },
    {
      "id": 10,
      "model": "파우스트",
      "content": "当然有效力。"
    },
    {
      "id": 11,
      "model": "파우스트",
      "content": "因为上面一开始就没有谎话。"
    },
    {
      "id": 12,
      "model": "이스마엘",
      "content": "……嗯？"
    },
    {
      "id": 13,
      "model": "파우스트",
      "content": "难道你觉得我只是把梅菲斯托费勒斯制作成了只能用于运输的巴士了吗？"
    },
    {
      "id": 14,
      "model": "카론",
      "content": "梅菲永远饿着肚子。所以会哭泣。"
    },
    {
      "id": 15,
      "model": "단테",
      "content": "<巴士在饿着肚子？>"
    },
    {
      "id": 16,
      "model": "파우스트",
      "content": "引擎“摄取”燃料时所产生的副产物……"
    },
    {
      "id": 17,
      "model": "파우스트",
      "content": "各位可以通过此物变强。"
    },
    {
      "id": 18,
      "model": "파우스트",
      "content": "李箱先生应该很清楚吧。如果从镜子中把所有的可能性全部引出的话。"
    },
    {
      "id": 19,
      "model": "이상",
      "content": "成长亦不受制约。"
    },
    {
      "id": 20,
      "model": "이상",
      "content": "镜中的我是自己，还是他人？"
    },
    {
      "id": 21,
      "model": "단테",
      "content": "<可能性……？要引导出什么？>"
    }
  ]
}