{
  "dataList": [
    {
      "id": 0,
      "place": "卡尔夫镇 广场 ",
      "model": "이스마엘",
      "content": "那么，我们接下来该怎么办呢？只要在移动时保持安静，我们就可以在不惊动其他审判官的情况下通过这里。"
    },
    {
      "id": 1,
      "model": "싱클레어",
      "content": "但丁先生……那个……我想提前先道个歉。"
    },
    {
      "id": 2,
      "model": "싱클레어",
      "content": "您也知道……我和其他人不一样，几乎没有什么战斗的经验……"
    },
    {
      "id": 3,
      "model": "싱클레어",
      "content": "所以，我可能会被那些家伙一次又一次地刺穿心脏……"
    },
    {
      "id": 4,
      "model": "싱클레어",
      "content": "您……能够撑下去吗？"
    },
    {
      "id": 5,
      "content": "辛克莱的全身都在颤抖，那副姿态足以令每一个见到他的人都心生怜悯。"
    },
    {
      "id": 6,
      "content": "我能切实地感受到，他正在拼尽全力抑制住自己内心翻涌而出的恐惧。"
    },
    {
      "id": 7,
      "content": "辛克莱并非未尝败绩。每次死去后，我都会将他复活。"
    },
    {
      "id": 8,
      "content": "而现在，他却第一次向我乞求宽恕。我能从中感受到他不惜反复跨越死亡也要前进下去的意志。"
    },
    {
      "id": 9,
      "content": "与平日里在战斗前心生畏惧的他不同……"
    },
    {
      "id": 10,
      "content": "如今的他，或许在恐惧之中，又怀抱着勇气。"
    },
    {
      "id": 11,
      "content": "既然是这样的话……"
    },
    {
      "id": 12,
      "model": "단테",
      "content": "<辛克莱，你害怕吗？>"
    },
    {
      "id": 13,
      "model": "싱클레어",
      "content": "……！"
    },
    {
      "id": 15,
      "content": "辛克莱突然抬起头、用惊讶的眼神看向我。"
    },
    {
      "id": 16,
      "model": "단테",
      "content": "<唔？我说了什么奇怪的话吗？>"
    },
    {
      "id": 17,
      "model": "싱클레어",
      "content": "不……我只是想起来，很久之前，有个朋友也问过我同样的问题。"
    },
    {
      "id": 18,
      "content": "在沉默了片刻后，辛克莱开口了。他的声音听起来有些沙哑。"
    },
    {
      "id": 19,
      "model": "싱클레어",
      "content": "……我同意希斯克利夫先生的话。"
    },
    {
      "id": 20,
      "model": "싱클레어",
      "content": "即使把头换成了义肢，但丁先生就是但丁先生。"
    },
    {
      "id": 21,
      "model": "싱클레어",
      "content": "我想，我的家人也是一样的吧。"
    },
    {
      "id": 22,
      "model": "단테",
      "content": "<谢谢你、辛克莱。>"
    },
    {
      "id": 23,
      "model": "싱클레어",
      "content": "……呼。"
    },
    {
      "id": 24,
      "model": "싱클레어",
      "content": "别。我马上就要让你和我一起反反复复死到吐了，你要感谢我的话反倒会让我心里过不去。啊哈哈。"
    },
    {
      "id": 25,
      "content": "当我意识到我还没有问他当时是怎么回答朋友的时候……"
    },
    {
      "id": 26,
      "content": "辛克莱已经跑远了。"
    }
  ]
}