{
  "dataList": [
    {
      "id": 0,
      "place": "梅菲斯托费勒斯 内部",
      "model": "유리",
      "teller": "尤莉",
      "title": "8阶收尾人",
      "content": "呃…话说…"
    },
    {
      "id": 1,
      "model": "유리",
      "teller": "尤莉",
      "title": "8阶收尾人",
      "content": "虽然我这有地图…但你们是怎样规划路线的？"
    },
    {
      "id": 2,
      "content": "无人应答。巴士依旧高速行驶着。"
    },
    {
      "id": 3,
      "model": "카론",
      "content": "关于这点…"
    },
    {
      "id": 4,
      "model": "카론",
      "content": "是直觉哦。 卡戎的直觉。"
    },
    {
      "id": 5,
      "model": "유리",
      "teller": "尤莉",
      "title": "8阶收尾人",
      "content": "哈！？"
    },
    {
      "id": 6,
      "model": "카론",
      "content": "小粉毛，把那张奇怪的纸挡在卡戎面前的理由是什么？"
    },
    {
      "id": 7,
      "model": "유리",
      "teller": "尤莉",
      "title": "8阶收尾人",
      "content": "还不是因为你走错路了！麻烦你好好看看地图。目的地在这里的东南方向……"
    },
    {
      "id": 8,
      "content": "到底是无视不了被推到脸上的地图，卡戎只好草草瞥了一眼。"
    },
    {
      "id": 9,
      "model": "카론",
      "content": "遵从心之所向。那便是真正的道路。"
    },
    {
      "id": 10,
      "model": "돈키호테",
      "content": "所言极是！吾辈需从心之所向，达理想之巅！"
    },
    {
      "id": 11,
      "model": "유리",
      "teller": "尤莉",
      "title": "8阶收尾人",
      "content": "…这不就是连地图都看不懂的路痴嘛。"
    },
    {
      "id": 12,
      "model": "이스마엘",
      "content": "替我说出了想说的话呢。"
    },
    {
      "id": 13,
      "content": "尤莉和以实玛利仿若心有灵犀般同时把手搭在了额头上。"
    },
    {
      "id": 14,
      "model": "로쟈",
      "content": "喔！咱们的司机，是交了个新朋友？"
    },
    {
      "id": 15,
      "model": "카론",
      "content": "小粉毛一直在啰哩啰嗦的。我明明知道该怎么走。"
    },
    {
      "id": 16,
      "model": "유리",
      "teller": "尤莉",
      "title": "8阶收尾人",
      "content": "不是，都说了是你把方向给搞错了…"
    },
    {
      "id": 17,
      "model": "카론",
      "content": "前方，又有障碍物。要布隆布隆吗？"
    },
    {
      "id": 18,
      "model": "베르길리우스",
      "content": "不，卡戎，先等等。"
    },
    {
      "id": 19,
      "teller": "饥肠辘辘的流氓",
      "title": "4区后巷",
      "content": "喂！这巴士挺行啊，让老子也坐坐！"
    },
    {
      "id": 20,
      "model": "베르길리우스",
      "content": "…看来梅菲斯托费勒斯的点心时间到了呢。"
    },
    {
      "id": 21,
      "model": "베르길리우스",
      "content": "拿下他们吧……梅菲还没吃够呢。"
    }
  ]
}