{
  "dataList": [
    {
      "id": 0,
      "place": "10区后巷某处",
      "model": "히스클리프",
      "content": "妈的，这帮人怎么杀不干净！"
    },
    {
      "id": 1,
      "model": "히스클리프",
      "content": "这样下去，在到赌场之前我们全都会被耗死的。"
    },
    {
      "id": 2,
      "model": "홍루",
      "content": "别担心，希斯克利夫。只要经理和我们在一起，我们就不会过劳死或什么别的——"
    },
    {
      "id": 3,
      "model": "히스클리프",
      "content": "重点，完全，不是这个！ #@$@#$！！！"
    },
    {
      "id": 4,
      "model": "뫼르소",
      "content": "解决方法很简单。斩首行动是迅速瓦解敌对组织的最好办法。\n只要群龙无首，敌人的攻势自然会分崩离析。"
    },
    {
      "id": 5,
      "model": "히스클리프",
      "content": "你、你是这里唯一一个替我说话的。"
    },
    {
      "id": 6,
      "model": "히스클리프",
      "content": "我被彻底惹恼了，所以让我们去打碎点谁的骨头和脑袋之类的玩意吧。"
    },
    {
      "id": 7,
      "model": "돈키호테",
      "content": "由此，我们向前进发！"
    },
    {
      "id": 8,
      "model": "에피",
      "teller": "埃菲",
      "title": "LCCB",
      "content": "等等！你们俩给我回来！"
    },
    {
      "id": 9,
      "model": "에피",
      "teller": "埃菲",
      "title": "LCCB",
      "content": "……浮士德，这就是你的队友吗？"
    },
    {
      "id": 10,
      "model": "파우스트",
      "content": "人生总是充满不解之谜。"
    },
    {
      "id": 11,
      "model": "이상",
      "content": "那边正发生的，就是最好的体现，不是吗？"
    },
    {
      "id": 12,
      "model": "히스클리프",
      "content": "告诉我你老大在哪！我要见他，立刻马上！"
    },
    {
      "id": 13,
      "content": "希斯克利夫揪着一个马仔的衣领，暴力地摇晃着。在我看来，那家伙的魂恐怕早就丢了。"
    },
    {
      "id": 14,
      "content": "……大概有过之而无不及。"
    },
    {
      "id": 15,
      "model": "세보이고싶었던콩콩파조직원",
      "teller": "捶胸豆豆帮成员",
      "title": "豆豆帮",
      "content": "海洋之心……在汽车塔那里……"
    },
    {
      "id": 16,
      "model": "히스클리프",
      "content": "什么塔？那是什么鬼地方？！讲清楚点！"
    },
    {
      "id": 17,
      "model": "에피",
      "teller": "埃菲",
      "title": "LCCB",
      "content": "说得大概是旁边那个废车场吧。"
    },
    {
      "id": 18,
      "model": "에피",
      "teller": "埃菲",
      "title": "LCCB",
      "content": "不过说真的，你真打算要干掉帮派老大？"
    },
    {
      "id": 19,
      "model": "에피",
      "teller": "埃菲",
      "title": "LCCB",
      "content": "你知道，这可不会算在你的员工绩效总结里的啊？"
    },
    {
      "id": 20,
      "model": "이스마엘",
      "content": "他的脑容量可办不到把这些事考虑到他的行动中去。"
    },
    {
      "id": 21,
      "model": "오티스",
      "content": "他就是个废物，完全不尊重方案或者计划。相对应的，他就喜欢胡扯。"
    },
    {
      "id": 22,
      "model": "소드",
      "teller": "索德",
      "title": "LCCB",
      "content": "不…… 我确实觉得那很有道理。"
    },
    {
      "id": 23,
      "model": "소드",
      "teller": "索德",
      "title": "LCCB",
      "content": "别担心，埃菲。我们总有个后备计划，不是吗？"
    },
    {
      "id": 24,
      "content": "索德平静地说道。"
    },
    {
      "id": 25,
      "content": "不管怎样，我能注意到她不时有意识地试图保持平静，让我有理由怀疑她善良的外表只是伪装。"
    },
    {
      "id": 26,
      "model": "소드",
      "teller": "索德",
      "title": "LCCB",
      "content": "如果按原定的角色扮演进入赌场已经没戏了……"
    },
    {
      "id": 27,
      "model": "소드",
      "teller": "索德",
      "title": "LCCB",
      "content": "我们可以直接装作豆豆帮成员上去。"
    },
    {
      "id": 28,
      "model": "소드",
      "teller": "索德",
      "title": "LCCB",
      "content": "这样一来，就算是抱团行动也不会引起太多怀疑，而且也不会在到达顶楼之前惹上太多麻烦。"
    },
    {
      "id": 29,
      "model": "소드",
      "teller": "索德",
      "title": "LCCB",
      "content": "同时我们还能趁机从豆豆帮众那儿抽出一些愿力。"
    }
  ]
}