{
  "dataList": [
    {
      "id": 0,
      "place": "梅菲斯托费勒斯 内部",
      "content": "回到巴士上，等着我们的是冷着脸的维吉里乌斯和鼓着腮帮的卡戎……"
    },
    {
      "id": 1,
      "content": "即便是开玩笑也很难说车内的气氛不错，沉重的空气在车内弥漫着。"
    },
    {
      "id": 2,
      "model": "카론",
      "content": "太慢了。卡戎，数到了一百，你们却没有回来。"
    },
    {
      "id": 3,
      "model": "베르길리우스2",
      "teller": "维吉里乌斯",
      "title": "向导",
      "content": "卡戎。"
    },
    {
      "id": 4,
      "content": "卡戎似乎还打算用冰冷的声音说点什么。但维吉里乌斯轻轻把手放在了卡戎的肩上，静静看着她。"
    },
    {
      "id": 5,
      "model": "카론",
      "content": "维吉，卡戎记下这一次了。"
    },
    {
      "id": 6,
      "model": "베르길리우스2",
      "teller": "维吉里乌斯",
      "title": "向导",
      "content": "抱歉，之后给你买糖。"
    },
    {
      "id": 7,
      "content": "卡戎一声不吭地坐在驾驶座上，维吉里乌斯慢慢回头望向我们。"
    },
    {
      "id": 8,
      "content": "包含我在内，要说罪人们共同的优点的话，就是回避危险的直觉相当出色这一点吧。"
    },
    {
      "id": 9,
      "content": "我们迈着僵硬的步子，各自回到了自己的座位……"
    },
    {
      "id": 10,
      "content": "只剩堂吉诃德在巴士的过道上，不安地站着。"
    },
    {
      "id": 11,
      "model": "베르길리우스2",
      "teller": "维吉里乌斯",
      "title": "向导",
      "content": "解释吧，堂吉诃德。"
    },
    {
      "id": 12,
      "model": "돈키호테",
      "content": "吾……无法对受迫害的弱者视而不见……"
    },
    {
      "id": 13,
      "model": "베르길리우스2",
      "teller": "维吉里乌斯",
      "title": "向导",
      "content": "不，不对。"
    },
    {
      "id": 14,
      "content": "一瞬间，我没能看清眼前发生了什么。"
    },
    {
      "id": 15,
      "content": "我不会眨眼睛，所以本应清楚地把握状况，然而……"
    },
    {
      "id": 16,
      "model": "돈키호테",
      "content": "咳唔！咕……"
    },
    {
      "id": 17,
      "content": "回过神的时候，"
    },
    {
      "id": 18,
      "content": "眼前映入了被维吉里乌斯的鞋底踩着肩膀的堂吉诃德。"
    },
    {
      "id": 19,
      "model": "베르길리우스2",
      "teller": "维吉里乌斯",
      "title": "向导",
      "content": "我说了要你解释，没说要你为你的思想辩护。"
    },
    {
      "id": 20,
      "model": "돈키호테",
      "content": "呜呜……！"
    },
    {
      "id": 21,
      "model": "베르길리우스2",
      "teller": "维吉里乌斯",
      "title": "向导",
      "content": "不是第一次了吧，堂吉诃德。已经有过三次类似的事情了。"
    },
    {
      "id": 22,
      "model": "베르길리우스2",
      "teller": "维吉里乌斯",
      "title": "向导",
      "content": "因为你精神错乱般的行为，计划已经有三次差点失败了。"
    },
    {
      "id": 23,
      "model": "베르길리우스2",
      "teller": "维吉里乌斯",
      "title": "向导",
      "content": "怎么想的？说说看。"
    },
    {
      "id": 24,
      "model": "돈키호테",
      "content": "虽……虽然吾给同伴添了麻烦……"
    },
    {
      "id": 25,
      "model": "돈키호테",
      "content": "唔唔……咕哇！！！"
    },
    {
      "id": 26,
      "content": "堂吉诃德那夹杂着痛苦的呻吟声越来越大，但是谁都不愿意插嘴。"
    },
    {
      "id": 27,
      "content": "当然，大抵因为这是她的过错……"
    },
    {
      "id": 28,
      "content": "但最大的原因应该是，即便插嘴也并不会让气氛变得更好。"
    },
    {
      "id": 29,
      "model": "베르길리우스2",
      "teller": "维吉里乌斯",
      "title": "向导",
      "content": "我要听你的想法。为什么不理解呢？"
    },
    {
      "id": 30,
      "model": "돈키호테",
      "content": "不，不是在说话吗！"
    },
    {
      "id": 31,
      "model": "베르길리우스2",
      "teller": "维吉里乌斯",
      "title": "向导",
      "content": "你该说“对不起”，堂吉诃德。"
    },
    {
      "id": 32,
      "model": "베르길리우스2",
      "teller": "维吉里乌斯",
      "title": "向导",
      "content": "要补充的话，也该说说今后打算怎么做。"
    },
    {
      "id": 33,
      "model": "돈키호테",
      "content": "怎么这样……呜！就是想从吾嘴里听到固定答案吗！"
    },
    {
      "id": 34,
      "model": "베르길리우스2",
      "teller": "维吉里乌斯",
      "title": "向导",
      "content": "你不知道吗？公司往往都有决定了的答案，只是问你能不能猜到那个答案。"
    },
    {
      "id": 35,
      "model": "베르길리우스2",
      "teller": "维吉里乌斯",
      "title": "向导",
      "content": "如果觉得公司在听取你的意见的话就大错特错了。"
    },
    {
      "id": 36,
      "model": "돈키호테",
      "content": "咕……如果公司是那样的话吾就！"
    },
    {
      "id": 37,
      "model": "베르길리우스2",
      "teller": "维吉里乌斯",
      "title": "向导",
      "content": "……累了。"
    },
    {
      "id": 38,
      "content": "维吉里乌斯把堂吉诃德一脚踢倒，扔到车厢上。"
    },
    {
      "id": 39,
      "content": "然后，抓住了堂吉诃德的衣领……"
    },
    {
      "id": 40,
      "model": "베르길리우스2",
      "teller": "维吉里乌斯",
      "title": "向导",
      "content": "还记得刚进入公司的时候吧。"
    },
    {
      "id": 41,
      "model": "돈키호테",
      "content": "……！"
    },
    {
      "id": 42,
      "model": "베르길리우스",
      "content": "那一天的合同，不忘记的话我会很高兴的。……堂・吉诃德女士。"
    },
    {
      "id": 43,
      "content": "维吉里乌斯的眼中有着比平时更强烈的红光……"
    },
    {
      "id": 44,
      "content": "直视着那双眼睛的堂吉诃德什么也没说，只是点了点头。"
    },
    {
      "id": 45,
      "model": "베르길리우스2",
      "teller": "维吉里乌斯",
      "title": "向导",
      "content": "……到此为止。回你座位上。"
    },
    {
      "id": 46,
      "content": "无论何时都是堂堂正正，意气风发的堂吉诃德，此时一副消沉的，灰溜溜的样子，这并不是什么愉快的景象。"
    },
    {
      "id": 47,
      "content": "居然让那个堂吉诃德一下子就闭嘴……"
    },
    {
      "id": 48,
      "content": "究竟签订了什么样的合同呢。"
    },
    {
      "id": 49,
      "model": "베르길리우스2",
      "teller": "维吉里乌斯",
      "title": "向导",
      "content": "其他的家伙也一样。"
    },
    {
      "id": 50,
      "model": "베르길리우스2",
      "teller": "维吉里乌斯",
      "title": "向导",
      "content": "公司不是实现自我或者宣扬思想的场所。"
    },
    {
      "id": 51,
      "model": "베르길리우스2",
      "teller": "维吉里乌斯",
      "title": "向导",
      "content": "还想在违反合同规定的情况下自作主张的话，好好想想自己付出的代价再付诸行动。"
    },
    {
      "id": 52,
      "model": "베르길리우스2",
      "teller": "维吉里乌斯",
      "title": "向导",
      "content": "我会让你们度过一段求死不能，离职也解脱不了的时光的。"
    },
    {
      "id": 53,
      "model": "그레고르",
      "content": "总觉得那家伙好像很讨厌得到了……谁来着，齐格芬先生的帮助。"
    },
    {
      "id": 54,
      "model": "돈키호테",
      "content": "是齐格……飞先生……"
    },
    {
      "id": 55,
      "model": "로쟈",
      "content": "正式行动都还没开始就挨了训啊~行动之前多察言观色一下吧。"
    },
    {
      "id": 56,
      "model": "이스마엘",
      "content": "呼……我就知道迟早得有这么一天。今后大家要注意了。"
    },
    {
      "id": 57,
      "model": "히스클리프",
      "content": "你们两个瞅我干啥啊？想死吗？"
    },
    {
      "id": 58,
      "model": "베르길리우스2",
      "teller": "维吉里乌斯",
      "title": "向导",
      "content": "……"
    },
    {
      "id": 59,
      "model": "히스클리프",
      "content": "……我知道，我知道了！嘁。"
    }
  ]
}