{
  "dataList": [
    {
      "id": 0,
      "place": "卡尔夫镇 广场",
      "content": "从巴士的车窗向外望去，可以隐约的看到整个小镇已经被浓烟所笼罩。"
    },
    {
      "id": 1,
      "model": "이스마엘",
      "content": "呃……真是一团糟。"
    },
    {
      "id": 2,
      "model": "이스마엘",
      "content": "话说回来……你们不觉得这首歌听起来有点耳熟吗？"
    },
    {
      "id": 3,
      "model": "히스클리프",
      "content": "哦，对了，我知道这歌。以前在下雪天经常听到这曲子……"
    },
    {
      "id": 4,
      "model": "그레고르",
      "content": "他们在战时经常放这首歌来提振士气……虽然对我来说效果完全适得其反。"
    },
    {
      "id": 5,
      "content": "看来这首歌在队伍中唤起了许多不同的回忆。"
    },
    {
      "id": 6,
      "content": "而对我而言……我不好说。这首歌确实很耳熟，但是它没能让我清晰回想起任何事物。"
    },
    {
      "id": 7,
      "content": "然而，我仍能感受到在内心深处有一种隐约莫名的感觉蔓延开来。"
    },
    {
      "id": 8,
      "content": "也许我在失忆之前知道这首歌。"
    },
    {
      "id": 9,
      "content": "情感如同浓雾般在我心中升腾，但是……这些情感并不让我觉得宝贵或是温暖。"
    },
    {
      "id": 10,
      "content": "它更像是一种痛楚。"
    },
    {
      "id": 11,
      "content": "我感受到的是一种无法言说的刺痛。"
    },
    {
      "id": 12,
      "model": "싱클레어",
      "content": "是的……就在那一天……"
    },
    {
      "id": 13,
      "model": "싱클레어",
      "content": "那天也像现在一样是个下雪天……那天也在播放这首歌……"
    },
    {
      "id": 14,
      "content": "我们前方的树木上装饰着一些令人不快的“饰品”。"
    },
    {
      "id": 15,
      "content": "各种各样的器官和机械部件被挂在树枝上，就像是有人在举办一场人类内脏的展览。"
    },
    {
      "id": 16,
      "model": "로쟈",
      "content": "真恶心……他们不觉得这有些过火了么?"
    },
    {
      "id": 17,
      "model": "료슈",
      "content": "经典……但太过庸俗。"
    },
    {
      "id": 18,
      "model": "뫼르소",
      "content": "……附近无人生还。"
    },
    {
      "id": 19,
      "content": "果然，所有事情最终还是如预期那般发展了。"
    },
    {
      "id": 20,
      "content": "这就像是……"
    },
    {
      "id": 21,
      "teller": "？？？",
      "title": "？？？",
      "content": "啊~啊啊~！话筒测试，话筒测试！"
    },
    {
      "id": 22,
      "content": "一阵尖锐的声响使得所有人都不禁捂住了耳朵。"
    },
    {
      "id": 23,
      "teller": "？？？",
      "title": "？？？",
      "content": "各位，圣诞节过的还开心吗？"
    },
    {
      "id": 24,
      "teller": "？？？",
      "title": "？？？",
      "content": "今夜虽然算不上“平安”夜，但是毫无疑问是个“圣善”夜。"
    },
    {
      "id": 25,
      "model": "단테",
      "content": "<……?离圣诞节不是还早着呢吗？>"
    },
    {
      "id": 26,
      "model": "이스마엘",
      "content": "你说的没错，圣诞节并不在最近。"
    },
    {
      "id": 27,
      "model": "크로머목소리",
      "teller": "克罗默",
      "title": "钉与锤",
      "content": "我叫克罗默。我是一个热爱纯洁的“人道”主义者，同时我也是“执柄者”。"
    },
    {
      "id": 28,
      "model": "크로머목소리",
      "teller": "克罗默",
      "title": "钉与锤",
      "content": "我不清楚你们是怎么到这来的，但你们已经入侵了私人领地。"
    },
    {
      "id": 29,
      "model": "크로머목소리",
      "teller": "克罗默",
      "title": "钉与锤",
      "content": "如你所见……这个神圣的场所正在举行我们“钉与锤”的审判。希望你们喜欢我做的小装饰。"
    },
    {
      "id": 30,
      "model": "크로머목소리",
      "teller": "克罗默",
      "title": "钉与锤",
      "content": "好吧，我就当作你们是迷了路……如果立刻离开，你们就只需要交点罚金就行了。"
    },
    {
      "id": 31,
      "model": "크로머목소리",
      "teller": "克罗默",
      "title": "钉与锤",
      "content": "我现在很好说话……毕竟，今天是圣诞节！"
    },
    {
      "id": 32,
      "model": "크로머목소리",
      "teller": "克罗默",
      "title": "钉与锤",
      "content": "哦，在此之前，圭多？在不在？"
    },
    {
      "id": 33,
      "model": "귀도",
      "teller": "圭多",
      "title": "钉与锤",
      "content": "我在这里。"
    },
    {
      "id": 34,
      "model": "크로머목소리",
      "teller": "克罗默",
      "title": "钉与锤",
      "content": "很好。保险起见，你有看到任何的异教徒吗？"
    },
    {
      "id": 35,
      "content": "那个回应她的名为圭多的壮硕男人转身面向我们。"
    },
    {
      "id": 36,
      "content": "他仔细的观察了我们每一个人，直到他看到了我。"
    },
    {
      "id": 37,
      "content": "他盯着我看了很久。"
    },
    {
      "id": 38,
      "content": "尽管他带着面具，但是他隐藏之下的目光……"
    },
    {
      "id": 39,
      "content": "那种审视的目光，就像他用眼神把我们狠狠地钉在了地上，让我们完全无法动弹。"
    },
    {
      "id": 40,
      "model": "귀도",
      "teller": "圭多",
      "title": "钉与锤",
      "content": "我看到了一个不洁者以及他的追随者们。"
    },
    {
      "id": 41,
      "model": "귀도",
      "teller": "圭多",
      "title": "钉与锤",
      "content": "以及……您提到的那个孩子，正和他们站在一起。"
    },
    {
      "id": 42,
      "model": "크로머목소리",
      "teller": "克罗默",
      "title": "钉与锤",
      "content": "哈哈哈！真的吗？我的辛克莱回来了？"
    },
    {
      "id": 43,
      "model": "크로머목소리",
      "teller": "克罗默",
      "title": "钉与锤",
      "content": "辛克莱，快来见我吧，我在老地方等你哦！"
    },
    {
      "id": 44,
      "model": "싱클레어",
      "content": "……咯……吱吱……克罗……默……"
    },
    {
      "id": 45,
      "content": "我能听到辛克莱因为咬牙切齿而发出的声响。"
    },
    {
      "id": 46,
      "content": "他发出了一种令人毛骨悚然的声音，我不确定那是出于憎恨还是恐惧。"
    },
    {
      "id": 47,
      "model": "크로머목소리",
      "teller": "克罗默",
      "title": "钉与锤",
      "content": "把剩下的人处理掉，圭多。还是说要我亲自动手？我倒是不介意。"
    },
    {
      "id": 48,
      "model": "귀도",
      "teller": "圭多",
      "title": "钉与锤",
      "content": "作为“执柄者”，您应该专注于对不洁者降下重锤。"
    },
    {
      "id": 49,
      "model": "크로머목소리",
      "teller": "克罗默",
      "title": "钉与锤",
      "content": "哈哈哈哈哈哈哈哈！！很好，非常好！让净化继续吧！"
    },
    {
      "id": 50,
      "model": "크로머목소리",
      "teller": "克罗默",
      "title": "钉与锤",
      "content": "那么现在，各位，圣诞快乐！"
    },
    {
      "id": 51,
      "content": "数个审判官集结在了圭多的身边。"
    },
    {
      "id": 52,
      "content": "而他坚定的站在他们背后。"
    },
    {
      "id": 53,
      "content": "……他没有采取任何行动，但仅仅是他的存在本身就是一种威胁。"
    },
    {
      "id": 54,
      "content": "强烈的敌意从他的身上散发出来。"
    }
  ]
}