{
  "dataList": [
    {
      "id": 0,
      "place": "梅菲斯托费勒斯 内部",
      "content": "战斗结束后，巴士终于顺利的驶离了。"
    },
    {
      "id": 1,
      "content": "望向窗外，罪人们的心中萌生出一种奇怪的感觉。"
    },
    {
      "id": 2,
      "model": "로쟈",
      "content": "看看那些人，一副无忧无虑的样子。"
    },
    {
      "id": 3,
      "model": "단테",
      "content": "<这与我们迄今为止走过的路相比，看上去有所不同>"
    },
    {
      "id": 4,
      "model": "그레고르",
      "content": "啊哈，看起来这是我们的经理兄第一次来到巢里。"
    },
    {
      "id": 5,
      "model": "이스마엘",
      "content": "巢和后巷比起来简直是天壤之别。另外，每个巢都有自己的文化与传统。"
    },
    {
      "id": 6,
      "model": "베르길리우스",
      "content": "全体注意。"
    },
    {
      "id": 7,
      "model": "베르길리우스",
      "content": "我们的目的地是K巢内的“卡尔夫”镇。调查显示，通往脑叶公司支部的道路就在其中的某处。"
    },
    {
      "id": 8,
      "model": "싱클레어",
      "content": "……！"
    },
    {
      "id": 9,
      "content": "听到“卡尔夫”这个名字时，辛克莱再次陷入到了恐惧之中，开始不住的颤抖。"
    },
    {
      "id": 10,
      "content": "就好像在被谁紧追不舍一般……"
    },
    {
      "id": 11,
      "model": "베르길리우스",
      "content": "但是，正如你告诉我的，有一股第三方势力占领了支部的周边区域。这就是我为什么向清理部门申请了额外的侦察行动。"
    },
    {
      "id": 12,
      "model": "파우스트",
      "content": "先遣队的三号侦察小组已经部署完毕。埃菲先生和索德女士现在应该跟他们在一起。"
    },
    {
      "id": 13,
      "model": "베르길리우스",
      "content": "一旦他们掌握了相关情况，我们就会收到报告。"
    },
    {
      "id": 14,
      "content": "不一会，巴士驶入了一片通往城镇的寂静森林。"
    },
    {
      "id": 15,
      "content": "后巷中不存在的郁郁葱葱的景色使人安心不少。但是很快，就被一些诡异的现象所打断。"
    },
    {
      "id": 16,
      "content": "我看到一大片代表不详的浓烟在远处升起。"
    },
    {
      "id": 17,
      "model": "싱클레어",
      "content": "为什么……烟……从那里……"
    },
    {
      "id": 18,
      "model": "로쟈",
      "content": "辛克莱……？"
    },
    {
      "id": 19,
      "model": "베르길리우스",
      "content": "卡戎，转向"
    },
    {
      "id": 20,
      "model": "카론",
      "content": "回避模式启动，哐哧哐哧。"
    },
    {
      "id": -1,
      "content": "SE // 와장창!"
    },
    {
      "id": 21,
      "content": "巴士向左急转弯，紧接着，一根长钉瞬间飞了进来，嵌入后窗中，发出可怕的声响。"
    },
    {
      "id": 22,
      "model": "히스클리프",
      "content": "哪，哪个混蛋？老子差点就没命了。"
    },
    {
      "id": 23,
      "model": "파우스트",
      "content": "嗯……尽管我之前从没用这种速度的发射物测试过，但这确实表明窗户应该再加固一下了。"
    },
    {
      "id": 24,
      "model": "오티스",
      "content": "是冲我们来的。先遣队之前就提醒过要注意他们……那帮N公司的员工。"
    },
    {
      "id": 25,
      "model": "카론",
      "content": "维吉，梅菲受伤了，卡戎很难过。"
    },
    {
      "id": 26,
      "model": "베르길리우스",
      "content": "看起来他们不会善罢甘休啊。"
    },
    {
      "id": 27,
      "model": "베르길리우스",
      "content": "全员下车。"
    },
    {
      "id": 28,
      "place": "通往卡尔夫的路上",
      "content": "我们下车后，一群穿着白色外套，全身包裹在生锈铠甲中的人拦住了我们的去路。"
    },
    {
      "id": 29,
      "model": "N사심문관1",
      "teller": "？？？",
      "title": "？？？",
      "content": "停下，此路不通。"
    },
    {
      "id": 30,
      "model": "그레고르",
      "content": "一开始该告诉我们的，现在我们的窗户玻璃怎么办？你这家伙……"
    },
    {
      "id": 31,
      "model": "오티스",
      "content": "不说一声就动手也太失礼了吧。难道先报出自己隶属的机构，不是最基本的礼仪吗？"
    },
    {
      "id": 32,
      "model": "N사심문관1",
      "teller": "审判官",
      "title": "钉与锤",
      "content": "我等是异端审判官，是贯穿亵渎的钉与打击罪恶的锤。"
    },
    {
      "id": 33,
      "model": "이스마엘",
      "content": "所以，N公司……就是Nagel und Hammer的成员，说的真晦涩。"
    },
    {
      "id": 34,
      "model": "파우스트",
      "content": "也被称作“钉与锤。”"
    },
    {
      "id": 35,
      "model": "N사심문관1",
      "teller": "审判官",
      "title": "钉与锤",
      "content": "我等正在清理异端，尔等不可于此通行。"
    },
    {
      "id": 36,
      "model": "그레고르",
      "content": "异端？那啥，我们只是想从这借过一下，不想惹任何麻烦。我们是来，呃，那个…… "
    },
    {
      "id": 37,
      "model": "그레고르",
      "content": "是来旅游的……！没错，这是我们的观光巴士。"
    },
    {
      "id": 38,
      "model": "단테",
      "content": "<……>"
    },
    {
      "id": 39,
      "content": "突然就变成了旅客的罪人们面面相觑。"
    },
    {
      "id": 40,
      "content": "为了防止先前的惨剧再次重演，格里高尔在努力的使用平静的语调安抚着审判官——尽管可能收效甚微。"
    },
    {
      "id": 41,
      "content": "同时，他也尽力摆出了一个游客应有的，友善而无害的微笑。"
    },
    {
      "id": 42,
      "model": "로쟈",
      "content": "格雷格，我在矿山的时候就在想……你是不是非常乐于做这种……"
    },
    {
      "id": 43,
      "model": "그레고르",
      "content": "不是这样的……"
    },
    {
      "id": 44,
      "content": "他那颤抖的嘴角唤起了我的一丝同情。"
    },
    {
      "id": 45,
      "model": "N사심문관1",
      "teller": "审判官",
      "title": "钉与锤",
      "content": "若是如此，汝等需证明身体的纯洁。"
    },
    {
      "id": 46,
      "model": "그레고르",
      "content": "好吧，那我们要怎么证明呢。"
    },
    {
      "id": 47,
      "content": "审判官突然指向了我。"
    },
    {
      "id": 48,
      "model": "N사심문관1",
      "teller": "审判官",
      "title": "钉与锤",
      "content": "砍下此异端旅者的头颅。"
    },
    {
      "id": 49,
      "model": "단테",
      "content": "<我……我？！>"
    },
    {
      "id": 50,
      "model": "N사심문관1",
      "teller": "审判官",
      "title": "钉与锤",
      "content": "然后跪倒在我等的锤前，将其供奉。"
    },
    {
      "id": 51,
      "model": "N사심문관1",
      "teller": "审判官",
      "title": "钉与锤",
      "content": "如此，便能证明汝的纯洁，汝的旅程也将一帆风顺。"
    },
    {
      "id": 52,
      "model": "N사심문관1",
      "teller": "审判官",
      "title": "钉与锤",
      "content": "自然，那辆充满不洁的车也要留下。"
    },
    {
      "id": 53,
      "model": "히스클리프",
      "content": "就会在那放屁。喂！你把我们当什么了？以为我们会蠢到按你说的去做？"
    },
    {
      "id": 54,
      "content": "愤怒的希斯克利夫第一个结束了扮演无害的旅行者。"
    },
    {
      "id": 55,
      "model": "단테",
      "content": "<希斯克利夫……你不用这样……>"
    },
    {
      "id": 56,
      "model": "히스클리프",
      "content": "一帮不争气的软蛋，嘁。谁敢叫老子下跪？"
    },
    {
      "id": 57,
      "model": "단테",
      "content": "<……>"
    },
    {
      "id": 58,
      "content": "于是，自称审判官的人点了点头。"
    },
    {
      "id": 59,
      "model": "N사심문관1",
      "teller": "审判官",
      "title": "钉与锤",
      "content": "既然如此，尔等便是异端。"
    },
    {
      "id": 60,
      "content": "说罢，审判官们全部摆好了进攻的架势。"
    }
  ]
}