{
  "dataList": [
    {
      "id": 0,
      "place": "赌场 3F",
      "model": "단테",
      "content": "<我们该怎么办？再像这样打下去的话……>"
    },
    {
      "id": 1,
      "content": "但令我吃惊的是，以实玛利竟轻蔑一笑。"
    },
    {
      "id": 2,
      "model": "이스마엘",
      "content": "该怎么办？我们还有一张王牌呢。"
    },
    {
      "id": 3,
      "model": "단테",
      "content": "<王牌是什么？>"
    },
    {
      "id": 4,
      "model": "이스마엘",
      "content": "那就是找个人让他们见识一下什么叫“真家伙”。"
    },
    {
      "id": 5,
      "model": "료슈",
      "content": "你先像@#$@#$一样给他@#$%掉，然后对他@$#%$#%。"
    },
    {
      "id": 6,
      "model": "료슈",
      "content": "其次你再把他@%$#$^，随后将他送进#$#@里。"
    },
    {
      "id": 7,
      "model": "료슈",
      "content": "最后……"
    },
    {
      "id": 8,
      "content": "我从未想过居然真的有人类可以将这么残忍的行径绘声绘色地说出口。"
    },
    {
      "id": 9,
      "content": "混混们的眼中闪烁着非比寻常的光芒——有些人甚至做起了笔记。"
    },
    {
      "id": 10,
      "teller": "危险的铁工会成员",
      "title": "铁工会",
      "content": "我去，我有点被感动到了。"
    },
    {
      "id": 11,
      "teller": "正在热身的铁工会成员",
      "title": "铁工会",
      "content": "哦吼吼，真是个牛逼的想法……这就是所谓的毒舌妇……吗，大姐？"
    },
    {
      "id": 12,
      "model": "히스클리프",
      "content": " 不不，这绝对是女魔头吧，绝对是。"
    },
    {
      "id": 13,
      "content": "就算是希斯克利夫——这位比大多数后巷居民过得还惨的人，到中途也被良秀吓个不轻。"
    },
    {
      "id": 14,
      "model": "이상",
      "content": "我禁不住要夸赞她的创造力。瞧，笔……不，言语有时候比利剑还管用。"
    },
    {
      "id": 15,
      "model": "이스마엘",
      "content": "作为一个当了半辈子水手的人，我自以为已经完全习惯那群水手的粗鄙之语了。"
    },
    {
      "id": 16,
      "model": "이스마엘",
      "content": "但是听了她的话后，我才意识到之前听过的脏话不过是冰山一角罢了。"
    },
    {
      "id": 17,
      "model": "소드",
      "teller": "索德",
      "title": "LCCB",
      "content": "……"
    },
    {
      "id": 18,
      "model": "소드",
      "teller": "索德",
      "title": "LCCB",
      "content": "讲真，我真的没法理解为什么上司会把你们这样的人组建成一支团队。"
    },
    {
      "id": 19,
      "model": "파우스트",
      "content": "这支队伍组建的时候就没打算能让我们这样的人理解吧。"
    },
    {
      "id": 20,
      "model": "소드",
      "teller": "索德",
      "title": "LCCB",
      "content": "而且我至今也仍未搞清楚人事部做那么多工作又有什么意义……"
    },
    {
      "id": 21,
      "model": "소드",
      "teller": "索德",
      "title": "LCCB",
      "content": "不过，我想……其实这样也不赖。"
    },
    {
      "id": 22,
      "model": "파우스트",
      "content": "恭喜你，索德，你终于能接受现状了。"
    }
  ]
}