{
  "dataList": [
    {
      "id": 0,
      "place": "K公司 检查站",
      "model": "단테",
      "content": "<你真的就只在这里旁观吗？>"
    },
    {
      "id": 1,
      "model": "베르길리우스",
      "content": "你那样看着我也没用的，经理。"
    },
    {
      "id": 2,
      "model": "베르길리우스",
      "content": "我不过是个没人会注意的向导。挥舞武器对我来说太无礼了。"
    },
    {
      "id": 3,
      "model": "베르길리우스",
      "content": "啊，最后插手一次：K公司的奇点以疗愈子弹的形式呈现，它能以一眨眼的功夫治愈绝大多数伤口。"
    },
    {
      "id": 4,
      "model": "베르길리우스",
      "content": "我想这可能和你的那种能力相似吧。"
    },
    {
      "id": 5,
      "model": "단테",
      "content": "<嘿，等等……！>"
    },
    {
      "id": 6,
      "content": "维吉里乌斯完全无视了我那无力的请求——甚至可能听都没听到——K公司的安保人员逐渐向我们逼近。"
    }
  ]
}