{
  "dataList": [
    {
      "id": 0,
      "place": "梅菲斯托费勒斯 内部",
      "model": "유리",
      "teller": "尤莉",
      "title": "8阶收尾人",
      "content": "好，我们再来看眼地图"
    },
    {
      "id": 1,
      "model": "카론",
      "content": "……"
    },
    {
      "id": 2,
      "model": "싱클레어",
      "content": "卡戎，你能集中注意力吗？"
    },
    {
      "id": 3,
      "content": "当我再次看向在地图旁争论的三人时，一个疑问浮现在了我的脑中。"
    },
    {
      "id": 4,
      "model": "단테",
      "content": "<这辆巴士是专门为边狱公司制造的吗？>"
    },
    {
      "id": 5,
      "model": "파우스트",
      "content": "更确切地说，它是仅为我们制作而成的。"
    },
    {
      "id": 6,
      "content": "所以这不就是我说的吗？"
    },
    {
      "id": 7,
      "model": "파우스트",
      "content": "你看起来似乎在想：所以这不就是我说的吗？"
    },
    {
      "id": 8,
      "model": "단테",
      "content": "<…真奇怪，我没打算说出口的。>"
    },
    {
      "id": 9,
      "content": "是时钟坏了吗？"
    },
    {
      "id": 10,
      "model": "파우스트",
      "content": "那点小事不用你滴答滴答地说也能明白。"
    },
    {
      "id": 11,
      "model": "파우스트",
      "content": "毕竟没有浮士德不知道的事情。"
    },
    {
      "id": 12,
      "model": "단테",
      "content": "<总之，如果是专用的话，制作起来应该相当费时吧。巴士侧面的那个……“嘴”，也是这样吧。>"
    },
    {
      "id": 13,
      "model": "파우스트",
      "content": "制作它只花费了预想之内的时间而已。"
    },
    {
      "id": 14,
      "model": "단테",
      "content": "<……>"
    },
    {
      "id": 15,
      "model": "파우스트",
      "content": "……"
    },
    {
      "id": 16,
      "content": "跟她说话真压抑啊。"
    },
    {
      "id": 17,
      "model": "파우스트",
      "content": "浮士德是个天才，都市的一切我都知道。"
    },
    {
      "id": 18,
      "model": "히스클리프",
      "content": "喂，既然你这么聪明，为什么不去帮驾驶位那里的蠢货们找条道呢。从刚才开始他们就吵得我睡不着觉。"
    },
    {
      "id": 19,
      "model": "파우스트",
      "content": "浮士德不是爱管闲事的人。我会回答别人问的问题，但没问的话我不会插嘴。"
    },
    {
      "id": 20,
      "model": "파우스트",
      "content": "而且，一个人为了领悟什么而思索，是最愉快的，浮士德不想毁掉他们的乐趣。"
    },
    {
      "id": 21,
      "model": "이스마엘",
      "content": "但凡你有过什么需要思考的事情的话，也就明白了吧？"
    },
    {
      "id": 22,
      "content": "我看到希斯克利夫抓着球棒的手握的更紧了……"
    },
    {
      "id": 23,
      "content": "但也许是因为感受到了维吉里乌斯的视线，他咂了咂舌头，抱着胳膊强迫自己闭上了眼睛。"
    },
    {
      "id": 24,
      "model": "단테",
      "content": "<为什么那么喜欢闹别扭呢…>"
    },
    {
      "id": 25,
      "model": "그레고르",
      "content": "哈，我们好像很合得来啊，经理兄。"
    },
    {
      "id": 26,
      "content": "伴随着格里高尔的暗笑声，巴士再度出发。"
    }
  ]
}