{
  "dataList": [
    {
      "id": 0,
      "content": "不知何处传来了野兽的吠叫。"
    },
    {
      "id": 1,
      "content": "它仿若永不停歇般地叫唤着。是在发泄自己的饥饿感吗？还是说……"
    },
    {
      "id": 2,
      "place": "梅菲斯托费勒斯 内部",
      "teller": "？？？",
      "title": "？？？",
      "content": "抽动起来了。是被吵醒了吗？"
    },
    {
      "id": 3,
      "teller": "？？？",
      "title": "？？？",
      "content": "终于清醒了啊。要是你没撑住先去一步的话，我可是会很失望的。"
    },
    {
      "id": 4,
      "model": "카론",
      "content": "清爽的早晨。我是巴士司机，卡戎。"
    },
    {
      "id": 5,
      "model": "눈이붉은자",
      "teller": "红眼睛之人",
      "title": "？？？",
      "content": "现在不是早晨，但确实算得上清爽。你觉得呢，但丁？"
    },
    {
      "id": 6,
      "model": "프롤로그단테2",
      "teller": "但丁",
      "title": "我",
      "content": "<我……>"
    },
    {
      "id": 7,
      "model": "눈이붉은자",
      "teller": "红眼睛之人",
      "title": "？？？",
      "content": "滴答滴答地讲话啊……啧，完全理解不了，真让人头大。"
    },
    {
      "id": 8,
      "model": "베르길리우스",
      "content": "你可以叫我维吉里乌斯……如果听得懂我在说什么，麻烦给点反应，但丁。"
    },
    {
      "id": 9,
      "content": "我点了点头。毕竟眼前的男人似乎没有敌意。"
    },
    {
      "id": 10,
      "model": "베르길리우스",
      "content": "好。听得懂就行。先出发吧，卡戎。"
    },
    {
      "id": 11,
      "model": "카론",
      "content": "出发咯，布隆布隆。"
    },
    {
      "id": 12,
      "content": "耳旁传来阵阵马达嘶吼声和金属振动声，它们像是从泥沼中刚捞出来一样发出沉闷而顿挫的闷响。"
    },
    {
      "id": 13,
      "content": "我方才意识到，自己正置身于一辆巴士之中。"
    },
    {
      "id": 14,
      "content": "巴士……以前我有没有坐过？完全想不起来。"
    },
    {
      "id": 15,
      "model": "베르길리우스",
      "content": "你想起你是谁了吗？"
    },
    {
      "id": 16,
      "content": "我摇摇头。此时，我才发现：我的头，居然变成了某种滴答作响的玩意儿。"
    },
    {
      "id": 17,
      "model": "베르길리우스",
      "content": "我猜你想找回原来的记忆。难道不是吗？"
    },
    {
      "id": 18,
      "content": "我点点头，感觉就像自己变成白痴了一样。"
    },
    {
      "id": 19,
      "model": "베르길리우스",
      "content": "还挺顺畅啊。要不以后全员都用身体语言交流？"
    },
    {
      "id": 20,
      "model": "베르길리우스",
      "content": "你怎么认为？浮士德女士。"
    },
    {
      "id": 21,
      "model": "파우스트",
      "content": "浮士德想拒绝这项提议。"
    },
    {
      "id": 22,
      "model": "파우스트",
      "content": "我想，我们能自由自在舒展身体的时间恐怕没那么多。"
    },
    {
      "id": 23,
      "content": "是她。那个刚刚向我搭话的人。"
    },
    {
      "id": 24,
      "content": "她的头发就算不被阳光浸润也泛着闪闪的银光，给人一种十分神秘的印象。"
    },
    {
      "id": 25,
      "model": "파우스트",
      "content": "但丁。"
    },
    {
      "id": 26,
      "model": "프롤로그단테2",
      "teller": "但丁",
      "title": "我",
      "content": "<但丁？>"
    },
    {
      "id": 27,
      "content": "话说回来。刚才那个红色眼瞳的男人也是这么叫我的。"
    },
    {
      "id": 28,
      "model": "파우스트",
      "content": "但丁是您的名字。看来您连名字也忘掉了。"
    },
    {
      "id": 29,
      "model": "프롤로그단테2",
      "teller": "但丁",
      "title": "我",
      "content": "<看来确实是这样……我对这个词也不怎么熟悉。>"
    },
    {
      "id": 30,
      "model": "파우스트",
      "content": "您会逐渐熟悉的。"
    },
    {
      "id": 31,
      "model": "프롤로그단테2",
      "teller": "但丁",
      "title": "我",
      "content": "<等等……你听得懂我在说什么？>"
    },
    {
      "id": 32,
      "model": "프롤로그단테2",
      "teller": "但丁",
      "title": "我",
      "content": "<之前那群攻击我的人，以及那个叫维吉还是什么的人，似乎只能听见我的滴答声。>"
    },
    {
      "id": 33,
      "model": "파우스트",
      "content": "浮士德可以听懂您想说的话。"
    },
    {
      "id": 34,
      "model": "프롤로그단테2",
      "teller": "但丁",
      "title": "我",
      "content": "<是真的……？这是怎么回事？我甚至都没有像样的嘴巴。>"
    },
    {
      "id": 35,
      "model": "파우스트",
      "content": "这些过时的想法一定是您换头手术的副作用之一。"
    },
    {
      "id": 36,
      "model": "파우스트",
      "content": "认为诸如声带和舌头等发声器官是参与交流的必需品，那可真是古板守旧的想法。"
    },
    {
      "id": 37,
      "model": "프롤로그단테2",
      "teller": "但丁",
      "title": "我",
      "content": "<古板守旧……好吧，我完全没有想到这一点。>"
    },
    {
      "id": 38,
      "model": "파우스트",
      "content": "……您的话语可以被发送至某一个人，也可以传达给所有人。"
    },
    {
      "id": 39,
      "model": "파우스트",
      "content": "哦，订正一下。我说的“所有人”只指代罪人们。"
    },
    {
      "id": 40,
      "model": "프롤로그단테2",
      "teller": "但丁",
      "title": "我",
      "content": "<罪人？>"
    },
    {
      "id": 41,
      "model": "파우스트",
      "content": "就是坐在您身后的……"
    },
    {
      "id": 42,
      "model": "파우스트",
      "content": "那些刚刚还在替您战斗的人们。"
    },
    {
      "id": 43,
      "teller": "？？？",
      "title": "？？？",
      "content": "呜呼！！ 所以汝是吾辈完成旅途的最后一块碎片！吾为此刻欢呼！"
    },
    {
      "id": 44,
      "teller": "？？？",
      "title": "？？？",
      "content": "老兄，你把脑袋瓜卖到哪了？"
    },
    {
      "id": 45,
      "teller": "？？？",
      "title": "？？？",
      "content": "这么说是您了，感谢您把我的脊柱拼回原样。您是巢里的外科医生还是什么的？"
    },
    {
      "id": 46,
      "model": "베르길리우스",
      "content": "各位，安静点。听到这些噪音合奏是真的比什么都烦。"
    },
    {
      "id": 47,
      "model": "베르길리우스",
      "content": "看来是需要自我介绍的时候了。"
    },
    {
      "id": 48,
      "model": "베르길리우스",
      "content": "我会给你们点时间来介绍自己的，从最近的那个开始。来，讲吧。"
    },
    {
      "id": 49,
      "model": "그레고르",
      "content": "为啥老是从前排开始……我真的很不想打头阵。"
    },
    {
      "id": 50,
      "model": "그레고르",
      "content": "我听说您会是我们的老大，还是，对，我们的经理。"
    },
    {
      "id": 51,
      "model": "단테",
      "content": "<经理？>"
    },
    {
      "id": 52,
      "model": "그레고르",
      "content": "对的，我会期待见到您也是这个原因，还有……"
    },
    {
      "id": 53,
      "model": "그레고르",
      "content": "呃……嗯……抱歉。组织语言真麻烦。"
    },
    {
      "id": 54,
      "model": "그레고르",
      "content": "虽说我不知道你原来的脑袋怎么了，但家家都有本难念的经嘛。"
    },
    {
      "id": 55,
      "model": "그레고르",
      "content": "我叫格里高尔，请多关照了，经理兄。"
    },
    {
      "id": 56
    },
    {
      "id": 57,
      "model": "로쟈",
      "content": "格雷格！别在那称兄道弟啦~这可是以后能带咱赚大钱的贵人啊！"
    },
    {
      "id": 58,
      "model": "그레고르",
      "content": "格雷格？"
    },
    {
      "id": 59,
      "model": "단테",
      "content": "<钱？这又是什么意思？>"
    },
    {
      "id": 60,
      "model": "로쟈",
      "content": "我就不叫你老兄了……但丁！以后我就直接叫你名字啦，你也直接叫我罗佳就好~"
    },
    {
      "id": 61
    },
    {
      "id": 62,
      "model": "로쟈",
      "content": "我想你是因为某些原因，才成为了我们的……经理，对吧？"
    },
    {
      "id": 63,
      "model": "로쟈",
      "content": "你原先肯定是个巢里的大人物，对吧？到时只要跟着你偷学个一两招，估计也够咱挣个盆满钵满咯……呼呼呼~"
    },
    {
      "id": 64,
      "content": "……单就自来熟这点而言，她可真厉害"
    },
    {
      "id": 65,
      "model": "로쟈",
      "content": "哎呀，瞧我，真是……喂，接下来轮到你了哦！"
    },
    {
      "id": 66,
      "model": "싱클레어",
      "content": "您好……"
    },
    {
      "id": 67,
      "model": "로쟈",
      "content": "真没劲~这就结束啦？"
    },
    {
      "id": 68,
      "model": "싱클레어",
      "content": "啊！我叫辛克莱……"
    },
    {
      "id": 69
    },
    {
      "id": 70,
      "content": "少年看起来很忐忑……他真的是自愿入职吗？"
    },
    {
      "id": 71,
      "model": "싱클레어",
      "content": "……还、还应该说些什么吗？我没有在其他公司里工作的经验……"
    },
    {
      "id": 72,
      "model": "로쟈",
      "content": "嘛，以后的路还长着哩。"
    },
    {
      "id": 73,
      "model": "로쟈",
      "content": "那么现在该那位看起来高深莫测的先生接力啦！"
    },
    {
      "id": 74,
      "model": "이상",
      "content": "我叫李箱。"
    },
    {
      "id": 75
    },
    {
      "id": 76,
      "model": "단테",
      "content": "<……就这样？>"
    },
    {
      "id": 77,
      "model": "이상",
      "content": "嗯。以上。"
    },
    {
      "id": 78,
      "content": "我以为这是句谐音笑话，于是便认真端详起他……"
    },
    {
      "id": 79,
      "content": "但他只是百无聊赖地盯住窗外，目光空洞，仿佛对一切都提不起兴趣。"
    },
    {
      "id": 80,
      "model": "이스마엘",
      "content": "哈啊……你可真让人郁闷。融入社会生活的第一步可不就是从打招呼开始的吗？"
    },
    {
      "id": 81,
      "model": "이스마엘",
      "content": "叫我以实玛利吧。"
    },
    {
      "id": 82
    },
    {
      "id": 83,
      "model": "이스마엘",
      "content": "听说多亏有你，我们的身体才能从大卸八块的状态中恢复过来。之后也多加关照了。"
    },
    {
      "id": 84,
      "content": "她礼貌地低了下头，然后回到自己的座位上坐下。"
    },
    {
      "id": 85,
      "content": "虽然嘴上强调着社交，但她看起来不像是很友善的人。"
    },
    {
      "id": 86,
      "model": "히스클리프",
      "content": "提前说好，我可不想融入你们。"
    },
    {
      "id": 87,
      "model": "히스클리프",
      "content": "我叫希斯克利夫，擅长破坏东西——无论是破坏财物，还是别人的身体。"
    },
    {
      "id": 88
    },
    {
      "id": 89,
      "model": "히스클리프",
      "content": "但我只会对那些惹得我牙痒痒的人这样做，可不是因为谁谁的命令。"
    },
    {
      "id": 90,
      "model": "히스클리프",
      "content": "所以你给我注意点。"
    },
    {
      "id": 91,
      "model": "히스클리프",
      "content": "我很讨厌那种自我感觉良好的老板，真不知道这是谁给他们的自信。"
    },
    {
      "id": 92,
      "content": "我不觉得我做了什么给人留下这种印象的事情。"
    },
    {
      "id": 93,
      "model": "돈키호테",
      "content": "轮到吾登场了！吾乃堂吉诃德！"
    },
    {
      "id": 94
    },
    {
      "id": 95,
      "model": "돈키호테",
      "content": "吾乃收尾人，一名为崇高理想而冲锋的收尾人！能至于此是吾之荣幸！ "
    },
    {
      "id": 96,
      "model": "단테",
      "content": "<收尾人……？这个词我以前绝对知道……>"
    },
    {
      "id": 97,
      "model": "돈키호테",
      "content": "汝想知晓此为何物否？吾可解答此惑！收尾人乃都市之守护者！"
    },
    {
      "id": 98,
      "model": "돈키호테",
      "content": "啊！或许汝难以记起都市乃何物！都市乃——"
    },
    {
      "id": 99,
      "model": "베르길리우스",
      "content": "我说过，自我介绍就够了。"
    },
    {
      "id": 100,
      "model": "돈키호테",
      "content": "呃……"
    },
    {
      "id": 101,
      "model": "베르길리우스",
      "content": "最好别让我说第二遍。下一位。"
    },
    {
      "id": 102,
      "model": "홍루",
      "content": "我是鸿璐，让我们好好干吧。"
    },
    {
      "id": 103
    },
    {
      "id": 104,
      "model": "홍루",
      "content": "哇，瞧瞧您！您的头好帅气哦？看来最近很流行这种把戏吧？"
    },
    {
      "id": 105,
      "model": "단테",
      "content": "<这并不是那种……>"
    },
    {
      "id": 106,
      "model": "홍루",
      "content": "不过，这玩意儿并不对我胃口。"
    },
    {
      "id": 107,
      "model": "히스클리프",
      "content": "你这是什么鬼态度？"
    },
    {
      "id": 108,
      "content": "希斯克利夫离挥动球棒只剩片刻之遥了……"
    },
    {
      "id": 109,
      "content": "但很快他便发觉，一抹红色的视线正凝视自己。他只好冷哼一声，坐回位子上。"
    },
    {
      "id": 110,
      "model": "료슈",
      "content": "良秀。"
    },
    {
      "id": 111
    },
    {
      "id": 112,
      "model": "료슈",
      "content": "请多指教。"
    },
    {
      "id": 113,
      "model": "료슈",
      "content": "……噗。"
    },
    {
      "id": 114,
      "content": "我是不是该笑一下？"
    },
    {
      "id": 115,
      "model": "뫼르소",
      "content": "默尔索，请这样称呼我吧。"
    },
    {
      "id": 116
    },
    {
      "id": 117,
      "model": "단테",
      "content": "<真礼貌啊。>"
    },
    {
      "id": 118,
      "model": "뫼르소",
      "content": "这些小事不值一提，我只是在履行职责。"
    },
    {
      "id": 119,
      "model": "단테",
      "content": "<我都快被感动到了，感谢。>"
    },
    {
      "id": 120,
      "model": "뫼르소",
      "content": "好的。"
    },
    {
      "id": 121,
      "content": "总感觉他带着一股怪怪的感觉，可我又无法确切指出。"
    },
    {
      "id": 122,
      "model": "오티스",
      "content": "……"
    },
    {
      "id": 123,
      "content": "她的视线在我身上游走，令我有些不寒而栗。"
    },
    {
      "id": 124,
      "model": "오티스",
      "content": "我是……"
    },
    {
      "id": 125,
      "content": "面对迎面走来的她，我差点下意识地弯腰行礼，但她伸手示意打住。"
    },
    {
      "id": 126,
      "model": "오티스",
      "content": "经理先生居然抢着弯腰，真是太荒唐了。"
    },
    {
      "id": 127,
      "model": "오티스",
      "content": "我是奥提斯。对于之前的无礼行为，我深表歉意。"
    },
    {
      "id": 128
    },
    {
      "id": 129,
      "model": "단테",
      "content": "<你说……无礼？>"
    },
    {
      "id": 130,
      "model": "오티스",
      "content": "哈哈，这可真是。居然心大到这种程度。"
    },
    {
      "id": 131,
      "model": "오티스",
      "content": "果然，我一看你就像这里的领导。"
    },
    {
      "id": 132,
      "model": "단테",
      "content": "<……嗯？什么？>"
    },
    {
      "id": 133,
      "model": "오티스",
      "content": "尽管人与人之间的大多数冲突只会引起噪音和摩擦……"
    },
    {
      "id": 134,
      "model": "오티스",
      "content": "但其中有少数人能在冲突中获利。"
    },
    {
      "id": 135,
      "model": "오티스",
      "content": "想要锻造出锋利的剑的话，就需要使用高质量的碳。"
    },
    {
      "id": 136,
      "model": "오티스",
      "content": "我比任何人都愿意为经理先生先身士卒，我随时准备听从命令。"
    },
    {
      "id": 137,
      "model": "단테",
      "content": "<那，那真不错啊……谢谢。>"
    },
    {
      "id": 138,
      "content": "虽然还是不明白“之前的无礼行为”指的是什么，总之先应付过去吧。"
    },
    {
      "id": 139,
      "model": "이스마엘",
      "content": "我真没想到，你居然还能对你口中那只“滚来滚去的可怜虫”说出这么漂亮的奉承话来。"
    },
    {
      "id": 140,
      "content": "原来如此。"
    },
    {
      "id": 141,
      "model": "파우스트",
      "content": "看来是我最后。我是浮士德。"
    },
    {
      "id": 142
    },
    {
      "id": 143,
      "model": "파우스트",
      "content": "是您人生中不可再遇的天才。"
    },
    {
      "id": 144,
      "model": "단테",
      "content": "<嗯……>"
    },
    {
      "id": 145,
      "model": "파우스트",
      "content": "听的云里雾里呢，但丁。"
    },
    {
      "id": 146,
      "model": "파우스트",
      "content": "没关系，以后有的是时间来给你学习理解。"
    },
    {
      "id": 147,
      "model": "단테",
      "content": "<理解什么？>"
    },
    {
      "id": 148,
      "model": "파우스트",
      "content": "“浮士德是稀世的天才”的事实。"
    },
    {
      "id": 149,
      "model": "파우스트",
      "content": "如果观察者都无法理解的话，即使是事实也会变得模糊吧。"
    },
    {
      "id": 150,
      "model": "단테",
      "content": "<好吧……>"
    },
    {
      "id": 151,
      "model": "베르길리우스",
      "content": "介绍就到此为止。"
    },
    {
      "id": 152,
      "model": "베르길리우스",
      "content": "但丁，我来为你解释你的新工作。"
    },
    {
      "id": 153,
      "model": "단테",
      "content": "<你是说……作为执行经理的工作？>"
    },
    {
      "id": 154,
      "model": "파우스트",
      "content": "你要解释的工作是不是作为执行经理的工作？"
    },
    {
      "id": 155,
      "content": "我想起来了，和罪人们不一样，这个红色眼睛的男人听不懂我说的话。"
    },
    {
      "id": 156,
      "model": "베르길리우스",
      "content": "是的，执行经理但丁。\n你会和刚做完自我介绍的这12位罪人一起，开启一段前往地狱的旅程。"
    },
    {
      "id": 157,
      "model": "단테",
      "content": "<地狱……？我为什么要下地狱？>"
    },
    {
      "id": 158,
      "model": "파우스트",
      "content": "“我为什么要开启地狱之旅？”"
    },
    {
      "id": 159,
      "model": "베르길리우스",
      "content": "唔……这么解释怎么样：有无数珍宝在地狱深处等待着发掘……这个回答你满意吗？"
    },
    {
      "id": 160,
      "model": "단테",
      "content": "<并不……你是说，我以前是一位宝藏猎人之类的？>"
    },
    {
      "id": 161,
      "model": "파우스트",
      "content": "看来完全没有理解。"
    },
    {
      "id": 162,
      "model": "베르길리우스",
      "content": "我没有逼着你理解我的话，但丁。我也不是在征求你的意愿。"
    },
    {
      "id": 163,
      "model": "베르길리우스",
      "content": "但如果你想要把脑袋和记忆找回来，就得听我的。"
    },
    {
      "id": 164,
      "model": "단테",
      "content": "<我的确想，但是……>"
    },
    {
      "id": 165,
      "model": "파우스트",
      "content": "犹豫了呢。"
    },
    {
      "id": 166,
      "model": "베르길리우스",
      "content": "浮士德女士，如果但丁始终拒绝合作，我们该怎么办？这可不在预期之中。"
    },
    {
      "id": 167,
      "model": "파우스트",
      "content": "荒谬。浮士德早已考虑过全部可能性。"
    },
    {
      "id": 168,
      "model": "파우스트",
      "content": "但丁，完成所有任务之后……"
    },
    {
      "id": 169,
      "model": "파우스트",
      "content": "你就可以雕刻星位了。"
    },
    {
      "id": 170,
      "model": "파우스트",
      "content": "我保证。"
    },
    {
      "id": 171,
      "content": "星位。这个词让我印象深刻。即使失去记忆，我依然本能地对这个词作出了强烈的反应。"
    },
    {
      "id": 172,
      "content": "凭着直觉，我作出了选择……"
    },
    {
      "id": 173,
      "model": "파우스트",
      "content": "看见了吗？他点头了。"
    },
    {
      "id": 174,
      "model": "베르길리우스",
      "content": "不错，这样我们就可以继续了。"
    },
    {
      "id": 175,
      "model": "베르길리우스",
      "content": "但是，卡戎，为什么从刚才开始巴士就不动了？你打瞌睡了吗？"
    },
    {
      "id": 176,
      "model": "카론",
      "content": "巴士司机只会在休息点打盹，维吉。"
    },
    {
      "id": 177,
      "model": "카론",
      "content": "一群奇怪的家伙正围着梅菲转悠。"
    },
    {
      "id": 178,
      "model": "베르길리우스",
      "content": "卡戎，我告诉过你。如果巴士出了任何问题，你就应该第一时间通知我。"
    },
    {
      "id": 179,
      "model": "단테",
      "content": "<梅菲？梅菲是谁啊？>"
    },
    {
      "id": 180,
      "model": "파우스트",
      "content": "梅菲斯托费勒斯。既是这辆巴士的名字，也是驱动着巴士的引擎的名字。"
    },
    {
      "id": 181,
      "model": "파우스트",
      "content": "……它是浮士德的心血之作"
    },
    {
      "id": 182,
      "model": "베르길리우스",
      "content": "一艘能载着我们渡过地狱的、完美的渡船。"
    },
    {
      "id": 183,
      "model": "베르길리우스",
      "content": "您不这么认为吗，但丁？"
    },
    {
      "id": 184,
      "content": "我不是很明白他到底在说什么，所以我没有回答他并看向了窗外。"
    },
    {
      "id": 185,
      "model": "베르길리우스",
      "content": "看起来只是另一群活在后巷的肮脏耗子。"
    },
    {
      "id": 186,
      "model": "베르길리우스",
      "content": "他们来得正好，但丁。这是进行指挥练习的无可挑剔的条件。"
    },
    {
      "id": 187,
      "model": "파우스트",
      "content": "但丁，在初次的战斗中有许多被省略的部分。"
    },
    {
      "id": 188,
      "model": "파우스트",
      "content": "毕竟事态紧急，容不得好好说明。"
    },
    {
      "id": 189,
      "model": "파우스트",
      "content": "但是，如果还按照那种方式战斗的话我们迟早会被屠杀殆尽。"
    },
    {
      "id": 190,
      "model": "파우스트",
      "content": "同时，您为了使我们复活，也要忍受不必要的痛苦。"
    },
    {
      "id": 191,
      "model": "단테",
      "content": "<痛苦……复活？你是指，之前发生了什么吗……>"
    },
    {
      "id": 192,
      "model": "파우스트",
      "content": "是的，我们复活过了，拜您“倒转时钟”所赐。"
    },
    {
      "id": 193,
      "model": "베르길리우스",
      "content": "我不认为现在是说这个的时候，浮士德女士。"
    },
    {
      "id": 194,
      "model": "베르길리우스",
      "content": "稍后再聊吧。罪人们，全员下车。"
    },
    {
      "id": 195,
      "model": "파우스트",
      "content": "……让我继续有关于作战的说明吧。"
    }
  ]
}