{
  "dataList": [
    {
      "id": 0,
      "model": "싱클레어",
      "content": "呜呃……味道……好重……"
    },
    {
      "id": 1,
      "model": "이상",
      "content": "呃……我能感觉到我的肺正逐渐富集着那些垃圾。"
    },
    {
      "id": 2,
      "model": "이상",
      "content": "这味道反而有助于头脑变得清醒。"
    },
    {
      "id": 3,
      "model": "파우스트",
      "content": "最后警告一次：如果你死在这里，就算是战斗结束之后，但丁也没法让你复活。"
    },
    {
      "id": 4,
      "model": "홉킨스",
      "teller": "霍普金斯",
      "title": "8阶收尾人",
      "content": "复活……？"
    },
    {
      "id": 5,
      "model": "아야",
      "teller": "阿雅",
      "title": "8阶收尾人",
      "content": "这一定是某个流行的笑话之类的……呼，最近都不知道城里又流传着什么故事~"
    },
    {
      "id": 6,
      "content": "虽然产生了一些误会，但看到浮士德不打算为此特意解释，我也决定束手旁观。"
    },
    {
      "id": 7,
      "content": "眼下，这种恶臭的来源才是更迫切的问题。"
    },
    {
      "id": 8,
      "model": "단테",
      "content": "看来他死后已经过了很长时间。"
    },
    {
      "id": 9,
      "model": "오티스",
      "content": "敏锐的观察，经理。看来尸体的腐败已经进入了活跃期。"
    },
    {
      "id": 10,
      "model": "로쟈",
      "content": "哎呀，看来虫子们正在大快朵颐。"
    },
    {
      "id": 11,
      "model": "그레고르",
      "content": "……快走吧。"
    },
    {
      "id": 12,
      "model": "로쟈",
      "content": "嗯……格雷格？亲爱的，难道你害怕虫子吗？"
    },
    {
      "id": 13,
      "model": "그레고르",
      "content": "……哈，我相信你是个成熟的人，不会做拿死虫子贴在别人脸上这种事……"
    },
    {
      "id": 14,
      "model": "로쟈",
      "content": "锵！！！"
    },
    {
      "id": 15,
      "model": "그레고르",
      "content": "但是以防万一——啊啊！快把它拿走！这有什么好玩的？！"
    },
    {
      "id": 16,
      "model": "로쟈",
      "content": "噗……太好笑了，没想到你竟然怕这些小虫子……"
    },
    {
      "id": 17,
      "model": "로쟈",
      "content": "……格雷格？你有这么讨厌它吗？"
    },
    {
      "id": 18,
      "model": "그레고르",
      "content": "……算了。"
    },
    {
      "id": 19,
      "model": "아야",
      "teller": "阿雅",
      "title": "8阶收尾人",
      "content": "你那块表真厉害啊~ 我从没在别的地方见过那样的科技。"
    },
    {
      "id": 20,
      "model": "홉킨스",
      "teller": "霍普金斯",
      "title": "8阶收尾人",
      "content": "那一定能和奇-奇点技术比肩…… 是哪片翼创造出的……"
    },
    {
      "id": 21,
      "content": "霍普金斯贪婪地注视着我的头。"
    },
    {
      "id": 22,
      "content": "我实在想忽略他那塞满了什么东西的口袋，但还是总忍不住看过去。"
    },
    {
      "id": 23,
      "model": "로쟈",
      "content": "但丁，你为什么要那样抱着脑袋？"
    },
    {
      "id": 24,
      "model": "단테",
      "content": "<没，没什么。>"
    },
    {
      "id": 25,
      "model": "이상",
      "content": "浮士德女士，我们的经理能用钟表的力量来恢复这几位向导的生命吗？"
    },
    {
      "id": 26,
      "model": "파우스트",
      "content": "钟表的力量只会作用在我们，也就是罪人身上。"
    },
    {
      "id": 27,
      "model": "아야",
      "teller": "阿雅",
      "title": "8阶收尾人",
      "content": "哦，好吧~ 我觉得那样确实更好啦。"
    },
    {
      "id": 28,
      "model": "아야",
      "teller": "阿雅",
      "title": "8阶收尾人",
      "content": "想象一下，在肚子被开了个大洞的情况下突然活过来。那不会很难受吗？"
    },
    {
      "id": 29,
      "model": "아야",
      "teller": "阿雅",
      "title": "8阶收尾人",
      "content": "嘛，你要知道，其实腹部开个洞也挺幸运的。大概不出几秒钟小命就——"
    },
    {
      "id": 30,
      "model": "쓰러진아야",
      "content": "啊。"
    },
    {
      "id": 31,
      "content": "一条硬质的触手从墙壁中迸出，一瞬间穿透了阿雅的腹部。"
    },
    {
      "id": 32,
      "model": "오티스",
      "content": "所有单位，准备战斗。"
    },
    {
      "id": 33,
      "model": "쓰러진아야",
      "teller": "阿雅",
      "title": "8阶收尾人",
      "content": "……我说什么来着？"
    },
    {
      "id": 34,
      "model": "쓰러진아야",
      "teller": "阿雅",
      "title": "8阶收尾人",
      "content": "我一直…… 都是个…… 幸运的女孩……"
    },
    {
      "id": 35,
      "model": "유리",
      "teller": "尤莉",
      "title": "8阶收尾人",
      "content": "阿雅！！！"
    },
    {
      "id": 36,
      "model": "이상",
      "content": "她的生命已经逝去了。"
    },
    {
      "id": 37,
      "model": "그레고르",
      "content": "现在…… 尤其是在这种情况下，你得努力挺住，好吗，尤莉？"
    },
    {
      "id": 38,
      "model": "유리",
      "teller": "尤莉",
      "title": "8阶收尾人",
      "content": "但，但是……"
    },
    {
      "id": 39,
      "model": "파우스트",
      "content": "这种攻击形式并不常见。我们所面对的很有可能是一个异想体。"
    },
    {
      "id": 40,
      "model": "오티스",
      "content": "请您下令，经理。"
    },
    {
      "id": 41,
      "content": "我很同情尤莉；她噙着眼泪把视线从阿雅的尸体转移到我们身上。但不管怎样……"
    },
    {
      "id": 42,
      "model": "단테",
      "content": "<……尤莉，霍普金斯和阿雅这三人。我对他们无能为力。>"
    },
    {
      "id": 43,
      "model": "단테",
      "content": "<不想再有更多人丧生的话，我们现在就该应战了。>"
    },
    {
      "id": 44,
      "model": "오티스",
      "content": "明智的决定，经理。"
    },
    {
      "id": 45,
      "model": "홉킨스",
      "teller": "霍普金斯",
      "title": "8阶收尾人",
      "content": "你的那种滴答声能表达意义……？"
    },
    {
      "id": 46,
      "content": "奥提斯怒视着霍普金斯，但很快就分清了轻重缓急。她正为了呼号而准备换气——"
    },
    {
      "id": 47,
      "model": "오티스",
      "content": "……是经理的命令，跟班们！"
    },
    {
      "id": 48,
      "model": "오티스",
      "content": "构筑包围阵型。目标是，前方的举异者！"
    },
    {
      "id": 49,
      "model": "유리",
      "teller": "尤莉",
      "title": "8阶收尾人",
      "content": "如您所愿。"
    },
    {
      "id": 50,
      "model": "그레고르",
      "content": "说实在的…… 我不确定你能不能说那东西算是个“人”。"
    },
    {
      "id": 51,
      "content": "缓步蔓延的藤蔓，跟着有几人多高的一个黑影。"
    },
    {
      "id": 52,
      "content": "它…… 在靠近，那种压迫感甚于我们曾面对的任何敌人。"
    }
  ]
}