{
  "dataList": [
    {
      "id": 0,
      "place": "脑叶公司支部内某处",
      "model": "그레고르",
      "content": "总算是完事咯。多亏这档子事我算是深刻认识到了接连断掉八根肋骨是什么感觉。"
    },
    {
      "id": 1,
      "model": "파우스트",
      "content": "比起说是结束，倒不如说现在才算开始。"
    },
    {
      "id": 2,
      "model": "파우스트",
      "content": "废弃的脑叶公司支部中，到处都会有像这样的异想体。"
    },
    {
      "id": 3,
      "model": "히스클리프",
      "content": "所以说以后也得接着和这些混账怪物打交道吗？"
    },
    {
      "id": 4,
      "model": "파우스트",
      "content": "是的。除此之外，你还会遇到其他一些不可预测的风险。以及，它们更准确的名称是异想体，而不是怪物。"
    },
    {
      "id": 5,
      "model": "로쟈",
      "content": "竟然无法预测……太过分了。这是不是有点太不负责任了？"
    },
    {
      "id": 6,
      "model": "파우스트",
      "content": "所以我们将时间交付与您。让我们得以重生。"
    },
    {
      "id": 7,
      "model": "단테",
      "content": "<另外，每当你们死亡的时候，我都得继续拨动时钟。>"
    },
    {
      "id": 8,
      "model": "파우스트",
      "content": "这也是您进入公司的条件。"
    },
    {
      "id": 9,
      "model": "이스마엘",
      "content": "那可真是可怕到再也不愿面对的经历……到底要战斗到什么时候为止呢？"
    },
    {
      "id": 10,
      "model": "파우스트",
      "content": "你知道的。"
    },
    {
      "id": 11,
      "model": "파우스트",
      "content": "直到回收位于这里某处的金枝为止。"
    }
  ]
}