{
  "dataList": [
    {
      "id": 900011,
      "name": "",
      "subDesc": "",
      "desc": "在一片空旷的区域中，不知为何立着一台自动售货机。\n\n它是从哪里接通电源的呢？\n\n还有这波浪声是从哪里传来的呢？\n\n刚好，售货机前方有一片整洁的空地。\n就让罪人们在这里休息吧。\n\n我站在售货机前，看见上面陈列着各种按钮。",
      "options": [
        {
          "message": "试着按下按钮",
          "result": [
            "虽然我只按了一次按钮，售货机却噼里啪啦地掉出了一堆易拉罐。\n\n罐子全都是紫色的，\n\n上面莫名其妙地画着帆船和葡萄之类的东西，\n不过我好像在哪看到过这些图案。\n\n喝下去应该也没问题吧。\n\n我把饮料分给了所有罪人。"
          ]
        }
      ]
    },
    {
      "id": 900012,
      "name": "",
      "subDesc": "",
      "desc": "在一片空旷的区域中，不知为何立着一台自动售货机。\n\n它是从哪里接通电源的呢？\n\n还有这波浪声是从哪里传来的呢？\n\n刚好，售货机前方有一片整洁的空地。\n就让罪人们在这里休息吧。\n\n我站在售货机前，看见上面陈列着各种按钮。",
      "options": [
        {
          "message": "试着按下按钮",
          "result": [
            "虽然我只按了一次按钮，\n售货机却噼里啪啦地掉出了一堆易拉罐。\n\n罐子全都是紫色的，\n\n上面莫名其妙地画着帆船和葡萄之类的东西，\n不过我好像在哪看到过这些图案。\n\n喝下去应该也没问题吧。\n\n我把饮料分给了所有罪人。"
          ]
        }
      ]
    },
    {
      "id": 900013,
      "name": "",
      "subDesc": "",
      "desc": "在一片空旷的区域中，\n不知为何立着一台自动售货机。\n\n它是从哪里接通电源的呢？\n\n还有这波浪声是从哪里传来的呢？\n\n刚好，售货机前方有一片整洁的空地。\n就让罪人们在这里休息吧。\n\n我站在售货机前，看见上面陈列着各种按钮。",
      "options": [
        {
          "message": "试着按下按钮",
          "result": [
            "虽然我只按了一次按钮，\n售货机却噼里啪啦地掉出了一堆易拉罐。\n\n罐子全都是紫色的，\n\n上面莫名其妙地画着帆船和葡萄之类的东西，\n不过我好像在哪看到过这些图案。\n\n喝下去应该也没问题吧。\n\n我把饮料分给了所有罪人。"
          ]
        }
      ]
    },
    {
      "id": 900021,
      "name": "",
      "subDesc": "",
      "desc": "在前方，有什么东西在闪闪发光。\n\n我上前查看，\n发现是几面很高的镜子面对面地摆在一起。\n\n细细检查，\n我的心里涌出一股站到镜子面前的冲动。\n\n被镜子围绕的房间寂静无声，令人心里发凉。",
      "options": [
        {
          "message": "站到镜子面前",
          "result": [
            "不知不觉我失去了意识。\n\n再次睁开眼时，\n我发现自己迷失在了充斥着自我倒影的空间中。\n\n在那个空间里，我遇到了在镜子另一侧的有着无限可能性的人们。"
          ]
        }
      ]
    },
    {
      "id": 900031,
      "name": "",
      "subDesc": "",
      "desc": "这个机器像是被谁一直管理着一样，\n一尘不染，十分整洁。\n\n[请选择您喜欢的安瓿，然后平躺在这吧。]\n\n机器前方的显示屏上显示着这样一段话。\n\n显示屏的后面可以看到装有红色、绿色、白色等各种颜色液体的安瓿瓶。\n小心翼翼地躺到冰冷的手术台上。",
      "options": [
        {
          "message": "选择安瓿",
          "result": [
            "[已确认您选择的安瓿。]\n\n瘆人的机械臂突然启动，取出了一只安瓿，插进了另一台机械。\n\n[疼痛只是暂时的]\n\n机械臂以十分迅速且野蛮的动作，将巨大的注射器刺进罪人的身体。\n\n[检测到高达90分贝的噪音。\n若持续三十分钟或将对鼓膜造成永久损伤。]\n屏幕上轻描淡写地浮现出一段警告。\n\n当然，这并没有让罪人的悲鸣停下。"
          ]
        }
      ]
    },
    {
      "id": 901001,
      "name": "",
      "subDesc": "",
      "desc": "几个橘色的球状物晃晃悠悠地漂浮在空中。\n光芒在空中闪烁着，形成一片雾蒙蒙的微光。\n\n光雾之中，有什么东西正在逐渐燃尽。\n倘若触碰那片火焰，那我们也将被灼烧吧。",
      "options": [
        {
          "message": "伸手触碰",
          "result": [
            "像是被光雾操纵了一般\n我伸出手等待着那片光的靠近。\n\n闪烁的火光攀上了我的手指。\n火焰立刻将我的手指包覆其中。\n\n一片火光逐渐化为两片、四片、八片\n肆无忌惮地增长的火焰裹住了我的身体。"
          ]
        },
        {
          "message": "转身离开",
          "result": [
            "虽然我还在烦恼要不要依依不舍地伸出手，\n但还是因觉得应该避开这份莫名其妙的温暖而转过了身。\n\n瞬间，像是要冷却一切一般，我的背后传来一阵恶寒，但是这样反而或许是幸运的。\n\n如果我伸出了手，或许现在的我已经被烧尽了。"
          ]
        }
      ]
    },
    {
      "id": 901002,
      "name": "",
      "subDesc": "",
      "desc": "鲜血倾注而下，藏宝地就在前方。\n眼前的螺旋发出刺耳的金属声。\n\n随着不断的挖掘，它已经来到了此处。\n尽管没有眼睛，它仍像是在向我们碾来。",
      "options": [
        {
          "message": "紧紧注视",
          "result": [
            "我目不转睛，贪婪的注视着螺旋奇妙的动作。\n生着尖刺的螺旋仿佛要钻进我的大脑。\n\n从被挖开的脑中，嫌恶与轻蔑满溢而出。\n仿佛这种情感本来就存在于我的内心之中。"
          ]
        },
        {
          "message": "避开视线",
          "result": [
            ""
          ]
        }
      ]
    },
    {
      "id": 901003,
      "name": "",
      "desc": "哭声响彻灰色的荒野。\n浓雾从远方飘飘忽忽的涌来。\n\n浓雾呈现出接近人类形体的形状。\n也就是说看起来像是亡灵亦或是幽灵一般拥有形体的某物。\n\n像是在尖叫般张开的口中一片漆黑，深不见底。",
      "options": [
        {
          "message": "步入浓雾",
          "result": [
            ""
          ]
        },
        {
          "message": "凝视浓雾",
          "result": [
            ""
          ]
        }
      ]
    },
    {
      "id": 901004,
      "name": "",
      "subDesc": "",
      "desc": "它将血分给需要的人。\n但是，能分出的也只有它自己的血。\n\n即便是不需要自己的血的人\n它也会毫不留情地用剪刀放干对方的血，再注入自己的血液。\n\n正因如此，它的面前只有需要血的人。",
      "options": [
        {
          "message": "接受血液",
          "result": [
            "它取下悬挂着的血袋递给我们。\n\n见我们接过血袋，\n它又迅速挂起一个空的血袋。\n\n血袋以异常的速度充满了。\n\n仿佛结束了自己的使命，它像是什么也没发生过一般离开了我们。"
          ]
        },
        {
          "message": "捐献血液",
          "result": [
            "突然，\n我仿佛感到了它一直在分出自己血液的无奈。\n\n我们决定将自己的血液分给它。\n\n“咯咯咯……”\n当我们告诉它我们要给它血时，\n它不悦地哭了起来。\n\n随后它朝着伸手的人举起剪刀，\n剪断了向它伸出的手。\n\n它将身上连接着的许多管子中的一根插进了手的断面。\n\n断面上很快长出了新的手来，\n只剩下流出的鲜血留在地面上。"
          ]
        }
      ]
    },
    {
      "id": 901005,
      "name": "",
      "subDesc": "",
      "desc": "哭声响彻整片森林。\n哭得如此声嘶力竭，是在憎恨着什么吗。\n\n森林的正中间摆放着一口棺木。\n像是无论如何都不能让棺中之物逃脱一般，数根绳子将棺木捆住。\n\n但是，棺木一刻不停地咔咔作响。",
      "options": [
        {
          "message": "打开棺木",
          "result": [
            ""
          ]
        },
        {
          "message": "保持原样",
          "result": [
            ""
          ]
        }
      ]
    },
    {
      "id": 901006,
      "name": "",
      "subDesc": "",
      "desc": "“[你来自哪里，来这里做什么呢？]\n\n一个折纸人沙沙地向我搭话。\n\n[我这里有些挺着急的工作，\n你有时间吗？\n能接受这份工作吗？]\n\n折纸人递给我的纸张上写着华丽的文字。\n很可惜，是我读不懂的点和线。\n\n[怎么样？要试试吗？]",
      "options": [
        {
          "message": "点头",
          "result": [
            ""
          ]
        },
        {
          "message": "拒绝",
          "result": [
            ""
          ]
        }
      ]
    },
    {
      "id": 901007,
      "name": "",
      "subDesc": "",
      "desc": "“[请看看这些蝴蝶，不是很美吗？]\n\n[这里的晚霞又如何呢？\n真让人想永远在这条路上慢慢散步呢。]\n\n[你也在这里休息一下之后再上路怎么样？]\n\n一个黄色的东西用温和的语气说着，\n向我招手。",
      "options": [
        {
          "message": "稍事歇息",
          "result": [
            "“一路走到这里很辛苦吧？”\n\n“请看看这些蝴蝶，\n只是望过去心里就会暖洋洋的对吧。”\n\n你依从他的话看向那群黄昏之蝶。\n感到心中有一股暖意正在扩散开来。\n\n“那群孩子好像想和你们一起上路呢。”\n\n一群万花筒般的蝴蝶飞离原本的所在地，\n即便在我们离开之后也与我们同行。"
          ]
        },
        {
          "message": "无视离开",
          "result": [
            "“你很忙呢！”\n\n那东西像我们刚看见它时一样挥着手。\n或许是目送我们离开，祝愿我们旅途顺利的标志呢。\n\n“有缘再会吧！”"
          ]
        }
      ]
    },
    {
      "id": 901008,
      "name": "",
      "subDesc": "",
      "desc": "我们到达的地方有一只被扎着钉子，正在忍受着痛苦的泰迪熊玩偶。\n\n从钉子的间隙中看到的渗出的血迹中，\n我似乎可以想象到它强忍痛苦的日子。\n\n似乎是眼睛的洞与干涸的血迹一同变得空荡荡的。\n\n即使这样，它也像是要完成义务般，\n像要抱住我们一样张开双臂站立着。",
      "options": [
        {
          "message": "拔出钉子",
          "result": [
            ""
          ]
        },
        {
          "message": "裹上绷带",
          "result": [
            "我从口袋里取出绷带，\n绑在它胸前的空洞上。\n\n鲜血逐渐渗出，染红了刚缠上的绷带。\n伤口看上去依旧很疼。\n\n为了使绷带不至剥落，\n我又缠了几圈上去。"
          ]
        }
      ]
    },
    {
      "id": 901009,
      "name": "",
      "subDesc": "",
      "desc": "蜡烛静静的燃烧着。\n四周只能听到在写着什么的声音。\n\n三只眼睛交互凝视着一本巨大的由皮肤制成的书。\n\n我并不清楚它是在看着什么并写下，还是在边思考边书写，\n但它从未停止记录。\n\n热切的渴望着毁灭与灭亡，\n一刻不停地书写着。\n\n似乎在写着像是要成为预言的文句和章节。",
      "options": [
        {
          "message": "熄灭蜡烛",
          "result": [
            "我一根接一根地吹熄周围的蜡烛。\n\n虽然房间在逐渐暗下来，\n那东西的记录却没有要停下来的意思。\n\n它手中的羽毛笔，\n是这个房间中仅存的光。\n\n但即便是这根笔，也被我们的气息所熄灭掉。\n\n突然，我们什么也看不见了。\n\n留下的仅有它手中的羽毛笔。"
          ]
        },
        {
          "message": "窥视书本",
          "result": [
            "!@)(!@&)&*%(%@!@#*(#)*(%&!@#$\n\n@$*@)$ ?\n@#$!!@#* !\n@*()!%&$(^!!!!@&(@)"
          ]
        }
      ]
    },
    {
      "id": 901010,
      "name": "",
      "subDesc": "",
      "desc": "赤红色的房间中时不时响起钟声。\n这钟声低沉，令人喘不过气。\n\n佛像好像在念着什么。\n我无法听清佛像低喃的内容。\n但我确信它说的并不是什么令人愉悦的话。\n\n佛像的手指上镶嵌着一轮黄铜戒指。",
      "options": [
        {
          "message": "侧耳倾听",
          "result": [
            "我闭上眼专心听取声音。\n它在说些什么？\n\n原来它在说的是它的想法。\n\n通过说出自己的想法来放空自己。\n像是为了不让自己留下半点东西一样。\n\n这是佛像找到的遗忘自己的方法。\n\n不知不觉间，我就也这样消失了。",
            "我闭上眼专心听取声音。\n它究竟在说什么呢？\n\n原来它在说的是它的想法。\n\n通过说出自己的想法来放空自己。\n\n既然如此，我们就站到了他的身边，\n听取它说的话来充实自己。\n\n虽然它在遗忘自己，我们却更清晰的认识了自身。"
          ]
        },
        {
          "message": "摘下黄铜戒指",
          "result": [
            ""
          ]
        }
      ]
    },
    {
      "id": 901011,
      "name": "",
      "subDesc": "摘下黄铜戒指",
      "desc": "这里是小巷中的垃圾堆。\n想是刚下过雨，潮湿的空气令人感到不快。\n\n一堆老旧撕裂的伞被丢弃在巷里。\n\n那些伞摇曳着。\n仔细看去，承载着这些伞的是一只大狐狸。\n\n锈蚀的伞骨紧紧地插在那狐狸的背上。",
      "options": [
        {
          "message": "拔出雨伞",
          "result": [
            "插在背上的雨伞似乎伤到了狐狸。\n\n用力一拔，雨伞和狐狸的皮毛一同剥落下来。\n\n狐狸看向我们，发出尖锐的叫声。\n\n接着，它叼着雨伞向我们用力打来。\n\n似乎想惩罚我们那不经思考而鲁莽行动的态度。"
          ]
        },
        {
          "message": "抚摸狐狸",
          "result": []
        }
      ]
    },
    {
      "id": 901013,
      "name": "",
      "subDesc": "",
      "desc": "这里能听到蜡烛静静燃烧的声音。\n在狭小到仿佛让人呼吸困难一样的房间中，站着一个木人偶。\n\n贴满房间的护身符，是用来许愿的吗？\n\n木偶是在期望着什么吗？",
      "options": [
        {
          "message": "撕下人偶身上的护身符",
          "result": [
            "我一取下护身符，人偶就跪了下来。\n\n是在恳求着我们不要拿走护身符吗，\n还是说是它表达感谢的表现呢？\n\n现在的我不得而知。"
          ]
        },
        {
          "message": "撕下房间里的护身符"
        }
      ]
    },
    {
      "id": 90101302,
      "name": "",
      "subDesc": "",
      "desc": "",
      "options": [
        {
          "message": "继续撕下护身符",
          "result": [
            "像是被什么东西附身了一般，\n我开始撕下房间里的护身符。\n\n突然，熄灭的蜡烛一根接一根地燃烧了起来。\n\n狭小的房间变得一片白一样明亮了起来。\n\n房间中心，木人偶好像自由了。\n\n它缓缓向我走来，向我伸出手，\n那手里好像握着什么。"
          ]
        },
        {
          "message": "停手",
          "result": [
            "什么都没有发生。\n\n人偶只是发出摩擦声，\n手里的护身符不知何时化作粘稠的鲜血从我的指间流下。"
          ]
        }
      ]
    },
    {
      "id": 901014,
      "name": "",
      "subDesc": "",
      "desc": "痛苦的声音从热气中传来。\n难以分清那到底是一只野兽，又或是人的声音。\n\n火焰噼啪作响，伴着皮肉被烧焦的臭味回荡在空气中。\n\n“求你了！哪怕一口也好，\n有谁能给我一口水吗！”",
      "options": [
        {
          "message": "给它水",
          "result": [
            "水刚流进它的口中，\n便立刻化为蒸汽从口中喷出。\n\n灼热的身体甚至不容许它喝下哪怕一口水。\n\n不知是因为被沸水烫伤的痛苦，还是因为没能解渴的惋惜，公牛一边闹腾一边到处冲撞。\n\n随后，它用灼热的身体撞向我们。"
          ]
        },
        {
          "message": "不给它水",
          "result": [
            "想要抬起身体却无法做到的公牛趴在地面中央，\n大声哭喊。\n\n那声音过于痛苦，仿佛让我也要跟着哭出来。\n\n深沉而悲痛的哭声，始终回荡在空间中。"
          ]
        }
      ]
    },
    {
      "id": 901016,
      "name": "",
      "subDesc": "",
      "desc": "这是个混杂着香气与恶臭的洞窟。\n\n“许久没见到的客人呢。我可要好好招待你们一番。”\n\n“这里能吃的东西似乎都被吃完了。”\n\n“如您所见，剩下的只有我手中这杯妖精酒了。”\n\n“要喝一杯妖精酒吗？”\n\n厚重又粘稠的手伸向我们。",
      "options": [
        {
          "message": "点头",
          "result": [
            "杯子散发出令人厌恶的臭味。\n那味道就像在散发着霉臭的鞋子上撒上鲜花味的除臭剂时发出的味道。\n\n杯中的液体上漂浮着妖精的手脚。\n\n“来吧，一口干了。”"
          ]
        },
        {
          "message": "摇头",
          "result": [
            "我拒绝了它或许是出于善意提出的提案。\n\n“这样吗。明明别考虑这么多也可以的。”\n\n绿色的块状物像是不需要重新询问我们一次似的，将杯中的液体倒入了口中。\n\n“虽然就这样送你们离开也可以，\n但是要不要带上这个杯子一起走呢？”\n\n我接过杯子，杯子里仍充满了绿色的物质。\n\n我最后还是没能理解它到底喝了什么。"
          ]
        }
      ]
    },
    {
      "id": 90101601,
      "name": "",
      "subDesc": "",
      "desc": "",
      "options": [
        {
          "message": "与所有人分享",
          "result": [
            "如果按照“一杯”来看，这个杯子还是蛮大的。\n\n我想着让大家分着喝，慢慢地传递杯子把液体喝完。\n\n虽然液体通过喉咙时恶心的感觉折磨着食道，\n但是味道比想象中好很多。"
          ]
        },
        {
          "message": "让一个人喝完",
          "result": [
            "我让最口渴的那个人喝完了这杯液体。\n\n味道虽然比想象中的要好很多，\n但是那个人止不住地呕吐。\n\n喝下那杯液体的人说恶心的感觉在摧残着喉咙，\n而且，不时接触到牙齿的小小的妖精的身体发出一股腥味。\n\n虽然让人解了渴，\n但是好像出现了别的问题。"
          ]
        }
      ]
    },
    {
      "id": 901017,
      "name": "",
      "subDesc": "",
      "desc": "它记录着对错，\n记录着那位大人降下的对错。\n\n仅仅记录，不加判断。\n\n判断不应是辅佐官的工作。\n\n辅佐官沉默着，递给我们绿宝石色的石板。",
      "options": [
        {
          "message": "阅读石板上的文字"
        },
        {
          "message": "抹去石板上的文字",
          "result": [
            "我拿出尖锐的东西，刻划着石板上的文字，\n而那位辅佐官只是无声地站着。\n\n看起来它接纳了你的判断。\n\n不知何时，石板伴随着哗啦哗啦的声音折断，\n化为尘土般的东西。"
          ]
        }
      ]
    },
    {
      "id": 901018,
      "name": "",
      "subDesc": "",
      "desc": "这个告示牌好像在指示着什么。\n为了做到这一点，它将自己绑在树上。\n\n那种迫切的想告诉我们什么的姿态，令我感到些许哀伤。",
      "options": [
        {
          "message": "折下蔷薇"
        },
        {
          "message": "解开荆棘",
          "result": [
            "我一解开荆棘，\n黄色的肉就哗啦啦的掉下来。\n\n嘲讽的是，我本以为束缚着它的身体的荆棘在给它带来伤害，\n但那让它痛苦的荆棘，其实是在支撑着保持着它的形体。\n\n周围散落的花代替几乎完全失去了肌肉的躯体发出悲鸣。"
          ]
        }
      ]
    },
    {
      "id": 901019,
      "name": "",
      "subDesc": "",
      "desc": "这是一片混杂着盐味与恶臭的荒凉滩涂。\n勉强残留下的翡翠色的海水里好像什么都没有一样。\n\n我的面前有一个巨大的贝壳在移动着。\n贝壳一边移动，一边撒下散发着恶臭的绿色污物。\n\n这些污物是贝壳从外面摄入的，\n还是贝壳本身产生的呢？",
      "options": [
        {
          "message": "取走一些绿色物质"
        },
        {
          "message": "靠近贝壳",
          "result": [
            "我拨开绿色的物质靠近贝壳。\n\n脚陷进满是污物的滩涂中时，\n伴随着强烈的痛楚。\n\n不能再往前走了。\n\n虽然前面难以行走也是原因之一，\n但更多地是再往前走的话或许脚会被溶解掉。\n\n正当我为此事迷惑时，\n贝壳很快移动到了别的地方。"
          ]
        }
      ]
    },
    {
      "id": 901020,
      "name": "",
      "subDesc": "",
      "desc": "一片开着白花，却又稍显晦暗的花田扩散着。\n这里的天空是红色的，凛冽的寒风吹拂着。\n\n花田的正中，一朵巨大的花朵摇曳着。\n\n就像是在远处向某人招手一样。",
      "options": [
        {
          "message": "靠近花甸"
        },
        {
          "message": "招手回应",
          "result": [
            "我感到些许怀念，从远处招手回应大花。\n\n所有的花瞬间变成了红色，将花冠朝向我们。\n\n那些红色花朵的花瓣飘落，乘着风向我们袭来。\n\n好像要惩罚做出这种三心二意般的动作的我们。"
          ]
        }
      ]
    },
    {
      "id": 901021,
      "name": "",
      "subDesc": "",
      "desc": "我看到了在次元裂缝中因为事故被抛下的可悲的乘客。\n\n大部分人连这个乘客消失的事都没有察觉吧。\n\n起码运输公司应该是知道的，\n但公司只是将事故隐瞒下来，就好像这个乘客原本就不存在一般。\n\n于是，他不仅仅是在裂缝中迷失，\n更是失去了在都市中的存在本身，成为了毫无意义的废弃品。",
      "options": [
        {
          "message": "为他指明方向"
        },
        {
          "message": "站立不动",
          "result": [
            "他茫然地望向这里，\n\n随后像是想到什么，向我们缓缓靠近。\n\n接近后我才发现，那人并非乘客，\n而曾是运输公司的员工。\n\n胸口垂下的员工证表明了他的身份。\n\n也就是，曾是员工的他认为，\n自己应当完成原本的工作，所以才接近过来。"
          ]
        }
      ]
    },
    {
      "id": 901022,
      "name": "",
      "subDesc": "",
      "desc": "有时，心会迷失方向。\n\n那样的心将会前往何处？\n\n如若存在收留迷失的心的地方，\n那一定是眼前这样的场景吧。\n\n面对着空荡荡的人形石像，我的心平静了下来。\n\n随后，它像是想要抓住什么似的伸出手。",
      "options": [
        {
          "message": "握住伸来的手",
          "result": [
            "它试图抓到伸去的手，\n但没能抓住。\n\n它是不应被看到存在的事物，\n宛若虚影。\n\n它也似乎领悟到这一事实，\n收回了伸来的手……\n\n就那样自行瓦解，\n化作一座小小的雕像。"
          ]
        },
        {
          "message": "拒绝它"
        }
      ]
    },
    {
      "id": 901023,
      "name": "",
      "subDesc": "",
      "desc": "荒野中，一棵饱含怨念的树孓然孤立。\n\n在这交杂着令人不悦的气氛的空间中，\n连天空都似乎不得安宁。\n\n那根如手臂般伸出的树枝令人印象深刻。\n\n这棵树虽没有任何动作，但似乎在渴求着什么。",
      "options": [
        {
          "message": "为它浇水",
          "result": [
            "我往树的周围洒了一些水。\n\n就像是在炽热的铁板上浇水似的，\n水如沸腾蒸发般消失。\n\n但，没有发生什么特别的事。\n\n树枝看上去稍稍有了些活力？\n可是，除此之外也没什么变化了。"
          ]
        },
        {
          "message": "折断树枝",
          "result": [
            "将一直很在意的那根如同手臂般延伸而出的树枝折下。\n\n随后数声惊恐的悲鸣猛地传来。\n\n我对着折断的树枝侧耳倾听，\n发现悲鸣是从那之中传出的。\n\n虽然有种讨厌的感觉，但也有种如果把它扔掉，\n会发生很不好的事的预感。"
          ]
        }
      ]
    },
    {
      "id": 90102301,
      "name": "",
      "subDesc": "",
      "desc": "",
      "options": [
        {
          "message": "多浇些水",
          "result": [
            "我突然察觉到，树貌似比之前更加有活力了。\n\n不知何时起也感受不到那种令人生厌的感觉。\n\n它一定是干渴了太久吧。\n\n如手臂般的树枝动起来，向我靠近。\n\n就像是在对我表达感谢一般，\n它让我拿走了许多的赠礼。",
            "我又多为它浇了些水。\n\n但水依旧如沸腾蒸发般消失。\n\n吸收的水量似乎变少了些？\n可是，除此之外也没什么变化了。"
          ]
        },
        {
          "message": "折断树枝",
          "result": [
            "将一直很在意的那根如同手臂般延伸而出的树枝折下。\n\n随后数声惊恐的悲鸣猛地传来。\n\n我对着折断的树枝侧耳倾听，\n发现悲鸣是从那之中传出的。\n\n虽然有种讨厌的感觉，但也有种如果把它扔掉，\n会发生很不好的事的预感。"
          ]
        }
      ]
    },
    {
      "id": 901024,
      "name": "",
      "subDesc": "",
      "desc": "“呱，呱，呱”\n\n巨大的蟾蜍在洞穴中叫着。\n\n洞穴各处粘着青黑色的粘液。\n\n这些粘液好似忧郁的凝聚。\n\n不同于眼泪或哀伤的，忧郁的精华。\n\n蟾蜍正不断生产这种粘液。",
      "options": [
        {
          "message": "模仿叫声",
          "result": [
            "咕呱，呱。\n\n蟾蜍貌似在用不同的叫声做出回应。\n\n就像是在回答“知道了”一样，是表达理解的声音。\n\n随后纯蓝的长舌头突然伸出，抓住了我们中的一人。\n\n过了一会，被抓走的人从它口中回来了。\n\n完全被浸透了的样子。\n\n不论被是水分，还是忧郁。",
            "咕呱，呱。\n\n蟾蜍的声音低沉，浑浊。\n\n像是在对我们的叫声表示不解。\n\n它就那样叫了好几声，\n突然高高跃起，离开了这里。\n\n只剩下了青黑色的粘液。"
          ]
        },
        {
          "message": "坐下慢慢等待",
          "result": [
            "在洞穴中，不知花了多长时间，\n我们等待着蟾蜍叫声停止。\n\n它眨巴着眼睛凝视我们。\n\n伴随着“嘶——”的声音，\n纯蓝色的长舌头缓慢接近过来。\n\n舌头上的是蟾蜍的眼球，\n似乎是想要让我们拿走。\n\n取走后，它用仅剩的那只眼睛对我们眨了两下，\n随后不知去哪里了。\n\n是在感谢我们愿意倾听吗？"
          ]
        }
      ]
    },
    {
      "id": 901025,
      "name": "",
      "subDesc": "",
      "desc": "广场上有谁孤身独立。\n\n它挥舞起一只胳膊盯着我们。\n\n头上的孔洞看上去既像它的眼睛，也像洞穿的弹痕。\n\n那一定是它手中的那把左轮制造的空洞。\n\n它将枪口对准了我。",
      "options": [
        {
          "message": "接近",
          "result": [
            "朝向我的枪口并不可怕。\n\n那是因为无论扣下多少次扳机，\n无论拨动多少次击锤，\n它都只会往自己的头上打入子弹。\n\n它将原本朝向我的枪口猛地对准自己，\n火光瞬息间迸发而出。\n\n它就此消散，\n唯留一件静静落在地板的灰色大衣。"
          ]
        },
        {
          "message": "卧倒",
          "result": [
            "击中目标的那份幸运，一旦逃避便会溜走。\n\n错失目标的那份不幸，无论如何躲避都会紧追而来。\n\n枪口虽朝向了它的头，\n但子弹却向我们飞来。"
          ]
        }
      ]
    },
    {
      "id": 901026,
      "name": "",
      "subDesc": "",
      "desc": "无数的眼球望向这边。\n深隐在其中的是盘根错节的树枝，但那实际都由人类构成。\n\n天堂有时会埋藏自身，\n也有时会成为人们的心中的归宿。\n\n一旦这天堂在心中生根发芽，\n便只能透过他人之眼来慢慢欣赏。",
      "options": [
        {
          "message": "闭上双眼",
          "result": [
            "闭眼仍见天堂。\n\n只要天堂深嵌进心房，\n便再也不能从不愿直视之物上避开自己的视线。\n\n你仅所能见的，\n仅有其所愿你见的。\n\n即便你紧闭双眼，\n你的视线却依旧洞开。\n\n再也不得闭合。"
          ]
        },
        {
          "message": "还以对视",
          "result": [
            "未曾眨眼，径直回应目光。\n\n它的眼珠纹丝未动。\n\n其中的人即使饱受痛苦，那些眼瞳也毫不在意。\n\n它并非在凝视我。\n\n而是应当存在于我身后的，某处的天堂。"
          ]
        }
      ]
    },
    {
      "id": 901027,
      "name": "",
      "subDesc": "",
      "desc": "啊啊，何等碧蓝。\n\n这样纯粹的碧蓝，\n何人能够接近？\n\n愈是接近，身体愈被排斥。\n只是，如此碧蓝。\n\n想成为那碧蓝。\n\n无比强烈的冲动，\n似乎要撕裂身体，喷涌而出。",
      "options": [
        {
          "message": "前进",
          "result": [
            "蓝。\n\n碧蓝。\n\n我们亦是碧蓝。\n\n我已是碧蓝。\n\n深邃的浅薄的温和的同时愉悦的寒冷的\n温暖的或是柔软的凉爽的再或是炽热的"
          ]
        },
        {
          "message": "任由自身后退",
          "result": [
            "但，我们并不纯粹。\n\n如想成为碧蓝，\n必需要让自己那真正澄澈的蓝融入碧蓝之中。\n\n我们任由自身被推开。\n\n我们被难以言喻的高昂兴致包裹着。"
          ]
        },
        {
          "message": "急忙离开",
          "result": [
            "恢复理智后，我迅速背过身。\n\n不能被它吸引。\n\n哪怕是曾目睹过那存在的记忆，\n也不能残留在脑中。"
          ]
        }
      ]
    },
    {
      "id": 901028,
      "name": "",
      "subDesc": "",
      "desc": "这里是由荆棘交织而成的蜘蛛巢。\n\n蜘蛛巢或许曾被当做贺礼，其中盛满了花。\n\n新郎新娘在仿佛由某人的血浇灌出的鲜花中爬行。\n\n它们每爬行一步，手脚便渗出鲜血。\n\n在一方的血流干之前，另一方会与之上下交换，\n它们就这样交替爬行着。",
      "options": [
        {
          "message": "取走鲜花",
          "result": [
            "取下血染的鲜花送去后，它们似乎感到欣喜。\n\n承载祝福的花不知从何时起，\n化为了将它们永世囚禁在蜘蛛巢中的诅咒。\n\n那些花并非它们栽种养育的东西。\n\n只是有谁无趣的情感在滋养着，使得花瓣愈加鲜艳。"
          ]
        },
        {
          "message": "扯断荆棘",
          "result": [
            "一但尝试扯断荆棘，它们就会发出惨叫。\n\n即使会让自己遍身伤痕，这里对它们而言仍旧是家。\n\n它们憎恶破坏自己居所的人。\n\n一知半解地接触他人的痛苦并非是一件明智的选择。",
            "虽然试图扯断荆棘，\n但荆棘比预想的要牢固。\n\n使尽全力尝试数次，\n却只徒增了手掌的伤痕。\n\n它们只是静静站着，\n一动不动地眺望着这里。\n\n脸上既未生出愤怒，\n也丝毫不见恐惧的神色。"
          ]
        }
      ]
    },
    {
      "id": 901031,
      "name": "",
      "subDesc": "",
      "desc": "它只是在默默搬运着。\n\n每多搬运一次，\n真空管中的数字也会随之更新。\n\n机器只为达成目的而存在。\n\n也许让它做些什么比较好。",
      "options": [
        {
          "message": "命令它搬运行李"
        },
        {
          "message": "命令它什么都不要做",
          "result": [
            "接不到任何命令的机器终将失去存在的意义。\n\n将什么都不做当做目的的机器，\n以不动为己任。\n\n它的身体在吵闹的沸腾声的伴随下升温，喷出滚热的蒸汽。\n\n看见它的身体逐渐升温变成危险的颜色，我急忙冲出房间。"
          ]
        }
      ]
    },
    {
      "id": 901032,
      "name": "",
      "subDesc": "",
      "desc": "这里是暗无边际的城市，但建筑物的光亮清晰可见。\n\n这座城市貌似是从其中央的巨大雷云中获取电力，加以使用。\n\n乌云有着头和脚。\n\n那副姿态就如同羊一般。\n\n电子羊痛苦不堪。\n\n是因为电力被夺走了吗？",
      "options": [
        {
          "message": "切断电缆",
          "result": [
            "瞬间，每家每户都失去了照明。\n\n电子羊发出如同暴风般的叫声后，冲向远方。\n\n无光的城市飘满了失去光明的悲伤。\n\n它曾待过的地方放着小小的什么东西。"
          ]
        },
        {
          "message": "接入另一根电缆",
          "result": [
            "电子羊的悲鸣更加凄厉。\n\n令人不悦的悲鸣嘈杂响彻。\n\n整个空间闪闪发光。\n\n建筑物的光亮更上一层，亮得似乎要燃烧起来。\n\n随后那片云散发的光亮迅速衰弱。\n\n好似沉入了梦境。\n\n停止悲鸣的电子羊合上了双眼。"
          ]
        }
      ]
    },
    {
      "id": 901033,
      "name": "",
      "subDesc": "",
      "desc": "“这只蜈蚣能发够出超高压电流。”\n\n水槽中的介绍这样写着。\n\n这里是水族馆？又或是研究室？\n\n蜈蚣的体节好像无法顺畅移动。\n\n每次动作都会飞溅出火花。\n\n水槽前设置了两个按钮。\n\n分别是闪电状的，以及雨滴状的按钮。",
      "options": [
        {
          "message": "按下闪电状的按钮",
          "result": [
            "“给蜈蚣施加越多刺激与痛苦，\n它放出的电流就越为强力。”\n\n按钮上的说明写到。\n\n如果按下闪电状的按钮也许就会那样。\n\n按下按钮后，机器的轰鸣声响起，而后沉寂。\n\n“咔嗒”，好像是电池盒一般的东西掉了下来。\n\n蜈蚣从刚才起就一动不动了。"
          ]
        },
        {
          "message": "按下雨滴状的按钮"
        }
      ]
    },
    {
      "id": 901034,
      "name": "",
      "subDesc": "",
      "desc": "虽然很黑，但这里应该是一座工厂。尖锐的机器轰鸣声不断回响。\n\n如同眼睛般的荧光色照明物注视着我。\n\n一个机器人缓缓走来。\n\n或许是因为尚未完成，\n每动一下都能看见它四处裸露的电线。\n\n那滴答而下的液体是防冻液，还是说是血呢？\n\n正当我思考时，机器人胸口处的终端发光了。\n\n似乎可以输入什么。",
      "options": [
        {
          "message": "输入“你好”",
          "result": [
            "机器人吃力地举起双臂。\n\n终端上显示出这样的话。\n\n<欢迎光临，亲爱的客人。您可否享受本次小镇观光？\n这是赠与您的纪念品。>\n\n即使终端显示着笑脸，\n但从机器人的动作中，我似乎能听到求救的呐喊声。"
          ]
        },
        {
          "message": "输入“再见”",
          "result": [
            "终端变得赤红，警报声响彻四周。\n\n机器人剧烈颤抖着，看起来十分痛苦。\n\n<再见。再见。再见再见再jian在见zai>\n\n当终端被那一个词语占满时，\n那个机器人在我眼前爆炸了，许多的零件和肉块从中迸裂出来。"
          ]
        }
      ]
    },
    {
      "id": 90103401,
      "name": "",
      "subDesc": "",
      "desc": "",
      "options": [
        {
          "message": "输入“请为我介绍小镇”",
          "result": [
            "<无法理解您的问题。>\n\n机器人歪着头，在终端上显示出这句话。\n\n它一边反复尝试将头歪向另一侧，一边输出如下的话：\n\n<莫非客人并未参观小镇？>\n\n它似乎在等待答案。"
          ]
        },
        {
          "message": "收下纪念品后离开"
        }
      ]
    },
    {
      "id": 90103402,
      "name": "",
      "subDesc": "",
      "desc": "",
      "options": [
        {
          "message": "说实话",
          "result": [
            "<那请恕我无法赠与您纪念品！>\n\n终端突然咯哒咯哒地向上打开，\n一个机械手臂猛地飞出，试图从我身上拿走什么。\n\n<请配合我回收纪念品！说谎是不好的。>\n\n我四处躲闪，但机械手的速度变得更快了。\n\n<如您拒不合作，将依据规则A62GBFE1对您进行处罚！>\n\n不离开这里似乎就无法停止机器人的行动，\n于是我跌跌撞撞地逃跑了。"
          ]
        },
        {
          "message": "回答“我参观过小镇了”",
          "result": [
            "<那或许是参观程序出现了问题。>\n\n在终端上显示出这样的话后，\n那个机器人呆立了许久。\n\n直到我脑中浮现出“他是坏掉了吗？”的想法时，\n终端开始闪动。\n\n<多次尝试呼叫管理员，无人应答。>\n\n<系统异常。系统异常。>\n\n<重启中……>\n\n随后，青色屏幕上接连不断输出着某些复杂的文字序列。"
          ]
        },
        {
          "message": "不作回答，就此离开"
        }
      ]
    },
    {
      "id": 901035,
      "name": "",
      "subDesc": "",
      "desc": "“这里是独属于我的空间。”\n\n“所以必须要按照我的方法来玩！”\n\n这里似乎是不遵从规则就会发生坏事的地方。\n\n“来猜拳吧！”\n\n“我要出剪刀，你呢？”",
      "options": [
        {
          "message": "出石头",
          "result": [
            "我本以为不管怎样赢了就好。\n\n于是不假思索出了石头。\n\n它低头看了看手，莞尔一笑。\n\n“你输了。”\n\n随后，它的一只手臂变成了巨大的剪刀。\n\n将我那出了石头的手臂切下。"
          ]
        },
        {
          "message": "出布",
          "result": [
            "反正也是陪它玩，故意输掉也不坏。\n\n它低头盯着张开的手掌，而后鼓起脸。\n\n“你赢了。剪刀正因布的存在才拥有了价值。”"
          ]
        },
        {
          "message": "出剪刀",
          "result": [
            "还是不输不赢的平局更好。\n\n它看着和自己同样结果的手，露出了稍许扫兴的表情。\n\n“怎么是平手。你是觉得我不会出剪刀吗？”\n\n我不会和不相信我的人玩，\n似乎能听到它说了这样的话，\n周围已经变成完全不同的地方了。"
          ]
        }
      ]
    }
  ]
}