{
  "dataList": [
    {
      "id": "total_consumed_enkephalin",
      "content": "已消耗脑啡肽"
    },
    {
      "id": "enkephalin_consumption_encourage",
      "content": "喂！该干活了，经理！罪人们还指望着您呢！"
    },
    {
      "id": "attendance_rewards_description_0",
      "content": "活动期间所消耗的脑啡肽会被记录下来。"
    },
    {
      "id": "attendance_rewards_description_1",
      "content": "消耗脑啡肽模块时会换算为等量的20脑啡肽。"
    },
    {
      "id": "attendance_rewards_description_2",
      "content": "镜像迷宫的每日免费进入不会计算脑啡肽消耗。"
    },
    {
      "id": "april_event_story_popup_title",
      "content": "回看剧情"
    },
    {
      "id": "april_event_story_popup_content",
      "content": "要重新观看“仲春夜之梦”吗？"
    }
  ]
}