{
  "dataList": [
    {
      "id": 1,
      "personalityid": 10601,
      "voiceFile": 0,
      "teller": "鸿璐",
      "dialog": "就像是侍从们喂我吃年糕一样简单。",
      "usage": "(800101, VERY_HIGH), (800102, VERY_HIGH), (800104, VERY_HIGH), (800105, VERY_HIGH)"
    },
    {
      "id": 2,
      "personalityid": 10601,
      "voiceFile": 0,
      "teller": "鸿璐",
      "dialog": "让我来做就可以！",
      "usage": "(800101, HIGH), (800102, HIGH), (800104, HIGH), (800105, HIGH) "
    },
    {
      "id": 3,
      "personalityid": 10601,
      "voiceFile": 0,
      "teller": "鸿璐",
      "dialog": "嗯，好。试试看吧。让我来也可以。",
      "usage": "(800101, NORMAL), (800102, NORMAL), (800104, NORMAL), (800105, NORMAL)"
    },
    {
      "id": 4,
      "personalityid": 10601,
      "voiceFile": 0,
      "teller": "鸿璐",
      "dialog": "我觉得……换其他人来会比较好？",
      "usage": "(800101, LOW), (800102, LOW), (800104, LOW), (800105, LOW)"
    },
    {
      "id": 5,
      "personalityid": 10601,
      "voiceFile": 0,
      "teller": "鸿璐",
      "dialog": "啊，我突然想起还有急事要做……",
      "usage": "(800101, VERY_LOW), (800102, VERY_LOW), (800104, VERY_LOW), (800105, VERY_LOW) "
    },
    {
      "id": 6,
      "personalityid": 10601,
      "voiceFile": 0,
      "teller": "鸿璐",
      "dialog": "啊哈哈，没必要这样褒奖我啦。",
      "usage": "(800101, SUCCESS), (800102, SUCCESS), (800104, SUCCESS), (800105, SUCCESS)"
    },
    {
      "id": 7,
      "personalityid": 10601,
      "voiceFile": 0,
      "teller": "鸿璐",
      "dialog": "啊~别太自责。也会有这种时候啦。",
      "usage": "(800101, FAILURE), (800102, FAILURE), (800104, FAILURE), (800105, FAILURE)"
    },
    {
      "id": 8,
      "personalityid": 10602,
      "voiceFile": 0,
      "teller": "黑云会 鸿璐",
      "dialog": "",
      "usage": "(800101, VERY_HIGH), (800102, VERY_HIGH), (800104, VERY_HIGH), (800105, VERY_HIGH)"
    },
    {
      "id": 9,
      "personalityid": 10602,
      "voiceFile": 0,
      "teller": "黑云会 鸿璐",
      "dialog": "",
      "usage": "(800101, HIGH), (800102, HIGH), (800104, HIGH), (800105, HIGH) "
    },
    {
      "id": 10,
      "personalityid": 10602,
      "voiceFile": 0,
      "teller": "黑云会 鸿璐",
      "dialog": "",
      "usage": "(800101, NORMAL), (800102, NORMAL), (800104, NORMAL), (800105, NORMAL)"
    },
    {
      "id": 11,
      "personalityid": 10602,
      "voiceFile": 0,
      "teller": "黑云会 鸿璐",
      "dialog": "",
      "usage": "(800101, LOW), (800102, LOW), (800104, LOW), (800105, LOW)"
    },
    {
      "id": 12,
      "personalityid": 10602,
      "voiceFile": 0,
      "teller": "黑云会 鸿璐",
      "dialog": "",
      "usage": "(800101, VERY_LOW), (800102, VERY_LOW), (800104, VERY_LOW), (800105, VERY_LOW) "
    },
    {
      "id": 13,
      "personalityid": 10602,
      "voiceFile": 0,
      "teller": "黑云会 鸿璐",
      "dialog": "",
      "usage": "(800101, SUCCESS), (800102, SUCCESS), (800104, SUCCESS), (800105, SUCCESS)"
    },
    {
      "id": 14,
      "personalityid": 10602,
      "voiceFile": 0,
      "teller": "黑云会 鸿璐",
      "dialog": "",
      "usage": "(800101, FAILURE), (800102, FAILURE), (800104, FAILURE), (800105, FAILURE)"
    }
  ]
}