{
  "dataList": [
    {
      "id": 1,
      "personalityid": 10702,
      "voicefile": 0,
      "teller": "し协会 希斯克利夫",
      "dialog": "我要把他们都宰了，没问题吧？",
      "usage": "(800101, VERY_HIGH), (800102, VERY_HIGH), (800104, VERY_HIGH), (800105, VERY_HIGH)"
    },
    {
      "id": 2,
      "personalityid": 10702,
      "voicefile": 0,
      "teller": "し协会 希斯克利夫",
      "dialog": "行吧，我去试试。",
      "usage": "(800101, HIGH), (800102, HIGH), (800104, HIGH), (800105, HIGH) "
    },
    {
      "id": 3,
      "personalityid": 10702,
      "voicefile": 0,
      "teller": "し协会 希斯克利夫",
      "dialog": "要是实在没别的人能上，那就让我来。",
      "usage": "(800101, NORMAL), (800102, NORMAL), (800104, NORMAL), (800105, NORMAL)"
    },
    {
      "id": 4,
      "personalityid": 10702,
      "voicefile": 0,
      "teller": "し协会 希斯克利夫",
      "dialog": "换个人去。",
      "usage": "(800101, LOW), (800102, LOW), (800104, LOW), (800105, LOW)"
    },
    {
      "id": 5,
      "personalityid": 10702,
      "voicefile": 0,
      "teller": "し协会 希斯克利夫",
      "dialog": "……你他妈在逗我吗？你打算让我去？",
      "usage": "(800101, VERY_LOW), (800102, VERY_LOW), (800104, VERY_LOW), (800105, VERY_LOW) "
    },
    {
      "id": 6,
      "personalityid": 10702,
      "voicefile": 0,
      "teller": "し协会 希斯克利夫",
      "dialog": "你在得意什么？我才是真正干活儿的人。",
      "usage": "(800101, SUCCESS), (800102, SUCCESS), (800104, SUCCESS), (800105, SUCCESS)"
    },
    {
      "id": 7,
      "personalityid": 10702,
      "voicefile": 0,
      "teller": "し协会 希斯克利夫",
      "dialog": "真他妈让人来气。我不是让你换个人了吗？",
      "usage": "(800101, FAILURE), (800102, FAILURE), (800104, FAILURE), (800105, FAILURE)"
    },
    {
      "id": 36,
      "personalityid": 10701,
      "voicefile": 0,
      "teller": "希斯克利夫",
      "dialog": "我要把他们都宰了，没问题吧？",
      "usage": "(800101, VERY_HIGH), (800102, VERY_HIGH), (800104, VERY_HIGH), (800105, VERY_HIGH)"
    },
    {
      "id": 37,
      "personalityid": 10701,
      "voicefile": 0,
      "teller": "希斯克利夫",
      "dialog": "行吧，我去试试。",
      "usage": "(800101, HIGH), (800102, HIGH), (800104, HIGH), (800105, HIGH) "
    },
    {
      "id": 38,
      "personalityid": 10701,
      "voicefile": 0,
      "teller": "希斯克利夫",
      "dialog": "要是实在没别的人能上，那就让我来。",
      "usage": "(800101, NORMAL), (800102, NORMAL), (800104, NORMAL), (800105, NORMAL)"
    },
    {
      "id": 39,
      "personalityid": 10701,
      "voicefile": 0,
      "teller": "希斯克利夫",
      "dialog": "换个人去。",
      "usage": "(800101, LOW), (800102, LOW), (800104, LOW), (800105, LOW)"
    },
    {
      "id": 40,
      "personalityid": 10701,
      "voicefile": 0,
      "teller": "希斯克利夫",
      "dialog": "……你他妈在逗我吗？你打算让我去？",
      "usage": "(800101, VERY_LOW), (800102, VERY_LOW), (800104, VERY_LOW), (800105, VERY_LOW) "
    },
    {
      "id": 41,
      "personalityid": 10701,
      "voicefile": 0,
      "teller": "希斯克利夫",
      "dialog": "你在得意什么？我才是真正干活儿的人。",
      "usage": "(800101, SUCCESS), (800102, SUCCESS), (800104, SUCCESS), (800105, SUCCESS)"
    },
    {
      "id": 42,
      "personalityid": 10701,
      "voicefile": 0,
      "teller": "希斯克利夫",
      "dialog": "真他妈让人来气。我不是让你换个人了吗？",
      "usage": "(800101, FAILURE), (800102, FAILURE), (800104, FAILURE), (800105, FAILURE)"
    }
  ]
}