{
  "dataList": [
    {
      "id": 1,
      "personalityid": 10501,
      "voiceFile": 0,
      "teller": "默尔索",
      "dialog": "不成问题。",
      "usage": "(800101, VERY_HIGH), (800102, VERY_HIGH), (800104, VERY_HIGH), (800105, VERY_HIGH)"
    },
    {
      "id": 2,
      "personalityid": 10501,
      "voiceFile": 0,
      "teller": "默尔索",
      "dialog": "可行。",
      "usage": "(800101, HIGH), (800102, HIGH), (800104, HIGH), (800105, HIGH) "
    },
    {
      "id": 3,
      "personalityid": 10501,
      "voiceFile": 0,
      "teller": "默尔索",
      "dialog": "我会尝试。",
      "usage": "(800101, NORMAL), (800102, NORMAL), (800104, NORMAL), (800105, NORMAL)"
    },
    {
      "id": 4,
      "personalityid": 10501,
      "voiceFile": 0,
      "teller": "默尔索",
      "dialog": "让别人来会更好。",
      "usage": "(800101, LOW), (800102, LOW), (800104, LOW), (800105, LOW)"
    },
    {
      "id": 5,
      "personalityid": 10501,
      "voiceFile": 0,
      "teller": "默尔索",
      "dialog": "看来是疯了。",
      "usage": "(800101, VERY_LOW), (800102, VERY_LOW), (800104, VERY_LOW), (800105, VERY_LOW) "
    },
    {
      "id": 6,
      "personalityid": 10501,
      "voiceFile": 0,
      "teller": "默尔索",
      "dialog": "完成了。",
      "usage": "(800101, SUCCESS), (800102, SUCCESS), (800104, SUCCESS), (800105, SUCCESS)"
    },
    {
      "id": 7,
      "personalityid": 10501,
      "voiceFile": 0,
      "teller": "默尔索",
      "dialog": "失败了。",
      "usage": "(800101, FAILURE), (800102, FAILURE), (800104, FAILURE), (800105, FAILURE)"
    },
    {
      "id": 8,
      "personalityid": 10502,
      "voiceFile": 0,
      "teller": "六协会 默尔索",
      "dialog": "",
      "usage": "(800101, VERY_HIGH), (800102, VERY_HIGH), (800104, VERY_HIGH), (800105, VERY_HIGH)"
    },
    {
      "id": 9,
      "personalityid": 10502,
      "voiceFile": 0,
      "teller": "六协会 默尔索",
      "dialog": "",
      "usage": "(800101, HIGH), (800102, HIGH), (800104, HIGH), (800105, HIGH) "
    },
    {
      "id": 10,
      "personalityid": 10502,
      "voiceFile": 0,
      "teller": "六协会 默尔索",
      "dialog": "",
      "usage": "(800101, NORMAL), (800102, NORMAL), (800104, NORMAL), (800105, NORMAL)"
    },
    {
      "id": 11,
      "personalityid": 10502,
      "voiceFile": 0,
      "teller": "六协会 默尔索",
      "dialog": "",
      "usage": "(800101, LOW), (800102, LOW), (800104, LOW), (800105, LOW)"
    },
    {
      "id": 12,
      "personalityid": 10502,
      "voiceFile": 0,
      "teller": "六协会 默尔索",
      "dialog": "",
      "usage": "(800101, VERY_LOW), (800102, VERY_LOW), (800104, VERY_LOW), (800105, VERY_LOW) "
    },
    {
      "id": 13,
      "personalityid": 10502,
      "voiceFile": 0,
      "teller": "六协会 默尔索",
      "dialog": "",
      "usage": "(800101, SUCCESS), (800102, SUCCESS), (800104, SUCCESS), (800105, SUCCESS)"
    },
    {
      "id": 14,
      "personalityid": 10502,
      "voiceFile": 0,
      "teller": "六协会 默尔索",
      "dialog": "",
      "usage": "(800101, FAILURE), (800102, FAILURE), (800104, FAILURE), (800105, FAILURE)"
    }
  ]
}