{
  "dataList": [
    {
      "id": 90100201,
      "title": "",
      "eventDesc": "",
      "prevDesc": "",
      "behaveDesc": "应该命谁上前？",
      "successDesc": [
        "漩涡逐渐减速，\n似已将我宽恕。\n\n对毫无意义之物避而不看，心怀畏敬，\n这等行径，往往伴随着些淡薄的自轻。\n\n与此同时，\n眼前的螺旋徐徐旋落。\n视野中再不见有漩涡。"
      ],
      "failureDesc": [
        "即使我侧目不看，\n仍无法逃离螺旋。\n\n仿佛受到磁铁牵引的铁片，\n我不断被夺去每一寸视线。\n\n那漩涡并没有将我宽恕，\n蔑视我不敢直面的踟蹰，\n\n螺旋蚕食着内心，愈发深入。"
      ]
    },
    {
      "id": 90100301,
      "title": "",
      "eventDesc": "",
      "prevDesc": "",
      "behaveDesc": "应该命谁上前？",
      "successDesc": [
        "慢慢地步入了浓雾。\n怪异的哭声从四面八方传来。\n\n分不清哪里是前，哪里是后。\n我们唯有一如既往地继续行走。\n\n不知不觉，雾气已然散去，\n源源不绝的灰烬形成了饰品，摆放在前方。\n我们这才意识到，方才穿过的并非是雾。"
      ],
      "failureDesc": [
        "慢慢地步入了浓雾。\n怪异的哭声从四面八方传来。\n\n分不清哪里是前，哪里是后。\n方向感渐渐变得模糊。\n不知不觉间，连再踏出一步都会感到恐惧。\n\n迷雾愈发浓厚，\n仿佛再也无法脱身。"
      ]
    },
    {
      "id": 90100302,
      "title": "",
      "eventDesc": "",
      "prevDesc": "",
      "behaveDesc": "应该命谁上前？",
      "successDesc": [
        "看着那如同眼睛一般的物体。\n凝视着那唱响无尽绝望的歌，\n与痛哭不止的空洞眼睛。\n\n然后，终于理解了面前的并不是雾，\n接着理解了，那眼睛，那嘴巴，不过都是错觉。\n只是一片阴影，有着人类似的形状。\n\n它的哭泣只是风声在呼啸，\n一经察觉，一切就都消失了。"
      ],
      "failureDesc": [
        "看着那如同眼睛一般的物体。\n它回望的眼中歌唱着无尽的绝望。\n\n它的形状变得仿佛比从前还大。就在这个时候。\n我们被雾气吞没了。"
      ]
    },
    {
      "id": 90100501,
      "title": "",
      "eventDesc": "",
      "prevDesc": "",
      "behaveDesc": "应该命谁完成？",
      "successDesc": [
        "每解开一个绳结，\n哭声就会变大一分。\n\n对被困的东西产生了同情，\n每解开一个绳结，应和着那哭声，我也开始落泪。\n\n一条绳子伴随着悲伤，\n一条绳子伴随着哀叹。\n\n解开所有的绳子之后，里面空无一人。\n\n这是怎么回事呢。\n检查内部，仅有一只红色的宝石甲虫。"
      ],
      "failureDesc": [
        "每解开一个绳结，\n哭声就会变大一分。\n\n棺材里不止有一人，\n众多的人们在棺中相拥哭泣。\n\n随着棺材破碎，他们全部被释放了出来。"
      ]
    },
    {
      "id": 90100502,
      "title": "",
      "eventDesc": "",
      "prevDesc": "",
      "behaveDesc": "回去吧。应该让谁带路？",
      "successDesc": [
        "别把我留在这里。\n红色手臂在空中挥舞，仿佛如此恳求。\n\n但那模样看上去又像是在道谢，\n感谢自己被留在了原地。\n\n哭声没有停止，\n但哪怕只有一点，啜泣稍微平息了下来。"
      ],
      "failureDesc": [
        "为了甩掉令人发寒的感觉，加快了步伐。\n\n但那感觉却一直跟在身后，阴魂不散。\n\n在某个时刻，停下脚步回头一看，\n注意到了身后的手。\n\n在那只手上，还连着另一只诡异枯槁的鲜红手臂。\n\n就在哑然失声的时候，手已经握紧了。\n一个熟悉的声音加入了棺材中的嚎哭。"
      ]
    },
    {
      "id": 90100601,
      "title": "",
      "eventDesc": "",
      "prevDesc": "",
      "behaveDesc": "谁将给出我们的答案？",
      "successDesc": [
        "“你确定？”\n\n纸张随风飘展，一副难以置信的模样。\n\n“好吧。如果你知道之后会发生什么，还坚持要这么做……”\n\n它向后一步，把咖啡对着自己兜头浇下。\n接着，一个纸士兵冲向了这里。\n“你不该低估纸张的韧性。”\n\n还没来得及回应这不寻常的声音，\n纸片士兵就已经发起了攻击。"
      ],
      "failureDesc": [
        "“你确定吗？”\n\n“就凭你这样的躯体，根本无法履行合同里的内容！\n\n“纸张骂骂咧咧，\n把咖啡浇在了地板上。\n\n还没来得及解释，纸张就把我们赶了出去。"
      ]
    },
    {
      "id": 90100602,
      "title": "",
      "eventDesc": "",
      "prevDesc": "",
      "behaveDesc": "谁将给出我们的答案？",
      "successDesc": [
        "“谢了，托你的福，事情轻松了不少。”\n\n周围的纸片士兵开始相互厮杀。\n\n过了一会儿，败北的纸士兵四分五裂，\n从撕裂的身体中飞出了纸鹤。\n\n一只散落在地的纸鹤爬向了我。\n\n“那张纸就拜托给你了。”\n\n看上去心满意足的纸张将自己泡进了咖啡。"
      ],
      "failureDesc": [
        "“这就是你拒绝别人的态度吗？”\n\n焦躁的纸发出皱巴巴的声音。\n\n“说话也要讲究基本的方法\n对那些基本素质都不具备的人\n我已经无话可说了。\n\n”来不及作出任何解释，\n我们就被赶了出去。"
      ]
    },
    {
      "id": 90100801,
      "title": "",
      "eventDesc": "",
      "prevDesc": "",
      "behaveDesc": "应该命谁完成？",
      "successDesc": [
        "你拔出了刺入泰迪熊胸口的钉子。\n\n结块的鲜血从空洞中满溢而出。\n\n在那仿佛源源不绝的鲜血流尽之后，\n泰迪熊的体内只剩一片漆黑。\n\n那空荡荡的黑洞，正是空虚啊。"
      ],
      "failureDesc": [
        "刺进人偶胸口的钉子比想象得还要更深，更加坚固。\n\n再怎么用力拔，\n钉子都像是深深扎根在那里一样，\n纹丝不动。\n\n人偶仿佛对此毫无察觉，\n只是俯视着下方。\n\n是因为它不能感到痛苦吗。"
      ]
    },
    {
      "id": 90101001,
      "title": "",
      "eventDesc": "",
      "prevDesc": "",
      "behaveDesc": "应该命谁完成？",
      "successDesc": [
        "你摘下了它手上的戒指。\n\n它仍然纹丝不动，吟诵不止。\n\n无论眼前发生了什么，\n它都不会移动吧。\n\n佛像一动不动，\n连吟咏的强弱都不曾变化……\n\n明白了一件事。\n\n雕像所吟之物即为诅咒。"
      ],
      "failureDesc": [
        "你试图摘下它手上的戒指。\n那一瞬间，它的手腕像是画圈一样开始转动。\n\n再次把手伸向戒指，\n手腕再度转动起来，拒绝被人夺去。\n\n简直就像是，我没有那么做的资格。"
      ]
    },
    {
      "id": 90101101,
      "title": "",
      "eventDesc": "",
      "prevDesc": "",
      "behaveDesc": "应该命谁完成？",
      "successDesc": [
        "它低沉的声音平静下来。\n\n又摸了摸它，\n它舒适的闭上了双眼。\n\n再摸了摸它，\n好像是内心被温暖了，它轻轻坐在地上。\n\n最后摸了摸它，\n满足的它缩成了一小尊雕像。"
      ],
      "failureDesc": [
        "伸手去摸它的时候，\n它的吼声更凶了。\n\n才刚碰到那柔软的皮毛，\n狐狸就猛地一跃而起，喉中呼哧作响。\n\n慢慢地接近瞪过来的狐狸，\n却只见它头也不回地跑开了。\n\n还能做些什么？"
      ]
    },
    {
      "id": 90101301,
      "title": "",
      "eventDesc": "",
      "prevDesc": "",
      "behaveDesc": "应该命谁完成？",
      "successDesc": [
        "一张护身符被剥了下来，\n忽然，屋子里的蜡烛亮了。\n\n再剥下一张，\n蜡烛燃烧着的火光更加剧烈。\n\n站在中央的木偶身躯开始微微颤抖。\n\n应该继续下去吗？\n\n这就是它所期待的吗？"
      ],
      "failureDesc": [
        "什么都没发生。\n木偶只是立在那里，吱嘎作响。\n\n掌中的护身符化为了粘稠的鲜血，\n血液在指间流淌，自缝隙处滴落。"
      ]
    },
    {
      "id": 90101701,
      "title": "",
      "eventDesc": "",
      "prevDesc": "",
      "behaveDesc": "应该命谁阅读？",
      "successDesc": [
        "这是一块罗列着难解字符的石板。\n\n虽然无法完全理解，\n但还是有几个单词被收入眼底。\n\n审判……定罪……惩戒……\n\n这些相连的词语，若是试图理解，\n似乎会为自己招来死亡。\n\n从石板上移开视线，\n正好看见那位记录者在飞升前，微微颔首。"
      ],
      "failureDesc": [
        "这是一块罗列着难解字符的石板。\n\n看上去似乎可以理解，\n如果能再多理解一点就好了。\n\n再多一点……再多理解一点就好了……\n\n回过神来的那一刻，那存在已然消失不见。\n徒留自己握在手中的石板。"
      ]
    },
    {
      "id": 90101801,
      "title": "",
      "eventDesc": "",
      "prevDesc": "",
      "behaveDesc": "应该命谁完成？",
      "successDesc": [
        "折下一支附着其上的蔷薇。\n\n将其摘下时，那本以为是花瓣的东西，\n质感却像是内脏一样。\n\n为何会有形如花朵的脏器？它是为了什么而存在的？"
      ],
      "failureDesc": [
        "折下一支附着其上的蔷薇。\n\n也许是采摘的动作不够正确，\n这朵独一无二的花支离破碎。\n\n指示牌不曾变化。"
      ]
    },
    {
      "id": 90101901,
      "title": "",
      "eventDesc": "",
      "prevDesc": "",
      "behaveDesc": "应该命谁完成？",
      "successDesc": [
        "一些绿色物质被放进了玻璃瓶。\n\n这物质不仅仅是一团污泥，\n泥涂中的众多幼虫正在游弋。\n\n幼虫们互相蚕食，恐怕那并非是蛤蜊产下的子嗣。"
      ],
      "failureDesc": [
        "我拿着玻璃瓶朝它靠近。\n\n然而，踌躇再三后，还是转身就走。\n\n无法忍受自己要伸出手去，触碰那团污秽，\n\n不如说，感觉那是碰都不能碰的东西。"
      ]
    },
    {
      "id": 90102001,
      "title": "",
      "eventDesc": "",
      "prevDesc": "",
      "behaveDesc": "谁将被派上前去？",
      "successDesc": [
        "朝着巨大的花前行，\n小花纷纷闪开，让就一条道路。\n\n每每向着深处进发，\n小花便纷纷凋谢，如同垂首。\n\n就在抵达终点的那一刻，\n巨花俯首献上了礼物。"
      ],
      "failureDesc": [
        "朝着巨大的花前行，\n\n盛开的小花晃动不止，令人头晕目眩。\n\n四面八方的花投来视线，注视着自己。\n仿佛要迷失在花海中。\n\n回首望去，巨花仍然在向我招手。",
        "拼尽全力，却无法接近巨花分毫。\n\n我只能远眺花朵。\n鬼使神差般地，我向巨花招了招手。\n\n刹那间，所有的花朵染上猩红，一同将头颅转向此处。\n\n在凝视了片刻后，猩红的花瓣乘着风向我袭来。\n就像是对我三心二意的惩罚一样。"
      ]
    },
    {
      "id": 90102101,
      "title": "",
      "eventDesc": "",
      "prevDesc": "",
      "behaveDesc": "该如何抉择？",
      "successDesc": [
        "像是在等待他人为自己指明道路一样。\n用手指示了方位，随即它便朝着那个方向跑去。\n\n在它跑开后，地面还残留下了什么。\n\n那是一只蓝色的打火机，描绘着翼的徽记。\n\n据说，那是翼发放给职员的供给品。\n\n看来它并非是乘客，而是那家运输公司的职员。"
      ],
      "failureDesc": [
        "正思考该如何指引方向的时候，\n它开始步履蹒跚地靠近这里。\n\n无意中随手为它指了一个方位，\n它便追随着指令，改变了路线。\n\n片刻过后，金属板嘎吱作响，仿佛听到了撕裂的声音。"
      ]
    },
    {
      "id": 90102201,
      "title": "",
      "eventDesc": "",
      "prevDesc": "",
      "behaveDesc": "该如何抉择？",
      "successDesc": [
        "身体迅速躲过了它迫近的手臂。\n\n手臂们依然在执著地朝我们靠近。\n\n幸运的是，手臂伸出的长度有限，\n我们得以安全脱身。"
      ],
      "failureDesc": [
        "身体迅速躲过了它迫近的手臂。\n\n但是要避开所有执著靠近的手臂，那可不容易。\n还是有几只手撕裂了我们的身体。\n\n尽管逃了出来，却也遭受了许多损失。"
      ]
    },
    {
      "id": 90103101,
      "title": "",
      "eventDesc": "",
      "prevDesc": "",
      "behaveDesc": "该如何抉择？",
      "successDesc": [
        "它举起了附近的一个物体，\n将其从左侧带到了右侧。\n\n它身上的计数增加了1。\n\n这是怎么回事？正当你在思考的时候，\n机器已经抬起手臂，换上了一根新的真空管。\n\n机器把那根旧真空管递了过来，\n就这么收到了它的馈赠。"
      ],
      "failureDesc": [
        "它举起了附近的一件行李，\n将其从左侧移动到了右侧。\n\n就在这时，它好像被什么东西卡住了，\n搬运着行李的它止步不前，\n身上的真空管忽然亮起光芒。\n\n层出不穷的数字和文字令人眼花。\n字符串不断增减，随后全部消失了。\n\n与此同时，它手中的巨大行李坠向了地面……。\n在那底下，不巧正站着几个人。"
      ]
    },
    {
      "id": 90103301,
      "title": "",
      "eventDesc": "",
      "prevDesc": "",
      "behaveDesc": "该如何抉择？",
      "successDesc": [
        "“请刺激蜈蚣，施加痛楚，以增加放电强度。”\n这条信息写在按钮的上方。\n\n一按下水滴状的按钮，箱中就充满了水。\n蜈蚣的身躯如同跳舞一般在水箱里扭动着。\n\n看来它并不快乐。"
      ],
      "failureDesc": [
        "“请刺激蜈蚣，施加痛楚，以增加放电强度。”\n这条信息写在按钮的上方。\n\n一按下水滴状的按钮，箱中就充满了水。\n蜈蚣的身躯如同跳舞一般在水箱里扭动着。\n\n可以看到它的尾巴正在剐蹭箱壁。\n刹那间，水箱的玻璃忽然出现了裂纹，粉碎四散。\n\n接通了高压电的水流倾泻而出，朝着我们兜头浇了下来。"
      ]
    }
  ]
}