{
  "dataList": [
    {
      "id": "1",
      "content": "每周别忘了通过镜像迷宫的奖励加成来获得自我碎片并强化您的人格！"
    },
    {
      "id": "2",
      "content": "进行编队时，多留意所携带E.G.O的罪孽碎片消耗，针对性地编入拥有相应属性的人格会使E.G.O的释放更加简单。"
    },
    {
      "id": "3",
      "content": "在理智值足够时，E.G.O可以显著改变战斗的流向。"
    },
    {
      "id": "4",
      "content": "当敌人的理智值见底并陷入恐慌时，他们将会受到各种负面效果的影响，使您获得显著的优势。"
    },
    {
      "id": "5",
      "content": "若一个角色在陷入混乱后体力接着降至下一个混乱阈值之下，其受到的伤害将会变得更高。"
    }
  ]
}