{
  "dataList": [
    {
      "id": "battlepass_battlepass",
      "content": "战斗通行证"
    },
    {
      "id": "battlepass_passmission",
      "content": "通行证任务"
    },
    {
      "id": "battlepass_dailymission",
      "content": "日常"
    },
    {
      "id": "battlepass_weeklymission",
      "content": "周常"
    },
    {
      "id": "battlepass_seasonmission",
      "content": "赛季"
    },
    {
      "id": "battlepass_freeandpaid",
      "content": "付费{0} 免费{1}"
    },
    {
      "id": "battlepass_mission_tag_normal",
      "content": "常规"
    },
    {
      "id": "battlepass_mission_tag_battle",
      "content": "战斗"
    },
    {
      "id": "battlepass_remain_time",
      "content": "剩余{0}天{1}小时"
    },
    {
      "id": "battlepass_ask_purchase_limbus_pass",
      "content": "购买边狱通行证会在{0}时得到:"
    },
    {
      "id": "battlepass_limbus_pass_benefit_reward",
      "content": "解锁边狱通行证奖励"
    },
    {
      "id": "battlepass_limbus_pass_benefit_ex_reward",
      "content": "通行证超额奖励增加"
    },
    {
      "id": "battlepass_level_up",
      "content": "通行证等级提升"
    },
    {
      "id": "battlepass_level_up_ask",
      "content": "要使用[Paid Lunacy]来升级通行证吗？"
    },
    {
      "id": "battlepass_level_upgrade",
      "content": "通行证等级提升"
    },
    {
      "id": "battlepass_level_max",
      "content": "已达到<color=#f8c200>最高等级</color>。"
    },
    {
      "id": "battlepass_purchase_level_up_failed",
      "content": "无法购买通行证等级"
    },
    {
      "id": "lack_if_paid_lunacy",
      "content": "付费狂气不足"
    },
    {
      "id": "remain_days_with_label",
      "content": "剩余{0}天"
    },
    {
      "id": "remain_hours_with_label",
      "content": "剩余{0}小时"
    },
    {
      "id": "remain_minutes_with_label",
      "content": "剩余{0}分"
    },
    {
      "id": "update_progress",
      "content": "通行证经验上升"
    },
    {
      "id": "able_to_acquire_ex_pass_level_reward",
      "content": "可以领取战斗通行证超额奖励"
    },
    {
      "id": "ask_to_use_paid_lunacy_to_level_up_pass",
      "content": "要消耗付费狂气 {0} 来提升通行证等级吗？"
    },
    {
      "id": "battlepass_purchase_level_up",
      "content": "购买通行证等级"
    },
    {
      "id": "lack_of_paid_lunacy",
      "content": "付费狂气不足。"
    },
    {
      "id": "only_paid_lunacy_for_battlepass_levelup",
      "content": "※通行证等级仅能使用付费狂气购买。"
    },
    {
      "id": "buy_battlepass_word",
      "content": "购买"
    },
    {
      "id": "battlepass_level_ex_reward",
      "content": "通行证超额奖励"
    },
    {
      "id": "battlepass_progress",
      "content": "通行证经验"
    },
    {
      "id": "battlepass_free",
      "content": "免费"
    },
    {
      "id": "battlepass_limbuspass",
      "content": "边狱通行证"
    },
    {
      "id": "battlepass_unable_levelup_by_level",
      "content": "已达到最高等级"
    }
  ]
}