{
  "dataList": [
    {
      "id": "Enhancement",
      "name": "强壮",
      "desc": "本回合内攻击技能的威力+{0}。",
      "summary": "攻击技能威力+{0}",
      "undefined": "-"
    },
    {
      "id": "Agility",
      "name": "迅捷",
      "desc": "本回合内速度值+{0}。",
      "summary": "速度值+{0}",
      "undefined": "-"
    },
    {
      "id": "Endurance",
      "name": "忍耐",
      "desc": "本回合内守备技能的威力+{0}。",
      "summary": "守备技能威力+{0}",
      "undefined": "-"
    },
    {
      "id": "Reduction",
      "name": "虚弱",
      "desc": "本回合内攻击技能的威力-{0}。",
      "summary": "攻击技能威力-{0}",
      "undefined": "-"
    },
    {
      "id": "Binding",
      "name": "束缚",
      "desc": "本回合内速度值-{0}。",
      "summary": "速度值-{0}",
      "undefined": "-"
    },
    {
      "id": "Vulnerable",
      "name": "易损",
      "desc": "本回合内受到的伤害+{0}0%（最多叠加至100%）",
      "summary": "受到的伤害+{0}0%",
      "undefined": "-"
    },
    {
      "id": "Taunt",
      "name": "嘲讽",
      "desc": "你必须先攻击那名带有“嘲讽”的角色！",
      "undefined": "-"
    },
    {
      "id": "ElectricShock",
      "name": "感电",
      "desc": "本回合内受到攻击时额外受到{0}点固定伤害。"
    },
    {
      "id": "Target",
      "name": "标记",
      "desc": "被拥有被动技能[利刃]的角色指定为目标。",
      "undefined": "-"
    },
    {
      "id": "SelfHarm_LowMorale",
      "name": "自责",
      "desc": "回合开始时：获得2层“迅捷”并施加2层“易损”。",
      "undefined": "-"
    },
    {
      "id": "SelfHarm_Panic",
      "name": "自残",
      "desc": "回合开始时：失去10点体力。",
      "undefined": "-"
    },
    {
      "id": "Blame_LowMorale",
      "name": "狂躁",
      "desc": "回合开始时：获得2层“强壮”并施加2层“易损”。",
      "undefined": "-"
    },
    {
      "id": "Blame_Panic",
      "name": "迁怒",
      "desc": "回合开始时，随机友方单位失去20点理智值。",
      "undefined": "-"
    },
    {
      "id": "EgoErode",
      "name": "E.G.O侵蚀",
      "desc": "失去控制，仅能使用侵蚀技能。",
      "summary": "失去控制；使用侵蚀技能",
      "undefined": "-"
    },
    {
      "id": "Charge",
      "name": "充能",
      "desc": "部分技能发动附加效果所需的资源。最多叠加至20层。\n回合结束时本效果的层数降低1层。",
      "summary": "部分技能的资源",
      "undefined": "-"
    },
    {
      "id": "DamageOverTime",
      "name": "持续损伤",
      "desc": "回合开始时：受到{0}点固定伤害。",
      "summary": "{0}点固定伤害"
    },
    {
      "id": "ResultEnhancement",
      "name": "威力提升",
      "desc": "本回合内技能的威力+{0}。",
      "summary": "技能威力+{0}"
    },
    {
      "id": "Protection",
      "name": "守护",
      "desc": "本回合内受到的伤害-{0}0%（最多叠加至100%）",
      "summary": "受到的伤害-{0}0%"
    },
    {
      "id": "AttackDmgUp",
      "name": "伤害强化",
      "desc": "本回合内造成的伤害+{0}0%（最多叠加至100%）",
      "summary": "造成的伤害+{0}0%"
    },
    {
      "id": "DefenseUp",
      "name": "防御等级提升",
      "desc": "本回合内防御等级+{0}0%（最多叠加至100%）",
      "summary": "防御等级+{0}0%"
    },
    {
      "id": "PlusCoinValueUp",
      "name": "加算硬币强化",
      "desc": "本回合内变动值为加算的技能硬币威力+{0}。",
      "summary": "加算技能硬币威力+{0}"
    },
    {
      "id": "MinusCoinValueUp",
      "name": "减算硬币强化",
      "desc": "本回合内变动值为减算的技能硬币威力+{0}。",
      "summary": "减算技能硬币威力+{0}"
    },
    {
      "id": "TimesCoinValueUp",
      "name": "乘算硬币强化",
      "desc": "本回合内变动值为乘算的技能硬币威力+{0}。",
      "summary": "乘算技能硬币威力+{0}"
    },
    {
      "id": "Disarming",
      "name": "破绽",
      "desc": "本回合内守备技能的威力-{0}。",
      "summary": "守备技能威力-{0}"
    },
    {
      "id": "ResultReduction",
      "name": "威力降低",
      "desc": "本回合内技能的威力-{0}。",
      "summary": "技能威力-{0}"
    },
    {
      "id": "AttackDmgDown",
      "name": "伤害弱化",
      "desc": "本回合内造成的伤害-{0}0%（最多叠加至100%）",
      "summary": "造成的伤害-{0}0%"
    },
    {
      "id": "DefenseDown",
      "name": "防御等级降低",
      "desc": "本回合内防御等级-{0}0%（最多叠加至100%）",
      "summary": "防御等级-{0}0%"
    },
    {
      "id": "Paralysis",
      "name": "麻痹",
      "desc": "本回合内使{0}枚硬币的变动值固定为0。",
      "summary": "{0}枚硬币变动值为0"
    },
    {
      "id": "PlusCoinValueDown",
      "name": "加算硬币弱化",
      "desc": "本回合内变动值为加算的技能硬币威力-{0}。",
      "summary": "加算技能硬币威力-{0}"
    },
    {
      "id": "MinusCoinValueDown",
      "name": "减算硬币弱化",
      "desc": "本回合内变动值为减算的技能硬币威力-{0}。",
      "summary": "减算技能硬币威力-{0}"
    },
    {
      "id": "TimesCoinValueDown",
      "name": "乘算硬币弱化",
      "desc": "本回合内变动值为乘算的技能硬币威力-{0}。",
      "summary": "乘算技能硬币威力-{0}"
    },
    {
      "id": "BeingGolden",
      "name": "光辉",
      "desc": "回合开始时：每拥有1层则恢复10点体力。",
      "summary": "体力恢复"
    },
    {
      "id": "MoonLight",
      "name": "月华",
      "desc": "部分技能发动附加效果所需的资源。",
      "summary": "用于发动附加效果"
    },
    {
      "id": "Daunted_LowMorale",
      "name": "畏缩",
      "desc": "回合开始时：施加2层“虚弱”。",
      "summary": "施加2层“虚弱”",
      "undefined": "-"
    },
    {
      "id": "Daunted_Panic",
      "name": "胆怯",
      "desc": "回合开始时：施加4层“虚弱”。",
      "summary": "施加4层“虚弱”"
    },
    {
      "id": "Overwhelm_LowMorale",
      "name": "焦虑",
      "desc": "回合开始时：施加2层“虚弱”。",
      "summary": "施加2层“虚弱”",
      "undefined": "-"
    },
    {
      "id": "Overwhelm_Panic",
      "name": "无措",
      "desc": "本回合内无法行动。",
      "summary": "无法行动",
      "undefined": "-"
    },
    {
      "id": "Anger_LowMorale",
      "name": "愤怒",
      "desc": "回合开始时：获得1层“伤害强化”并施加2层“易损”。",
      "summary": "获得1层“伤害强化”并施加2层“易损”"
    },
    {
      "id": "Anger_Panic",
      "name": "狂怒",
      "desc": "回合开始时：获得2层“伤害强化”并施加5层“易损”。",
      "summary": "获得2层“伤害强化”并施加5层“易损”"
    },
    {
      "id": "Run_LowMorale",
      "name": "溃退",
      "desc": "无法行动。受到攻击时，在攻击结束后战败。",
      "summary": "无法行动"
    },
    {
      "id": "Nail",
      "name": "N公司的尖钉",
      "desc": "回合开始时：增加1级“流血”强度并施加{0}层“流血”。\n回合结束时：本效果的层数减少1层。",
      "summary": "增加1级“流血”强度并施加{0}层“流血”"
    },
    {
      "id": "Inactible",
      "name": "无法行动",
      "desc": "本回合内无法行动。",
      "summary": "无法行动"
    },
    {
      "id": "Combustion",
      "name": "烧伤",
      "desc": "回合结束时：受到{0}点固定伤害。持续{1}回合。",
      "summary": "{0}点固定伤害"
    },
    {
      "id": "Laceration",
      "name": "流血",
      "desc": "下{1}次掷出硬币时受到{0}点固定伤害。",
      "summary": "{0}点固定伤害"
    },
    {
      "id": "Vibration",
      "name": "震颤",
      "desc": "在{1}回合内，受到引爆震颤的攻击时，混乱阈值前移{0}。",
      "summary": "混乱阈值前移{0}"
    },
    {
      "id": "Burst",
      "name": "破裂",
      "desc": "下{1}次被攻击时，额外受到{0}点固定伤害。",
      "summary": "{0}点固定伤害"
    },
    {
      "id": "Sinking",
      "name": "沉沦",
      "desc": "下{1}次被攻击时，额外受到{0}点固定理智伤害。(对异想体则造成忧郁属性伤害)",
      "summary": "{0}点沉沦伤害"
    },
    {
      "id": "Breath",
      "name": "呼吸法",
      "desc": "下{1}次攻击命中时有{0}x5%的概率产生暴击。",
      "summary": "{0}x5%暴击率"
    },
    {
      "id": "BloodPocket",
      "name": "血囊",
      "desc": "积蓄到特定层数后将释放强力攻击。",
      "summary": "强力攻击预备"
    },
    {
      "id": "WaterPocket",
      "name": "水囊",
      "desc": "恢复{0}x20点体力",
      "summary": "额外体力恢复"
    },
    {
      "id": "DogThunder",
      "name": "带电状态",
      "desc": "积蓄到特定层数后将进入强化状态。",
      "summary": "强化自身"
    },
    {
      "id": "Run_Panic",
      "name": "脱逃",
      "desc": "本回合内无法行动。受到攻击时，在攻击结束后逃离战斗。",
      "summary": "无法行动并逃跑"
    },
    {
      "id": "Operation",
      "name": "手术",
      "desc": "在层数达到5层时直接死亡。\n每层减少20%体力上限({0})。\n每层增加20%造成的伤害({0})。\n回合开始时：使自身获得{0}层“迅捷”。",
      "summary": "层数达到5层时直接死亡"
    },
    {
      "id": "Emergency_Operation",
      "name": "紧急手术",
      "desc": "每层使体力上限增加25%，技能的威力+1。\n本效果的每回合层数增加1层。\n层数达到5层时，角色直接死亡。",
      "summary": "层数达到5层时直接死亡"
    },
    {
      "id": "BabayagaTimeLimit",
      "name": "芭芭雅嘎的追猎",
      "desc": "芭芭雅嘎正在迫近。杀出一条血路，不战斗就无法生存。",
      "summary": "芭芭雅嘎正在迫近"
    },
    {
      "id": "PinkRibbon_Ishmael",
      "name": "粉色丝带",
      "desc": "本回合内，每次掷出攻击技能硬币时使本效果的层数增加1层。\n回合结束时：施加与本效果相同层数的“束缚”，随后解除本效果。",
      "summary": "施加{0}层“束缚”"
    },
    {
      "id": "Muckworm",
      "name": "蛆虫",
      "desc": "回合结束时：受到数值等同于本效果层数的暴食伤害并施加1层“流血”，随后使该效果的层数减少1层。",
      "summary": "受到暴食伤害；施加1层“流血”"
    },
    {
      "id": "AttackUp",
      "name": "攻击等级提升",
      "desc": "本回合内攻击等级+{0}0%（最多叠加至100%）",
      "summary": "攻击等级+{0}0%"
    },
    {
      "id": "AttackDown",
      "name": "攻击等级降低",
      "desc": "本回合内攻击等级-{0}0%（最多叠加至100%）",
      "summary": "攻击等级-{0}0%"
    },
    {
      "id": "Liu_Meursault_Guard_Buff",
      "name": "坚如泰山",
      "desc": "受到攻击时，对进攻者施加1层“烧伤”。",
      "summary": "对进攻者施加1层“烧伤”"
    },
    {
      "id": "SlashResistUp",
      "name": "斩击耐性",
      "desc": "基于效果层数提高斩击抗性。(每层0.1%)"
    },
    {
      "id": "PenetrateResistUp",
      "name": "突刺耐性",
      "desc": "基于效果层数提高突刺抗性。(每层0.1%)"
    },
    {
      "id": "HitResistUp",
      "name": "打击耐性",
      "desc": "基于效果层数提高打击抗性。(每层0.1%)"
    },
    {
      "id": "SlashDamageUp",
      "name": "斩击伤害强化",
      "desc": "本回合内造成的斩击伤害+{0}0%（最多叠加至100%）",
      "summary": "斩击伤害+{0}0%"
    },
    {
      "id": "PenetrateDamageUp",
      "name": "突刺伤害强化",
      "desc": "本回合内造成的突刺伤害+{0}0%（最多叠加至100%）",
      "summary": "突刺伤害+{0}0%"
    },
    {
      "id": "HitDamageUp",
      "name": "打击伤害强化",
      "desc": "本回合内造成的打击伤害+{0}0%（最多叠加至100%）",
      "summary": "打击伤害+{0}0%"
    },
    {
      "id": "SlashResistDown",
      "name": "斩击脆弱",
      "desc": "基于效果层数降低斩击抗性。(每层0.1%)"
    },
    {
      "id": "PenetrateResistDown",
      "name": "突刺脆弱",
      "desc": "基于效果层数降低突刺抗性。(每层0.1%)"
    },
    {
      "id": "HitResistDown",
      "name": "打击脆弱",
      "desc": "基于效果层数降低打击抗性。(每层0.1%)"
    },
    {
      "id": "SlashDamageDown",
      "name": "斩击伤害弱化",
      "desc": "本回合内造成的斩击伤害-{0}0%（最多叠加至100%）",
      "summary": "斩击伤害-{0}0%"
    },
    {
      "id": "PenetrateDamageDown",
      "name": "突刺伤害弱化",
      "desc": "本回合内造成的突刺伤害-{0}0%（最多叠加至100%）",
      "summary": "突刺伤害-{0}0%"
    },
    {
      "id": "HitDamageDown",
      "name": "打击伤害弱化",
      "desc": "本回合内造成的打击伤害-{0}0%（最多叠加至100%）",
      "summary": "打击伤害-{0}0%"
    },
    {
      "id": "CrimsonResistDown",
      "name": "暴怒脆弱",
      "desc": "基于效果层数降低暴怒抗性。(每层0.1%)"
    },
    {
      "id": "ScarletResistDown",
      "name": "色欲脆弱",
      "desc": "基于效果层数降低色欲抗性。(每层0.1%)"
    },
    {
      "id": "AmberResistDown",
      "name": "怠惰脆弱",
      "desc": "基于效果层数降低怠惰抗性。(每层0.1%)"
    },
    {
      "id": "ShamrockResistDown",
      "name": "暴食脆弱",
      "desc": "基于效果层数降低暴食抗性。(每层0.1%)"
    },
    {
      "id": "AzureResistDown",
      "name": "忧郁脆弱",
      "desc": "基于效果层数降低忧郁抗性。(每层0.1%)"
    },
    {
      "id": "IndigoResistDown",
      "name": "傲慢脆弱",
      "desc": "基于效果层数降低傲慢抗性。(每层0.1%)"
    },
    {
      "id": "VioletResistDown",
      "name": "嫉妒脆弱",
      "desc": "基于效果层数降低嫉妒抗性。(每层0.1%)"
    },
    {
      "id": "CrimsonResistUp",
      "name": "暴怒耐性",
      "desc": "基于效果层数提高暴怒抗性。(每层0.1%)"
    },
    {
      "id": "ScarletResistUp",
      "name": "色欲耐性",
      "desc": "基于效果层数提高色欲抗性。(每层0.1%)"
    },
    {
      "id": "AmberResistUp",
      "name": "怠惰耐性",
      "desc": "基于效果层数降低怠惰抗性。(每层0.1%)"
    },
    {
      "id": "ShamrockResistUp",
      "name": "暴食耐性",
      "desc": "基于效果层数提高暴食抗性。(每层0.1%)"
    },
    {
      "id": "AzureResistUp",
      "name": "忧郁耐性",
      "desc": "基于效果层数提高忧郁抗性。(每层0.1%)"
    },
    {
      "id": "IndigoResistUp",
      "name": "傲慢耐性",
      "desc": "基于效果层数提高傲慢抗性。(每层0.1%)"
    },
    {
      "id": "VioletResistUp",
      "name": "嫉妒耐性",
      "desc": "基于效果层数提高嫉妒抗性。(每层0.1%)"
    },
    {
      "id": "CrimsonDamageDown",
      "name": "暴怒伤害弱化",
      "desc": "本回合内造成的暴怒伤害-{0}0%（最多叠加至100%）",
      "summary": "暴怒伤害-{0}0%"
    },
    {
      "id": "ScarletDamageDown",
      "name": "色欲伤害弱化",
      "desc": "本回合内造成的色欲伤害-{0}0%（最多叠加至100%）",
      "summary": "色欲伤害-{0}0%"
    },
    {
      "id": "AmberDamageDown",
      "name": "怠惰伤害弱化",
      "desc": "本回合内造成的怠惰伤害-{0}0%（最多叠加至100%）",
      "summary": "怠惰伤害-{0}0%"
    },
    {
      "id": "ShamrockDamageDown",
      "name": "暴食伤害弱化",
      "desc": "本回合内造成的暴食伤害-{0}0%（最多叠加至100%）",
      "summary": "暴食伤害-{0}0%"
    },
    {
      "id": "AzureDamageDown",
      "name": "忧郁伤害弱化",
      "desc": "本回合内造成的忧郁伤害-{0}0%（最多叠加至100%）",
      "summary": "忧郁伤害-{0}0%"
    },
    {
      "id": "IndigoDamageDown",
      "name": "傲慢伤害弱化",
      "desc": "本回合内造成的傲慢伤害-{0}0%（最多叠加至100%）",
      "summary": "傲慢伤害-{0}0%"
    },
    {
      "id": "VioletDamageDown",
      "name": "嫉妒伤害弱化",
      "desc": "本回合内造成的嫉妒伤害-{0}0%（最多叠加至100%）",
      "summary": "嫉妒伤害-{0}0%"
    },
    {
      "id": "CrimsonDamageUp",
      "name": "暴怒伤害强化",
      "desc": "本回合内造成的暴怒伤害+{0}0%（最多叠加至100%）",
      "summary": "暴怒伤害+{0}0%"
    },
    {
      "id": "ScarletDamageUp",
      "name": "色欲伤害强化",
      "desc": "本回合内造成的色欲伤害+{0}0%（最多叠加至100%）",
      "summary": "色欲伤害+{0}0%"
    },
    {
      "id": "AmberDamageUp",
      "name": "怠惰伤害强化",
      "desc": "本回合内造成的怠惰伤害+{0}0%（最多叠加至100%）",
      "summary": "怠惰伤害+{0}0%"
    },
    {
      "id": "ShamrockDamageUp",
      "name": "暴食伤害强化",
      "desc": "本回合内造成的暴食伤害+{0}0%（最多叠加至100%）",
      "summary": "暴食伤害+{0}0%"
    },
    {
      "id": "AzureDamageUp",
      "name": "忧郁伤害强化",
      "desc": "本回合内造成的忧郁伤害+{0}0%（最多叠加至100%）",
      "summary": "忧郁伤害+{0}0%"
    },
    {
      "id": "IndigoDamageUp",
      "name": "傲慢伤害强化",
      "desc": "本回合内造成的傲慢伤害+{0}0%（最多叠加至100%）",
      "summary": "傲慢伤害+{0}0%"
    },
    {
      "id": "VioletDamageUp",
      "name": "嫉妒伤害强化",
      "desc": "本回合内造成的嫉妒伤害+{0}0%（最多叠加至100%）",
      "summary": "嫉妒伤害+{0}0%"
    },
    {
      "id": "Curse",
      "name": "诅咒",
      "desc": "回合结束时：施加1层随机效果，随后使本效果的层数减少1层。\n随机效果包括虚弱、破绽、攻击等级降低、防御等级降低。",
      "summary": "施加1层随机效果，随后层数减少1层"
    },
    {
      "id": "AttackDmgUp_Weak",
      "name": "痛击",
      "desc": "攻击抗性为脆弱的目标时造成的伤害+{0}0%",
      "summary": "对脆弱目标造成的伤害+{0}0%"
    },
    {
      "id": "Bullet",
      "name": "弹药",
      "desc": "部分技能进行攻击时消耗的资源。缺少弹药时这些攻击将不会发动。",
      "summary": "部分技能的资源"
    },
    {
      "id": "Meursault_Last_Remodeling",
      "name": "最终改造",
      "desc": "回合开始时：使自身获得3层“强壮”、“忍耐”和“迅捷”；在{0}回合后死亡。"
    },
    {
      "id": "Choice_90103301",
      "name": "挣扎",
      "desc": "本场战斗速度值+1。",
      "summary": "速度值+1"
    },
    {
      "id": "Choice_90103402",
      "name": "安心",
      "desc": "本场战斗速度值+2。",
      "summary": "速度值+2"
    },
    {
      "id": "Choice_901001",
      "name": "燎原",
      "desc": "战斗开场时，技能组内没有暴怒属性技能的友方单位施加5级“烧伤”强度。"
    },
    {
      "id": "Choice_901007",
      "name": "惜别",
      "desc": "回合开始时：恢复10点体力与理智值。",
      "summary": "体力与理智值+10"
    },
    {
      "id": "Choice_901009",
      "name": "眩目",
      "desc": "战斗开场时，技能的威力-1。",
      "summary": "技能威力-1"
    },
    {
      "id": "Choice_901010",
      "name": "空虚",
      "desc": "战斗开场时，技能组内没有色欲属性技能的友方单位陷入混乱。"
    },
    {
      "id": "Choice_901019",
      "name": "秽物",
      "desc": "战斗开场时，速度值-2。",
      "summary": "速度值-2"
    },
    {
      "id": "Choice_1030301",
      "name": "事件效果",
      "desc": "战斗开场时，获得3层“强壮”。",
      "summary": "获得3层“强壮”"
    },
    {
      "id": "Choice_1030501",
      "name": "事件效果",
      "desc": "每回合开始时施加5层“虚弱”。",
      "summary": "施加5层“虚弱”"
    },
    {
      "id": "Choice_1031001",
      "name": "事件效果",
      "desc": "每回合开始时施加3层“伤害弱化”。",
      "summary": "施加3层“伤害弱化”"
    },
    {
      "id": "Assemble",
      "name": "狂信",
      "desc": "本回合内攻击带有“尖钉”的目标时，技能的威力+{0}。",
      "summary": "技能威力+{0}"
    },
    {
      "id": "ReinforcedAssemble",
      "name": "克罗默的哨音",
      "desc": "我们无所畏惧，与执柄者同在。"
    },
    {
      "id": "Greedy",
      "name": "渴望",
      "desc": "本回合内施加2层“易损”和10层“束缚”。同时，获得一个行动槽并改变自身的行动。",
      "summary": "施加2层“易损”和10层“束缚”"
    },
    {
      "id": "Desire",
      "name": "欲望",
      "desc": "回合结束时：若本效果的层数高于5层，则受到30点理智伤害，并施加2层“易损”和10层“束缚”，随后解除本效果。",
      "summary": "受到30点理智伤害，施加2层“易损”和10层“束缚”"
    },
    {
      "id": "GreedyReady",
      "name": "极度渴望",
      "desc": "在{0}回合后使用会施加“渴望”的技能。"
    },
    {
      "id": "Decay",
      "name": "腐化外皮",
      "desc": "受到攻击时，对攻击者施加3层“剧毒”。",
      "summary": "对攻击者施加3层“剧毒”"
    },
    {
      "id": "Poison",
      "name": "剧毒",
      "desc": "回合结束时：受到{0}点固定伤害，随后使本效果的层数减半。",
      "summary": "{0}点固定伤害"
    },
    {
      "id": "Cromer_Target",
      "name": "执柄者的凝视",
      "desc": "本回合内陷入混乱。克罗默对自身造成的伤害+100%。"
    },
    {
      "id": "Cromer_Boredom",
      "name": "接受痛苦吧！",
      "desc": "造成与承受的伤害量+100%。\n守备技能的威力-5。"
    },
    {
      "id": "Cromer_Ecstasy",
      "name": "狂喜",
      "desc": "口部部位的物理抗性全部变为“致命”。",
      "summary": "部位的物理抗性削弱"
    },
    {
      "id": "Cromer_Madness",
      "name": "纯粹",
      "desc": "使所有部位获得3层“伤害强化”并对其施加3层“束缚”，且它们的物理抗性全部变为“致命”。"
    },
    {
      "id": "Hardening",
      "name": "硬化",
      "desc": "回合开始时：若本效果的层数高于3层，则使手臂进入完整状态。"
    },
    {
      "id": "Perfected",
      "name": "完整外壳",
      "desc": "回合开始时：使手臂获得2层“强壮”。当手臂的体力低于50%解除本效果",
      "summary": "获得2层“强壮”"
    },
    {
      "id": "Enrage",
      "name": "狂暴",
      "desc": "本回合内获得3层“强壮”并施加3层“易损”，随后变自身的行动。被攻击时不再获得“本能”层数。",
      "summary": "获得3层“强壮”并施加3层“易损”"
    },
    {
      "id": "Aggressive",
      "name": "本能",
      "desc": "回合结束时：若本效果的层数高于4层，则进入进攻状态。"
    },
    {
      "id": "Whistle_Courage",
      "name": "战胜恐惧的勇气",
      "desc": "回合开始时：获得1层“强壮”和2层“守护”。",
      "summary": "获得1层“强壮”和2层“守护”"
    },
    {
      "id": "Whistle_Fear",
      "name": "令人恐惧的哨音",
      "desc": "回合开始时：施加1层“束缚”和1层“麻痹”。",
      "summary": "施加1层“束缚”和1层“麻痹”"
    },
    {
      "id": "SlashTakeDamageDown",
      "name": "斩击守护",
      "desc": "本回合内受到的斩击伤害-{0}0%（最多叠加至100%）",
      "summary": "受到的斩击伤害-{0}0%"
    },
    {
      "id": "PenetrateTakeDamageDown",
      "name": "突刺守护",
      "desc": "本回合内受到的突刺伤害-{0}0%（最多叠加至100%）",
      "summary": "受到的突刺伤害-{0}0%"
    },
    {
      "id": "HitTakeDamageDown",
      "name": "打击守护",
      "desc": "本回合内受到的打击伤害-{0}0%（最多叠加至100%）",
      "summary": "受到的打击伤害-{0}0%"
    },
    {
      "id": "CrimsonTakeDamageDown",
      "name": "暴怒守护",
      "desc": "本回合内受到的暴怒伤害-{0}0%（最多叠加至100%）",
      "summary": "受到的暴怒伤害-{0}0%"
    },
    {
      "id": "ScarletTakeDamageDown",
      "name": "色欲守护",
      "desc": "本回合内受到的色欲伤害-{0}0%（最多叠加至100%）",
      "summary": "受到的色欲伤害-{0}0%"
    },
    {
      "id": "AmberTakeDamageDown",
      "name": "怠惰守护",
      "desc": "本回合内受到的怠惰伤害-{0}0%（最多叠加至100%）",
      "summary": "受到的怠惰伤害-{0}0%"
    },
    {
      "id": "ShamrockTakeDamageDown",
      "name": "暴食守护",
      "desc": "本回合内受到的暴食伤害-{0}0%（最多叠加至100%）",
      "summary": "受到的暴食伤害-{0}0%"
    },
    {
      "id": "AzureTakeDamageDown",
      "name": "忧郁守护",
      "desc": "本回合内受到的忧郁伤害-{0}0%（最多叠加至100%）",
      "summary": "受到的忧郁伤害-{0}0%"
    },
    {
      "id": "IndigoTakeDamageDown",
      "name": "傲慢守护",
      "desc": "本回合内受到的傲慢伤害-{0}0%（最多叠加至100%）",
      "summary": "受到的傲慢伤害-{0}0%"
    },
    {
      "id": "VioletTakeDamageDown",
      "name": "嫉妒守护",
      "desc": "本回合内受到的嫉妒伤害-{0}0%（最多叠加至100%）",
      "summary": "受到的嫉妒伤害-{0}0%"
    },
    {
      "id": "SlashTakeDamageUp",
      "name": "斩击易损",
      "desc": "本回合内受到的斩击伤害+{0}0%（最多叠加至100%）",
      "summary": "受到的斩击伤害+{0}0%"
    },
    {
      "id": "PenetrateTakeDamageUp",
      "name": "突刺易损",
      "desc": "本回合内受到的突刺伤害+{0}0%（最多叠加至100%）",
      "summary": "受到的突刺伤害+{0}0%"
    },
    {
      "id": "HitTakeDamageUp",
      "name": "打击易损",
      "desc": "本回合内受到的打击伤害+{0}0%（最多叠加至100%）",
      "summary": "受到的打击伤害+{0}0%"
    },
    {
      "id": "CrimsonTakeDamageUp",
      "name": "暴怒易损",
      "desc": "本回合内受到的暴怒伤害+{0}0%（最多叠加至100%）",
      "summary": "受到的暴怒伤害+{0}0%"
    },
    {
      "id": "ScarletTakeDamageUp",
      "name": "色欲易损",
      "desc": "本回合内受到的色欲伤害+{0}0%（最多叠加至100%）",
      "summary": "受到的色欲伤害+{0}0%"
    },
    {
      "id": "AmberTakeDamageUp",
      "name": "怠惰易损",
      "desc": "本回合内受到的怠惰伤害+{0}0%（最多叠加至100%）",
      "summary": "受到的怠惰伤害+{0}0%"
    },
    {
      "id": "ShamrockTakeDamageUp",
      "name": "暴食易损",
      "desc": "本回合内受到的暴食伤害+{0}0%（最多叠加至100%）",
      "summary": "受到的暴食伤害+{0}0%"
    },
    {
      "id": "AzureTakeDamageUp",
      "name": "忧郁易损",
      "desc": "本回合内受到的忧郁伤害+{0}0%（最多叠加至100%）",
      "summary": "受到的忧郁伤害+{0}0%"
    },
    {
      "id": "IndigoTakeDamageUp",
      "name": "傲慢易损",
      "desc": "本回合内受到的傲慢伤害+{0}0%（最多叠加至100%）",
      "summary": "受到的傲慢伤害+{0}0%"
    },
    {
      "id": "VioletTakeDamageUp",
      "name": "嫉妒易损",
      "desc": "本回合内受到的嫉妒伤害+{0}0%（最多叠加至100%）",
      "summary": "受到的嫉妒伤害+{0}0%"
    },
    {
      "id": "LittleCourage",
      "name": "记号",
      "desc": "辛克莱向克罗默抗争的决心。刻下3个记号的话……",
      "summary": "辛克莱的决心"
    },
    {
      "id": "NailPersonality",
      "name": "尖钉",
      "desc": "回合开始时：增加1级“流血”强度并施加{0}层“流血”。\n回合结束时：使本效果的层数减半。(向下取整)",
      "summary": "增加1级“流血”强度并施加{0}层“流血”"
    },
    {
      "id": "AssemblePersonality",
      "name": "狂信",
      "desc": "本回合内攻击带有“尖钉”的目标时，技能的威力+{0}。",
      "summary": "技能威力+{0}"
    },
    {
      "id": "MarkOfHeresy",
      "name": "凝视",
      "desc": "本回合内受到的突刺和打击伤害+20%。\n友方单位击杀被本效果标记的敌人时，使其恢复10理智值；若该友方单位隶属于N公司，则在下回合使其获得1层狂信 。",
      "summary": "受到的突刺和打击伤害+20%"
    },
    {
      "id": "HitResultUp",
      "name": "打击强壮",
      "desc": "本回合内打击技能的威力+{0}。",
      "summary": "打击技能威力+{0}"
    },
    {
      "id": "WeaknessAnalysis",
      "name": "弱点分析",
      "desc": "本回合内使随机1个抗性等级为“耐性”或“一般”的攻击类型[承伤系数+0.2]。",
      "summary": "使抗性为“耐性”或“一般”的攻击类型[承伤系数+0.2]"
    },
    {
      "id": "Cycle",
      "name": "业报",
      "desc": "受到的伤害+{0}%。回合结束时,若本效果的层数高于108层,则使该角色直接死亡。",
      "summary": "无我入定的被动"
    },
    {
      "id": "Duress",
      "name": "禁锢",
      "desc": "使目标在3回合内陷入混乱。\n回合开始时：若Kqe-1j-23陷入混乱，则解除本效果。",
      "summary": "Kqe的被动"
    },
    {
      "id": "VioletResultUp",
      "name": "嫉妒强壮",
      "desc": "本回合内嫉妒技能的威力+{0}。",
      "summary": "嫉妒技能威力+{0}"
    },
    {
      "id": "CyclingKarma",
      "name": "业报轮回",
      "desc": "场上所有角色在攻击命中时会将自身的部分业报 转移给目标。\n场上有无我入定以外的敌人存活时，业报 无法转移给无我入定。",
      "summary": "攻击命中时转移业报"
    },
    {
      "id": "TakeHpHealReduce",
      "name": "体力恢复降低",
      "desc": "本回合内通过被动，技能以及硬币效果恢复的体力量-{0}0%。(最大5层)",
      "summary": "体力恢复量-{0}0%"
    },
    {
      "id": "AttackLevelAdder",
      "name": "攻击等级+",
      "desc": "本回合内攻击等级+{0}",
      "summary": "攻击等级+{0}"
    },
    {
      "id": "Thirst",
      "name": "饥渴",
      "desc": "使“即兴烹饪”的体力恢复量+{0}0%。\n被动触发时消耗全部层数。",
      "summary": "“即兴烹饪”体力恢复量+{0}0%"
    },
    {
      "id": "GainSinStockAdder",
      "name": "罪孽碎片获取量+",
      "desc": "本回合内使用技能时获得的罪孽碎片数量+{0}",
      "summary": "罪孽碎片获取量+{0}"
    },
    {
      "id": "Weak_Chicken",
      "name": "鸡群的末日菜肴",
      "desc": "因罪人的菜肴引发的反应。失去体力上限40%的体力",
      "summary": "失去40%体力"
    },
    {
      "id": "Strong_Chicken",
      "name": "难以言表的愤怒",
      "desc": "每回合获得1层“强壮”",
      "summary": "获得1层“强壮”"
    },
    {
      "id": "DimensionRift",
      "name": "次元裂痕",
      "desc": "回合结束时，施加{0}层“破裂”",
      "summary": "施加“破裂”"
    }
  ]
}