{
  "dataList": [
    {
      "id": "1",
      "content": "在与异想体战斗时，您需要专注于寻找它的弱点，并使用有效的属性来破坏它的部位。"
    },
    {
      "id": "2",
      "content": "进行判定时，拥有特定属性技能的人格会更容易通过判定。"
    },
    {
      "id": "3",
      "content": "有些异想体的技能可以通过破坏部位来打断。等到关键时刻再破坏部位就可以打断一些强力的技能。"
    },
    {
      "id": "4",
      "content": "每周别忘了通过镜像迷宫的奖励加成来获得自我碎片并强化您的人格！"
    },
    {
      "id": "5",
      "content": "进行编队时，多留意所携带E.G.O的罪孽碎片消耗，针对性地编入拥有相应属性的人格会使E.G.O的释放更加简单。"
    },
    {
      "id": "6",
      "content": "在理智值足够时，E.G.O可以显著改变战斗的流向。"
    },
    {
      "id": "8",
      "content": "若一个角色在陷入混乱后体力接着降至下一个混乱阈值之下，其受到的伤害将会变得更高。"
    },
    {
      "id": "9",
      "content": "当您难以通过主线迷宫时，就该强化您的人格了。"
    }
  ]
}