{
  "dataList": [
    {
      "id": "AreaAtk",
      "name": "群体攻击",
      "desc": "同时选取2个及以上敌人作为目标。"
    },
    {
      "id": "Enhancement",
      "name": "强壮",
      "desc": "攻击技能的威力增加等同于本效果层数的数值。"
    },
    {
      "id": "Agility",
      "name": "迅捷",
      "desc": "一回合内速度值增加等同于本效果层数的数值。"
    },
    {
      "id": "Endurance",
      "name": "忍耐",
      "desc": "守备技能的威力增加等同于本效果层数的数值。"
    },
    {
      "id": "Reduction",
      "name": "虚弱",
      "desc": "攻击技能的威力减少等同于本效果层数的数值。"
    },
    {
      "id": "Binding",
      "name": "束缚",
      "desc": "一回合内速度值减少等同于本效果层数的数值。"
    },
    {
      "id": "Vulnerable",
      "name": "易损",
      "desc": "一回合内基于本效果层数增加受到的伤害。(最大10层)",
      "summary": "所受伤害+{0}0"
    },
    {
      "id": "Taunt",
      "name": "嘲讽",
      "desc": ""
    },
    {
      "id": "Stun",
      "name": "晕眩",
      "desc": ""
    },
    {
      "id": "ElectricShock",
      "name": "感电",
      "desc": "一回合内受到攻击时额外受到数值等同于本效果层数的固定伤害。"
    },
    {
      "id": "Burn",
      "name": "烧伤",
      "desc": "回合结束时，受到数值等同于本效果强度的固定伤害，随后使本效果强度减半。"
    },
    {
      "id": "Bleeding",
      "name": "流血",
      "desc": "进行攻击时，受到数值等同于本效果强度的固定伤害，随后使本效果强度减半。"
    },
    {
      "id": "Target",
      "name": "标记",
      "desc": "已被拥有[利刃]的角色指定为目标。"
    },
    {
      "id": "SelfHarm_LowMorale",
      "name": "自责",
      "desc": "回合开始时，获得2层“迅捷”并施加2层“易损”。"
    },
    {
      "id": "SelfHarm_Panic",
      "name": "自残",
      "desc": "回合开始时，失去10点体力。"
    },
    {
      "id": "Blame_LowMorale",
      "name": "狂躁",
      "desc": "回合开始时，获得2层“强壮”并施加2层“易损”。"
    },
    {
      "id": "Blame_Panic",
      "name": "迁怒",
      "desc": "回合开始时，随机友方单位失去20点理智值。"
    },
    {
      "id": "Charge",
      "name": "充能",
      "desc": "部分技能发动附加效果所需的资源。最多叠加至20层。回合结束时层数会降低1层。"
    },
    {
      "id": "DamageOverTime",
      "name": "持续损伤",
      "desc": "回合开始时，受到数值等同于本效果层数的固定伤害。"
    },
    {
      "id": "ResultEnhancement",
      "name": "强壮",
      "desc": "一回合内技能的威力提升等同于本效果层数的数值。",
      "summary": "技能的威力+{0}"
    },
    {
      "id": "Protection",
      "name": "守护",
      "desc": "一回合内基于本效果层数减少受到的伤害。(最大10层)",
      "summary": "受到伤害-{0}0%"
    },
    {
      "id": "AttackDmgUp",
      "name": "伤害强化",
      "desc": "一回合内基于本效果层数增加造成的伤害。(最大10层)",
      "summary": "造成伤害+{0}0%"
    },
    {
      "id": "DefenseUp",
      "name": "防御等级提升",
      "desc": "一回合内基于本效果层数增加防御等级。(最大10层)",
      "summary": "防御等级+{0}0%"
    },
    {
      "id": "PlusCoinValueUp",
      "name": "加算硬币强化",
      "desc": "变动值为加算的技能硬币威力提高等同于本效果层数的数值。"
    },
    {
      "id": "MinusCoinValueUp",
      "name": "减算硬币强化",
      "desc": "变动值为减算的技能硬币威力提高等同于本效果层数的数值。"
    },
    {
      "id": "TimesCoinValueUp",
      "name": "乘算硬币强化",
      "desc": "变动值为乘算的技能硬币威力提高等同于本效果层数的数值。"
    },
    {
      "id": "Disarming",
      "name": "破绽",
      "desc": "一回合内守备技能的威力降低等同于本效果层数的数值。"
    },
    {
      "id": "ResultReduction",
      "name": "威力降低",
      "desc": "一回合内技能的威力降低等同于本效果层数的数值。",
      "summary": "技能的威力-{0}"
    },
    {
      "id": "AttackDmgDown",
      "name": "伤害弱化",
      "desc": "一回合内基于本效果层数减少造成的伤害。(最大10层)",
      "summary": "造成伤害-{0}0%"
    },
    {
      "id": "DefenseDown",
      "name": "防御等级降低",
      "desc": "一回合内基于本效果层数降低防御等级。(最大10层)",
      "summary": "防御等级-{0}0%"
    },
    {
      "id": "Paralysis",
      "name": "麻痹",
      "desc": "一回合内使硬币的变动值固定为0。每层影响1个硬币。"
    },
    {
      "id": "PlusCoinValueDown",
      "name": "加算硬币弱化",
      "desc": "变动值为加算的技能硬币威力减少等同于本效果层数的数值。"
    },
    {
      "id": "MinusCoinValueDown",
      "name": "减算硬币弱化",
      "desc": "变动值为减算的技能硬币威力减少等同于本效果层数的数值。"
    },
    {
      "id": "TimesCoinValueDown",
      "name": "乘算硬币弱化",
      "desc": "变动值为乘算的技能硬币威力减少等同于本效果层数的数值。"
    },
    {
      "id": "MoonLight",
      "name": "月华",
      "desc": "部分技能发动附加效果所需的资源。"
    },
    {
      "id": "Anger",
      "name": "暴怒",
      "desc": "发动特定技能时消耗。通过消耗暴怒资源来使用部分技能。"
    },
    {
      "id": "Inactible",
      "name": "无法行动",
      "desc": "本回合无法行动。"
    },
    {
      "id": "Combustion",
      "name": "烧伤",
      "desc": "回合结束时，受到数值等同于本效果强度的固定伤害，随后使本效果的层数减少1层。"
    },
    {
      "id": "Laceration",
      "name": "流血",
      "desc": "掷出硬币时，受到数值等同于本效果强度的固定伤害，随后使本效果的层数减少1层。"
    },
    {
      "id": "Vibration",
      "name": "震颤",
      "desc": "受到引爆震颤的攻击时，混乱阈值前移等同于本效果强度的数值。\n回合结束时，效果的层数减少1层。"
    },
    {
      "id": "Burst",
      "name": "破裂",
      "desc": "遭到攻击时，受到数值等同于本效果强度的固定伤害，随后使本效果的层数减少1层。"
    },
    {
      "id": "Sinking",
      "name": "沉沦",
      "desc": "受到攻击时，额外受到数值等同于本效果强度的固定理智伤害。(对异想体则造成忧郁属性伤害)\n随后使本效果的层数减少1层。"
    },
    {
      "id": "Breath",
      "name": "呼吸法",
      "desc": "攻击命中时，基于效果强度提高该次攻击的暴击率，触发暴击时使效果层数减少1层。\n回合结束时，效果的层数减少1层。"
    },
    {
      "id": "BloodPocket",
      "name": "血囊",
      "desc": "积蓄到特定层数后将释放强力攻击。"
    },
    {
      "id": "WaterPocket",
      "name": "水囊",
      "desc": "恢复体力时基于层数增加回复量。"
    },
    {
      "id": "DogThunder",
      "name": "带电状态",
      "desc": "积蓄到特定层数后威力提升。"
    },
    {
      "id": "Run_Panic",
      "name": "脱逃",
      "desc": "本回合无法行动。受到攻击时，在攻击结束后逃离战斗。"
    },
    {
      "id": "Operation",
      "name": "手术",
      "desc": "在层数达到5层时直接死亡。\n每层减少20%体力上限。\n每层增加20%造成的伤害。\n回合开始时使自身获得层数与本效果相同的“迅捷”。"
    },
    {
      "id": "Emergency_Operation",
      "name": "紧急手术",
      "desc": "每层使体力上限增加25%，技能威力+1。\n本效果的每回合层数增加1层。\n层数达到5层时，角色直接死亡。"
    },
    {
      "id": "BabayagaTimeLimit",
      "name": "芭芭雅嘎的追猎",
      "desc": ""
    },
    {
      "id": "PinkRibbon",
      "name": "粉色丝带",
      "desc": "回合结束时，若本效果的层数高于5层，则解除本效果并在下回合施加“渴望”。"
    },
    {
      "id": "Greedy",
      "name": "渴望",
      "desc": "回合开始时，施加10层“束缚”。\n物理抗性全部变为“致命”。\n攻击技能威力+2。\n守备技能威力-2。"
    },
    {
      "id": "PinkRibbon_Ishmael",
      "name": "粉色丝带",
      "desc": "本回合内，每次掷出攻击技能硬币时使本效果的层数增加1层。\n回合结束时，施加层数与本效果相同的“束缚”，随后解除本效果。"
    },
    {
      "id": "Muckworm",
      "name": "蛆虫",
      "desc": "回合结束时，受到数值等同于本效果层数的暴食伤害并施加1层“流血”，随后使该效果的层数减少1层。"
    },
    {
      "id": "AttackUp",
      "name": "攻击等级提升",
      "desc": "一回合内基于本效果层数提高攻击等级。(最大10层)"
    },
    {
      "id": "AttackDown",
      "name": "攻击等级降低",
      "desc": "一回合内基于本效果层数降低攻击等级。(最大10层)"
    },
    {
      "id": "Liu_Meursault_Guard_Buff",
      "name": "坚如泰山",
      "desc": "受到攻击时，对进攻者施加1层“烧伤”。"
    },
    {
      "id": "SlashResistUp",
      "name": "斩击耐性",
      "desc": "基于本效果层数提高斩击抗性。(每层0.1%)"
    },
    {
      "id": "PenetrateResistUp",
      "name": "突刺耐性",
      "desc": "基于本效果层数提高突刺抗性。(每层0.1%)"
    },
    {
      "id": "HitResistUp",
      "name": "打击耐性",
      "desc": "基于本效果层数提高打击抗性。(每层0.1%)"
    },
    {
      "id": "SlashDamageUp",
      "name": "斩击伤害强化",
      "desc": "一回合内基于本效果层数提高斩击伤害。(最大10层)"
    },
    {
      "id": "PenetrateDamageUp",
      "name": "突刺伤害强化",
      "desc": "一回合内基于本效果层数提高突刺伤害。(最大10层)"
    },
    {
      "id": "HitDamageUp",
      "name": "打击伤害强化",
      "desc": "一回合内基于本效果层数提高打击伤害。(最大10层)"
    },
    {
      "id": "SlashResistDown",
      "name": "斩击脆弱",
      "desc": ""
    },
    {
      "id": "PenetrateResistDown",
      "name": "突刺脆弱",
      "desc": ""
    },
    {
      "id": "HitResistDown",
      "name": "打击脆弱",
      "desc": ""
    },
    {
      "id": "SlashDamageDown",
      "name": "斩击伤害弱化",
      "desc": "一回合内基于本效果层数降低斩击伤害。(最大10层)"
    },
    {
      "id": "PenetrateDamageDown",
      "name": "突刺伤害弱化",
      "desc": "一回合内基于本效果层数降低突刺伤害。(最大10层)"
    },
    {
      "id": "HitDamageDown",
      "name": "打击伤害弱化",
      "desc": "一回合内基于本效果层数降低打击伤害。(最大10层)"
    },
    {
      "id": "CrimsonResistDown",
      "name": "暴怒脆弱",
      "desc": ""
    },
    {
      "id": "ScarletResistDown",
      "name": "色欲脆弱",
      "desc": ""
    },
    {
      "id": "AmberResistDown",
      "name": "怠惰脆弱",
      "desc": "基于本效果层数降低怠惰抗性。(每层0.1%)"
    },
    {
      "id": "ShamrockResistDown",
      "name": "暴食脆弱",
      "desc": ""
    },
    {
      "id": "AzureResistDown",
      "name": "忧郁脆弱",
      "desc": ""
    },
    {
      "id": "IndigoResistDown",
      "name": "傲慢脆弱",
      "desc": ""
    },
    {
      "id": "VioletResistDown",
      "name": "嫉妒脆弱",
      "desc": ""
    },
    {
      "id": "CrimsonResistUp",
      "name": "暴怒耐性",
      "desc": "基于本效果层数提高暴怒抗性。(每层0.1%)"
    },
    {
      "id": "ScarletResistUp",
      "name": "色欲耐性",
      "desc": "基于本效果层数提高色欲抗性。(每层0.1%)"
    },
    {
      "id": "AmberResistUp",
      "name": "怠惰耐性",
      "desc": "基于本效果层数提高怠惰抗性。(每层0.1%)"
    },
    {
      "id": "ShamrockResistUp",
      "name": "暴食耐性",
      "desc": "基于本效果层数提高暴食抗性。(每层0.1%)"
    },
    {
      "id": "AzureResistUp",
      "name": "忧郁耐性",
      "desc": "基于本效果层数提高忧郁抗性。(每层0.1%)"
    },
    {
      "id": "IndigoResistUp",
      "name": "傲慢耐性",
      "desc": "基于本效果层数提高傲慢抗性。(每层0.1%)"
    },
    {
      "id": "VioletResistUp",
      "name": "嫉妒耐性",
      "desc": "基于本效果层数提高嫉妒抗性。(每层0.1%)"
    },
    {
      "id": "CrimsonDamageDown",
      "name": "暴怒伤害弱化",
      "desc": "一回合内基于本效果层数降低暴怒伤害。(最大10层)"
    },
    {
      "id": "ScarletDamageDown",
      "name": "色欲伤害弱化",
      "desc": "一回合内基于本效果层数降低色欲伤害。(最大10层)"
    },
    {
      "id": "AmberDamageDown",
      "name": "怠惰伤害弱化",
      "desc": "一回合内基于本效果层数降低怠惰伤害。(最大10层)"
    },
    {
      "id": "ShamrockDamageDown",
      "name": "暴食伤害弱化",
      "desc": "一回合内基于本效果层数降低暴食伤害。(最大10层)"
    },
    {
      "id": "AzureDamageDown",
      "name": "忧郁伤害弱化",
      "desc": "一回合内基于本效果层数降低忧郁伤害。(最大10层)"
    },
    {
      "id": "IndigoDamageDown",
      "name": "傲慢伤害弱化",
      "desc": "一回合内基于本效果层数降低傲慢伤害。(最大10层)"
    },
    {
      "id": "VioletDamageDown",
      "name": "嫉妒伤害弱化",
      "desc": "一回合内基于本效果层数降低嫉妒伤害。(最大10层)"
    },
    {
      "id": "CrimsonDamageUp",
      "name": "暴怒伤害强化",
      "desc": "一回合内基于本效果层数提高暴怒伤害。(最大10层)"
    },
    {
      "id": "ScarletDamageUp",
      "name": "色欲伤害强化",
      "desc": "一回合内基于本效果层数提高色欲伤害。(最大10层)"
    },
    {
      "id": "AmberDamageUp",
      "name": "怠惰伤害强化",
      "desc": "一回合内基于本效果层数提高怠惰伤害。(最大10层)"
    },
    {
      "id": "ShamrockDamageUp",
      "name": "暴食伤害强化",
      "desc": "一回合内基于本效果层数提高暴食伤害。(最大10层)"
    },
    {
      "id": "AzureDamageUp",
      "name": "忧郁伤害强化",
      "desc": "一回合内基于本效果层数提高忧郁伤害。(最大10层)"
    },
    {
      "id": "IndigoDamageUp",
      "name": "傲慢伤害强化",
      "desc": "一回合内基于本效果层数提高傲慢伤害。(最大10层)"
    },
    {
      "id": "VioletDamageUp",
      "name": "嫉妒伤害强化",
      "desc": "一回合内基于本效果层数提高嫉妒伤害。(最大10层)"
    },
    {
      "id": "Curse",
      "name": "诅咒",
      "desc": "回合结束时，施加1层随机效果，随后使本效果的层数减少1层。\n随机效果包括虚弱、破绽、钝挫、防御等级降低。"
    },
    {
      "id": "AttackDmgUp_Weak",
      "name": "痛击",
      "desc": "攻击抗性为脆弱的目标时基于本效果的层数增加造成的伤害。(每层10%)"
    },
    {
      "id": "Bullet",
      "name": "弹药",
      "desc": "部分技能进行攻击时消耗的资源。\n缺少弹药时这些攻击将不会发动。"
    },
    {
      "id": "Meursault_Last_Remodeling",
      "name": "最终改造",
      "desc": "回合开始时，使自身获得3层“强壮”、“忍耐”和“迅捷”；在3回合后死亡。"
    },
    {
      "id": "Aggressive",
      "name": "本能",
      "desc": "回合结束时，若本效果的层数高于4层，则进入进攻状态。"
    },
    {
      "id": "Cromer_Target",
      "name": "执柄者的凝视",
      "desc": "陷入混乱一回合。受到来自克罗默的伤害+100%。"
    },
    {
      "id": "Poison",
      "name": "剧毒",
      "desc": "回合结束时，受到数值等同于本效果层数的固定伤害，随后使本效果的层数减半。"
    },
    {
      "id": "Desire",
      "name": "欲望",
      "desc": "回合结束时，若本效果的层数高于5层，则受到30点理智伤害，并施加2层“易损”和10层“束缚”，随后解除本效果。"
    },
    {
      "id": "Assemble",
      "name": "狂信",
      "desc": "一回合内，攻击带有“尖钉”的目标时，技能的威力提升等同于本效果层数的数值。"
    },
    {
      "id": "Nail",
      "name": "N公司的尖钉",
      "desc": "回合开始时，增加1级“流血”强度并施加层数与本效果相同的“流血”。回合结束时，本效果的层数减少1层。"
    },
    {
      "id": "BeingGolden",
      "name": "光辉",
      "desc": "回合开始时，每拥有1层则恢复10点体力。"
    },
    {
      "id": "SlashTakeDamageDown",
      "name": "斩击守护",
      "desc": "一回合内基于本效果层数减少受到的斩击伤害。(最大10层)"
    },
    {
      "id": "PenetrateTakeDamageDown",
      "name": "突刺守护",
      "desc": "一回合内基于本效果层数减少受到的突刺伤害。(最大10层)"
    },
    {
      "id": "HitTakeDamageDown",
      "name": "打击守护",
      "desc": "一回合内基于本效果层数减少受到的打击伤害。(最大10层)"
    },
    {
      "id": "CrimsonTakeDamageDown",
      "name": "暴怒守护",
      "desc": "一回合内基于本效果层数减少受到的暴怒伤害。(最大10层)"
    },
    {
      "id": "ScarletTakeDamageDown",
      "name": "色欲守护",
      "desc": "一回合内基于本效果层数减少受到的色欲伤害。(最大10层)"
    },
    {
      "id": "AmberTakeDamageDown",
      "name": "怠惰守护",
      "desc": "一回合内基于本效果层数减少受到的怠惰伤害。(最大10层)"
    },
    {
      "id": "ShamrockTakeDamageDown",
      "name": "暴食守护",
      "desc": "一回合内基于本效果层数减少受到的暴食伤害。(最大10层)"
    },
    {
      "id": "AzureTakeDamageDown",
      "name": "忧郁守护",
      "desc": "一回合内基于本效果层数减少受到的忧郁伤害。(最大10层)"
    },
    {
      "id": "IndigoTakeDamageDown",
      "name": "傲慢守护",
      "desc": "一回合内基于本效果层数减少受到的傲慢伤害。(最大10层)"
    },
    {
      "id": "VioletTakeDamageDown",
      "name": "嫉妒守护",
      "desc": "一回合内基于本效果层数减少受到的嫉妒伤害。(最大10层)"
    },
    {
      "id": "SlashTakeDamageUp",
      "name": "斩击易损",
      "desc": "一回合内基于本效果层数增加受到的斩击伤害。(最大10层)"
    },
    {
      "id": "PenetrateTakeDamageUp",
      "name": "突刺易损",
      "desc": "一回合内基于本效果层数增加受到的突刺伤害。(最大10层)"
    },
    {
      "id": "HitTakeDamageUp",
      "name": "打击易损",
      "desc": "一回合内基于本效果层数增加受到的打击伤害。(最大10层)"
    },
    {
      "id": "CrimsonTakeDamageUp",
      "name": "暴怒易损",
      "desc": "一回合内基于本效果层数增加受到的暴怒伤害。(最大10层)"
    },
    {
      "id": "ScarletTakeDamageUp",
      "name": "色欲易损",
      "desc": "一回合内基于本效果层数增加受到的色欲伤害。(最大10层)"
    },
    {
      "id": "AmberTakeDamageUp",
      "name": "怠惰易损",
      "desc": "一回合内基于本效果层数增加受到的怠惰伤害。(最大10层)"
    },
    {
      "id": "ShamrockTakeDamageUp",
      "name": "暴食易损",
      "desc": "一回合内基于本效果层数增加受到的暴食伤害。(最大10层)"
    },
    {
      "id": "AzureTakeDamageUp",
      "name": "忧郁易损",
      "desc": "一回合内基于本效果层数增加受到的忧郁伤害。(最大10层)"
    },
    {
      "id": "IndigoTakeDamageUp",
      "name": "傲慢易损",
      "desc": "一回合内基于本效果层数增加受到的傲慢伤害。(最大10层)"
    },
    {
      "id": "VioletTakeDamageUp",
      "name": "嫉妒易损",
      "desc": "一回合内基于本效果层数增加受到的嫉妒伤害。(最大10层)"
    },
    {
      "id": "NailPersonality",
      "name": "尖钉",
      "desc": "回合开始时，增加1级“流血”强度并施加层数与本效果相同的“流血”。\n回合结束时，使本效果的层数减半。"
    },
    {
      "id": "AssemblePersonality",
      "name": "狂信",
      "desc": "一回合内，攻击带有“尖钉”的目标时，技能的威力提升等同于本效果层数的数值。"
    },
    {
      "id": "MarkOfHeresy",
      "name": "凝视",
      "desc": "本回合内受到的突刺和打击伤害+20%。\n友方单位击杀被本效果标记的敌人时，使其恢复10理智值；若该友方单位隶属于N公司，则在下回合使其获得1层狂信 。"
    },
    {
      "id": "HitResultUp",
      "name": "打击强壮",
      "desc": "本回合内基于本效果的层数提高打击技能的威力。"
    },
    {
      "id": "WeaknessAnalysis",
      "name": "弱点分析",
      "desc": "本回合内使随机1个抗性等级为“耐性”或“一般”的攻击类型[承伤系数+0.2]。"
    },
    {
      "id": "Cycle",
      "name": "业报",
      "desc": "基于本效果层数增加受到的的伤害(每层1%)。回合结束时,若本效果的层数高于108层,则使角色直接死亡。"
    },
    {
      "id": "Duress",
      "name": "禁锢",
      "desc": "使目标在3回合内陷入混乱。\n回合开始时若Kqe-1j-23陷入混乱,则解除本效果。"
    },
    {
      "id": "VioletResultUp",
      "name": "嫉妒强壮",
      "desc": "本回合内基于本效果的层数提高嫉妒技能的威力。"
    },
    {
      "id": "CyclingKarma",
      "name": "业报轮回",
      "desc": "场上所有角色在攻击命中时会将自身的部分业报 转移给目标。\n场上有无我入定以外的敌人存活时，业报 无法转移给无我入定。",
      "summary": "拼点胜利后转移业报"
    },
    {
      "id": "Cromer_Ecstasy",
      "name": "狂喜",
      "desc": "口部部位的物理抗性全部变为“致命”。"
    },
    {
      "id": "Cromer_Madness",
      "name": "纯粹",
      "desc": "使所有部位获得3层“伤害强化”并对其施加3层“束缚”，且它们的物理抗性全部变为“致命”。"
    },
    {
      "id": "TakeHpHealReduce",
      "name": "体力恢复降低",
      "desc": "一回合内根据本效果的层数来降低被动，技能以及硬币效果的体力恢复量。(最大5层)"
    },
    {
      "id": "AttackLevelAdder",
      "name": "攻击等级+",
      "desc": "一回合内根据本效果的层数来提高攻击等级。"
    },
    {
      "id": "Thirst",
      "name": "饥渴",
      "desc": "增加“即兴烹饪”的体力恢复量。\n被动触发时消耗。"
    },
    {
      "id": "GainSinStockAdder",
      "name": "罪孽碎片获取量+",
      "desc": "一本回合内根据本效果的层数来增加使用技能时获得的罪孽碎片数量。"
    },
    {
      "id": "Enrage",
      "name": "狂暴",
      "desc": "本回合内获得3层“强壮”并施加3层“易损”，随后改变自身的行动。被攻击时不再积蓄“本能”层数。"
    },
    {
      "id": "DimensionRift",
      "name": "次元裂痕",
      "desc": "回合结束时，施加层数与本效果相同的“破裂”，随后解除本效果。"
    }
  ]
}