{
  "dataList": [
    {
      "id": "battle_battleunit_guard",
      "content": "守备动作"
    },
    {
      "id": "popup_message_ego_seat_lack",
      "content": "行动槽已被占用，无法使用E.G.O。"
    },
    {
      "id": "popup_message_ego_resources_lack",
      "content": "罪孽碎片不足，无法使用E.G.O。"
    },
    {
      "id": "option_title",
      "content": "设置"
    },
    {
      "id": "option_btn_exit",
      "content": "退出关卡"
    },
    {
      "id": "option_btn_statistical",
      "content": "战斗数据"
    },
    {
      "id": "creature_destroy_notice",
      "content": "部位破坏"
    },
    {
      "id": "oneside_attack",
      "content": "单方面攻击"
    },
    {
      "id": "guard",
      "content": "防御"
    },
    {
      "id": "power",
      "content": "威力"
    },
    {
      "id": "require",
      "content": "需求"
    },
    {
      "id": "battle_log_atk_hp",
      "content": "{0}对{1}造成了{2}点伤害！"
    },
    {
      "id": "battle_log_atk_mp",
      "content": "{0}对{1}造成了{2}点理智伤害！"
    },
    {
      "id": "battle_log_recover_hp",
      "content": "{0}为{1}恢复了{2}点体力。"
    },
    {
      "id": "battle_log_guard",
      "content": "{0}进入了守备状态。"
    },
    {
      "id": "battle_log_buf_to_other",
      "content": "{0}对{1}施加了{3}层{2}。"
    },
    {
      "id": "battle_log_buf_to_self",
      "content": "{0}对自身施加了{2}层{1}。"
    },
    {
      "id": "battle_log_use_ego",
      "content": "{0}觉醒了{1}！！"
    },
    {
      "id": "battle_log_use_ego_corrosion",
      "content": "{1}侵蚀了{0}！！"
    },
    {
      "id": "battle_log_personality_corrosion",
      "content": "{0}崩溃了！！"
    },
    {
      "id": "battle_log_low_morale",
      "content": "{0}的士气低下！"
    },
    {
      "id": "battle_log_panic",
      "content": "{0}正陷入恐慌！！"
    },
    {
      "id": "choice_result_success",
      "content": "判定成功"
    },
    {
      "id": "choice_result_fail",
      "content": "判定失败"
    },
    {
      "id": "choice_result_skip",
      "content": "跳过判定"
    },
    {
      "id": "info_button_detailinfo",
      "content": "信息"
    },
    {
      "id": "info_button_skill",
      "content": "技能"
    },
    {
      "id": "info_button_awakenskill",
      "content": "觉醒"
    },
    {
      "id": "info_button_erosionskill",
      "content": "侵蚀"
    },
    {
      "id": "resonance",
      "content": "共鸣"
    },
    {
      "id": "perfect_resonance",
      "content": "完全共鸣"
    },
    {
      "id": "break",
      "content": "陷入混乱"
    },
    {
      "id": "mental_break",
      "content": "陷入崩溃"
    },
    {
      "id": "low_morale",
      "content": "士气低下"
    },
    {
      "id": "panic",
      "content": "恐慌"
    },
    {
      "id": "status",
      "content": "状态"
    },
    {
      "id": "status_abnormal",
      "content": "效果"
    },
    {
      "id": "immunity_information",
      "content": "抗性"
    },
    {
      "id": "awaken_ego_skill",
      "content": "觉醒"
    },
    {
      "id": "erosion_ego_skill",
      "content": "侵蚀"
    },
    {
      "id": "turnplace_test_name",
      "content": "废弃的脑叶公司支部"
    },
    {
      "id": "death",
      "content": "阵亡"
    },
    {
      "id": "slash",
      "content": "斩击"
    },
    {
      "id": "penetrate",
      "content": "突刺"
    },
    {
      "id": "hit",
      "content": "打击"
    },
    {
      "id": "action_disable",
      "content": "无法行动"
    },
    {
      "id": "ab_event_select_character",
      "content": "选择罪人"
    },
    {
      "id": "ab_event_select_desc",
      "content": "信息"
    },
    {
      "id": "ab_event_rate",
      "content": "成功率"
    },
    {
      "id": "formet_event_rate",
      "content": "成功率: {0}"
    },
    {
      "id": "ab_event_decision",
      "content": "进行判定"
    },
    {
      "id": "ab_event_need",
      "content": "需要"
    },
    {
      "id": "ab_battle_resume",
      "content": "回到战斗"
    },
    {
      "id": "info_button_choice_log",
      "content": "决断记录"
    },
    {
      "id": "info_button_story",
      "content": "故事"
    },
    {
      "id": "info_button_ego",
      "content": "E.G.O"
    },
    {
      "id": "dungeon_encounter_start",
      "content": "开始"
    },
    {
      "id": "dungeon_encounter_battle",
      "content": "常规遭遇战"
    },
    {
      "id": "dungeon_encounter_ab_battle",
      "content": "异想体遭遇战"
    },
    {
      "id": "dungeon_encounter_hard_battle",
      "content": "危险的遭遇战"
    },
    {
      "id": "dungeon_encounter_event",
      "content": "事件"
    },
    {
      "id": "dungeon_encounter_save",
      "content": "检查点"
    },
    {
      "id": "dungeon_encounter_boss",
      "content": "楼层Boss"
    },
    {
      "id": "bottom_winrate",
      "content": "胜率"
    },
    {
      "id": "bottom_dmg",
      "content": "伤害"
    },
    {
      "id": "ab_event_next",
      "content": "继续"
    },
    {
      "id": "explanatory",
      "content": "图例"
    },
    {
      "id": "get_ego_gift",
      "content": "获得E.G.O饰品"
    },
    {
      "id": "get_ego_gift_desc",
      "content": "获得E.G.O饰品！"
    },
    {
      "id": "selection",
      "content": "决断"
    },
    {
      "id": "result",
      "content": "结果"
    },
    {
      "id": "choice_total_rate",
      "content": "总成功率"
    },
    {
      "id": "enter",
      "content": "进入"
    },
    {
      "id": "recommend_level",
      "content": "推荐等级"
    },
    {
      "id": "enemy_info",
      "content": "敌方信息"
    },
    {
      "id": "enter_clear_requirement",
      "content": "附加挑战"
    },
    {
      "id": "choice_event_resume",
      "content": "继续"
    },
    {
      "id": "crime_state_judgment",
      "content": "{0}个决断"
    },
    {
      "id": "choice_personality",
      "content": "选择一个罪人来进行判定："
    },
    {
      "id": "success_result",
      "content": "判定阈值"
    },
    {
      "id": "expectation_result",
      "content": "预计数值"
    },
    {
      "id": "outcome_result",
      "content": "结果"
    },
    {
      "id": "choice_event_percent",
      "content": "成功率"
    },
    {
      "id": "skill_expectition_value",
      "content": "预计数值：{0}-{1}"
    },
    {
      "id": "skill_expectition_or_value",
      "content": "预计数值：{0} / {1}"
    },
    {
      "id": "skill_correction_value",
      "content": "{0}变动值：{1}"
    },
    {
      "id": "action_choice_event_result_example_battle",
      "content": "遭遇战斗"
    },
    {
      "id": "action_choice_event_result_example_event",
      "content": "事件"
    },
    {
      "id": "action_choice_event_result_example_resume",
      "content": "继续"
    },
    {
      "id": "areaatk_attack",
      "content": "群体技能"
    },
    {
      "id": "enter_battle",
      "content": "进入战斗！"
    },
    {
      "id": "choice_event_five_percent",
      "content": "5%概率"
    },
    {
      "id": "choice_event_five_percent_success",
      "content": "5%成功率"
    },
    {
      "id": "skillinfo_passivetitle",
      "content": "被动技能"
    },
    {
      "id": "skillinfo_coinabilitytitle",
      "content": "技能效果"
    },
    {
      "id": "dungeon_save_desc",
      "content": "已到达检查点。\n探索进度已保存。\n所有罪人都已被治疗。"
    },
    {
      "id": "battle_battleunit_evade",
      "content": "回避"
    },
    {
      "id": "battle_battleunit_counter",
      "content": "反击"
    },
    {
      "id": "battle_operation_defence",
      "content": "防御"
    },
    {
      "id": "battle_increase_mp",
      "content": "理智值上升"
    },
    {
      "id": "battle_decrease_mp",
      "content": "理智值下降"
    },
    {
      "id": "dungeon_encounter_type_start",
      "content": "开始"
    },
    {
      "id": "dungeon_encounter_type_battle",
      "content": "常规遭遇战"
    },
    {
      "id": "dungeon_encounter_type_ab_battle",
      "content": "异想体遭遇战"
    },
    {
      "id": "dungeon_encounter_type_hard_battle",
      "content": "危险的遭遇战"
    },
    {
      "id": "dungeon_encounter_type_event",
      "content": "事件"
    },
    {
      "id": "dungeon_encounter_type_save",
      "content": "安全屋"
    },
    {
      "id": "dungeon_encounter_type_boss",
      "content": "Boss遭遇战"
    },
    {
      "id": "battle_mp",
      "content": "理智值"
    },
    {
      "id": "abnormality_part_hp",
      "content": "部位体力"
    },
    {
      "id": "abnormality_research_level",
      "content": "观察等级"
    },
    {
      "id": "abnormality_no_research_level",
      "content": "缺少数据"
    },
    {
      "id": "Insufficient_conditions",
      "content": "未满足条件"
    },
    {
      "id": "skillinfo_keyword",
      "content": "关键词"
    },
    {
      "id": "ability_turn",
      "content": "层数"
    },
    {
      "id": "ego_erosion",
      "content": "E.G.O侵蚀"
    },
    {
      "id": "continuous_turn",
      "content": "强度"
    },
    {
      "id": "status_buff_list",
      "content": "效果"
    },
    {
      "id": "stack",
      "content": "层数"
    },
    {
      "id": "slash_resistance",
      "content": "斩击抵抗"
    },
    {
      "id": "penetrate_resistance",
      "content": "突刺抵抗"
    },
    {
      "id": "hit_resistance",
      "content": "打击抵抗"
    },
    {
      "id": "Lack_Buff",
      "content": "缺少{0}！"
    },
    {
      "id": "received_the_golden_bough",
      "content": "金枝已回收"
    },
    {
      "id": "destroyable",
      "content": "可破坏"
    },
    {
      "id": "resumption",
      "content": "继续"
    },
    {
      "id": "stage_GiveUp",
      "content": "放弃"
    },
    {
      "id": "show_skillTool",
      "content": "展示技能工具栏"
    },
    {
      "id": "auto_coinToss",
      "content": "自动投掷"
    },
    {
      "id": "babayaga_alert",
      "content": "剩余{0}次机会。"
    },
    {
      "id": "battle_operation_offset",
      "content": "偏移"
    },
    {
      "id": "oneside_defense",
      "content": "单方面防御"
    },
    {
      "id": "cantIdentify",
      "content": "<color=#ff0000>[无法选定]</color>"
    },
    {
      "id": "popup_message_ego_irrevocable",
      "content": "无法取消先前回合中生成的E.G.O技能。"
    },
    {
      "id": "stock",
      "content": "持有时"
    },
    {
      "id": "stable",
      "content": "稳定"
    },
    {
      "id": "un_stable",
      "content": "失控"
    },
    {
      "id": "vibration_explosion",
      "content": "震颤引爆！"
    }
  ]
}