{
  "dataList": [
    {
      "id": "CLEAR_STAGE",
      "content": "通过任意关卡{0}次"
    },
    {
      "id": "KILL_ENEMY_ANY",
      "content": "击败{0}个敌人"
    },
    {
      "id": "KILL_ENEMY_ABNORMALITY",
      "content": "镇压{0}个异想体"
    },
    {
      "id": "SOMEONE_PARTICIPATED_IN_BATTLE",
      "content": "派遣{1}进行{0}场战斗"
    },
    {
      "id": "MIRROR_DUNGEON_TRY",
      "content": "进入镜像迷宫{0}次"
    },
    {
      "id": "MIRROR_DUNGEON_CLEAR",
      "content": "通过镜像迷宫{0}次"
    },
    {
      "id": "BATTLEPASS_LEVELUP",
      "content": "战斗通行证等级达到{0}"
    },
    {
      "id": "USE_EGO_20402",
      "content": "使用{0}次良秀的“终末火柴之光”E.G.O"
    },
    {
      "id": "USE_ANNOUNCER_2",
      "content": "让格里高尔进行播报{0}次"
    },
    {
      "id": "LOGIN_ONCE",
      "content": "每日登陆{0}次"
    },
    {
      "id": "LOGIN_MULTIPLE",
      "content": "累计登陆达到{0}天"
    },
    {
      "id": "EXPDUNGEON_CLEAR",
      "content": "通过经验副本{0}次"
    },
    {
      "id": "THREADDENGEON_CLEAR",
      "content": "通过纺锤副本{0}次"
    }
  ]
}