{
  "dataList": [
    {
      "id": "EGO_GIFT",
      "content": "E.G.O饰品"
    },
    {
      "id": "OnStageStart",
      "content": "进入关卡"
    },
    {
      "id": "IncludeSkillAttribute",
      "content": "累计罪孽属性"
    },
    {
      "id": "NotIncludeSkillAttribute",
      "content": "未累计罪孽属性"
    },
    {
      "id": "NextBattle",
      "content": "参与下场战斗"
    },
    {
      "id": "LowestMp",
      "content": "理智值最低"
    },
    {
      "id": "FAILURE",
      "content": "判定失败"
    },
    {
      "id": "SUCCESS",
      "content": "判定成功"
    }
  ]
}