{
  "dataList": [
    {
      "id": "Empty",
      "content": ""
    },
    {
      "id": "Nothing",
      "content": "<color=#ebcaa2>什么都没有发生。</color>"
    },
    {
      "id": "LevelupPersonality",
      "content": "<color=#ebcaa2>触发罪人强化事件！</color>"
    },
    {
      "id": "GetEgogift",
      "content": "<color=#ebcaa2>触发E.G.O饰品获取事件！</color>"
    },
    {
      "id": "GetCharacter",
      "content": "<color=#ebcaa2>触发罪人追加事件！</color>"
    },
    {
      "id": "LevelupPersonalityOnWinBattle",
      "content": "<color=#ebcaa2>下场战斗胜利后，将触发罪人追加事件！</color>"
    },
    {
      "id": "GetConfirmedEgogiftOnWinBattle",
      "content": "<color=#ebcaa2>下场战斗胜利后，将获得 {reward} ！</color>"
    },
    {
      "id": "StartBattle",
      "content": "<color=#ff0000>触发战斗！</color>"
    },
    {
      "id": "StartBattle_Normal",
      "content": "<color=#ff0000>触发常规战斗！</color>"
    },
    {
      "id": "StartBattle_Danger",
      "content": "<color=#ff0000>触发困难战斗！</color>"
    },
    {
      "id": "StartBattle_Abnormality",
      "content": "<color=#ff0000>触发异想体战斗！</color>"
    },
    {
      "id": "StartBattle_FloorBoss",
      "content": "<color=#ff0000>触发阶层boss战！</color>"
    },
    {
      "id": "RecoverHpOnly",
      "content": "<color=#ebcaa2>{targets}{conditions}</color> <color=#ebcaa2>恢复</color><color=#00ff9c>{amount}点体力</color>"
    },
    {
      "id": "RecoverMpOnly",
      "content": "<color=#ebcaa2>{targets}{conditions}</color> <color=#ebcaa2>恢复</color><color=#80c9ff>{amount}点理智值</color>"
    },
    {
      "id": "RecoverHpOnlyUntilMax",
      "content": "<color=#ebcaa2>{targets}{conditions}</color> <color=#ebcaa2>恢复至</color><color=#00ff9c>体力上限</color>"
    },
    {
      "id": "RecoverMpOnlyUntilMax",
      "content": "<color=#ebcaa2>{targets}{conditions}</color> <color=#ebcaa2>恢复至</color><color=#80c9ff>理智值上限</color>"
    },
    {
      "id": "LoseHpOnly",
      "content": "<color=#ebcaa2>{targets}{conditions}</color> <color=#ebcaa2>损失</color><color=#e30000>{amount}点体力！</color>"
    },
    {
      "id": "LoseMpOnly",
      "content": "<color=#ebcaa2>{targets}{conditions}</color> <color=#ebcaa2>损失</color><color=#fe4b48>{amount}点理智值！</color>"
    },
    {
      "id": "RecoverHpMpSameAmount",
      "content": "<color=#ebcaa2>{targets}{conditions}</color> <color=#ebcaa2>恢复</color><color=#00ff9c>{amount}点体力</color>及<color=#80c9ff>点理智值</color>"
    },
    {
      "id": "RecoverHpMpDifferentAmount",
      "content": "<color=#ebcaa2>{targets}{conditions}</color><color=#ebcaa2>恢复</color> <color=#00ff9c>{amount}点体力</color>及<color=#80c9ff>{amount}点理智值</color>"
    },
    {
      "id": "LoseHpMpSameAmount",
      "content": "<color=#ebcaa2>{targets}{conditions}</color> <color=#ebcaa2>损失</color><color=#e30000>{amount}点体力</color>及<color=#fe4b48>点理智值！</color>"
    },
    {
      "id": "LoseHpMpDifferentAmount",
      "content": "<color=#ebcaa2>{targets}{conditions}</color><color=#ebcaa2>损失</color><color=#e30000>{amount}点体力</color>及<color=#fe4b48>{amount}点理智值！</color>"
    },
    {
      "id": "GetConfirmedEgogift",
      "content": "<color=#ebcaa2>获得{reward}！</color>"
    },
    {
      "id": "GetBuff_OnStageStart",
      "content": "<color=#ebcaa2>进入下场战斗时，将获得{target}{conditional}{stack} {buffName}</color>"
    },
    {
      "id": "UnlockHiddenRoute",
      "content": "<color=#ebcaa2>地图中追加了新的路线！</color>"
    },
    {
      "id": "ReduceEnemyWave",
      "content": "<color=#ebcaa2>下场战斗中，敌人波次将减少{waveNum}波</color>"
    },
    {
      "id": "DestroyEgogift",
      "content": "<color=#ebcaa2>{reward}</color> <color=#e30000>失效！</color>"
    },
    {
      "id": "Choice_90103301",
      "content": "<color=#ebcaa2>本场战斗中，</color><color=#f8c200>速度+1</color>"
    },
    {
      "id": "Choice_901001",
      "content": "<color=#ebcaa2>战斗开始时，</color>未持有<color=#a0392b>暴怒罪孽属性</color>的罪人<color=#ebcaa2>将获得</color><color=#e30000>5点烧伤 </color>"
    },
    {
      "id": "Choice_901007",
      "content": "<color=#ebcaa2>回合开始时，</color></color=#ebcaa2>恢复</color><color=#00ff9c>10点体力</color>及<color=#80c9ff>10点理智值</color>"
    },
    {
      "id": "Choice_901009",
      "content": "<color=#ebcaa2>战斗开始时，</color><color=#e30000>技能威力-1</color>"
    },
    {
      "id": "Choice_901010",
      "content": "<color=#ebcaa2>战斗开始时，</color> <color=#ebcaa2>未持有</color> <color=#bb521f>色欲罪孽属性</color><color=#ebcaa2>的人格将陷入混乱</color>"
    },
    {
      "id": "Choice_901019",
      "content": "<color=#ebcaa2>战斗开始时，</color><color=#e30000>速度-2</color>"
    },
    {
      "id": "Choice_90103402",
      "content": "<color=#ebcaa2>本场战斗中，</color><color=#f8c200>速度+2</color>"
    },
    {
      "id": "Choice_1030301",
      "content": "<color=#ebcaa2>下场战斗开始时，全体友方单位</color><color=#ebcaa2>获得</color><color=#f8c200>3层强壮 </color>"
    },
    {
      "id": "Choice_1030501",
      "content": "<color=#ff0000>触发战斗！</color>\n<color=#ebcaa2>赋予</color><color=#ebcaa2>全体敌方单位</color><color=#e30000>5层虚弱 ！</color>"
    },
    {
      "id": "Choice_1031001",
      "content": "<color=#ebcaa2>所选人格在下两场战斗中，</color> <color=#ebcaa2>获得</color><color=#e30000>3层虚弱 </color><color=#ebcaa2></color>"
    },
    {
      "id": "Choice_90100201",
      "content": "<color=#ebcaa2>判定失败的罪人损失</color> <color=#e30000>25点体力</color><color=#ebcaa2>及</color><color=#fe4b48>15点理智值</color><color=#ebcaa2>！</color>"
    },
    {
      "id": "Choice_90100502",
      "content": "<color=#ebcaa2>判定失败的罪人损失</color> <color=#e30000>15点体力</color><color=#ebcaa2>及</color><color=#fe4b48>12点理智值</color><color=#ebcaa2>！</color>"
    },
    {
      "id": "Choice_90101001",
      "content": "<color=#ebcaa2>未拥有</color><color=#bb521f>色欲罪孽属性</color><color=#ebcaa2>的人格损失</color><color=#fe4b48>10点理智值</color> <color=#ebcaa2>！</color>"
    },
    {
      "id": "Choice_90101101",
      "content": "<color=#ebcaa2>判定失败的罪人损失</color><color=#fe4b48>15点理智值</color><color=#ebcaa2>！</color>"
    },
    {
      "id": "Choice_90101701",
      "content": "<color=#ebcaa2>判定成功的罪人损失</color><color=#fe4b48>10点理智值</color><color=#ebcaa2>！</color>"
    },
    {
      "id": "Choice_90101702",
      "content": "<color=#ebcaa2>判定失败的罪人损失</color><color=#fe4b48>25点理智值</color><color=#ebcaa2>！</color>"
    },
    {
      "id": "Choice_90101801",
      "content": "<color=#ebcaa2>判定失败的罪人损失</color><color=#fe4b48>12点理智值</color><color=#ebcaa2>！</color>"
    },
    {
      "id": "Choice_90101901",
      "content": "<color=#ebcaa2>判定失败的罪人损失</color><color=#fe4b48>10点理智值</color><color=#ebcaa2>！</color>"
    },
    {
      "id": "Choice_90102001",
      "content": "<color=#ebcaa2>未拥有</color><color=#61822b>暴食罪孽属性</color><color=#ebcaa2>的人格损失</color><color=#fe4b48>5点体力</color><color=#ebcaa2>！</color>"
    },
    {
      "id": "Choice_90102002",
      "content": "<color=#ebcaa2>未拥有</color><color=#61822b>暴食罪孽属性</color><color=#ebcaa2>的人格损失</color><color=#fe4b48>10点体力</color><color=#ebcaa2>！</color>"
    },
    {
      "id": "Choice_90102201",
      "content": "<color=#ebcaa2>未拥有</color><color=#306471>忧郁罪孽属性</color><color=#ebcaa2>的人格损失</color><color=#fe4b48>13点体力</color><color=#ebcaa2>！</color>"
    },
    {
      "id": "Choice_90103302",
      "content": "<color=#ebcaa2>未拥有</color><color=#7d4e94>嫉妒罪孽属性</color><color=#ebcaa2>的人格损失</color><color=#e30000>15点体力</color><color=#ebcaa2>及</color><color=#fe4b48>15点理智值</color><color=#ebcaa2>！</color>"
    },
    {
      "id": "Choice_90100101",
      "content": "<color=#ebcaa2>未拥有</color><color=#a0392b>暴怒罪孽属性</color><color=#ebcaa2>的人格损失</color><color=#fe4b48>16点体力</color><color=#ebcaa2>！</color>"
    },
    {
      "id": "Choice_901004",
      "content": "<color=#ebcaa2>拥有</color><color=#a0392b>暴怒罪孽属性</color><color=#ebcaa2>的人格恢复</color><color=#fe4b48>15点体力</color>"
    },
    {
      "id": "Choice_90100701",
      "content": "<color=#ebcaa2>拥有</color><color=#bb521f>色欲罪孽属性</color></color=#ebcaa2>的人格恢复</color><color=#80c9ff>理智值</color>"
    },
    {
      "id": "Choice_901008",
      "content": "<color=#ebcaa2>拥有</color><color=#bb521f>色欲罪孽属性</color><color=#ebcaa2>的人格恢复</color><color=#fe4b48>10点体力</color>"
    },
    {
      "id": "Choice_90100901",
      "content": "<color=#ebcaa2>未拥有</color><color=#bb521f>色欲罪孽属性</color><color=#ebcaa2>的人格损失</color><color=#fe4b48>20点理智值</color><color=#ebcaa2>！</color>"
    },
    {
      "id": "Choice_901014",
      "content": "<color=#ebcaa2>未拥有</color><color=#e48801>怠惰罪孽属性</color><color=#ebcaa2>的人格损失</color><color=#fe4b48>20点体力</color><color=#ebcaa2>！</color>"
    },
    {
      "id": "Choice_90101401",
      "content": "<color=#ebcaa2>未拥有</color><color=#e48801>怠惰罪孽属性</color><color=#ebcaa2>的人格损失</color><color=#fe4b48>15点体力</color><color=#ebcaa2>！</color>"
    },
    {
      "id": "Choice_90101601",
      "content": "<color=#ebcaa2>拥有</color><color=#61822b>暴食罪孽属性</color></color=#ebcaa2>的人格恢复</color><color=#80c9ff>理智值</color>"
    },
    {
      "id": "Choice_901018",
      "content": "<color=#ebcaa2>随机一名未拥有</color><color=#a0392b>暴怒罪孽属性</color><color=#ebcaa2>的罪人损失</color><color=#fe4b48>10点体力</color><color=#ebcaa2>！</color>"
    },
    {
      "id": "Choice_901021",
      "content": "<color=#ebcaa2>未拥有</color><color=#306471>忧郁罪孽属性</color><color=#ebcaa2>的人格损失</color><color=#fe4b48>10点体力</color><color=#ebcaa2>！</color>"
    },
    {
      "id": "Choice_901023",
      "content": "<color=#ebcaa2>未拥有</color><color=#306471>忧郁罪孽属性</color><color=#ebcaa2>的人格损失</color><color=#fe4b48>9点理智值</color><color=#ebcaa2>！</color>"
    },
    {
      "id": "Choice_90102301",
      "content": "<color=#ebcaa2>随机一名未拥有</color><color=#306471>忧郁罪孽属性</color><color=#ebcaa2>的罪人损失</color><color=#fe4b48>10点理智值</color><color=#ebcaa2>！</color>"
    },
    {
      "id": "Choice_901024",
      "content": "<color=#ebcaa2>理智值最低的拥有</color><color=#306471>忧郁罪孽属性</color></color=#ebcaa2>的罪人</color><color=#fe4b48>理智值恢复至上限</color>"
    },
    {
      "id": "Choice_901025",
      "content": "<color=#ebcaa2>未拥有</color><color=#306471>忧郁罪孽属性</color><color=#ebcaa2>的人格损失</color><color=#fe4b48>20点体力</color><color=#ebcaa2>！</color>"
    },
    {
      "id": "Choice_90102501",
      "content": "<color=#ebcaa2>拥有</color><color=#306471>忧郁罪孽属性</color><color=#ebcaa2>的人格恢复</color><color=#fe4b48>20点体力</color>"
    },
    {
      "id": "Choice_901026",
      "content": "<color=#ebcaa2>未拥有</color><color=#185188>傲慢罪孽属性</color><color=#ebcaa2>的人格损失</color><color=#fe4b48>10点体力</color><color=#ebcaa2>！</color>"
    },
    {
      "id": "Choice_90102601",
      "content": "<color=#ebcaa2>拥有</color><color=#185188>傲慢罪孽属性</color><color=#ebcaa2>的人格恢复</color><color=#fe4b48>10点体力</color>"
    },
    {
      "id": "Choice_901027",
      "content": "<color=#ebcaa2>未拥有</color><color=#185188>傲慢罪孽属性</color><color=#ebcaa2>的人格损失</color><color=#fe4b48>25点体力</color><color=#ebcaa2>！</color>"
    },
    {
      "id": "Choice_90102701",
      "content": "<color=#ebcaa2>未拥有</color><color=#185188>傲慢罪孽属性</color><color=#ebcaa2>的人格损失</color><color=#fe4b48>25点体力</color><color=#ebcaa2>！</color>"
    },
    {
      "id": "Choice_901028",
      "content": "<color=#ebcaa2>未拥有</color><color=#185188>傲慢罪孽属性</color><color=#ebcaa2>的人格损失</color><color=#fe4b48>5点体力</color><color=#ebcaa2>！</color>"
    },
    {
      "id": "Choice_90102801",
      "content": "<color=#ebcaa2>拥有</color><color=#185188>傲慢罪孽属性</color><color=#ebcaa2>的人格恢复</color><color=#fe4b48>15点体力</color>"
    },
    {
      "id": "Choice_901032",
      "content": "<color=#ebcaa2>未拥有</color><color=#7d4e94>嫉妒罪孽属性</color><color=#ebcaa2>的人格损失</color><color=#fe4b48>20点理智值</color><color=#ebcaa2>！</color>"
    },
    {
      "id": "Choice_901034",
      "content": "<color=#ebcaa2>未拥有</color><color=#7d4e94>嫉妒罪孽属性</color><color=#ebcaa2>的人格损失</color><color=#e30000>15点体力</color><color=#ebcaa2>及</color><color=#fe4b48>15点理智值</color><color=#ebcaa2>！</color>"
    },
    {
      "id": "Choice_901035",
      "content": "<color=#ebcaa2>未拥有</color><color=#7d4e94>嫉妒罪孽属性</color><color=#ebcaa2>的人格损失</color><color=#fe4b48>12点体力</color><color=#ebcaa2>！</color>"
    },
    {
      "id": "Choice_90103501",
      "content": "<color=#ebcaa2>拥有</color><color=#7d4e94>嫉妒罪孽属性</color><color=#ebcaa2>的人格恢复</color><color=#fe4b48>15点体力</color>"
    }
  ]
}