{
  "dataList": [
    {
      "id": "dungeon_1_3_0101",
      "content": "大门入口"
    },
    {
      "id": "dungeon_1_3_0102",
      "content": "地下室入口"
    },
    {
      "id": "dungeon_1_3_0103",
      "content": "机械室"
    },
    {
      "id": "dungeon_1_3_0104",
      "content": "第1大门"
    },
    {
      "id": "dungeon_1_3_0105",
      "content": "紧闭的大门"
    },
    {
      "id": "dungeon_1_3_0106",
      "content": "被遗忘的通道"
    },
    {
      "id": "dungeon_1_3_0107",
      "content": "隔离区"
    },
    {
      "id": "dungeon_1_3_0108",
      "content": "侵蚀体隔离所"
    },
    {
      "id": "dungeon_1_3_0109",
      "content": "精锐训练所"
    },
    {
      "id": "dungeon_1_3_0110",
      "content": "监牢区域"
    },
    {
      "id": "dungeon_1_3_0111",
      "content": "旧仓库"
    },
    {
      "id": "dungeon_1_3_0112",
      "content": "封锁区"
    },
    {
      "id": "dungeon_1_3_0113",
      "content": "礼拜堂"
    },
    {
      "id": "dungeon_1_3_0114",
      "content": "拷问室"
    },
    {
      "id": "dungeon_1_3_0201",
      "content": "地下教堂长廊"
    },
    {
      "id": "dungeon_1_3_0202",
      "content": "封闭的祈祷室"
    },
    {
      "id": "dungeon_1_3_0203",
      "content": "尖啸回响的房间"
    },
    {
      "id": "dungeon_1_3_0204",
      "content": "第二扇门"
    },
    {
      "id": "dungeon_1_3_0205",
      "content": "破碎之桥"
    },
    {
      "id": "dungeon_1_3_0206",
      "content": "地下教堂"
    },
    {
      "id": "dungeon_1_3_0207",
      "content": "冥想讲坛"
    },
    {
      "id": "dungeon_1_3_0208",
      "content": "教堂大门"
    },
    {
      "id": "dungeon_1_3_0209",
      "content": "眼泪祭坛"
    },
    {
      "id": "dungeon_1_3_0210",
      "content": "祭坛入口"
    },
    {
      "id": "dungeon_1_3_0211",
      "content": "圣器室"
    },
    {
      "id": "dungeon_1_3_0212",
      "content": "中央区域"
    },
    {
      "id": "dungeon_1_3_0213",
      "content": "赎罪祭坛"
    },
    {
      "id": "dungeon_1_3_0214",
      "content": "涤罪所"
    },
    {
      "id": "dungeon_1_3_0215",
      "content": "第三扇门"
    },
    {
      "id": "dungeon_1_3_0216",
      "content": "资格评判台"
    },
    {
      "id": "dungeon_1_3_0217",
      "content": "前往圣地之路"
    },
    {
      "id": "dungeon_1_3_0301",
      "content": "仪式广场"
    },
    {
      "id": "dungeon_1_3_0302",
      "content": "死尸之丘"
    }
  ]
}