{
  "dataList": [
    {
      "id": "daily_login_event_title",
      "content": "签到活动"
    },
    {
      "id": "daily_login_event_description",
      "content": "※ 以游戏内每日重置为基准（当日05:00 ~ 次日04:59 (CST)），每天都可以领取登录当天对应的奖励。\n※ 当天未领取的奖励将于次日过期，届时无法补领。因此请务必及时领取。"
    },
    {
      "id": "daily_login_event_weekly_format",
      "content": "第{0}周"
    }
  ]
}