{
  "dataList": [
    {
      "id": "dungeon_1_1_0101",
      "content": "控制部管理隔离区"
    },
    {
      "id": "dungeon_1_1_0102",
      "content": "控制部 大厅"
    },
    {
      "id": "dungeon_1_1_0103",
      "content": "第一隔离长廊"
    },
    {
      "id": "dungeon_1_1_0104",
      "content": "第二隔离长廊"
    },
    {
      "id": "dungeon_1_1_0105",
      "content": "第三隔离长廊"
    },
    {
      "id": "dungeon_1_1_0106",
      "content": "员工休息室"
    },
    {
      "id": "dungeon_1_1_0107",
      "content": "情报部\n连接通道"
    },
    {
      "id": "dungeon_1_1_0201",
      "content": "情报部\n大厅"
    },
    {
      "id": "dungeon_1_1_0202",
      "content": "员工等候室"
    },
    {
      "id": "dungeon_1_1_0203",
      "content": "第四隔离长廊"
    },
    {
      "id": "dungeon_1_1_0204",
      "content": "第五隔离长廊"
    },
    {
      "id": "dungeon_1_1_0205",
      "content": "茶水间"
    },
    {
      "id": "dungeon_1_1_0206",
      "content": "简易通道"
    },
    {
      "id": "dungeon_1_1_0207",
      "content": "重要\n异想体管理所"
    },
    {
      "id": "dungeon_1_1_0301",
      "content": "烟霾战争 中部战线"
    },
    {
      "id": "dungeon_1_1_0302",
      "content": "第23-7 防线 11:00"
    },
    {
      "id": "dungeon_1_1_0303",
      "content": "重要据点"
    },
    {
      "id": "dungeon_1_1_0304",
      "content": "第23-7 防线 13:00"
    },
    {
      "id": "dungeon_1_1_0305",
      "content": "第23-7 防线 15:36"
    }
  ]
}