{
  "dataList": [
    {
      "id": 20101,
      "name": "乌瞰刀",
      "desc": "李箱的基础E.G.O装备"
    },
    {
      "id": 20102,
      "name": "终末火柴之光",
      "desc": "李箱的专用E.G.O装备"
    },
    {
      "id": 20103,
      "name": "祈愿石",
      "desc": "李箱的专用E.G.O装备"
    },
    {
      "id": 20201,
      "name": "表象放出仪",
      "desc": "浮士德的基础E.G.O装备"
    },
    {
      "id": 20202,
      "name": "液囊",
      "desc": "浮士德的专用E.G.O装备"
    },
    {
      "id": 20203,
      "name": "诅咒钉",
      "desc": "浮士德的专用E.G.O装备"
    },
    {
      "id": 20301,
      "name": "桑丘之血",
      "desc": "堂吉诃德的基础E.G.O装备"
    },
    {
      "id": 20302,
      "name": "液囊",
      "desc": "堂吉诃德的专用E.G.O装备"
    },
    {
      "id": 20401,
      "name": "森罗炎象",
      "desc": "良秀的基础E.G.O装备"
    },
    {
      "id": 20402,
      "name": "终末火柴之光",
      "desc": "良秀的专用E.G.O装备"
    },
    {
      "id": 20501,
      "name": "他人之锁",
      "desc": "默尔索的基础E.G.O装备"
    },
    {
      "id": 20502,
      "name": "脱线一击",
      "desc": "默尔索的专用E.G.O装备"
    },
    {
      "id": 20503,
      "name": "执行",
      "desc": "默尔索的专用E.G.O装备"
    },
    {
      "id": 20601,
      "name": "太虚幻境",
      "desc": "鸿璐的基础E.G.O装备"
    },
    {
      "id": 20602,
      "name": "粉红欲望",
      "desc": "鸿璐的专用E.G.O装备"
    },
    {
      "id": 20701,
      "name": "裹尸袋",
      "desc": "希斯克利夫的基础E.G.O装备"
    },
    {
      "id": 20702,
      "name": "电线杆",
      "desc": "希斯克利夫的专用E.G.O装备"
    },
    {
      "id": 20801,
      "name": "捕鲸枪",
      "desc": "以实玛利的基础E.G.O装备"
    },
    {
      "id": 20802,
      "name": "粉红欲望",
      "desc": "以实玛利的专用E.G.O装备"
    },
    {
      "id": 20803,
      "name": "红艳煞",
      "desc": "以实玛利的专用E.G.O装备"
    },
    {
      "id": 20901,
      "name": "覆水难收",
      "desc": "罗佳的基础E.G.O装备"
    },
    {
      "id": 20902,
      "name": "终末火柴之光",
      "desc": "罗佳的专用E.G.O装备"
    },
    {
      "id": 20903,
      "name": "冰结之爪",
      "desc": "罗佳的专用E.G.O装备"
    },
    {
      "id": 21001,
      "name": "智慧的青枝",
      "desc": "辛克莱的基础E.G.O装备"
    },
    {
      "id": 21002,
      "name": "清算将至",
      "desc": "辛克莱的专用E.G.O装备"
    },
    {
      "id": 21101,
      "name": "致智慧与苦难",
      "desc": "奥提斯的基础E.G.O装备"
    },
    {
      "id": 21102,
      "name": "黑檀枝干",
      "desc": "奥提斯的专用E.G.O装备"
    },
    {
      "id": 21103,
      "name": "空即是色",
      "desc": "奥提斯的专用E.G.O装备"
    },
    {
      "id": 21201,
      "name": "那一日，突然",
      "desc": "格里高尔的基础E.G.O装备"
    },
    {
      "id": 21202,
      "name": "障眼把戏",
      "desc": "格里高尔的专用E.G.O装备"
    },
    {
      "id": 21203,
      "name": "提灯",
      "desc": "格里高尔的专用E.G.O装备"
    },
    {
      "id": 20303,
      "name": "电线杆",
      "desc": "堂吉诃德的专用E.G.O装备"
    },
    {
      "id": 20204,
      "name": "电线杆",
      "desc": "浮士德的专用E.G.O装备"
    },
    {
      "id": 20304,
      "name": "一生炖菜",
      "desc": "堂吉诃德的专用E.G.O装备"
    },
    {
      "id": 21003,
      "name": "一生炖菜",
      "desc": "辛克莱的专用E.G.O装备"
    },
    {
      "id": 20104,
      "name": "次元撕裂者",
      "desc": "李箱的专用E.G.O装备"
    },
    {
      "id": 20603,
      "name": "次元撕裂者",
      "desc": "鸿璐的专用E.G.O装备"
    }
  ]
}