{
  "dataList": [
    {
      "id": 9001,
      "name": "炼狱炎蝶之梦",
      "desc": "通过技能效果使已带有烧伤 的敌人增加烧伤 强度时，使随机敌人增加共计3级烧伤 强度。\n\n激活暴怒完全共鸣时，则在战斗开始时使随机敌人增加共计5级烧伤 强度。",
      "simpleDesc": [
        {
          "abilityID": 9001,
          "simpleDesc": "随机增加3级烧伤 强度"
        },
        {
          "abilityID": 90011,
          "simpleDesc": "随机增加5级烧伤 强度"
        }
      ]
    },
    {
      "id": 9002,
      "name": "倒错症",
      "desc": "通过技能击杀敌人时，获得1个击杀技能所对应的罪孽碎片。\n\n若该技能为暴怒技能，则改为获得击杀者所有技能对应的罪孽碎片各1个。",
      "simpleDesc": [
        {
          "abilityID": 9002,
          "simpleDesc": "获得1个技能所对应的罪孽碎片"
        },
        {
          "abilityID": 90021,
          "simpleDesc": "获得所有技能所对应的罪孽碎片各1个"
        }
      ]
    },
    {
      "id": 9003,
      "name": "尘归尘",
      "desc": "战斗开始时，若所有敌人（或所有异想体部位）都带有烧伤 ，则使所有敌人增加2级烧伤 强度。",
      "simpleDesc": [
        {
          "abilityID": 9003,
          "simpleDesc": "增加2级烧伤 强度"
        }
      ]
    },
    {
      "id": 9004,
      "name": "输血袋",
      "desc": "通过技能对敌人造成伤害时，恢复技能使用者已失去体力7.5%的体力（同一角色每回合至多触发1次）。\n\n若该技能为暴怒技能，则恢复量改为15%。",
      "simpleDesc": [
        {
          "abilityID": 9004,
          "simpleDesc": "恢复已失去体力7.5%的体力"
        },
        {
          "abilityID": 90041,
          "simpleDesc": "恢复已失去体力15%的体力"
        }
      ]
    },
    {
      "id": 9005,
      "name": "嗜伤甲虫",
      "desc": "使用暴怒技能或带有流血 效果的技能造成伤害时，使目标增加3级流血 强度。",
      "simpleDesc": [
        {
          "abilityID": 9005,
          "simpleDesc": "增加3级流血 强度"
        }
      ]
    },
    {
      "id": 9006,
      "name": "咖啡与纸鹤",
      "desc": "回合开始时，获得1个罪孽碎片，其属性为上回合未使用罪孽属性中的随机一种。\n\n若上回合使用了色欲技能，则改为获得所有上回合未使用罪孽属性的碎片各1个。",
      "simpleDesc": [
        {
          "abilityID": 9006,
          "simpleDesc": "获得1个随机罪孽碎片"
        },
        {
          "abilityID": 90061,
          "simpleDesc": "获得所有罪孽碎片各1个"
        }
      ]
    },
    {
      "id": 9007,
      "name": "黯淡的红焰蛾",
      "desc": "每回合中首次使用技能造成伤害后，在下回合开始时对1名随机敌人造成该技能伤害量50%的固定伤害。\n\n若该技能为色欲技能，则改为对2名随机敌人造成固定伤害。",
      "simpleDesc": [
        {
          "abilityID": 9007,
          "simpleDesc": "造成固定伤害"
        },
        {
          "abilityID": 90071,
          "simpleDesc": "造成固定伤害"
        }
      ]
    },
    {
      "id": 9008,
      "name": "染血铁钉",
      "desc": "使用单硬币技能造成伤害时，使目标增加1级流血 强度并对其施加1层防御等级降低 。\n\n若目标带有流血 ，则增加的流血 强度改为3级。",
      "simpleDesc": [
        {
          "abilityID": 9008,
          "simpleDesc": "增加1级流血 强度并施加1层防御等级降低 "
        },
        {
          "abilityID": 90081,
          "simpleDesc": "增加3级流血 强度并施加1层防御等级降低 "
        }
      ]
    },
    {
      "id": 9009,
      "name": "炽热的牺牲",
      "desc": "使用色欲技能或带有烧伤 效果的技能造成伤害时，使目标增加3级烧伤 强度。\n\n回合开始时，若敌方的烧伤 强度总数不低于20级，则使所有敌方的烧伤 强度翻倍。",
      "simpleDesc": [
        {
          "abilityID": 9009,
          "simpleDesc": "增加3级烧伤 强度"
        },
        {
          "abilityID": 90091,
          "simpleDesc": "烧伤 强度翻倍"
        }
      ]
    },
    {
      "id": 9010,
      "name": "血腥装置",
      "desc": "回合开始时，使1名随机友方单位获得2层伤害强化 。\n\n优先选取拥有色欲技能的友方单位，满足该条件的友方单位获得3层。",
      "simpleDesc": [
        {
          "abilityID": 9010,
          "simpleDesc": "获得2层伤害强化 ；拥有色欲技能时，额外获得1层伤害强化 。"
        }
      ]
    },
    {
      "id": 9011,
      "name": "太阳雨",
      "desc": "激活怠惰完全共鸣或使用范围技能时：\n\n在战斗开始时，使全体友方单位技能威力+2。",
      "simpleDesc": [
        {
          "abilityID": 9011,
          "simpleDesc": "技能威力+2"
        }
      ]
    },
    {
      "id": 9012,
      "name": "此刻的神色",
      "desc": "使用怠惰技能或打击技能击杀敌人时，使击杀者的打击技能威力+2，持续到下回合结束。",
      "simpleDesc": [
        {
          "abilityID": 9012,
          "simpleDesc": "打击技能威力+2"
        }
      ]
    },
    {
      "id": 9013,
      "name": "成捆的护符",
      "desc": "使用单个技能造成至少12点伤害时，使目标增加2级破裂 强度。\n\n若该技能为斩击技能，则增加的破裂 强度改为4级。",
      "simpleDesc": [
        {
          "abilityID": 9013,
          "simpleDesc": "增加2级破裂 强度"
        },
        {
          "abilityID": 90131,
          "simpleDesc": "增加4级破裂 强度"
        }
      ]
    },
    {
      "id": 9014,
      "name": "锈蚀的纪念币",
      "desc": "战斗开始时，若友方单位使用的首个单硬币技能未能击杀敌人，则会再次使用该技能。\n\n使用怠惰技能或单硬币技能击杀敌人时，使击杀者在下回合内的技能威力+1。",
      "simpleDesc": [
        {
          "abilityID": 9014,
          "simpleDesc": "再次使用技能"
        },
        {
          "abilityID": 90141,
          "simpleDesc": "技能威力+1"
        }
      ]
    },
    {
      "id": 9015,
      "name": "血与汗与泪",
      "desc": "技能对陷入混乱的敌人造成的伤害+10%。\n\n若技能为怠惰技能，则加成改为+20%",
      "simpleDesc": [
        {
          "abilityID": 9015,
          "simpleDesc": "造成的伤害+10%"
        },
        {
          "abilityID": 90151,
          "simpleDesc": "造成的伤害+20%"
        }
      ]
    },
    {
      "id": 9016,
      "name": "绿色的果实",
      "desc": "使用暴食技能对未陷入混乱的敌人造成伤害，或通过技能效果施加震颤 时，使随机敌人增加共计4级震颤 强度。",
      "simpleDesc": [
        {
          "abilityID": 9016,
          "simpleDesc": "随机增加4级震颤 强度"
        }
      ]
    },
    {
      "id": 9017,
      "name": "石版字符",
      "desc": "敌人陷入混乱时，使体力最低的友方单位恢复其体力上限5%的体力。\n\n若该友方单位拥有暴食技能，则恢复量改为10%",
      "simpleDesc": [
        {
          "abilityID": 9017,
          "simpleDesc": "恢复体力上限5%的体力"
        },
        {
          "abilityID": 90171,
          "simpleDesc": "恢复体力上限10%的体力"
        }
      ]
    },
    {
      "id": 9018,
      "name": "玫瑰王冠",
      "desc": "回合开始时，使1名随机敌人增加4级破裂 强度。\n\n激活暴食完全共鸣后，在战斗开始时使所有敌人增加2级破裂 强度。",
      "simpleDesc": [
        {
          "abilityID": 9018,
          "simpleDesc": "增加4级破裂 强度"
        },
        {
          "abilityID": 90181,
          "simpleDesc": "增加2级破裂 强度"
        }
      ]
    },
    {
      "id": 9019,
      "name": "粘性淤浆",
      "desc": "使用暴食技能或突刺技能造成伤害时，对目标施加1层防御等级降低 。",
      "simpleDesc": [
        {
          "abilityID": 9019,
          "simpleDesc": "施加1层防御等级降低 "
        }
      ]
    },
    {
      "id": 9020,
      "name": "白树棉",
      "desc": "回合开始时，解除敌人的混乱，并使其增加(8+混乱等级x4)级流血 强度 ，随后对其施加2层流血 。",
      "simpleDesc": [
        {
          "abilityID": 9020,
          "simpleDesc": "增加(8+混乱等级x4)级流血 强度并对其施加2层流血"
        }
      ]
    },
    {
      "id": 9021,
      "name": "蓝色芝宝牌打火机",
      "desc": "回合开始时，获得忧郁罪孽碎片和随机2种其他罪孽碎片各1个。",
      "simpleDesc": [
        {
          "abilityID": 9021,
          "simpleDesc": "获得忧郁罪孽碎片和随机2种其他罪孽碎片各1个"
        }
      ]
    },
    {
      "id": 9022,
      "name": "幻痛",
      "desc": "非范围技能造成的伤害+15%。\n\n激活忧郁完全共鸣后，在战斗阶段开始时使全体友方单位获得1层攻击等级提升 。",
      "simpleDesc": [
        {
          "abilityID": 9022,
          "simpleDesc": "造成的伤害+15%"
        },
        {
          "abilityID": 90221,
          "simpleDesc": "获得1层攻击等级提升 "
        }
      ]
    },
    {
      "id": 9023,
      "name": "雷霆树枝",
      "desc": "使用技能增加破裂 强度时，额外增加1级破裂 强度并施加1层破裂 。",
      "simpleDesc": [
        {
          "abilityID": 9023,
          "simpleDesc": "增加1级破裂 强度并施加1层破裂 "
        }
      ]
    },
    {
      "id": 9024,
      "name": "融化眼球",
      "desc": "敌人的震颤 被引爆时，对其施加3层防御等级降低 。",
      "simpleDesc": [
        {
          "abilityID": 9024,
          "simpleDesc": "施加3层防御等级降低 "
        }
      ]
    },
    {
      "id": 9025,
      "name": "灰色大衣",
      "desc": "使用范围技能时，其造成的伤害+20%。\n\n使用忧郁技能或范围技能时造成伤害时，恢复该友方单位伤害量20%的体力。",
      "simpleDesc": [
        {
          "abilityID": 9025,
          "simpleDesc": "造成的伤害+20%"
        },
        {
          "abilityID": 90251,
          "simpleDesc": "恢复伤害量20%的体力"
        }
      ]
    },
    {
      "id": 9026,
      "name": "刺青：大器晚成",
      "desc": "使用傲慢技能或单硬币技能时，该友方单位获得1层攻击等级提升 与防御等级提升 。",
      "simpleDesc": [
        {
          "abilityID": 9026,
          "simpleDesc": "获得1层攻击等级提升 与防御等级提升 "
        }
      ]
    },
    {
      "id": 9027,
      "name": "谷底之星",
      "desc": "使用技能造成打击伤害时，对目标造成5点理智伤害。\n\n若该技能为傲慢技能，则额外造成3点理智伤害。",
      "simpleDesc": [
        {
          "abilityID": 9027,
          "simpleDesc": "造成5点理智伤害"
        },
        {
          "abilityID": 90271,
          "simpleDesc": "额外造成3点理智伤害"
        }
      ]
    },
    {
      "id": 9028,
      "name": "偏见",
      "desc": "关卡开始时，体力最低的友方单位恢复其体力上限15%的体力。\n\n激活傲慢完全共鸣后，在战斗开始时使体力最低的友方单位恢复已损失体力10%的体力。",
      "simpleDesc": [
        {
          "abilityID": 9028,
          "simpleDesc": "恢复体力上限15%的体力"
        },
        {
          "abilityID": 90281,
          "simpleDesc": "恢复已损失体力10%的体力"
        }
      ]
    },
    {
      "id": 9029,
      "name": "又小又淘气的玩偶",
      "desc": "面对带有流血 的目标时，造成的伤害+10%，受到的伤害-20%。\n\n拥有傲慢技能的友方单位造成/受到的伤害量改为+20%/-30%。",
      "simpleDesc": [
        {
          "abilityID": 9029,
          "simpleDesc": "造成的伤害+10%，受到的伤害-20%"
        },
        {
          "abilityID": 90291,
          "simpleDesc": "造成的伤害+20%，受到的伤害-30%"
        }
      ]
    },
    {
      "id": 9030,
      "name": "收藏头骨",
      "desc": "使用傲慢技能或突刺技能击杀敌人时，使击杀者的突刺技能威力+2，持续2回合。",
      "simpleDesc": [
        {
          "abilityID": 9030,
          "simpleDesc": "突刺技能威力+2"
        }
      ]
    },
    {
      "id": 9031,
      "name": "辉光变动仪",
      "desc": "关卡开始时，对所有敌人施加4层震颤 。\n\n使用嫉妒技能造成伤害时，使目标增加2级震颤 强度。",
      "simpleDesc": [
        {
          "abilityID": 9031,
          "simpleDesc": "施加4层震颤 "
        },
        {
          "abilityID": 90311,
          "simpleDesc": "增加2级震颤 强度"
        }
      ]
    },
    {
      "id": 9032,
      "name": "梦中的电子羊",
      "desc": "使用嫉妒技能或斩击技能击杀敌人时，使击杀者的斩击技能威力+2，持续2回合。\n\n激活嫉妒完全共鸣后，在战斗开始时使全体友方单位获得1层攻击等级提升 与1层防御等级提升 。",
      "simpleDesc": [
        {
          "abilityID": 9032,
          "simpleDesc": "斩击技能威力+2"
        },
        {
          "abilityID": 90321,
          "simpleDesc": "获得1层攻击等级提升 与1层防御等级提升 "
        }
      ]
    },
    {
      "id": 9033,
      "name": "标载电池",
      "desc": "使用技能造成伤害时，使目标增加3级破裂 强度。\n\n若该技能为嫉妒技能，则额外增加2级破裂 强度。",
      "simpleDesc": [
        {
          "abilityID": 9033,
          "simpleDesc": "增加3级破裂 强度"
        },
        {
          "abilityID": 90331,
          "simpleDesc": "增加5级破裂 强度"
        }
      ]
    },
    {
      "id": 9034,
      "name": "精确逻辑电路",
      "desc": "使用嫉妒技能或拥有烧伤 效果的技能造成伤害时，使目标增加(技能硬币总数/2)级烧伤 强度（向上取整）。",
      "simpleDesc": [
        {
          "abilityID": 9034,
          "simpleDesc": "增加(技能硬币总数/2)级烧伤 强度"
        }
      ]
    },
    {
      "id": 9035,
      "name": "巫毒娃娃",
      "desc": "回合开始时，对所有敌人造成3点固定伤害。\n\n对体力低于33%的敌人施加1层虚弱 。",
      "simpleDesc": [
        {
          "abilityID": 9035,
          "simpleDesc": "造成3点固定伤害"
        },
        {
          "abilityID": 90351,
          "simpleDesc": "造成3点固定伤害并施加1层虚弱 "
        }
      ]
    },
    {
      "id": 9036,
      "name": "卡蜜拉",
      "desc": "战斗开始时，对非异想体敌人造成其体力上限20%的固定伤害。",
      "simpleDesc": [
        {
          "abilityID": 9036,
          "simpleDesc": "造成体力上限20%的固定伤害"
        }
      ]
    },
    {
      "id": 9037,
      "name": "瓶中婴孩",
      "desc": "关卡开始时，获得所有罪孽碎片各1个。",
      "simpleDesc": [
        {
          "abilityID": 9037,
          "simpleDesc": "获得所有罪孽碎片各1个"
        }
      ]
    },
    {
      "id": 9038,
      "name": "异想狩猎",
      "desc": "进入异想体战斗时，使全体友方单位获得2层伤害强化 。",
      "simpleDesc": [
        {
          "abilityID": 9038,
          "simpleDesc": "获得2层伤害强化 "
        }
      ]
    },
    {
      "id": 9039,
      "name": "归乡路途",
      "desc": "进入战斗时，全体友方单位恢复其体力上限12%的体力。",
      "simpleDesc": [
        {
          "abilityID": 9039,
          "simpleDesc": "恢复体力上限12%的体力。"
        }
      ]
    },
    {
      "id": 9040,
      "name": "明日的运势",
      "desc": "选择E.G.O饰品时，获得1个额外的选项。",
      "simpleDesc": [
        {
          "abilityID": 9040,
          "simpleDesc": "增加E.G.O饰品选项"
        }
      ]
    }
  ]
}