{
  "dataList": [
    {
      "id": 8001,
      "name": "黑檀女皇的苹果",
      "desc": "本体"
    },
    {
      "id": 800101,
      "name": "果实",
      "desc": "部位"
    },
    {
      "id": 800102,
      "name": "左侧枝干",
      "desc": "部位"
    },
    {
      "id": 800103,
      "name": "右侧枝干",
      "desc": "部位"
    },
    {
      "id": 800104,
      "name": "根部",
      "desc": "部位"
    },
    {
      "id": 90004,
      "name": "数数的混混",
      "desc": "敌方单位"
    },
    {
      "id": 90005,
      "name": "锐利的混混",
      "desc": "敌方单位"
    },
    {
      "id": 90006,
      "name": "饥不择食的混混",
      "desc": "敌方单位"
    },
    {
      "id": 90007,
      "name": "混混头领",
      "desc": "敌方单位"
    },
    {
      "id": 90008,
      "name": "暴躁的残兵",
      "desc": "敌方单位"
    },
    {
      "id": 90009,
      "name": "惊讶的残兵",
      "desc": "敌方单位"
    },
    {
      "id": 90010,
      "name": "褴褛的残兵",
      "desc": "敌方单位"
    },
    {
      "id": 90011,
      "name": "卑鄙的残兵",
      "desc": "敌方单位"
    },
    {
      "id": 90012,
      "name": "粗俗的残兵",
      "desc": "敌方单位"
    },
    {
      "id": 90013,
      "name": "锋利的残兵",
      "desc": "敌方单位"
    },
    {
      "id": 90001,
      "name": "变强的残兵",
      "desc": "敌方单位"
    },
    {
      "id": 90002,
      "name": "愈演愈烈的残兵",
      "desc": "敌方单位"
    },
    {
      "id": 90003,
      "name": "残忍的残兵",
      "desc": "敌方单位"
    },
    {
      "id": 90014,
      "name": "记忆中扭曲的士兵",
      "desc": "敌方单位"
    },
    {
      "id": 90015,
      "name": "记忆中绝望的士兵",
      "desc": "敌方单位"
    },
    {
      "id": 90016,
      "name": "记忆中被侵蚀的士兵",
      "desc": "敌方单位"
    },
    {
      "id": 91001,
      "name": "旧G公司总经理",
      "desc": "敌方头目"
    },
    {
      "id": 91002,
      "name": "记忆中溃烂的G公司总经理",
      "desc": "敌方头目"
    },
    {
      "id": 8901,
      "name": "暴食大罪",
      "desc": "本体"
    },
    {
      "id": 8005,
      "name": "暴食大罪",
      "desc": "本体"
    },
    {
      "id": 8006,
      "name": "怠惰大罪",
      "desc": "本体"
    },
    {
      "id": 8007,
      "name": "暴怒大罪",
      "desc": "本体"
    },
    {
      "id": 8002,
      "name": "终末日历",
      "desc": "本体"
    },
    {
      "id": 80022,
      "name": "终末日历",
      "desc": "本体"
    },
    {
      "id": 80023,
      "name": "终末日历",
      "desc": "本体"
    },
    {
      "id": 80024,
      "name": "终末日历",
      "desc": "本体"
    },
    {
      "id": 8003,
      "name": "终末土偶",
      "desc": "本体"
    },
    {
      "id": 8004,
      "name": "燃烧终末土偶",
      "desc": "本体"
    },
    {
      "id": 8008,
      "name": "金苹果",
      "desc": "本体"
    },
    {
      "id": 8009,
      "name": "假苹果",
      "desc": "本体"
    },
    {
      "id": 8010,
      "name": "我变强了吗？当真？",
      "desc": "本体"
    },
    {
      "id": 8011,
      "name": "变得更强了！真的？",
      "desc": "本体"
    },
    {
      "id": 8012,
      "name": "你想挨打吗？很想？",
      "desc": "本体"
    },
    {
      "id": 8013,
      "name": "魅惑的粉红鞋",
      "desc": "本体"
    },
    {
      "id": 8014,
      "name": "粉红鞋所占之人",
      "desc": "本体"
    },
    {
      "id": 8015,
      "name": "嘎吱嘎吱？来吧！",
      "desc": "本体"
    },
    {
      "id": 8016,
      "name": "忧郁大罪",
      "desc": "本体"
    },
    {
      "id": 8017,
      "name": "色欲大罪",
      "desc": "本体"
    },
    {
      "id": 8018,
      "name": "傲慢大罪",
      "desc": "本体"
    },
    {
      "id": 8019,
      "name": "长梦初醒的邻居",
      "desc": "本体"
    },
    {
      "id": 8020,
      "name": "重新站起的邻居",
      "desc": "本体"
    },
    {
      "id": 8021,
      "name": "冻结的奴隶矿工",
      "desc": "本体"
    },
    {
      "id": 8022,
      "name": "寒冷的奴隶矿工",
      "desc": "本体"
    },
    {
      "id": 8023,
      "name": "芭芭雅嘎",
      "desc": "本体"
    },
    {
      "id": 8024,
      "name": "向前逼近的异端审判官",
      "desc": "本体"
    },
    {
      "id": 8025,
      "name": "四足野兽",
      "desc": "本体"
    },
    {
      "id": 8026,
      "name": "无所不有的异端审判官",
      "desc": "本体"
    },
    {
      "id": 8027,
      "name": "爬行的异端审判官",
      "desc": "本体"
    },
    {
      "id": 8028,
      "name": "蠢蠢欲动的异端审判官",
      "desc": "本体"
    },
    {
      "id": 8029,
      "name": "克罗默",
      "desc": "本体"
    },
    {
      "id": 8030,
      "name": "试图成为原初的克罗默",
      "desc": "本体"
    },
    {
      "id": 8031,
      "name": "断首鱼",
      "desc": "本体"
    },
    {
      "id": 8032,
      "name": "巷头恶犬",
      "desc": "本体"
    },
    {
      "id": 890101,
      "name": "躯干",
      "desc": "部位"
    },
    {
      "id": 800501,
      "name": "躯干",
      "desc": "部位"
    },
    {
      "id": 800601,
      "name": "躯干",
      "desc": "部位"
    },
    {
      "id": 800701,
      "name": "躯干",
      "desc": "部位"
    },
    {
      "id": 800201,
      "name": "左侧手臂",
      "desc": "部位"
    },
    {
      "id": 800202,
      "name": "右侧手臂",
      "desc": "部位"
    },
    {
      "id": 800203,
      "name": "面部",
      "desc": "部位"
    },
    {
      "id": 800301,
      "name": "头部",
      "desc": "部位"
    },
    {
      "id": 800401,
      "name": "头部",
      "desc": "部位"
    },
    {
      "id": 800801,
      "name": "躯干",
      "desc": "部位"
    },
    {
      "id": 800901,
      "name": "头部",
      "desc": "部位"
    },
    {
      "id": 800902,
      "name": "躯干",
      "desc": "部位"
    },
    {
      "id": 800903,
      "name": "腿部",
      "desc": "部位"
    },
    {
      "id": 801001,
      "name": "躯干",
      "desc": "部位"
    },
    {
      "id": 801101,
      "name": "躯干",
      "desc": "部位"
    },
    {
      "id": 801201,
      "name": "躯干",
      "desc": "部位"
    },
    {
      "id": 801202,
      "name": "左侧手臂",
      "desc": "部位"
    },
    {
      "id": 801301,
      "name": "躯干",
      "desc": "部位"
    },
    {
      "id": 801401,
      "name": "躯干",
      "desc": "部位"
    },
    {
      "id": 801501,
      "name": "躯干",
      "desc": "部位"
    },
    {
      "id": 801502,
      "name": "左侧手臂",
      "desc": "部位"
    },
    {
      "id": 801601,
      "name": "躯干",
      "desc": "部位"
    },
    {
      "id": 801701,
      "name": "躯干",
      "desc": "部位"
    },
    {
      "id": 801801,
      "name": "躯干",
      "desc": "部位"
    },
    {
      "id": 801901,
      "name": "躯干",
      "desc": "部位"
    },
    {
      "id": 802001,
      "name": "躯干",
      "desc": "部位"
    },
    {
      "id": 802101,
      "name": "躯干",
      "desc": "部位"
    },
    {
      "id": 802201,
      "name": "躯干",
      "desc": "部位"
    },
    {
      "id": 802301,
      "name": "躯干",
      "desc": "部位"
    },
    {
      "id": 802401,
      "name": "右侧手臂",
      "desc": "部位"
    },
    {
      "id": 802402,
      "name": "躯干",
      "desc": "部位"
    },
    {
      "id": 802501,
      "name": "躯干",
      "desc": "部位"
    },
    {
      "id": 802601,
      "name": "躯干",
      "desc": "部位"
    },
    {
      "id": 802701,
      "name": "躯干",
      "desc": "部位"
    },
    {
      "id": 802801,
      "name": "躯干",
      "desc": "部位"
    },
    {
      "id": 802802,
      "name": "左侧手臂",
      "desc": "部位"
    },
    {
      "id": 802803,
      "name": "右侧手臂",
      "desc": "部位"
    },
    {
      "id": 802901,
      "name": "躯干",
      "desc": "部位"
    },
    {
      "id": 803001,
      "name": "右侧手臂",
      "desc": "部位"
    },
    {
      "id": 803002,
      "name": "左侧手臂",
      "desc": "部位"
    },
    {
      "id": 803003,
      "name": "口部",
      "desc": "部位"
    },
    {
      "id": 803004,
      "name": "躯干",
      "desc": "部位"
    },
    {
      "id": 803101,
      "name": "躯干",
      "desc": "部位"
    },
    {
      "id": 803102,
      "name": "右腿",
      "desc": "部位"
    },
    {
      "id": 803103,
      "name": "左腿",
      "desc": "部位"
    },
    {
      "id": 803104,
      "name": "尾部",
      "desc": "部位"
    },
    {
      "id": 803201,
      "name": "躯干",
      "desc": "部位"
    },
    {
      "id": 803202,
      "name": "电线杆",
      "desc": "部位"
    },
    {
      "id": 803203,
      "name": "人类",
      "desc": "部位"
    },
    {
      "id": 803204,
      "name": "头部",
      "desc": "部位"
    },
    {
      "id": 90017,
      "name": "土里土气的豆豆帮成员",
      "desc": "敌方单位"
    },
    {
      "id": 90018,
      "name": "表现欲强的豆豆帮成员",
      "desc": "敌方单位"
    },
    {
      "id": 90019,
      "name": "讨厌豆子的豆豆帮成员",
      "desc": "敌方单位"
    },
    {
      "id": 91003,
      "name": "豆豆帮帮主",
      "desc": "敌方头目"
    },
    {
      "id": 90020,
      "name": "刻薄的赌场警卫",
      "desc": "敌方单位"
    },
    {
      "id": 90021,
      "name": "自信的赌场警卫",
      "desc": "敌方单位"
    },
    {
      "id": 90022,
      "name": "下定决心的赌场警卫",
      "desc": "敌方单位"
    },
    {
      "id": 90023,
      "name": "赌场警卫队队长",
      "desc": "敌方单位"
    },
    {
      "id": 90024,
      "name": "阳光的流浪乐队成员",
      "desc": "敌方单位"
    },
    {
      "id": 90025,
      "name": "轻快的流浪乐队成员",
      "desc": "敌方单位"
    },
    {
      "id": 91004,
      "name": "艾达",
      "desc": "敌方头目"
    },
    {
      "id": 90026,
      "name": "危险的铁工会成员",
      "desc": "敌方单位"
    },
    {
      "id": 90027,
      "name": "正在热身的铁工会成员",
      "desc": "敌方单位"
    },
    {
      "id": 90028,
      "name": "沉着的K公司安检人员",
      "desc": "敌方单位"
    },
    {
      "id": 90029,
      "name": "沉默的K公司安检人员",
      "desc": "敌方单位"
    },
    {
      "id": 90030,
      "name": "正经的K公司安检人员",
      "desc": "敌方单位"
    },
    {
      "id": 90031,
      "name": "可靠的K公司安检人员",
      "desc": "敌方单位"
    },
    {
      "id": 90032,
      "name": "奉承的N公司异端审判官",
      "desc": "敌方单位"
    },
    {
      "id": 90033,
      "name": "顺从的N公司异端审判官",
      "desc": "敌方单位"
    },
    {
      "id": 90034,
      "name": "侍奉的N公司异端审判官",
      "desc": "敌方单位"
    },
    {
      "id": 90035,
      "name": "进行拷问的N公司异端审判官",
      "desc": "敌方单位"
    },
    {
      "id": 90036,
      "name": "擅长审讯的N公司异端审判官",
      "desc": "敌方单位"
    },
    {
      "id": 90037,
      "name": "享受痛苦的N公司异端审判官",
      "desc": "敌方单位"
    },
    {
      "id": 90038,
      "name": "执着的N公司异端审判官",
      "desc": "敌方单位"
    },
    {
      "id": 90039,
      "name": "极度喜悦的N公司异端审判官",
      "desc": "敌方单位"
    },
    {
      "id": 90040,
      "name": "无畏的N公司异端审判官",
      "desc": "敌方单位"
    },
    {
      "id": 91005,
      "name": "执着的圭多",
      "desc": "敌方单位"
    },
    {
      "id": 91006,
      "name": "执着的圭多",
      "desc": "敌方单位"
    },
    {
      "id": 99004,
      "name": "饥不择食的混混",
      "desc": "敌方单位"
    },
    {
      "id": 99005,
      "name": "数数的混混",
      "desc": "敌方单位"
    },
    {
      "id": 99006,
      "name": "锐利的混混",
      "desc": "敌方单位"
    },
    {
      "id": 99007,
      "name": "数数的混混",
      "desc": "敌方单位"
    },
    {
      "id": 99008,
      "name": "锐利的混混",
      "desc": "敌方单位"
    },
    {
      "id": 99009,
      "name": "饥不择食的混混",
      "desc": "敌方单位"
    },
    {
      "id": 99010,
      "name": "数数的混混",
      "desc": "敌方单位"
    },
    {
      "id": 99011,
      "name": "锐利的混混",
      "desc": "敌方单位"
    },
    {
      "id": 99012,
      "name": "数数的混混",
      "desc": "敌方单位"
    },
    {
      "id": 99013,
      "name": "锐利的混混",
      "desc": "敌方单位"
    },
    {
      "id": 99014,
      "name": "数数的混混",
      "desc": "敌方单位"
    },
    {
      "id": 99015,
      "name": "饥不择食的混混",
      "desc": "敌方单位"
    },
    {
      "id": 99016,
      "name": "数数的混混",
      "desc": "敌方单位"
    },
    {
      "id": 99017,
      "name": "饥不择食的混混",
      "desc": "敌方单位"
    },
    {
      "id": 99018,
      "name": "混混头领",
      "desc": "敌方单位"
    },
    {
      "id": 99019,
      "name": "数数的混混",
      "desc": "敌方单位"
    },
    {
      "id": 99020,
      "name": "饥不择食的混混",
      "desc": "敌方单位"
    },
    {
      "id": 99021,
      "name": "锐利的混混",
      "desc": "敌方单位"
    },
    {
      "id": 90041,
      "name": "奴隶",
      "desc": "敌方单位"
    },
    {
      "id": 8033,
      "name": "蠢蠢欲动的野兽",
      "desc": "本体"
    },
    {
      "id": 803301,
      "name": "躯干",
      "desc": "部位"
    },
    {
      "id": 803302,
      "name": "右侧手臂",
      "desc": "部位"
    },
    {
      "id": 97101,
      "name": "卑鄙的残兵",
      "desc": "敌方单位"
    },
    {
      "id": 97102,
      "name": "粗俗的残兵",
      "desc": "敌方单位"
    },
    {
      "id": 97103,
      "name": "锋利的残兵",
      "desc": "敌方单位"
    },
    {
      "id": 97104,
      "name": "变强的残兵",
      "desc": "敌方单位"
    },
    {
      "id": 97105,
      "name": "愈演愈烈的残兵",
      "desc": "敌方单位"
    },
    {
      "id": 97106,
      "name": "残忍的残兵",
      "desc": "敌方单位"
    },
    {
      "id": 97107,
      "name": "记忆中扭曲的士兵",
      "desc": "敌方单位"
    },
    {
      "id": 97108,
      "name": "记忆中绝望的士兵",
      "desc": "敌方单位"
    },
    {
      "id": 97109,
      "name": "记忆中被侵蚀的士兵",
      "desc": "敌方单位"
    },
    {
      "id": 97151,
      "name": "旧G公司总经理",
      "desc": "敌方头目"
    },
    {
      "id": 97152,
      "name": "记忆中溃烂的G公司总经理",
      "desc": "敌方头目"
    },
    {
      "id": 97201,
      "name": "刻薄的赌场警卫",
      "desc": "敌方单位"
    },
    {
      "id": 97202,
      "name": "自信的赌场警卫",
      "desc": "敌方单位"
    },
    {
      "id": 97203,
      "name": "下定决心的赌场警卫",
      "desc": "敌方单位"
    },
    {
      "id": 97204,
      "name": "阳光的流浪乐队成员",
      "desc": "敌方单位"
    },
    {
      "id": 97205,
      "name": "轻快的流浪乐队成员",
      "desc": "敌方单位"
    },
    {
      "id": 97206,
      "name": "危险的铁工会成员",
      "desc": "敌方单位"
    },
    {
      "id": 97207,
      "name": "正在热身的铁工会成员",
      "desc": "敌方单位"
    },
    {
      "id": 97251,
      "name": "赌场警卫队队长",
      "desc": "敌方单位"
    },
    {
      "id": 97252,
      "name": "艾达",
      "desc": "敌方头目"
    },
    {
      "id": 97301,
      "name": "奉承的N公司异端审判官",
      "desc": "敌方单位"
    },
    {
      "id": 97302,
      "name": "顺从的N公司异端审判官",
      "desc": "敌方单位"
    },
    {
      "id": 97303,
      "name": "侍奉的N公司异端审判官",
      "desc": "敌方单位"
    },
    {
      "id": 97304,
      "name": "进行拷问的N公司异端审判官",
      "desc": "敌方单位"
    },
    {
      "id": 97305,
      "name": "擅长审讯的N公司异端审判官",
      "desc": "敌方单位"
    },
    {
      "id": 97306,
      "name": "享受痛苦的N公司异端审判官",
      "desc": "敌方单位"
    },
    {
      "id": 97307,
      "name": "执着的N公司异端审判官",
      "desc": "敌方单位"
    },
    {
      "id": 97308,
      "name": "极度喜悦的N公司异端审判官",
      "desc": "敌方单位"
    },
    {
      "id": 97309,
      "name": "无畏的N公司异端审判官",
      "desc": "敌方单位"
    },
    {
      "id": 97351,
      "name": "执着的圭多",
      "desc": "敌方单位"
    },
    {
      "id": 8701,
      "name": "黑檀女皇的苹果",
      "desc": "本体"
    },
    {
      "id": 870101,
      "name": "果实",
      "desc": "部位"
    },
    {
      "id": 870102,
      "name": "左侧枝干",
      "desc": "部位"
    },
    {
      "id": 870103,
      "name": "右侧枝干",
      "desc": "部位"
    },
    {
      "id": 870104,
      "name": "根部",
      "desc": "部位"
    },
    {
      "id": 8702,
      "name": "断首鱼",
      "desc": "本体"
    },
    {
      "id": 870201,
      "name": "躯干",
      "desc": "部位"
    },
    {
      "id": 870202,
      "name": "右腿",
      "desc": "部位"
    },
    {
      "id": 870203,
      "name": "左腿",
      "desc": "部位"
    },
    {
      "id": 870204,
      "name": "尾部",
      "desc": "部位"
    },
    {
      "id": 8703,
      "name": "金苹果",
      "desc": "本体"
    },
    {
      "id": 870301,
      "name": "躯干",
      "desc": "部位"
    },
    {
      "id": 8704,
      "name": "假苹果",
      "desc": "本体"
    },
    {
      "id": 870401,
      "name": "头部",
      "desc": "部位"
    },
    {
      "id": 870402,
      "name": "躯干",
      "desc": "部位"
    },
    {
      "id": 870403,
      "name": "腿部",
      "desc": "部位"
    },
    {
      "id": 8705,
      "name": "巷头恶犬",
      "desc": "本体"
    },
    {
      "id": 870501,
      "name": "躯干",
      "desc": "部位"
    },
    {
      "id": 870502,
      "name": "电线杆",
      "desc": "部位"
    },
    {
      "id": 870503,
      "name": "人类",
      "desc": "部位"
    },
    {
      "id": 870504,
      "name": "头部",
      "desc": "部位"
    },
    {
      "id": 8706,
      "name": "我变强了吗？当真？",
      "desc": "本体"
    },
    {
      "id": 870601,
      "name": "躯干",
      "desc": "部位"
    },
    {
      "id": 8707,
      "name": "变得更强了！真的？",
      "desc": "本体"
    },
    {
      "id": 870701,
      "name": "躯干",
      "desc": "部位"
    },
    {
      "id": 8708,
      "name": "你想挨打吗？很想？",
      "desc": "本体"
    },
    {
      "id": 870801,
      "name": "躯干",
      "desc": "部位"
    },
    {
      "id": 870802,
      "name": "左侧手臂",
      "desc": "部位"
    },
    {
      "id": 8709,
      "name": "魅惑的粉红鞋",
      "desc": "本体"
    },
    {
      "id": 870901,
      "name": "躯干",
      "desc": "部位"
    },
    {
      "id": 8710,
      "name": "粉红鞋所占之人",
      "desc": "本体"
    },
    {
      "id": 871001,
      "name": "躯干",
      "desc": "部位"
    },
    {
      "id": 8711,
      "name": "嘎吱嘎吱？来吧！",
      "desc": "本体"
    },
    {
      "id": 871101,
      "name": "躯干",
      "desc": "部位"
    },
    {
      "id": 871102,
      "name": "左侧手臂",
      "desc": "部位"
    },
    {
      "id": 8712,
      "name": "终末日历",
      "desc": "本体"
    },
    {
      "id": 871201,
      "name": "左侧手臂",
      "desc": "部位"
    },
    {
      "id": 871202,
      "name": "右侧手臂",
      "desc": "部位"
    },
    {
      "id": 871203,
      "name": "面部",
      "desc": "部位"
    },
    {
      "id": 87122,
      "name": "终末日历",
      "desc": "本体"
    },
    {
      "id": 87123,
      "name": "终末日历",
      "desc": "本体"
    },
    {
      "id": 87124,
      "name": "终末日历",
      "desc": "本体"
    },
    {
      "id": 8713,
      "name": "终末土偶",
      "desc": "本体"
    },
    {
      "id": 871301,
      "name": "头部",
      "desc": "部位"
    },
    {
      "id": 8714,
      "name": "燃烧终末土偶",
      "desc": "本体"
    },
    {
      "id": 871401,
      "name": "头部",
      "desc": "部位"
    },
    {
      "id": 8721,
      "name": "黑檀女皇的苹果",
      "desc": "本体"
    },
    {
      "id": 872101,
      "name": "果实",
      "desc": "部位"
    },
    {
      "id": 872102,
      "name": "左侧枝干",
      "desc": "部位"
    },
    {
      "id": 872103,
      "name": "右侧枝干",
      "desc": "部位"
    },
    {
      "id": 872104,
      "name": "根部",
      "desc": "部位"
    },
    {
      "id": 8722,
      "name": "断首鱼",
      "desc": "本体"
    },
    {
      "id": 872201,
      "name": "躯干",
      "desc": "部位"
    },
    {
      "id": 872202,
      "name": "右腿",
      "desc": "部位"
    },
    {
      "id": 872203,
      "name": "左腿",
      "desc": "部位"
    },
    {
      "id": 872204,
      "name": "尾部",
      "desc": "部位"
    },
    {
      "id": 8723,
      "name": "金苹果",
      "desc": "本体"
    },
    {
      "id": 872301,
      "name": "躯干",
      "desc": "部位"
    },
    {
      "id": 8724,
      "name": "假苹果",
      "desc": "本体"
    },
    {
      "id": 872401,
      "name": "头部",
      "desc": "部位"
    },
    {
      "id": 872402,
      "name": "躯干",
      "desc": "部位"
    },
    {
      "id": 872403,
      "name": "腿部",
      "desc": "部位"
    },
    {
      "id": 8725,
      "name": "巷头恶犬",
      "desc": "本体"
    },
    {
      "id": 872501,
      "name": "躯干",
      "desc": "部位"
    },
    {
      "id": 872502,
      "name": "电线杆",
      "desc": "部位"
    },
    {
      "id": 872503,
      "name": "人类",
      "desc": "部位"
    },
    {
      "id": 872504,
      "name": "头部",
      "desc": "部位"
    },
    {
      "id": 8726,
      "name": "我变强了吗？当真？",
      "desc": "本体"
    },
    {
      "id": 872601,
      "name": "躯干",
      "desc": "部位"
    },
    {
      "id": 8727,
      "name": "变得更强了！真的？",
      "desc": "本体"
    },
    {
      "id": 872701,
      "name": "躯干",
      "desc": "部位"
    },
    {
      "id": 8728,
      "name": "你想挨打吗？很想？",
      "desc": "本体"
    },
    {
      "id": 872801,
      "name": "躯干",
      "desc": "部位"
    },
    {
      "id": 872802,
      "name": "左侧手臂",
      "desc": "部位"
    },
    {
      "id": 8729,
      "name": "魅惑的粉红鞋",
      "desc": "本体"
    },
    {
      "id": 872901,
      "name": "躯干",
      "desc": "部位"
    },
    {
      "id": 8730,
      "name": "粉红鞋所占之人",
      "desc": "本体"
    },
    {
      "id": 873001,
      "name": "躯干",
      "desc": "部位"
    },
    {
      "id": 8731,
      "name": "嘎吱嘎吱？来吧！",
      "desc": "本体"
    },
    {
      "id": 873101,
      "name": "躯干",
      "desc": "部位"
    },
    {
      "id": 873102,
      "name": "左侧手臂",
      "desc": "部位"
    },
    {
      "id": 8732,
      "name": "终末日历",
      "desc": "本体"
    },
    {
      "id": 873201,
      "name": "左侧手臂",
      "desc": "部位"
    },
    {
      "id": 873202,
      "name": "右侧手臂",
      "desc": "部位"
    },
    {
      "id": 873203,
      "name": "面部",
      "desc": "部位"
    },
    {
      "id": 87322,
      "name": "终末日历",
      "desc": "本体"
    },
    {
      "id": 87323,
      "name": "终末日历",
      "desc": "本体"
    },
    {
      "id": 87324,
      "name": "终末日历",
      "desc": "本体"
    },
    {
      "id": 8733,
      "name": "终末土偶",
      "desc": "本体"
    },
    {
      "id": 873301,
      "name": "头部",
      "desc": "部位"
    },
    {
      "id": 8734,
      "name": "燃烧终末土偶",
      "desc": "本体"
    },
    {
      "id": 873401,
      "name": "头部",
      "desc": "部位"
    },
    {
      "id": 90042,
      "name": "混乱的K公司安检人员",
      "desc": "敌方单位"
    },
    {
      "id": 90043,
      "name": "忙乱的K公司安检人员",
      "desc": "敌方单位"
    },
    {
      "id": 90044,
      "name": "窘迫的K公司安检人员",
      "desc": "敌方单位"
    },
    {
      "id": 90045,
      "name": "惊慌的K公司安检人员",
      "desc": "敌方单位"
    },
    {
      "id": 8034,
      "name": "猎头鸡 a.k.a 小凤",
      "desc": "本体"
    },
    {
      "id": 803401,
      "name": "躯干",
      "desc": "部位"
    },
    {
      "id": 8035,
      "name": "猎头鸡 a.k.a 小凤",
      "desc": "本体"
    },
    {
      "id": 803501,
      "name": "躯干",
      "desc": "部位"
    },
    {
      "id": 8036,
      "name": "猎头鸡 a.k.a 小凤",
      "desc": "本体"
    },
    {
      "id": 803601,
      "name": "躯干",
      "desc": "部位"
    },
    {
      "id": 8037,
      "name": "猎头鸡 a.k.a 小凤",
      "desc": "本体"
    },
    {
      "id": 803701,
      "name": "躯干",
      "desc": "部位"
    },
    {
      "id": 8038,
      "name": "凤老爹",
      "desc": "本体"
    },
    {
      "id": 803801,
      "name": "躯干",
      "desc": "部位"
    },
    {
      "id": 8039,
      "name": "凤老爹",
      "desc": "本体"
    },
    {
      "id": 803901,
      "name": "躯干",
      "desc": "部位"
    },
    {
      "id": 803902,
      "name": "炸鸡桶",
      "desc": "部位"
    },
    {
      "id": 8040,
      "name": "香辣凤老爹",
      "desc": "本体"
    },
    {
      "id": 804001,
      "name": "躯干",
      "desc": "部位"
    },
    {
      "id": 804002,
      "name": "炸鸡桶",
      "desc": "部位"
    }
  ]
}