{
  "dataList": [
    {
      "id": 1001,
      "name": "信徒面具",
      "desc": "全体友方单位的防御等级+5。",
      "simpleDesc": [
        {
          "abilityID": 1001,
          "simpleDesc": "防御等级+5"
        }
      ]
    },
    {
      "id": 1002,
      "name": "破旧绷带",
      "desc": "全体友方单位的体力上限+10%。",
      "simpleDesc": [
        {
          "abilityID": 1002,
          "simpleDesc": "体力上限+10%"
        }
      ]
    },
    {
      "id": 1003,
      "name": "腐烂碎片",
      "desc": "回合开始时，使体力低于50%的友方单位恢复5点体力。",
      "simpleDesc": [
        {
          "abilityID": 1003,
          "simpleDesc": "使体力低于50%的友方单位恢复5点体力"
        }
      ]
    },
    {
      "id": 1004,
      "name": "染血信徒面具",
      "desc": "全体友方单位的攻击等级+5，防御等级+5。",
      "simpleDesc": [
        {
          "abilityID": 1004,
          "simpleDesc": "攻击等级+5，防御等级+5"
        }
      ]
    },
    {
      "id": 1005,
      "name": "黑檀胸针",
      "desc": "在战斗的前3回合对所有敌人施加2层束缚 。",
      "simpleDesc": [
        {
          "abilityID": 1005,
          "simpleDesc": "施加2层束缚 "
        }
      ]
    },
    {
      "id": 1006,
      "name": "终末浮雕",
      "desc": "在战斗的第1回合使所有敌人增加1级烧伤 强度（可生效5次）。",
      "simpleDesc": [
        {
          "abilityID": 1006,
          "simpleDesc": "增加1级烧伤 强度"
        }
      ]
    },
    {
      "id": 1011,
      "name": "玩具拳头",
      "desc": "全体友方单位造成的伤害+10%。",
      "simpleDesc": [
        {
          "abilityID": 1011,
          "simpleDesc": "伤害+10%"
        }
      ]
    },
    {
      "id": 1012,
      "name": "玩具腿",
      "desc": "全体友方单位的速度值+1。",
      "simpleDesc": [
        {
          "abilityID": 1012,
          "simpleDesc": "速度值+1"
        }
      ]
    },
    {
      "id": 1013,
      "name": "玩具螺丝",
      "desc": "全体友方单位的体力上限+10%。",
      "abnormalityName": "改造人",
      "simpleDesc": [
        {
          "abilityID": 1013,
          "simpleDesc": "体力上限+10%"
        }
      ]
    },
    {
      "id": 1014,
      "name": "彩色发条",
      "desc": "回合开始时，使体力最低的友方单位获得2层守护 。",
      "simpleDesc": [
        {
          "abilityID": 1014,
          "simpleDesc": "获得2层守护 "
        }
      ]
    },
    {
      "id": 1015,
      "name": "生锈发条",
      "desc": "回合开始时，使体力最低的友方单位获得1层守护 。",
      "simpleDesc": [
        {
          "abilityID": 1015,
          "simpleDesc": "获得1层守护 "
        }
      ]
    },
    {
      "id": 1016,
      "name": "紧急手术套件",
      "desc": "友方在战斗中受到致命伤害时，其体力不会低于1。\n下回合开始时，使这名友方的体力回满，并使其获得3层手术 。\n战斗结束后，这名友方会直接死亡。\n（一次性饰品，生效后消耗）",
      "simpleDesc": [
        {
          "abilityID": 1016,
          "simpleDesc": "回满体力"
        },
        {
          "abilityID": 10161,
          "simpleDesc": "获得3层手术 "
        }
      ]
    },
    {
      "id": 1018,
      "name": "蠢蠢欲动的缎带",
      "desc": "使用色欲技能拼点胜利后，下回合开始时对目标施加1层束缚 和1层易损 。",
      "simpleDesc": [
        {
          "abilityID": 1018,
          "simpleDesc": "施加1层束缚 "
        },
        {
          "abilityID": 10181,
          "simpleDesc": "施加1层易损 "
        }
      ]
    },
    {
      "id": 1021,
      "name": "记号",
      "desc": "辛克莱向克罗默抗争的决心。刻下3个记号的话……",
      "simpleDesc": [
        {
          "abilityID": 1021,
          "simpleDesc": "辛克莱的决心"
        }
      ]
    },
    {
      "id": 1022,
      "name": "记号",
      "desc": "辛克莱向克罗默抗争的决心。刻下3个记号的话……",
      "simpleDesc": [
        {
          "abilityID": 1022,
          "simpleDesc": "辛克莱的决心"
        }
      ]
    },
    {
      "id": 1023,
      "name": "记号",
      "desc": "辛克莱向克罗默抗争的决心。刻下3个记号的话……",
      "simpleDesc": [
        {
          "abilityID": 1023,
          "simpleDesc": "辛克莱的决心"
        }
      ]
    },
    {
      "id": 1024,
      "name": "记号",
      "desc": "辛克莱向克罗默抗争的决心。刻下3个记号的话……",
      "simpleDesc": [
        {
          "abilityID": 1024,
          "simpleDesc": "辛克莱的决心"
        }
      ]
    },
    {
      "id": 1032,
      "name": "一堆火把",
      "desc": "进入关卡时，全体友方获得3层迅捷 。\n累计生效3次后消耗。",
      "simpleDesc": [
        {
          "abilityID": 1032,
          "simpleDesc": "获得3层迅捷 "
        }
      ]
    },
    {
      "id": 1033,
      "name": "破旧仓库的钥匙",
      "desc": "在特定的事件中使用。使用后消耗。",
      "simpleDesc": [
        {
          "abilityID": 1033,
          "simpleDesc": "在事件中使用"
        }
      ]
    },
    {
      "id": 1034,
      "name": "血红鬃毛",
      "desc": "回合开始时，拥有色欲技能的友方得到以下效果：\n若上回合未受到攻击，则获得2层迅捷 和2层忍耐 。\n若上回合受到了攻击，则获得2层束缚 和2层强壮 。",
      "simpleDesc": [
        {
          "abilityID": 1034,
          "simpleDesc": "获得2层迅捷 和2层忍耐 "
        },
        {
          "abilityID": 10341,
          "simpleDesc": "获得2层束缚 和2层强壮 "
        }
      ]
    },
    {
      "id": 1037,
      "name": "N公司印章",
      "desc": "在特定的事件中使用。使用后消耗。",
      "simpleDesc": [
        {
          "abilityID": 1037,
          "simpleDesc": "在事件中使用"
        }
      ]
    },
    {
      "id": 1038,
      "name": "纯粹之证",
      "desc": "进行了相应仪式的人格得到以下效果：暴怒技能的威力+2。",
      "simpleDesc": [
        {
          "abilityID": 1038,
          "simpleDesc": "暴怒技能威力+2"
        }
      ]
    },
    {
      "id": 1039,
      "name": "泪水之证",
      "desc": "进行了相应仪式的人格得到以下效果：忧郁技能的威力+2。",
      "simpleDesc": [
        {
          "abilityID": 1039,
          "simpleDesc": "忧郁技能威力+2"
        }
      ]
    },
    {
      "id": 1040,
      "name": "发光颅骨",
      "desc": "回合开始时，使上回合受到伤害高于10的友方恢复5~15点体力。",
      "simpleDesc": [
        {
          "abilityID": 1040,
          "simpleDesc": "恢复5~15点体力"
        }
      ]
    },
    {
      "id": 1041,
      "name": "流血的手",
      "desc": "回合开始时，使体力低于25%的友方获得2层强壮 。",
      "simpleDesc": [
        {
          "abilityID": 1041,
          "simpleDesc": "获得2层强壮 "
        }
      ]
    },
    {
      "id": 1042,
      "name": "窃笑的舌头",
      "desc": "拼点胜利后造成的伤害+10%。",
      "simpleDesc": [
        {
          "abilityID": 1042,
          "simpleDesc": "造成的伤害+10%"
        }
      ]
    },
    {
      "id": 1043,
      "name": "赎罪之证",
      "desc": "进行了相应仪式的人格得到以下效果：色欲技能的威力+2。",
      "simpleDesc": [
        {
          "abilityID": 1043,
          "simpleDesc": "色欲技能威力+2"
        }
      ]
    },
    {
      "id": 1044,
      "name": "仪式资格",
      "desc": "全体友方单位受到的色欲伤害-20%。",
      "simpleDesc": [
        {
          "abilityID": 1044,
          "simpleDesc": "色欲伤害-20%"
        }
      ]
    },
    {
      "id": 1046,
      "name": "绿色外皮",
      "desc": "友方单位在战斗中受到致命伤害时，使其恢复体力上限50%的体力。\n（一次性饰品，生效后消耗）",
      "simpleDesc": [
        {
          "abilityID": 1046,
          "simpleDesc": "恢复体力上限50%的体力"
        }
      ]
    },
    {
      "id": 1048,
      "name": "钢盔",
      "desc": "全体友方的守备技能威力+1。",
      "simpleDesc": [
        {
          "abilityID": 1048,
          "simpleDesc": "守备技能威力+1。"
        }
      ]
    },
    {
      "id": 1049,
      "name": "铁锤",
      "desc": "通过技能效果增加震颤 强度时，有50%的概率额外增加1级。",
      "simpleDesc": [
        {
          "abilityID": 1049,
          "simpleDesc": "额外增加1级震颤 强度"
        }
      ]
    },
    {
      "id": 1050,
      "name": "尖钉",
      "desc": "通过技能效果增加流血 强度时，有50%的概率额外增加1级。",
      "simpleDesc": [
        {
          "abilityID": 1050,
          "simpleDesc": "额外增加1级流血 强度"
        }
      ]
    },
    {
      "id": 1051,
      "name": "钉与锤的经文",
      "desc": "使用傲慢技能时，失去5点理智值，并使该技能的伤害+5%。",
      "simpleDesc": [
        {
          "abilityID": 1051,
          "simpleDesc": "傲慢技能消耗5点理智值"
        },
        {
          "abilityID": 10511,
          "simpleDesc": "傲慢技能造成的伤害+5%"
        }
      ]
    },
    {
      "id": 1052,
      "name": "热辣多汁鸡翅根",
      "desc": "通过技能效果增加烧伤 强度时，增加5层烧伤 ",
      "simpleDesc": [
        {
          "abilityID": 1052,
          "simpleDesc": ""
        }
      ]
    },
    {
      "id": 1053,
      "name": "干松紧致鸡胸肉",
      "desc": "通过技能效果增加破裂 强度时，增加5层破裂 ",
      "simpleDesc": [
        {
          "abilityID": 1053,
          "simpleDesc": ""
        }
      ]
    },
    {
      "id": 1054,
      "name": "探戈蘸酱",
      "desc": "友方单位与速度值较低的对方拼点时，拼点威力增加（速度值/2）",
      "simpleDesc": [
        {
          "abilityID": 1054,
          "simpleDesc": ""
        }
      ]
    },
    {
      "id": 1055,
      "name": "被污染的针与线",
      "desc": "每回合中首次使用技能造成伤害后使这名敌人增加（伤害量/3）的流血 强度",
      "simpleDesc": [
        {
          "abilityID": 1055,
          "simpleDesc": ""
        }
      ]
    },
    {
      "id": 1056,
      "name": "锐利的针与线",
      "desc": "每回合中首次使用技能造成伤害后对目标额外造成（伤害量/2）的固定伤害。",
      "simpleDesc": [
        {
          "abilityID": 1056,
          "simpleDesc": ""
        }
      ]
    }
  ]
}