{
  "dataList": [
    {
      "id": "1",
      "content": "标准提取"
    },
    {
      "id": "2",
      "content": "必得提取：3★人格"
    },
    {
      "id": "3",
      "content": "新晋经理的迎新提取"
    },
    {
      "id": "4",
      "content": "[第一赛季]必得提取：3★人格"
    },
    {
      "id": "101",
      "content": "定向提取：格里高尔"
    },
    {
      "id": "102",
      "content": "新人格定向提取：N公司#1"
    },
    {
      "id": "103",
      "content": "定向提取：罗佳"
    },
    {
      "id": "104",
      "content": "新人格定向提取：N公司#2"
    },
    {
      "id": "105",
      "content": "定向提取：希斯克利夫"
    },
    {
      "id": "106",
      "content": "新人格定向提取：Seven协会 6科科长 奥提斯&六协会 5科 鸿璐"
    },
    {
      "id": "107",
      "content": "定向提取：堂吉诃德"
    },
    {
      "id": "108",
      "content": "新人格定向提取：地狱鸡"
    },
    {
      "id": "109",
      "content": "定向提取：鸿璐"
    },
    {
      "id": "110",
      "content": "新人格定向提取：N公司#3"
    },
    {
      "id": "111",
      "content": "定向提取：浮士德"
    },
    {
      "id": "112",
      "content": "E.G.O定向提取：次元撕裂者 李箱&鸿璐"
    }
  ]
}