{
  "dataList": [
    {
      "id": "hells_chicken_bonus_description",
      "content": "活动期间，编队内存在下列人格与E.G.O时<color=#f8c200>[小凤玩偶]获取量提升</color>."
    },
    {
      "id": "hells_chicken_bonus_popup_title",
      "content": "活动加成对象"
    },
    {
      "id": "hells_chicken_event_panel_stage",
      "content": "快从这儿\n进入关卡！"
    },
    {
      "id": "hells_chicken_event_panel_story_title",
      "content": "重・活"
    },
    {
      "id": "hells_chicken_event_panel_story_desc",
      "content": "(重览活动剧情)"
    },
    {
      "id": "hells_chicken_doll_name",
      "content": "小凤玩偶"
    },
    {
      "id": "hells_chicken_reward_exchange_counter",
      "content": "奖券兑换处"
    },
    {
      "id": "hells_chicken_additional_effect_desc",
      "content": "将活动人格与E.G.O编入队伍\n以提升[小凤玩偶]获取量！"
    },
    {
      "id": "hells_chicken_reward_event_main_phrase",
      "content": "银凤家<color=#205925>炸鸡酒吧\n</color><color=#ebcaa2>究极跳楼价特惠活动！</color>"
    },
    {
      "id": "hells_chicken_reward_event_phrase_0",
      "content": "※银凤家从不使用K公司奇点肉！请放心食用！"
    },
    {
      "id": "hells_chicken_reward_event_phrase_1",
      "content": "这真的是我能零元购的吗？！店家疯得好啊！！！"
    },
    {
      "id": "hells_chicken_reward_event_phrase_2",
      "content": "特殊\n鸡肉奖券"
    },
    {
      "id": "hells_chicken_reward_event_description",
      "content": "您可通过清剿Hell's Chicken活动关卡、主线关卡或迷宫来获取<color=#990000>[小凤玩偶]</color>。\n\n您可以在<color=#990000>[奖券兑换处]</color>根据所持有的<color=#990000>[小凤玩偶]</color>数量兑换多样化奖励。"
    },
    {
      "id": "hells_chicken_main_event_banner_unlock_condition",
      "content": "通关主线3-22后解锁"
    },
    {
      "id": "check_rewards",
      "content": "查看奖励"
    },
    {
      "id": "earned_doll_count",
      "content": "小凤玩偶"
    },
    {
      "id": "hells_chicken_event_end_stage_text",
      "content": "活动\n结束。"
    },
    {
      "id": "hells_chicken_dungeon_select_recent",
      "content": "使用预先配置"
    },
    {
      "id": "hells_chicken_dungeon_ask_recent_personality",
      "content": "是否加载预先配置的人格与E.G.O？"
    },
    {
      "id": "hells_chicken_dungeon_no_recent_personality",
      "content": "无可用的预先配置。"
    },
    {
      "id": "hells_chicken_dungeon_desc_recent_personality",
      "content": "※您使用过的人格与E.G.O编队将被保存至预先配置，当您进入关卡时即可加载该编队。"
    },
    {
      "id": "giving_up_hells_chicken_dungeon_title",
      "content": "放弃活动迷宫"
    },
    {
      "id": "giving_up_hells_chicken_dungeon_content",
      "content": "您正在探索{0}。\n是否放弃当前进度并重新进入迷宫？"
    },
    {
      "id": "hells_chicken_dungeon_error_desc",
      "content": "服务器发生错误，您的游戏数据消失。\n若您选择放弃，则会归还入场时花费的脑啡肽模块。"
    },
    {
      "id": "only_giving_up_hells_chicken_dungeon_content",
      "content": "当前进度为{0}\n您确定要放弃吗？"
    },
    {
      "id": "hells_chicken_dungeon_stage_button_locked",
      "content": "您需要通关章节III。"
    }
  ]
}