{
  "dataList": [
    {
      "id": "introduce_word_1",
      "content": "布隆布隆"
    },
    {
      "id": "introduce_word_2",
      "content": "哐哧哐哧"
    },
    {
      "id": "introduce_word_3",
      "content": "钟表头"
    },
    {
      "id": "introduce_word_4",
      "content": "虫男"
    },
    {
      "id": "introduce_word_5",
      "content": "吵・猪・折・脖"
    },
    {
      "id": "introduce_word_6",
      "content": "洗衣"
    },
    {
      "id": "introduce_word_7",
      "content": "巴士扫除"
    },
    {
      "id": "introduce_word_8",
      "content": "正义之化身"
    },
    {
      "id": "introduce_word_9",
      "content": "扑通扑通"
    },
    {
      "id": "introduce_word_10",
      "content": "争吵"
    },
    {
      "id": "introduce_word_11",
      "content": "疑问"
    },
    {
      "id": "introduce_word_12",
      "content": "舞蹈时间"
    },
    {
      "id": "introduce_word_13",
      "content": "祈祷"
    },
    {
      "id": "introduce_word_14",
      "content": "脑啡肽"
    },
    {
      "id": "introduce_word_15",
      "content": "边狱公司"
    },
    {
      "id": "introduce_word_16",
      "content": "金枝"
    },
    {
      "id": "introduce_word_17",
      "content": "砰砰"
    },
    {
      "id": "introduce_word_18",
      "content": "右转"
    },
    {
      "id": "introduce_word_19",
      "content": "滴答滴答"
    },
    {
      "id": "introduce_word_20",
      "content": "流行"
    },
    {
      "id": "introduce_word_21",
      "content": "李箱"
    },
    {
      "id": "introduce_word_22",
      "content": "红色"
    },
    {
      "id": "introduce_word_23",
      "content": "格里高尔"
    },
    {
      "id": "introduce_word_24",
      "content": "罗佳"
    },
    {
      "id": "introduce_word_25",
      "content": "以实玛利"
    },
    {
      "id": "introduce_word_26",
      "content": "浮士德"
    },
    {
      "id": "introduce_word_27",
      "content": "堂吉诃德"
    },
    {
      "id": "introduce_word_28",
      "content": "奥提斯"
    },
    {
      "id": "introduce_word_29",
      "content": "鸿璐"
    },
    {
      "id": "introduce_word_30",
      "content": "默尔索"
    },
    {
      "id": "introduce_word_31",
      "content": "希斯克利夫"
    },
    {
      "id": "introduce_word_32",
      "content": "但丁"
    },
    {
      "id": "introduce_word_33",
      "content": "辛克莱"
    },
    {
      "id": "introduce_word_34",
      "content": "良秀"
    },
    {
      "id": "introduce_word_35",
      "content": "圣诞节"
    },
    {
      "id": "introduce_word_36",
      "content": "鸡肉串"
    },
    {
      "id": "introduce_word_37",
      "content": "小胡子"
    },
    {
      "id": "introduce_word_38",
      "content": "钉与锤"
    },
    {
      "id": "introduce_word_39",
      "content": "垃圾"
    },
    {
      "id": "introduce_word_40",
      "content": "罪人"
    },
    {
      "id": "introduce_sentence_1",
      "content": "我可以{0}吗？"
    },
    {
      "id": "introduce_sentence_2",
      "content": "您好，我是{0}。"
    },
    {
      "id": "introduce_sentence_3",
      "content": "{0}将前往4区。"
    },
    {
      "id": "introduce_sentence_4",
      "content": "我想成为像{0}那样的人。"
    },
    {
      "id": "introduce_sentence_5",
      "content": "{0}，到了之后叫醒我。"
    },
    {
      "id": "introduce_sentence_6",
      "content": "{0}不是就够了吗？"
    },
    {
      "id": "introduce_sentence_7",
      "content": "不过是毫无意义的{0}罢了。"
    },
    {
      "id": "introduce_sentence_8",
      "content": "诸如{0}之类的直接无视就好，经理先生。"
    },
    {
      "id": "introduce_sentence_9",
      "content": "我们是{0}，不是伸张正义的“英雄”。"
    },
    {
      "id": "introduce_sentence_10",
      "content": "人生总是充满{0}。"
    },
    {
      "id": "introduce_sentence_11",
      "content": "正在照常处理{0}。"
    },
    {
      "id": "introduce_sentence_12",
      "content": "诸位，请看看{0}！"
    },
    {
      "id": "introduce_sentence_13",
      "content": "我决定从今以后只专注于{0}！"
    },
    {
      "id": "introduce_sentence_14",
      "content": "如果做好了觉悟，那就试试{0}吧。"
    },
    {
      "id": "introduce_sentence_15",
      "content": "您曾经见过这些{0}吗？"
    },
    {
      "id": "introduce_sentence_16",
      "content": "每当心情郁闷时，我就会借{0}来放纵些许。"
    },
    {
      "id": "introduce_sentence_17",
      "content": "{0}并不总是正确的。"
    },
    {
      "id": "introduce_sentence_18",
      "content": "{0}是我们当下仅存的希望。"
    },
    {
      "id": "introduce_sentence_19",
      "content": "心情好的{0}，心情好的到达。"
    },
    {
      "id": "introduce_sentence_20",
      "content": "吾！为了给予弱者{0}而来！"
    },
    {
      "id": "introduce_sentence_21",
      "content": "只靠{0}还搞不定……"
    },
    {
      "id": "introduce_sentence_22",
      "content": "你那样看着我也没用的，{0}。"
    },
    {
      "id": "introduce_sentence_23",
      "content": "我们正在做这世上最没意义的{0}！"
    },
    {
      "id": "introduce_sentence_24",
      "content": "真是的……这也能称之为{0}吗，哼……"
    },
    {
      "id": "introduce_sentence_25",
      "content": "{0}是从哪个石头缝里蹦出来的？"
    },
    {
      "id": "introduce_sentence_26",
      "content": "啊，该{0}的时间到了。"
    },
    {
      "id": "introduce_sentence_27",
      "content": "吾做梦都想成为像您一样超厉害的{0}！"
    },
    {
      "id": "introduce_sentence_28",
      "content": "太慢了。数到了{0}，你们却没有回来。"
    },
    {
      "id": "introduce_sentence_29",
      "content": "我记下{0}了。"
    },
    {
      "id": "introduce_sentence_30",
      "content": "抱歉，之后给你买{0}。"
    },
    {
      "id": "introduce_sentence_31",
      "content": "吾怎能对{0}视而不见？"
    },
    {
      "id": "introduce_sentence_32",
      "content": "还记得{0}吧。"
    },
    {
      "id": "introduce_sentence_33",
      "content": "瞅我干啥啊？想被{0}吗？"
    },
    {
      "id": "introduce_sentence_34",
      "content": "呃……{0}真是一团糟。"
    },
    {
      "id": "introduce_sentence_35",
      "content": "来见我吧，{0}！"
    },
    {
      "id": "introduce_sentence_36",
      "content": "但你是我的{0}呢。"
    },
    {
      "id": "introduce_sentence_37",
      "content": "梅菲喜欢{0}。"
    },
    {
      "id": "introduce_sentence_38",
      "content": "喂！这{0}还有吗？怪好吃的。"
    },
    {
      "id": "introduce_sentence_39",
      "content": "叫我{0}吧。"
    },
    {
      "id": "introduce_sentence_40",
      "content": "请尽力而为，{0}。"
    },
    {
      "id": "introduce_word_41",
      "content": "消化"
    },
    {
      "id": "introduce_word_42",
      "content": "救援"
    },
    {
      "id": "introduce_sentence_41",
      "content": "想来点能暖暖{0}的汤吗？"
    },
    {
      "id": "introduce_sentence_42",
      "content": "向您致敬！！！！！吾恳求您在离去之前试试这{0}！！！！！"
    },
    {
      "id": "introduce_word_43",
      "content": "炸鸡"
    },
    {
      "id": "introduce_word_44",
      "content": "处理食材"
    },
    {
      "id": "introduce_sentence_43",
      "content": "{0}，进炸锅里去吧。"
    },
    {
      "id": "introduce_word_45",
      "content": "审判"
    },
    {
      "id": "introduce_sentence_45",
      "content": "吾绝不轻信{0}的话语！"
    },
    {
      "id": "introduce_word_46",
      "content": "净化"
    },
    {
      "id": "introduce_sentence_46",
      "content": "{0}应该没问题……吧？"
    },
    {
      "id": "introduce_word_47",
      "content": "记忆"
    },
    {
      "id": "introduce_sentence_47",
      "content": "至终，此为{0}。"
    },
    {
      "id": "introduce_word_48",
      "content": "世界"
    },
    {
      "id": "introduce_sentence_48",
      "content": "想要跃迁至下一个{0}的话……"
    }
  ]
}