{
  "dataList": [
    {
      "id": "이상",
      "name": "李箱",
      "description": "曾经是[已编辑]翼中最年轻的首席研究员。\n与大多数其他罪人相比，该罪人拥有更为优秀的智力。\n但对于我们所选择的经理而言，与之交流将略显困难。\n虽说如此，过于明显地回避与他的对话也会留下不稳定因素。\n该罪人偶尔会长时间沉默不语，\n那是因为他正在脑中处理一连串的问题，\n我们建议您静下心来，耐心等待。",
      "sentence": ""
    },
    {
      "id": "파우스트",
      "name": "浮士德",
      "description": "该罪人开发了边狱公司的巴士——梅菲斯托费勒斯的引擎。\n她声称在都市中，没有人能在智慧层面上与她相媲美，\n这话未必就是错的。\n也许在和经理您交谈的时候，您会发现她的态度高高在上，\n而这样的态度也许会败坏您的心情。\n由于该罪人举止傲慢，仿佛不在乎任何人，\n让她有所改善可能性几乎为零。\n我们建议您只要应付一下，点点头就行。\n虽然她才智异禀，但我们尚不清楚清楚如何利用她的才能。\n说不定，经理您能找到方法？",
      "sentence": ""
    },
    {
      "id": "돈키호테",
      "name": "堂吉诃德",
      "description": "如果只以热情作为评判罪人资质的标准，该罪人一定是最高分。\n身为收尾人的忠实粉丝，\n她热衷于收集各式收尾人相关物件，并将其装饰在全身上下。\n介于该行为对战斗并无明显影响，因此无需对其爱好加以限制。\n由于该罪人对自身是正义的收尾人\n（这种东西真的存在过吗？）一事深信不疑，\n并且会做出仿佛演员一般夸张的举止。\n为了顺利完成任务，建议配合她的节奏行动。",
      "sentence": ""
    },
    {
      "id": "료슈",
      "name": "良秀",
      "description": "虽说每个罪人每个罪人都有其独特的信条，\n而尊重这些信条是经理应尽的义务。\n但……某些信条实在是令人费解。\n虽然该罪人平日里只是在一边默默抽着烟，\n唯有战斗时，她的眼中才会迸发出愉悦的神采。\n她认为只是在战斗中无谋地打碎对方的脑袋，\n是粗俗的行为，更是对艺术的亵渎。\n[警告]-由于该罪人有着我司也难以应对的背景，\n请尽量不要和她结下私仇。",
      "sentence": ""
    },
    {
      "id": "뫼르소",
      "name": "默尔索",
      "description": "倾向于明确且简短，即无须个人判断的命令。",
      "sentence": ""
    },
    {
      "id": "홍루",
      "name": "鸿璐",
      "description": "该罪人在成为我司的资产前过着富足的生活。\n因此，虽然他虽对自由生活有所向往，\n但偶尔也会因见到其他罪人制作的食物而显露出对下等文化的无知，\n并提出冒犯性的问题，从而触碰其他罪人雷区。\n不过，由于其提问并非出于讽刺，而仅仅是好奇使然，\n让罪人们为此大动干戈并非合适的解决方法。",
      "sentence": ""
    },
    {
      "id": "히스클리프",
      "name": "希斯克利夫",
      "description": "该罪人比起理论思考更偏爱实际行动。\n由于他丝毫不去掩饰自己的想法和感情，\n而是全部通过表情与话语加以表达，\n经理在与其建立联系的过程中可能会引发头痛\n（或是受到物理意义上会引发头痛的外伤……）\n希望您谨记在该罪人的思维模式中并不存在深入思考这一项。\n以防万一，如果出现长时间无法平息其愤怒的情况，请您联系人事部。\n正因为该罪人的思维模式愚钝且单纯，\n一旦您掌握其性格，处理起来就会变得十分简单。",
      "sentence": ""
    },
    {
      "id": "이스마엘",
      "name": "以实玛利",
      "description": "身为经理，您在见到这些缺点众多的的罪人时，心中难免会感到无力。\n但请您放心，该罪人是少数能毫无怨言地执行大多命令的罪人之一。\n由于该罪人能作出合理的判断，所以当您想要寻求建议时，\n一边看向她的方向一边抛出话题将会十分有效。\n但也不能忘记，该罪人曾经历过的，在广袤无垠的海面上的那次远航。\n她是那时候唯一的幸存者，因此会拥有较强的忍耐力，\n可一旦用错误的态度对待她，想再度取回其信任将变得十分困难。",
      "sentence": ""
    },
    {
      "id": "로쟈",
      "name": "罗佳",
      "description": "该罪人明显展现出后巷出身所特有的缺陷。\n她拜金且嗜赌，建议经理对其密切关注。\n她很擅长用笑话或眨眼睛来应付您的指示，\n建议时常向其展现经理的威严。\n该罪人会可能不定期地情绪低落，\n在经理的立场上并不能为其提供帮助，因此静静等候才最有效率。",
      "sentence": ""
    },
    {
      "id": "싱클레어",
      "name": "辛克莱",
      "description": "考虑到该罪人所处成长时期的不稳定性，\n当您向他搭话时，他也许会十分惊讶或是愁眉苦脸。\n由于其尚且不习惯战斗，也许一开始连直视内脏都要费一番功夫。\n介于罪人中不乏具有暴力倾向的人，\n比起惩罚，更建议经理以柔和的态度对待他。\n该罪人虽会在不自觉的情况下释放杀气，\n我司认为这证明其拥有从事本职业的潜能，\n我们判断给予他适当的刺激能够更好的促进其成长。",
      "sentence": ""
    },
    {
      "id": "오티스",
      "name": "奥提斯",
      "description": "根据经理的能力，该罪人也许能成为优秀的顾问。\n但考虑到其多管闲事的性格，建议您适当附和即可。\n由于她精通包括战术在内的各种技术知识，\n为了提高效率，您可以时常向其寻求建议。\n加上该罪人拥有一定的工坊技术，\n您也可以委任她对巴士进行简单的维护。\n[注意]-与其他罪人不同，该罪人的过往经历被禁止阅览。\n[注意]-请密切关注该罪人，使其不在任务之外另起心思。",
      "sentence": ""
    },
    {
      "id": "그레고르",
      "name": "格里高尔",
      "description": "与其他罪人相比，该罪人的性格无可非议。\n然而，随着情绪激动或是环境急速变化，\n其身体部位可能会变化成类似昆虫的形态。\n（尤其像是某种鞘翅目昆虫，类似于■■■■。）\n如果您不想成为一名粗俗的经理，\n那请您尽量面不改色地对待他的变化，尤其不要对其表现出厌恶感。\n虽然该罪人偶尔会说些愤世嫉俗的话，但只要掌握技巧就能与其顺利沟通。\n与他相处并非难事。",
      "sentence": ""
    }
  ]
}