{
  "dataList": [
    {
      "id": 1,
      "name": "付费狂气",
      "desc": "具象为蔷薇形态的结晶。能够用于提取或是购买脑啡肽盒子。",
      "flavor": "似乎总是朝向某处的蔷薇般的结晶。据说这种花与人类相似，能够在某条河水的滋养下生长绽开。"
    },
    {
      "id": 2,
      "name": "免费狂气",
      "desc": "具象为蔷薇形态的结晶。能够用于提取或是购买脑啡肽盒子。",
      "flavor": "似乎总是朝向某处的蔷薇般的结晶。据说这种花与人类相似，能够在某条河水的滋养下生长绽开。"
    },
    {
      "id": 3,
      "name": "狂气",
      "desc": "具象为蔷薇形态的结晶。能够用于提取或是购买脑啡肽盒子。",
      "flavor": "人正因心怀狂气，才有前进的动力。"
    },
    {
      "id": 11,
      "name": "脑啡肽模块",
      "desc": "能够用于进入副本。",
      "flavor": "由特殊密封材料制成的球型模块。\n[介绍]相比于以往的气态脑啡肽，一定剂量的液态脑啡肽能更加稳定地发挥作用。\n将模组与特定的插座结合，便能把脑啡肽转化为能源。\n[注意]脑啡肽模块化是一种单向不可逆过程，模组仅可通过插座消耗\n严禁在预期用途外使用或改造。"
    },
    {
      "id": 101,
      "name": "提取券",
      "desc": "能够用于1次提取。",
      "flavor": "由梅菲斯托费勒斯号提取能量的源头：狂气所编制的一种消耗品。\n一眼看上去虽然像张薄薄的纸，但仿佛有某物正在其中搏动。"
    },
    {
      "id": 102,
      "name": "十连提取券",
      "desc": "能够用于10次提取。",
      "flavor": "由梅菲斯托费勒斯号提取能量的源头：狂气所编制的一种消耗品。\n一眼看上去虽然像张薄薄的纸，但仿佛有某物正在其中搏动。"
    },
    {
      "id": 103,
      "name": "3★人格必得十连提取券",
      "desc": "能够用于10次提取，并确保至少出现一个3★人格",
      "flavor": "印有某种标记的特殊提取券。其能以十分的把握提取出仅存于罕见世界中的人格。纸片正激烈摇曳着、搏动着。"
    },
    {
      "id": 104,
      "name": "[第一赛季]3★人格必得十连提取券",
      "desc": "能够用于10次提取，并确保至少出现一个[第一赛季]的3★人格",
      "flavor": "印有某种标记的特殊提取券。其能以十分的把握提取出仅存于罕见世界中的人格。纸片正激烈摇曳着、搏动着。"
    },
    {
      "id": 201,
      "name": "纺锤",
      "desc": "能够用于人格同步与E.G.O异想解析。",
      "flavor": "纺锤是为将所有可能性如丝线般纺织在一起的物品。\n我司将其活用于多个方面，例如人格同步或异想解析。"
    },
    {
      "id": 211,
      "name": "人格训练券I",
      "desc": "使用后给予50点人格经验值。",
      "flavor": "寄宿着曾经历的、正经历的和将来或许会经历的事情的训练券。\n“那些未曾经历的事情，将深刻烙印于我的脑海中。”"
    },
    {
      "id": 212,
      "name": "人格训练券II",
      "desc": "使用后给予200点人格经验值。",
      "flavor": "寄宿着曾经历的、正经历的和将来或许会经历的事情的训练券。\n“嗯~ 我明明从没去过都市南部，但为什么会有种亲切感呢……”"
    },
    {
      "id": 213,
      "name": "人格训练券III",
      "desc": "使用后给予1000点人格经验值。",
      "flavor": "寄宿着曾经历的、正经历的和将来或许会经历的事情的训练券。\n“……如果以前就有这么方便的东西，那我或许能更轻松地走出那段犹如地狱般的回忆吧。”"
    },
    {
      "id": 221,
      "name": "人格等级直升券I",
      "desc": "使用后能够使人格等级直接升至10级。",
      "flavor": "突破限制，能产生过量经验的训练券。\n“唔哦！吾之身躯比以往更能伸张正义！”"
    },
    {
      "id": 222,
      "name": "人格等级直升券II",
      "desc": "使用后能够使人格等级直接升至20级。",
      "flavor": "突破限制，能产生过量经验的训练券。\n“心里……莫名冷静下来了。有种能……完成曾经做不到的事的感觉。”"
    },
    {
      "id": 223,
      "name": "人格等级直升券III",
      "desc": "使用后能够使人格等级直接升至30级。",
      "flavor": "突破限制，能产生过量经验的训练券。\n“这玩意儿要是在战争时就能入手，那肯定会出大问题。试想，如果能在数秒之间培养出久经沙场的老兵……”"
    },
    {
      "id": 301,
      "name": "脑啡肽盒子",
      "desc": "使用后能够恢复60点脑啡肽。",
      "flavor": "可以稳定保存液态脑啡肽的容器。\n[注意]未遵照规定顺序操作本容器，将有可能导致脑啡肽泄露等事故发生。\n不当吸入脑啡肽可能会引发多项尚未验证的精神疾病。"
    },
    {
      "id": 401,
      "name": "纺锤箱",
      "desc": "打开后能够获得1-3个纺锤。",
      "flavor": "束缚住可能性的箱子。\n没有人知道其中能汲取出多少种可能性。"
    },
    {
      "id": 1101,
      "name": "[第1赛季]自我碎片箱",
      "desc": "打开后能够获得1-3个随机罪人的自我碎片。",
      "flavor": "罪人的自我碎片被随机采集并封存于箱子中。没人知道其中装着谁的碎片。\n将它拿到安静的地方，似乎还能隐约听见喃喃的细语声。"
    },
    {
      "id": 1201,
      "name": "[第1赛季]自我碎片自选箱",
      "desc": "打开后能够获得1-3个指定罪人的自我碎片。",
      "flavor": "能获得任一罪人自我碎片的箱子。\n据浮士德所述，其结果会根据经理开箱时的选择而定。"
    },
    {
      "id": 10101,
      "name": "[第1赛季]自我碎片-李箱",
      "desc": "能够在自动贩卖机中购买李箱的人格和E.G.O，或兑换成纺锤。",
      "flavor": "将罪人们的“某一刻”具象化的碎片。其腾空漂浮。\n若不抓住那股可能性，它们最终只会随风而逝。"
    },
    {
      "id": 10201,
      "name": "[第1赛季]自我碎片-浮士德",
      "desc": "能够在自动贩卖机中购买浮士德的人格和E.G.O，或兑换成纺锤。",
      "flavor": "将罪人们的“某一刻”具象化的碎片。其腾空漂浮。\n若不抓住那股可能性，它们最终只会随风而逝。"
    },
    {
      "id": 10301,
      "name": "[第1赛季]自我碎片-堂吉诃德",
      "desc": "能够在自动贩卖机中购买堂吉诃德的人格和E.G.O，或兑换成纺锤。",
      "flavor": "将罪人们的“某一刻”具象化的碎片。其腾空漂浮。\n若不抓住那股可能性，它们最终只会随风而逝。"
    },
    {
      "id": 10401,
      "name": "[第1赛季]自我碎片-良秀",
      "desc": "能够在自动贩卖机中购买良秀的人格和E.G.O，或兑换成纺锤。",
      "flavor": "将罪人们的“某一刻”具象化的碎片。其腾空漂浮。\n若不抓住那股可能性，它们最终只会随风而逝。"
    },
    {
      "id": 10501,
      "name": "[第1赛季]自我碎片-默尔索",
      "desc": "能够在自动贩卖机中购买默尔索的人格和E.G.O，或兑换成纺锤。",
      "flavor": "将罪人们的“某一刻”具象化的碎片。其腾空漂浮。\n若不抓住那股可能性，它们最终只会随风而逝。"
    },
    {
      "id": 10601,
      "name": "[第1赛季]自我碎片-鸿璐",
      "desc": "能够在自动贩卖机中购买鸿璐的人格和E.G.O，或兑换成纺锤。",
      "flavor": "将罪人们的“某一刻”具象化的碎片。其腾空漂浮。\n若不抓住那股可能性，它们最终只会随风而逝。"
    },
    {
      "id": 10701,
      "name": "[第1赛季]自我碎片-希斯克利夫",
      "desc": "能够在自动贩卖机中购买希斯克利夫的人格和E.G.O，或兑换成纺锤。",
      "flavor": "将罪人们的“某一刻”具象化的碎片。其腾空漂浮。\n若不抓住那股可能性，它们最终只会随风而逝。"
    },
    {
      "id": 10801,
      "name": "[第1赛季]自我碎片-以实玛利",
      "desc": "能够在自动贩卖机中购买以实玛利的人格和E.G.O，或兑换成纺锤。",
      "flavor": "将罪人们的“某一刻”具象化的碎片。其腾空漂浮。\n若不抓住那股可能性，它们最终只会随风而逝。"
    },
    {
      "id": 10901,
      "name": "[第1赛季]自我碎片-罗佳",
      "desc": "能够在自动贩卖机中购买罗佳的人格和E.G.O，或兑换成纺锤。",
      "flavor": "将罪人们的“某一刻”具象化的碎片。其腾空漂浮。\n若不抓住那股可能性，它们最终只会随风而逝。"
    },
    {
      "id": 11001,
      "name": "[第1赛季]自我碎片-辛克莱",
      "desc": "能够在自动贩卖机中购买辛克莱的人格和E.G.O，或兑换成纺锤。",
      "flavor": "将罪人们的“某一刻”具象化的碎片。其腾空漂浮。\n若不抓住那股可能性，它们最终只会随风而逝。"
    },
    {
      "id": 11101,
      "name": "[第1赛季]自我碎片-奥提斯",
      "desc": "能够在自动贩卖机中购买奥提斯的人格和E.G.O，或兑换成纺锤。",
      "flavor": "将罪人们的“某一刻”具象化的碎片。其腾空漂浮。\n若不抓住那股可能性，它们最终只会随风而逝。"
    },
    {
      "id": 11201,
      "name": "[第1赛季]自我碎片-格里高尔",
      "desc": "能够在自动贩卖机中购买格里高尔的人格和E.G.O，或兑换成纺锤。",
      "flavor": "将罪人们的“某一刻”具象化的碎片。其腾空漂浮。\n若不抓住那股可能性，它们最终只会随风而逝。"
    },
    {
      "id": 10001,
      "name": "[第1赛季]自我碎片-选择的罪人",
      "desc": "道具获取概率详情(请只翻译name）",
      "flavor": ""
    }
  ]
}