{
  "dataList": [
    {
      "id": 1,
      "name": "狂气",
      "desc": "包含140狂气。"
    },
    {
      "id": 2,
      "name": "一捆狂气",
      "desc": "包含588狂气。"
    },
    {
      "id": 3,
      "name": "一束狂气",
      "desc": "包含2028狂气。"
    },
    {
      "id": 4,
      "name": "一箱狂气",
      "desc": "包含4294狂气。"
    },
    {
      "id": 5,
      "name": "一大袋狂气",
      "desc": "包含8206狂气。"
    },
    {
      "id": 6,
      "name": "一仓库狂气",
      "desc": "包含16672狂气。"
    },
    {
      "id": 11,
      "name": "狂气",
      "desc": "包含70狂气。"
    },
    {
      "id": 12,
      "name": "一捆狂气",
      "desc": "包含294狂气。\n您还会额外获得31免费狂气。"
    },
    {
      "id": 13,
      "name": "一束狂气",
      "desc": "包含1014狂气。\n您还会额外获得156免费狂气。"
    },
    {
      "id": 14,
      "name": "一箱狂气",
      "desc": "包含2147狂气。\n您还会额外获得323免费狂气。"
    },
    {
      "id": 15,
      "name": "一大袋狂气",
      "desc": "包含4103狂气。\n您还会额外获得642免费狂气。"
    },
    {
      "id": 16,
      "name": "一仓库狂气",
      "desc": "包含8336狂气。\n您还会额外获得1349免费狂气。"
    },
    {
      "id": 21,
      "name": "月度狂气补给",
      "desc": "购买后立刻获得650狂气。\n之后的30天内每天登陆时都可以领取65免费狂气。"
    },
    {
      "id": 22,
      "name": "月度狂气礼包",
      "desc": "购买后立刻获得130狂气。\n之后的30天内每天登陆时都可以领取39免费狂气。"
    },
    {
      "id": 101,
      "name": "每月提取组合包",
      "desc": "包含以下物品的每月组合包：\n\n· 狂气 x650\n· 十连提取券 x1"
    },
    {
      "id": 102,
      "name": "每月训练组合包",
      "desc": "包含以下物品的每月组合包：\n\n· 狂气 x1690\n· 十连提取券 x2\n· 人格等级直升券II x1\n· 人格等级直升券I x2\n· 人格训练券III x10\n· 人格训练券II x30"
    },
    {
      "id": 103,
      "name": "每月纺锤组合包",
      "desc": "包含以下物品的每月组合包：\n\n· 狂气 x1690\n· 十连提取券 x2\n· 纺锤 x120"
    },
    {
      "id": 111,
      "name": "新晋经理组合包",
      "desc": "提供给新晋经理的一次性组合包。内含以下物品：\n\n· 3★必得十连提取券x1\n· 十连提取券x1"
    },
    {
      "id": 121,
      "name": "第1赛季限定补给包",
      "desc": "仅在第1赛季期间可以购买。内含以下物品：\n\n· 狂气 x5040\n· 十连提取券 x3\n· 人格等级直升券III x1\n· 人格训练券II x40\n· 纺锤 x80\n· 第1赛季自我碎片自选箱 x40"
    },
    {
      "id": 131,
      "name": "每周提取组合包",
      "desc": "包含以下物品的每周组合包：\n\n· 狂气 x273\n· 提取券 x5"
    },
    {
      "id": 133,
      "name": "每周纺锤组合包",
      "desc": "包含以下物品的每周组合包：\n\n· 纺锤 x75"
    },
    {
      "id": 134,
      "name": "每周脑啡肽组合包",
      "desc": "包含以下物品的每周组合包：\n\n· 脑啡肽盒子 x20"
    },
    {
      "id": 999,
      "name": "边狱通行证",
      "desc": "将战斗通行证升级为边狱通行证。\n\n※ 仅对当前赛季生效。"
    }
  ]
}