{
  "dataList": [
    {
      "id": "loginui_sign_in_with_google",
      "content": "Google登录"
    },
    {
      "id": "loginui_sign_in_with_apple",
      "content": "Apple登录"
    },
    {
      "id": "loginui_sign_in_with_steam",
      "content": "Steam登录"
    },
    {
      "id": "loginui_sign_in_with_guest",
      "content": "游客登录"
    },
    {
      "id": "loginui_sign_out_current_account",
      "content": "登出"
    },
    {
      "id": "loginui_sign_out_current_account_desc",
      "content": "登出现有的账户吗？\n如果正以游客身份登录，账户数据可能会丢失。"
    },
    {
      "id": "loginui_sign_out_switch_account_desc",
      "content": "登出现有的账户\n并登录选择的账户吗？\n如果正以游客身份登录，账户数据可能会丢失。"
    },
    {
      "id": "switch_account",
      "content": "切换账号"
    },
    {
      "id": "user_agreements",
      "content": "服务条款"
    },
    {
      "id": "title_game_data_download",
      "content": "下载游戏数据"
    },
    {
      "id": "content_game_data_download",
      "content": "正在下载{0}的数据。"
    },
    {
      "id": "content_game_data_download_description",
      "content": "当设备空间不足时，将会返回标题界面。"
    },
    {
      "id": "content_game_data_download_recommend",
      "content": "推荐在Wi-Fi环境下进行下载。"
    },
    {
      "id": "switch_allcacheclear",
      "content": "清除所有缓存"
    },
    {
      "id": "switch_oldcacheclear",
      "content": "清除旧缓存"
    },
    {
      "id": "networkingerror_content",
      "content": "网络连接不稳定。\n请检查您的网络连接。"
    },
    {
      "id": "networkingerror_close",
      "content": "关闭"
    },
    {
      "id": "networkingerror_retry",
      "content": "重试"
    },
    {
      "id": "loginui_ok",
      "content": "确认"
    },
    {
      "id": "login_cancel",
      "content": "取消"
    },
    {
      "id": "loginui_loading_battlehint",
      "content": "战斗小贴士"
    },
    {
      "id": "servererror_content",
      "content": "服务器发生错误。\n请稍后再试。"
    },
    {
      "id": "forcequit_content",
      "content": "游戏无法运行。\n即将关闭游戏。"
    },
    {
      "id": "serverstate_openpreparation",
      "content": "巴士仍在准备中！"
    },
    {
      "id": "serverstate_regularcheck",
      "content": "服务器正在例行维护。"
    },
    {
      "id": "serverstate_temporary_check",
      "content": "服务器正在进行临时维护。"
    },
    {
      "id": "serverstate_verify_invaliduser",
      "content": "账户不存在或已被停用。"
    },
    {
      "id": "serverstate_verify_ban",
      "content": "账户被封禁。"
    },
    {
      "id": "serverstate_verify_invalidauth",
      "content": "发生错误。\n请重新登录。"
    },
    {
      "id": "guestlogin_failed_try_newguest",
      "content": "没有检测到游客账户。\n要建立新账户吗？"
    },
    {
      "id": "secession_remain_days",
      "content": "该账号将在倒计时结束后停用。\n剩余时间：{0}天{1}小时{2}分\n\n可以通过进行登录来恢复账号。\n要恢复账号吗？"
    },
    {
      "id": "secession_canceled",
      "content": "账号恢复成功。"
    },
    {
      "id": "serverstate_verify_invalidclientversion",
      "content": "需要下载新版游戏客户端。"
    },
    {
      "id": "create_guest",
      "content": "创建游客账户"
    },
    {
      "id": "ask_to_remove_all_cache",
      "content": "要清除所有缓存吗？"
    },
    {
      "id": "networkingerror_update",
      "content": "跳转至商店页面"
    }
  ]
}