{
  "dataList": [
    {
      "id": "OnWinDuelAsParryingCountMultiplyAndPlusPercent",
      "add": "더미더미더미입니다!!!!!!합횟수*{0} + 합횟수*{1}% 증가",
      "min": "더미더미더미입니다!!!!!!합횟수*{0} + 합횟수*{1}% 감소"
    },
    {
      "id": "OnKillEnemyAsLevelRatioMultiply",
      "add": "더미더미더미입니다!!!!!!적 처치 시 적 레벨 비례 값 * {0} 증가",
      "min": "더미더미더미입니다!!!!!!적 처치 시 적 레벨 비례 값 * {0} 감소"
    },
    {
      "id": "OnKillEnemyByOtherAllyAsLevelRatioMultiply",
      "add": "더미더미더미입니다!!!!!!아군이 적 처치 시 적 레벨 비례 값 * {0} 증가",
      "min": "더미더미더미입니다!!!!!!아군이 적 처치 시 적 레벨 비례 값 * {0} 감소"
    },
    {
      "id": "OnDieAllyAsLevelRatio",
      "add": "더미더미더미입니다!!!!!!아군 사망 시 레벨 비례 * {0} 증가",
      "min": "더미더미더미입니다!!!!!!아군 사망 시 레벨 비례 * {0} 감소"
    }
  ]
}