{
  "dataList": [
    {
      "id": "mirrordungeonui_level_up",
      "content": "选择进行升级的人格"
    },
    {
      "id": "mirrordungeonui_ask_level_up",
      "content": "要升级选中的人格吗？"
    },
    {
      "id": "mirrordungeonui_warning_stop_dungeon",
      "content": "※ 终止探索时，将根据当前探索进度结算奖励。"
    },
    {
      "id": "mirrordungeonui_current_reward",
      "content": "当前奖励"
    },
    {
      "id": "mirrordungeonui_acquire_new_character",
      "content": "已获得人格"
    },
    {
      "id": "mirrordungeonui_level_up_complete",
      "content": "人格升级完毕"
    },
    {
      "id": "mirrordungeonui_continue",
      "content": "要继续探索吗？"
    },
    {
      "id": "mirrordungeonui_select_character",
      "content": "选择罪人"
    },
    {
      "id": "mirrordungeonui_able_to_equip",
      "content": "可装备"
    },
    {
      "id": "mirrordungeon_success_to_levelup",
      "content": "人格已强化！"
    },
    {
      "id": "mirrordungeon_additional_exp",
      "content": "额外通行证经验"
    },
    {
      "id": "mirrordungeon_already_in_member",
      "content": "在队伍中"
    },
    {
      "id": "mirrordungeon_select_start_character",
      "content": "进入镜像世界"
    },
    {
      "id": "mirrordungeon_acquire_ego_gift_popup",
      "content": "获得E.G.O饰品！"
    },
    {
      "id": "mirrordungeon_additional_exp_weekly",
      "content": "周常通行证经验加成"
    },
    {
      "id": "mirrordungeon_daily_free",
      "content": "每日免费进入"
    },
    {
      "id": "mirrordungeon_entrance_quit_former_simulation",
      "content": "要终止正在进行的模拟吗？"
    },
    {
      "id": "mirrordungeon_progress_rate_simulation",
      "content": "{0} 模拟进度"
    },
    {
      "id": "mirrordungeon_resume_simulation",
      "content": "继续模拟"
    },
    {
      "id": "mirrordungeon_stop_simulation",
      "content": "终止模拟"
    },
    {
      "id": "mirrordungeon_simulation_info_1",
      "content": "◆ 不会消耗脑啡肽"
    },
    {
      "id": "mirrordungeon_simulation_info_2",
      "content": "◆ 不会获得奖励"
    },
    {
      "id": "mirrordungeon_progress",
      "content": "继续"
    },
    {
      "id": "mirrordungeon_stop",
      "content": "终止探索"
    },
    {
      "id": "mirrordungeon_dungeon_name_simulation",
      "content": "{0}的模拟"
    },
    {
      "id": "mirrordungeon_warning_not_equip_ego",
      "content": "未装备E.G.O。\n您确定要继续吗？"
    },
    {
      "id": "mirrordungeon_acquire_rewards",
      "content": "领取奖励"
    },
    {
      "id": "mirrordungeon_ask_select_character_level_up",
      "content": "可进行人格升级的次数"
    },
    {
      "id": "mirrordungeon_simulation_info_no_use_module",
      "content": "◆ 不会消耗脑啡肽模块"
    },
    {
      "id": "mirrordungeon_after_levelup",
      "content": "已达到阶段{0}"
    },
    {
      "id": "mirrordunge_ego_gift_history_button_label",
      "content": "E.G.O饰品图鉴"
    },
    {
      "id": "mirrordungeon_weekly_reset_description",
      "content": "每周加成已重置。\n即将返回至车窗。"
    },
    {
      "id": "mirrordungeon_simulation_on",
      "content": "！模拟中…！"
    },
    {
      "id": "mirrordungeon_participated",
      "content": "已参战"
    },
    {
      "id": "select_ego_gift",
      "content": "选择E.G.O饰品"
    },
    {
      "id": "explore_dungeon_finished",
      "content": "探索完成"
    },
    {
      "id": "participated_personality",
      "content": "人格"
    },
    {
      "id": "dungeon_final_area",
      "content": "上次到达"
    },
    {
      "id": "total_progress_rate",
      "content": "总进度"
    },
    {
      "id": "mirrordungeon_weekly_reset",
      "content": "当前进度已过期。\n请领取您的奖励。"
    },
    {
      "id": "mirror_dungeon_error_desc",
      "content": "由于服务器错误，数据丢失。"
    }
  ]
}