{
  "assetData": [
    {
      "name": "이상",
      "krname": "李箱",
      "jpname": "イサン",
      "enname": "Yi Sang",
      "fileName": "YiSang",
      "nickName": "1号罪人",
      "jpNickName": "囚人1番",
      "enNickName": "Sinner #1",
      "staringSide": "middle",
      "bottomYPos": 20,
      "portraitSpritePath": "StoryLog_YiSang",
      "nameTagColor": "#d4e1e8"
    },
    {
      "name": "파우스트",
      "krname": "浮士德",
      "jpname": "ファウスト",
      "enname": "Faust",
      "fileName": "Faust",
      "nickName": "2号罪人",
      "jpNickName": "囚人2番",
      "enNickName": "Sinner #2",
      "staringSide": "left",
      "bottomYPos": 10,
      "portraitSpritePath": "StoryLog_Faust",
      "nameTagColor": "#ffb1b4"
    },
    {
      "name": "돈키호테",
      "krname": "堂吉诃德",
      "jpname": "ドンキホーテ",
      "enname": "Don Quixote",
      "fileName": "DonQuixote",
      "nickName": "3号罪人",
      "jpNickName": "囚人3番",
      "enNickName": "Sinner #3",
      "staringSide": "middle",
      "bottomYPos": -15,
      "portraitSpritePath": "StoryLog_DonQuixote",
      "nameTagColor": "#ffef23"
    },
    {
      "name": "료슈",
      "krname": "良秀",
      "jpname": "良秀",
      "enname": "Ryōshū",
      "fileName": "Ryoshu",
      "nickName": "4号罪人",
      "jpNickName": "囚人4番",
      "enNickName": "Sinner #4",
      "staringSide": "right",
      "portraitSpritePath": "StoryLog_Ryoshu",
      "nameTagColor": "#cf0000"
    },
    {
      "name": "뫼르소",
      "krname": "默尔索",
      "jpname": "ムルソー",
      "enname": "Meursault",
      "fileName": "Meursault",
      "nickName": "5号罪人",
      "jpNickName": "囚人5番",
      "enNickName": "Sinner #5",
      "staringSide": "right",
      "headPosX": 90,
      "headPosY": 500,
      "bottomYPos": -100,
      "portraitSpritePath": "StoryLog_Meursault",
      "nameTagColor": "#293b95"
    },
    {
      "name": "홍루",
      "krname": "鸿璐",
      "jpname": "ホンル",
      "enname": "Hong Lu",
      "fileName": "HongLu",
      "nickName": "6号罪人",
      "jpNickName": "囚人6番",
      "enNickName": "Sinner #6",
      "staringSide": "middle",
      "bottomYPos": -50,
      "portraitSpritePath": "StoryLog_HongLu",
      "nameTagColor": "#5bffde"
    },
    {
      "name": "히스클리프",
      "krname": "希斯克利夫",
      "jpname": "ヒースクリフ",
      "enname": "Heathcliff",
      "fileName": "Heathcliff",
      "nickName": "7号罪人",
      "jpNickName": "囚人7番",
      "enNickName": "Sinner #7",
      "staringSide": "left",
      "bottomYPos": 10,
      "portraitSpritePath": "StoryLog_Heathcliff",
      "nameTagColor": "#4e3076"
    },
    {
      "name": "이스마엘",
      "krname": "以实玛利",
      "jpname": "イシュメール",
      "enname": "Ishmael",
      "fileName": "Ishmael",
      "nickName": "8号罪人",
      "jpNickName": "囚人8番",
      "enNickName": "Sinner #8",
      "staringSide": "left",
      "bottomYPos": 20,
      "portraitSpritePath": "StoryLog_Ishmael",
      "nameTagColor": "#ff9500"
    },
    {
      "name": "로쟈",
      "krname": "罗佳",
      "jpname": "ロージャ",
      "enname": "Rodion",
      "fileName": "Rodion",
      "nickName": "9号罪人",
      "jpNickName": "囚人9番",
      "enNickName": "Sinner #9",
      "staringSide": "left",
      "bottomYPos": 10,
      "portraitSpritePath": "StoryLog_Rodion",
      "nameTagColor": "#820000"
    },
    {
      "name": "싱클레어",
      "krname": "辛克莱",
      "jpname": "シンクレア",
      "enname": "Sinclair",
      "fileName": "Sinclair",
      "nickName": "11号罪人",
      "jpNickName": "囚人11番",
      "enNickName": "Sinner #11",
      "staringSide": "left",
      "bottomYPos": -85,
      "portraitSpritePath": "StoryLog_Sinclair",
      "nameTagColor": "#8b9c15"
    },
    {
      "name": "오티스",
      "krname": "奥提斯",
      "jpname": "ウーティス",
      "enname": "Outis",
      "fileName": "Outis",
      "nickName": "12号罪人",
      "jpNickName": "囚人12番",
      "enNickName": "Sinner #12",
      "staringSide": "left",
      "bottomYPos": -25,
      "portraitSpritePath": "StoryLog_Outis",
      "nameTagColor": "#325339"
    },
    {
      "name": "그레고르",
      "krname": "格里高尔",
      "jpname": "グレゴール",
      "enname": "Gregor",
      "fileName": "Gregor",
      "nickName": "13号罪人",
      "jpNickName": "囚人13番",
      "enNickName": "Sinner #13",
      "staringSide": "left",
      "bottomYPos": -32,
      "portraitSpritePath": "StoryLog_Gregor",
      "nameTagColor": "#69350b"
    },
    {
      "name": "아야",
      "krname": "阿雅",
      "fileName": "aya",
      "staringSide": "left",
      "headPosX": -80,
      "headPosY": 290,
      "portraitSpritePath": "StoryLog_aya",
      "bottomYPos": 120
    },
    {
      "name": "유리",
      "krname": "尤莉",
      "fileName": "yuri",
      "staringSide": "left",
      "headPosX": -15,
      "headPosY": 320,
      "bottomYPos": 110,
      "portraitSpritePath": "StoryLog_yuri",
      "nameFontColor": "#a51b35"
    },
    {
      "name": "홉킨스",
      "krname": "霍普金斯",
      "fileName": "hopkins",
      "staringSide": "left",
      "headPosX": -90,
      "headPosY": 370,
      "portraitSpritePath": "StoryLog_hopkins",
      "bottomYPos": 120
    },
    {
      "name": "G사 직원",
      "krname": "G公司职员",
      "nickName": "G公司职员"
    },
    {
      "name": "독백",
      "krname": "独白",
      "jpname": "独白"
    },
    {
      "name": "베르길리우스",
      "krname": "维吉里乌斯",
      "jpname": "ヴェルギリウス",
      "enname": "Vergilius",
      "fileName": "Vergilius",
      "nickName": "向导",
      "jpNickName": "案内人",
      "enNickName": "Guide",
      "headPosX": -15,
      "headPosY": 520,
      "bottomYPos": -100,
      "portraitSpritePath": "StoryLog_Vergilius",
      "nameTagColor": "#84a79d"
    },
    {
      "name": "베르길리우스2",
      "krname": "维吉里乌斯",
      "jpname": "ヴェルギリウス",
      "enname": "Vergilius",
      "fileName": "Vergilius2",
      "nickName": "向导",
      "jpNickName": "案内人",
      "enNickName": "Guide",
      "headPosX": -15,
      "headPosY": 520,
      "bottomYPos": -100,
      "portraitSpritePath": "StoryLog_Vergilius",
      "nameTagColor": "#84a79d"
    },
    {
      "name": "베르길리우스3",
      "krname": "维吉里乌斯",
      "jpname": "ヴェルギリウス",
      "enname": "Vergilius",
      "fileName": "Vergilius3",
      "nickName": "向导",
      "jpNickName": "案内人",
      "enNickName": "Guide",
      "headPosX": -15,
      "headPosY": 520,
      "bottomYPos": -100,
      "portraitSpritePath": "StoryLog_Vergilius",
      "nameTagColor": "#84a79d"
    },
    {
      "name": "눈이붉은자",
      "krname": "红眼睛之人",
      "fileName": "Vergilius3",
      "nickName": "红眼睛之人",
      "staringSide": "left",
      "headPosX": -15,
      "headPosY": 520,
      "bottomYPos": -100,
      "portraitSpritePath": "StoryLog_Vergilius"
    },
    {
      "name": "카론",
      "krname": "卡戎",
      "jpname": "カロン",
      "enname": "Charon",
      "fileName": "Charon",
      "nickName": "司机",
      "jpNickName": "運転手",
      "enNickName": "Bus Driver",
      "headPosX": 30,
      "headPosY": 120,
      "bottomYPos": 60,
      "portraitSpritePath": "StoryLog_Charon",
      "nameTagColor": "#84a79d"
    },
    {
      "name": "단테",
      "krname": "但丁",
      "jpname": "ダンテ",
      "enname": "Dante",
      "fileName": "Dante",
      "nickName": "执行经理",
      "jpNickName": "管理人",
      "enNickName": "Manager",
      "headPosX": 20,
      "headPosY": 400,
      "scale": 0.9,
      "bottomYPos": 55,
      "portraitSpritePath": "StoryLog_Dante",
      "nameTagColor": "#b01c37"
    },
    {
      "name": "4구 불량배 1",
      "krname": "4区流氓1",
      "nickName": "4区流氓1"
    },
    {
      "name": "4구 불량배 2",
      "krname": "4区流氓2",
      "nickName": "4区流氓2"
    },
    {
      "name": "4구 불량배 3",
      "krname": "4区流氓3",
      "nickName": "4区流氓3"
    },
    {
      "name": "석상머리",
      "krname": "石像头",
      "jpname": "石像の頭",
      "fileName": "LobotomyFriend",
      "nickName": "脑叶公司支部幸存者？",
      "portraitSpritePath": "StoryLog_LobotomyFriend",
      "staringSide": "left"
    },
    {
      "name": "G사부장",
      "krname": "G公司部长",
      "fileName": "InsectMan",
      "nickName": "G公司部长",
      "staringSide": "left",
      "headPosX": -15,
      "headPosY": 355,
      "bottomYPos": 310,
      "scale": 0.8,
      "portraitSpritePath": "StoryLog_InsectMan"
    },
    {
      "name": "화난패잔병",
      "krname": "生气的残兵",
      "fileName": "InsectMan2",
      "nickName": "生气的残兵",
      "staringSide": "left",
      "headPosX": -10,
      "headPosY": 130,
      "bottomYPos": 130,
      "portraitSpritePath": "StoryLog_InsectMan2"
    },
    {
      "name": "의아한패잔병",
      "krname": "可疑的残兵",
      "fileName": "InsectMan3",
      "nickName": "可疑的残兵",
      "staringSide": "left",
      "headPosX": -150,
      "headPosY": 130,
      "bottomYPos": 140,
      "portraitSpritePath": "StoryLog_InsectMan3"
    },
    {
      "name": "쓰러진아야",
      "krname": "倒下的阿雅",
      "fileName": "aya_2",
      "nickName": "8阶收尾人",
      "staringSide": "left",
      "headPosX": 260,
      "headPosY": 15,
      "bottomYPos": -100,
      "portraitSpritePath": "StoryLog_aya"
    },
    {
      "name": "백설공주그림자",
      "krname": "白雪公主的影子",
      "fileName": "Abnormality_apple",
      "bottomYPos": -250,
      "portraitSpritePath": "StoryLog_Abnormality_apple"
    },
    {
      "name": "카지노경호원대장",
      "krname": "赌场警卫队长",
      "fileName": "Bodyguard",
      "nickName": "警卫",
      "staringSide": "left",
      "portraitSpritePath": "StoryLog_Bodyguard"
    },
    {
      "name": "각잡힌카지노경호원",
      "krname": "一板一眼的警卫",
      "fileName": "Bodyguard2",
      "nickName": "警卫",
      "staringSide": "left",
      "portraitSpritePath": "StoryLog_Bodyguard2"
    },
    {
      "name": "세보이고싶었던콩콩파조직원",
      "krname": "想表现得很强壮的豆豆帮成员",
      "fileName": "Cong1",
      "nickName": "豆豆帮",
      "staringSide": "left",
      "portraitSpritePath": "StoryLog_Cong1"
    },
    {
      "name": "콩을싫어하는콩콩파조직원",
      "krname": "讨厌豆子的豆豆帮成员",
      "fileName": "Cong2",
      "nickName": "豆豆帮",
      "staringSide": "left",
      "bottomYPos": -90,
      "portraitSpritePath": "StoryLog_Cong2"
    },
    {
      "name": "콩콩이파보스",
      "krname": "豆豆帮老大",
      "fileName": "CongBoss",
      "nickName": "豆豆帮",
      "staringSide": "left",
      "portraitSpritePath": "StoryLog_CongBoss"
    },
    {
      "name": "에피",
      "krname": "埃菲",
      "fileName": "Epi",
      "staringSide": "left",
      "nameTagColor": "#f8c200",
      "nameFontColor": "#0c0c41",
      "bottomYPos": -40,
      "portraitSpritePath": "StoryLog_Epi"
    },
    {
      "name": "위협적인철공회조직원",
      "krname": "盛气凌人的铁工会成员",
      "fileName": "Iron1",
      "nickName": "铁工会",
      "staringSide": "left",
      "bottomYPos": 350,
      "scale": 0.8,
      "portraitSpritePath": "StoryLog_Iron1"
    },
    {
      "name": "몸푸는철공회조직원",
      "krname": "正在热身的铁工会成员",
      "fileName": "Iron2",
      "nickName": "铁工会",
      "staringSide": "left",
      "bottomYPos": 600,
      "scale": 0.7,
      "portraitSpritePath": "StoryLog_Iron2"
    },
    {
      "name": "철공회보스",
      "krname": "铁工会老大",
      "fileName": "IronBoss",
      "nickName": "铁工会",
      "staringSide": "left",
      "bottomYPos": 300,
      "scale": 0.9,
      "portraitSpritePath": "StoryLog_IronBoss"
    },
    {
      "name": "흥겨운마리아치조직원",
      "krname": "高兴的流浪乐队成员",
      "fileName": "Mariachi1",
      "nickName": "流浪乐队",
      "staringSide": "left",
      "portraitSpritePath": "StoryLog_Mariachi1"
    },
    {
      "name": "경쾌한마리아치조직원",
      "krname": "轻快的流浪乐队成员",
      "fileName": "Mariachi2",
      "nickName": "流浪乐队",
      "staringSide": "left",
      "portraitSpritePath": "StoryLog_Mariachi2"
    },
    {
      "name": "아이드",
      "krname": "艾达",
      "fileName": "MariachiBoss",
      "nickName": "流浪乐队",
      "staringSide": "left",
      "bottomYPos": -70,
      "portraitSpritePath": "StoryLog_MariachiBoss"
    },
    {
      "name": "너맞아볼래매우",
      "krname": "你很想挨打吗",
      "fileName": "Powerman",
      "nickName": "你变强了吗",
      "staringSide": "left",
      "bottomYPos": -190,
      "portraitSpritePath": "StoryLog_Powerman"
    },
    {
      "name": "노예",
      "krname": "奴隶",
      "fileName": "Slave",
      "staringSide": "left",
      "nickName": "负债累累的人质",
      "portraitSpritePath": "StoryLog_Slave"
    },
    {
      "name": "소드",
      "krname": "索德",
      "fileName": "Sode",
      "staringSide": "left",
      "nameTagColor": "#f8c200",
      "nameFontColor": "#0c0c41",
      "portraitSpritePath": "StoryLog_Sode"
    },
    {
      "name": "소냐",
      "krname": "索尼亚",
      "fileName": "Sonya",
      "jpname": "ソーニャ",
      "bottomYPos": -45,
      "staringSide": "left",
      "nameTagColor": "#ffffff",
      "nameFontColor": "#591cab",
      "portraitSpritePath": "StoryLog_Sonya"
    },
    {
      "name": "전당포주인",
      "krname": "当铺老板",
      "fileName": "PawnMan",
      "nickName": "10区",
      "staringSide": "left",
      "portraitSpritePath": "StoryLog_PawnMan"
    },
    {
      "name": "촌스러운말투의콩콩파조직원",
      "krname": "言辞土气的豆豆帮成员",
      "fileName": "Cong3",
      "nickName": "豆豆帮",
      "staringSide": "left",
      "bottomYPos": -100,
      "portraitSpritePath": "StoryLog_Cong3"
    },
    {
      "name": "크로머",
      "krname": "克罗默",
      "fileName": "Cromer",
      "nickName": "钉与锤",
      "staringSide": "left",
      "nameTagColor": "#edddb9",
      "nameFontColor": "#d6001e",
      "portraitSpritePath": "StoryLog_Cromer"
    },
    {
      "name": "귀도",
      "krname": "圭多",
      "fileName": "Guido",
      "nickName": "钉与锤",
      "staringSide": "left",
      "scale": 0.8,
      "bottomYPos": 30,
      "nameTagColor": "#edddb9",
      "nameFontColor": "#d6001e",
      "portraitSpritePath": "StoryLog_Guido"
    },
    {
      "name": "N사심문관1",
      "krname": "N公司审问官1",
      "fileName": "N_Employee1",
      "nickName": "钉与锤",
      "staringSide": "left",
      "bottomYPos": -30,
      "portraitSpritePath": "StoryLog_N_Employee1"
    },
    {
      "name": "N사심문관2",
      "krname": "N公司审问官2",
      "fileName": "N_Employee2",
      "nickName": "钉与锤",
      "staringSide": "left",
      "bottomYPos": 90,
      "scale": 0.9,
      "portraitSpritePath": "StoryLog_N_Employee2"
    },
    {
      "name": "N사심문관3",
      "krname": "N公司审问官3",
      "fileName": "N_Employee3",
      "nickName": "钉与锤",
      "staringSide": "left",
      "bottomYPos": -120,
      "portraitSpritePath": "StoryLog_N_Employee3"
    },
    {
      "name": "지크프리트",
      "krname": "齐格飞",
      "fileName": "Siegfried",
      "nickName": "1阶收尾人",
      "staringSide": "left",
      "bottomYPos": -100,
      "portraitSpritePath": "StoryLog_Siegfried"
    },
    {
      "name": "검문소경비",
      "krname": "安检所警卫",
      "fileName": "K_Employee",
      "nickName": "K公司安检所",
      "staringSide": "left",
      "bottomYPos": -100,
      "scale": 0.9,
      "portraitSpritePath": "StoryLog_K_Employee"
    },
    {
      "name": "침식직원1",
      "krname": "被侵蚀的职员1",
      "fileName": "Abnormality_Employee",
      "nickName": "钉与锤",
      "staringSide": "left",
      "portraitSpritePath": "StoryLog_Abnormality_Employee"
    },
    {
      "name": "침식직원2",
      "krname": "被侵蚀的职员2",
      "fileName": "Abnormality_Employee2",
      "nickName": "钉与锤",
      "staringSide": "left"
    },
    {
      "name": "제복소드",
      "krname": "穿制服的索德",
      "fileName": "SodeLCC",
      "staringSide": "left",
      "nameTagColor": "#f8c200",
      "nameFontColor": "#0c0c41",
      "portraitSpritePath": "StoryLog_SodeLCC"
    },
    {
      "name": "제복에피",
      "krname": "穿制服的埃菲",
      "fileName": "EpiLCC",
      "staringSide": "left",
      "nameTagColor": "#f8c200",
      "nameFontColor": "#0c0c41",
      "bottomYPos": -40,
      "portraitSpritePath": "StoryLog_EpiLCC"
    },
    {
      "name": "학생크로머",
      "krname": "学生克罗默",
      "fileName": "OldCromer",
      "nickName": "学生",
      "staringSide": "left",
      "portraitSpritePath": "StoryLog_OldCromer"
    },
    {
      "name": "피묻은크로머",
      "fileName": "CromerBlood",
      "staringSide": "left",
      "nameTagColor": "#edddb9",
      "nameFontColor": "#d6001e",
      "portraitSpritePath": "StoryLog_Cromer"
    },
    {
      "name": "데미안",
      "krname": "德米安",
      "fileName": "Demian",
      "staringSide": "left",
      "nameTagColor": "#222732",
      "nameFontColor": "#3e7fed",
      "bottomYPos": 65,
      "portraitSpritePath": "StoryLog_Demian2"
    },
    {
      "name": "학생데미안",
      "krname": "学生德米安",
      "fileName": "Demian_School",
      "staringSide": "left",
      "bottomYPos": 65,
      "portraitSpritePath": "StoryLog_Demian_School"
    },
    {
      "name": "늑대",
      "krname": "狼",
      "fileName": "Wolf",
      "nickName": "狼",
      "staringSide": "left",
      "bottomYPos": -50,
      "nameTagColor": "#a000c4",
      "nameFontColor": "#F7EC3D",
      "portraitSpritePath": "StoryLog_Wolf"
    },
    {
      "name": "표범",
      "krname": "豹",
      "fileName": "Panther",
      "nickName": "豹",
      "staringSide": "left",
      "bottomYPos": -100,
      "nameTagColor": "#a000c4",
      "nameFontColor": "#F7EC3D",
      "portraitSpritePath": "StoryLog_Panther"
    },
    {
      "name": "사자",
      "krname": "狮子",
      "fileName": "Lion",
      "nickName": "狮子",
      "staringSide": "left",
      "bottomYPos": -100,
      "nameTagColor": "#a000c4",
      "nameFontColor": "#F7EC3D",
      "portraitSpritePath": "StoryLog_Lion"
    },
    {
      "name": "프롤로그단테",
      "krname": "序章但丁",
      "fileName": "Dante",
      "nickName": "序章但丁",
      "staringSide": "left",
      "scale": 0.9,
      "bottomYPos": 55,
      "portraitSpritePath": "StoryLog_Dante"
    },
    {
      "name": "프롤로그단테2",
      "krname": "序章但丁",
      "fileName": "Dante",
      "nickName": "序章但丁",
      "staringSide": "left",
      "scale": 0.9,
      "bottomYPos": 55,
      "portraitSpritePath": "StoryLog_Dante"
    },
    {
      "name": "프롤로그파우스트",
      "krname": "序章浮士德",
      "fileName": "Faust",
      "nickName": "序章浮士德",
      "staringSide": "left",
      "portraitSpritePath": "StoryLog_Faust"
    },
    {
      "name": "???",
      "krname": "？？？",
      "fileName": "",
      "nickName": "？？？"
    },
    {
      "name": "헤르만",
      "krname": "赫尔曼",
      "fileName": "Hermann",
      "nickName": "赫尔曼",
      "jpname": "ヘルマン",
      "nameTagColor": "#221f34",
      "nameFontColor": "#d6001e",
      "portraitSpritePath": "StoryLog_Hermann"
    },
    {
      "name": "피묻은귀도",
      "krname": "沾血的圭多",
      "fileName": "Guido_blood",
      "scale": 0.9,
      "bottomYPos": -60,
      "nameTagColor": "#edddb9",
      "nameFontColor": "#d6001e",
      "portraitSpritePath": "StoryLog_Guido"
    },
    {
      "name": "다친소드",
      "krname": "受伤的索德",
      "fileName": "SodeBlood",
      "nameTagColor": "#f8c200",
      "nameFontColor": "#0c0c41",
      "portraitSpritePath": "StoryLog_SodeLCC"
    },
    {
      "name": "변신크로머",
      "krname": "变身的克罗默",
      "fileName": "CromerMonster",
      "nameTagColor": "#edddb9",
      "nameFontColor": "#d6001e",
      "bottomYPos": 205,
      "portraitSpritePath": "StoryLog_CromerMonster"
    },
    {
      "name": "애프터팀상사",
      "krname": "善后小队上司",
      "fileName": "",
      "nickName": "LCCA",
      "nameTagColor": "#f8c200",
      "nameFontColor": "#740016"
    },
    {
      "name": "구보",
      "krname": "仇甫",
      "fileName": "Gubo",
      "nameTagColor": "#221f34",
      "bottomYPos": -40,
      "nameFontColor": "#d6001e",
      "portraitSpritePath": "StoryLog_Gubo"
    },
    {
      "name": "가환",
      "krname": "贾环",
      "fileName": "Gahwan",
      "bottomYPos": -130,
      "nameTagColor": "#221f34",
      "nameFontColor": "#d6001e",
      "portraitSpritePath": "StoryLog_Gahwan"
    },
    {
      "name": "더미",
      "fileName": "Empty",
      "nameTagColor": "#ffef23",
      "portraitSpritePath": "StoryLog_DonQuixote"
    },
    {
      "name": "더미2",
      "fileName": "Empty"
    },
    {
      "name": "크로머목소리",
      "fileName": "",
      "nameTagColor": "#edddb9",
      "nameFontColor": "#d6001e"
    },
    {
      "name": "그레고르요리사",
      "krname": "格里高尔",
      "jpname": "グレゴール",
      "enname": "Gregor",
      "fileName": "Gregor_cook",
      "nickName": "13号罪人",
      "jpNickName": "囚人13番",
      "enNickName": "Sinner #13",
      "staringSide": "left",
      "bottomYPos": -32,
      "portraitSpritePath": "StoryLog_Gregor_cook",
      "nameTagColor": "#69350b"
    },
    {
      "name": "뫼르소요리사",
      "krname": "默尔索",
      "jpname": "ムルソー",
      "enname": "Meursault",
      "fileName": "Meursault_cook",
      "nickName": "5号罪人",
      "jpNickName": "囚人5番",
      "enNickName": "Sinner #5",
      "staringSide": "right",
      "headPosX": 90,
      "headPosY": 500,
      "bottomYPos": -100,
      "portraitSpritePath": "StoryLog_Meursault_cook",
      "nameTagColor": "#293b95"
    },
    {
      "name": "오티스요리사",
      "krname": "奥提斯",
      "jpname": "ウーティス",
      "enname": "Outis",
      "fileName": "Outis_cook",
      "nickName": "12号罪人",
      "jpNickName": "囚人12番",
      "enNickName": "Sinner #12",
      "staringSide": "left",
      "bottomYPos": -25,
      "portraitSpritePath": "StoryLog_Outis_cook",
      "nameTagColor": "#325339"
    },
    {
      "name": "료슈요리사",
      "krname": "良秀",
      "jpname": "良秀",
      "enname": "Ryōshū",
      "fileName": "Ryoshu_cook",
      "nickName": "4号罪人",
      "jpNickName": "囚人4番",
      "enNickName": "Sinner #4",
      "staringSide": "right",
      "portraitSpritePath": "StoryLog_Ryoshu_cook",
      "nameTagColor": "#cf0000"
    },
    {
      "name": "삼조",
      "krname": "三朝",
      "fileName": "Samjo",
      "portraitSpritePath": "StoryLog_Samjo"
    },
    {
      "name": "보살치킨",
      "krname": "菩萨炸鸡",
      "fileName": "Bosal",
      "portraitSpritePath": "StoryLog_Bosal"
    },
    {
      "name": "은봉치킨",
      "krname": "银凤炸鸡",
      "fileName": "Eunbong",
      "portraitSpritePath": "StoryLog_Eunbong"
    },
    {
      "name": "히스클리프요리사",
      "krname": "希斯克利夫",
      "jpname": "ヒースクリフ",
      "enname": "Heathcliff",
      "fileName": "Heathcliff_cook",
      "nickName": "7号罪人",
      "jpNickName": "囚人7番",
      "enNickName": "Sinner #7",
      "staringSide": "left",
      "bottomYPos": 10,
      "portraitSpritePath": "StoryLog_Heathcliff_cook",
      "nameTagColor": "#4e3076"
    },
    {
      "name": "뒤틀린닭1",
      "krname": "扭曲的鸡1",
      "fileName": "Chicken1",
      "nickName": "扭曲的存在",
      "staringSide": "left",
      "portraitSpritePath": "StoryLog_Chicken1"
    },
    {
      "name": "뒤틀린닭2",
      "krname": "扭曲的鸡2",
      "fileName": "Chicken2",
      "nickName": "扭曲的存在",
      "staringSide": "left",
      "portraitSpritePath": "StoryLog_Chicken2"
    },
    {
      "name": "뒤틀린손님1",
      "krname": "扭曲的客人1",
      "fileName": "ChickenGirl",
      "nickName": "扭曲的存在",
      "staringSide": "left",
      "portraitSpritePath": "StoryLog_ChickenGirl"
    },
    {
      "name": "뒤틀린손님2",
      "krname": "扭曲的客人2",
      "fileName": "ChickenBoy",
      "nickName": "扭曲的存在",
      "staringSide": "left",
      "scale": 0.9,
      "bottomYPos": -40,
      "portraitSpritePath": "StoryLog_K_Chicken"
    },
    {
      "name": "뒤틀린주인",
      "krname": "扭曲的老板",
      "fileName": "ChickenKing",
      "nickName": "扭曲的存在",
      "staringSide": "left",
      "scale": 0.8,
      "bottomYPos": 150,
      "portraitSpritePath": "StoryLog_ChickenKing"
    },
    {
      "name": "그렉료슈",
      "krname": "格里高尔与良秀",
      "fileName": "Ryoshu_Gregor",
      "nickName": "",
      "staringSide": "left"
    },
    {
      "name": "뒤틀린주인카운트1",
      "krname": "扭曲的老板的计数1",
      "fileName": "ChickenKing_Count1",
      "nickName": "扭曲的存在",
      "staringSide": "left",
      "scale": 0.8,
      "bottomYPos": 10,
      "portraitSpritePath": "StoryLog_ChickenKing"
    },
    {
      "name": "뒤틀린주인카운트2",
      "krname": "扭曲的老板的计数2",
      "fileName": "ChickenKing_Count2",
      "nickName": "扭曲的存在",
      "staringSide": "left",
      "scale": 0.8,
      "bottomYPos": 10,
      "portraitSpritePath": "StoryLog_ChickenKing"
    },
    {
      "name": "뒤틀린주인카운트3",
      "krname": "扭曲的老板的计数3",
      "fileName": "ChickenKing_Count3",
      "nickName": "扭曲的存在",
      "staringSide": "left",
      "scale": 0.8,
      "bottomYPos": 10,
      "portraitSpritePath": "StoryLog_ChickenKing"
    }
  ]
}