{
  "dataList": [
    {
      "id": 90001,
      "name": "虫的肉体",
      "desc": "回合结束时，恢复5点体力。"
    },
    {
      "id": 90002,
      "name": "补充养分",
      "desc": "击杀敌人时，恢复20点体力。下回合使自身获得5层忍耐 。"
    },
    {
      "id": 90003,
      "name": "利刃",
      "desc": "攻击命中时，使目标增加1-2级流血 强度。\n回合开始时，优先攻击带有标记 的角色。"
    },
    {
      "id": 90004,
      "name": "士气低下",
      "desc": "每当友方单位被击杀时，自身永久获得1层易损 。"
    },
    {
      "id": 90005,
      "name": "惩戒",
      "desc": "体力低于50%时，下回合使自身获得5层强壮 。"
    },
    {
      "id": 90006,
      "name": "精神波动",
      "desc": "攻击命中时，使目标失去10点理智值。"
    },
    {
      "id": 9000101,
      "name": "负伤的强化肉体",
      "desc": "回合开始时，若自身的体力低于50%，则恢复1点体力。"
    },
    {
      "id": 9000102,
      "name": "强化肉体",
      "desc": "回合开始时，若自身的体力低于50%，则恢复2点体力。"
    },
    {
      "id": 9000103,
      "name": "被侵蚀的强化肉体",
      "desc": "回合开始时，若自身的体力低于50%，则恢复4点体力。"
    },
    {
      "id": 9100301,
      "name": "老大哥",
      "desc": "本角色死亡时，全体友方单位失去45点理智值。"
    },
    {
      "id": 9100302,
      "name": "小崽子们！",
      "desc": "每当友方单位被击杀时，本角色失去15点理智值。"
    },
    {
      "id": 9100401,
      "name": "派对时间",
      "desc": "每回合使包含自身在内的全体友方单位恢复10点理智值。\n回合开始时，若自身理智值高于20点，则获得1层强壮 和1层忍耐 。"
    },
    {
      "id": 9100402,
      "name": "派对结束",
      "desc": "本角色死亡时，全体友方单位失去45点理智值。"
    },
    {
      "id": 9002801,
      "name": "HP弹",
      "desc": "回合开始时，恢复15点体力。\n若自身的体力低于50%，则额外恢复15点体力。"
    },
    {
      "id": 9003201,
      "name": "高贵的牺牲在此",
      "desc": "友方单位被击杀时，下回合开始时使自身获得1层强壮 。"
    },
    {
      "id": 9003801,
      "name": "处刑的喜悦",
      "desc": "击杀敌人后，下回合开始时使自身获得2层伤害强化 。"
    },
    {
      "id": 9100501,
      "name": "执柄者之锤",
      "desc": "回合开始时，若本角色存活，则使全体友方单位恢复10点理智值。\n若本角色死亡，则使全体友方单位失去45点理智值。"
    },
    {
      "id": 9100601,
      "name": "执念",
      "desc": "体力低于50%时，则下回合开始时解除自身的负面状态，并且每回合获得4层狂信 ，1层强壮 和1层忍耐 。"
    },
    {
      "id": 9100502,
      "name": "必将敲击",
      "desc": "自身带有狂信 时，使自身造成的伤害+50%。"
    }
  ]
}