{
  "dataList": [
    {
      "id": "10102_getCondition_normal",
      "content": "获得Seven协会 6科 李箱"
    },
    {
      "id": "10102_getCondition_gacksung",
      "content": "Seven协会 6科 李箱 3阶段同步完成"
    },
    {
      "id": "10103_getCondition_normal",
      "content": "获得剑契组 杀手 李箱"
    },
    {
      "id": "10103_getCondition_gacksung",
      "content": "剑契组 杀手 李箱 3阶段同步完成"
    },
    {
      "id": "10202_getCondition_normal",
      "content": "获得W公司 清扫小组 浮士德"
    },
    {
      "id": "10202_getCondition_gacksung",
      "content": "W公司 清扫小组 浮士德 3阶段同步完成"
    },
    {
      "id": "10203_getCondition_normal",
      "content": "获得脑叶公司 幸存者 浮士德"
    },
    {
      "id": "10203_getCondition_gacksung",
      "content": "脑叶公司 幸存者 浮士德 3阶段同步完成"
    },
    {
      "id": "10302_getCondition_normal",
      "content": "获得W公司 清扫小组 堂吉诃德"
    },
    {
      "id": "10302_getCondition_gacksung",
      "content": "W公司 清扫小组 堂吉诃德 3阶段同步完成"
    },
    {
      "id": "10303_getCondition_normal",
      "content": "获得し协会 5科科长 堂吉诃德"
    },
    {
      "id": "10303_getCondition_gacksung",
      "content": "し协会 5科科长 堂吉诃德 3阶段同步完成"
    },
    {
      "id": "10402_getCondition_normal",
      "content": "获得Seven协会 6科 良秀"
    },
    {
      "id": "10402_getCondition_gacksung",
      "content": "Seven协会 6科 良秀 3阶段同步完成"
    },
    {
      "id": "10403_getCondition_normal",
      "content": "获得黑云会 若众 良秀"
    },
    {
      "id": "10403_getCondition_gacksung",
      "content": "黑云会 若众 良秀 3阶段同步完成"
    },
    {
      "id": "10502_getCondition_normal",
      "content": "获得六协会 6科 默尔索"
    },
    {
      "id": "10502_getCondition_gacksung",
      "content": "六协会 6科 默尔索 3阶段同步完成"
    },
    {
      "id": "10503_getCondition_normal",
      "content": "获得W公司 清扫小组 默尔索"
    },
    {
      "id": "10503_getCondition_gacksung",
      "content": "W公司 清扫小组 默尔索 3阶段同步完成"
    },
    {
      "id": "10602_getCondition_normal",
      "content": "获得黑云会 若众 鸿璐"
    },
    {
      "id": "10602_getCondition_gacksung",
      "content": "黑云会 若众 鸿璐 3阶段同步完成"
    },
    {
      "id": "10603_getCondition_normal",
      "content": "获得豆豆帮 帮主 鸿璐"
    },
    {
      "id": "10603_getCondition_gacksung",
      "content": "豆豆帮 帮主 鸿璐 3阶段同步完成"
    },
    {
      "id": "10702_getCondition_normal",
      "content": "获得し协会 5科 希斯克利夫"
    },
    {
      "id": "10702_getCondition_gacksung",
      "content": "し协会 5科 希斯克利夫 3阶段同步完成"
    },
    {
      "id": "10703_getCondition_normal",
      "content": "获得R公司 第四集团军 兔子队 希斯克利夫"
    },
    {
      "id": "10703_getCondition_gacksung",
      "content": "R公司 第四集团军 兔子队 希斯克利夫 3阶段同步完成"
    },
    {
      "id": "10802_getCondition_normal",
      "content": "获得R公司 第四集团军 驯鹿队 以实玛利"
    },
    {
      "id": "10802_getCondition_gacksung",
      "content": "R公司 第四集团军 驯鹿队 以实玛利 3阶段同步完成"
    },
    {
      "id": "10803_getCondition_normal",
      "content": "获得 し协会 5科 以实玛利"
    },
    {
      "id": "10803_getCondition_gacksung",
      "content": "し协会 5科 以实玛利 3阶段同步完成"
    },
    {
      "id": "10804_getCondition_normal",
      "content": "获得LCCB 系长 以实玛利"
    },
    {
      "id": "10804_getCondition_gacksung",
      "content": "LCCB 系长 以实玛利 3阶段同步完成"
    },
    {
      "id": "10902_getCondition_normal",
      "content": "获得黑云会 若众 罗佳"
    },
    {
      "id": "10902_getCondition_gacksung",
      "content": "黑云会 若众 罗佳 3阶段同步完成"
    },
    {
      "id": "10903_getCondition_normal",
      "content": "获得LCCB 系长 罗佳"
    },
    {
      "id": "10903_getCondition_gacksung",
      "content": "LCCB 系长 罗佳 3阶段同步完成"
    },
    {
      "id": "11002_getCondition_normal",
      "content": "获得剑契组 杀手 辛克莱"
    },
    {
      "id": "11002_getCondition_gacksung",
      "content": "剑契组 杀手 辛克莱 3阶段同步完成"
    },
    {
      "id": "11003_getCondition_normal",
      "content": "获得Zwei协会 6科 辛克莱"
    },
    {
      "id": "11003_getCondition_gacksung",
      "content": "Zwei协会 6科 辛克莱 3阶段同步完成"
    },
    {
      "id": "11004_getCondition_normal",
      "content": "获得流浪乐队 头目 辛克莱"
    },
    {
      "id": "11004_getCondition_gacksung",
      "content": "流浪乐队 头目 辛克莱 3阶段同步完成"
    },
    {
      "id": "11102_getCondition_normal",
      "content": "获得剑契组 封口人 奥提斯"
    },
    {
      "id": "11102_getCondition_gacksung",
      "content": "剑契组 封口人 奥提斯 3阶段同步完成"
    },
    {
      "id": "11103_getCondition_normal",
      "content": "获得G公司 总经理 奥提斯"
    },
    {
      "id": "11103_getCondition_gacksung",
      "content": "G公司 总经理 奥提斯 3阶段同步完成"
    },
    {
      "id": "11202_getCondition_normal",
      "content": "获得六协会 6科 格里高尔"
    },
    {
      "id": "11202_getCondition_gacksung",
      "content": "六协会 6科 格里高尔 3阶段同步完成"
    },
    {
      "id": "11203_getCondition_normal",
      "content": "获得G公司 首席助理 格里高尔"
    },
    {
      "id": "11203_getCondition_gacksung",
      "content": "G公司 首席助理 格里高尔 3阶段同步完成"
    },
    {
      "id": "10504_getCondition_normal",
      "content": "获得N公司 大锤 默尔索"
    },
    {
      "id": "10504_getCondition_gacksung",
      "content": "N公司 大锤 默尔索 3阶段同步完成"
    },
    {
      "id": "10904_getCondition_normal",
      "content": "获得N公司 中锤 罗佳"
    },
    {
      "id": "10904_getCondition_gacksung",
      "content": "N公司 中锤 罗佳 3阶段同步完成"
    },
    {
      "id": "10204_getCondition_normal",
      "content": "获得执柄者 浮士德"
    },
    {
      "id": "10204_getCondition_gacksung",
      "content": "执柄者 浮士德 3阶段同步完成"
    },
    {
      "id": "10704_getCondition_normal",
      "content": "获得N公司 小锤 希斯克利夫"
    },
    {
      "id": "10704_getCondition_gacksung",
      "content": "N公司 小锤 希斯克利夫 3阶段同步完成"
    },
    {
      "id": "11104_getCondition_normal",
      "content": "获得Seven协会 6科科长 奥提斯"
    },
    {
      "id": "11104_getCondition_gacksung",
      "content": "Seven协会 6科科长 奥提斯 3阶段同步完成"
    },
    {
      "id": "10604_getCondition_normal",
      "content": "获得六协会 5科 鸿璐"
    },
    {
      "id": "10604_getCondition_gacksung",
      "content": "六协会 5科 鸿璐 3阶段同步完成"
    },
    {
      "id": "10404_getCondition_normal",
      "content": "获得良・派 厨师长 良秀"
    },
    {
      "id": "10404_getCondition_gacksung",
      "content": "良・派 厨师长 良秀 3阶段同步完成"
    },
    {
      "id": "11204_getCondition_normal",
      "content": "获得良·派 帮厨 格里高尔"
    },
    {
      "id": "11204_getCondition_gacksung",
      "content": "良・派 帮厨 格里高尔 3阶段同步完成"
    },
    {
      "id": "10304_getCondition_normal",
      "content": "获得N公司 中锤 堂吉诃德"
    },
    {
      "id": "10304_getCondition_gacksung",
      "content": "N公司 中锤 堂吉诃德 3阶段同步完成"
    },
    {
      "id": "11005_getCondition_normal",
      "content": "获得准执柄者 辛克莱"
    },
    {
      "id": "11005_getCondition_gacksung",
      "content": "准执柄者 辛克莱 3阶段同步完成"
    }
  ]
}