{
  "dataList": [
    {
      "id": 1010101,
      "name": "信息传递",
      "desc": "使仪表盘上位于自身之后的2名友方单位获得1层伤害强化 。"
    },
    {
      "id": 1010201,
      "name": "观察",
      "desc": "进行拼点时，使目标的拼点威力-2。"
    },
    {
      "id": 1010301,
      "name": "冷静",
      "desc": "拼点胜利时，使自身获得1层呼吸法 层数。"
    },
    {
      "id": 1020101,
      "name": "分析",
      "desc": "攻击带有减益效果的目标时，使自身造成的伤害+10%。"
    },
    {
      "id": 1020201,
      "name": "自行充能",
      "desc": "攻击命中时，使自身获得1层充能 。"
    },
    {
      "id": 1020301,
      "name": "觉悟",
      "desc": "下回合开始时，若自身的呼吸法 层数不低于4层，则使自身获得2层迅捷 。"
    },
    {
      "id": 1030101,
      "name": "正义裁决",
      "desc": "拼点胜利时，使自身技能造成的伤害+10%。"
    },
    {
      "id": 1030201,
      "name": "快速充能",
      "desc": "战斗开始时，使自身获得(忧郁共鸣数/3)层充能 。"
    },
    {
      "id": 1030301,
      "name": "心理准备",
      "desc": "下回合开始时，使自身获得(暴怒共鸣数/3)层迅捷 。"
    },
    {
      "id": 1040101,
      "name": "万般皆艺",
      "desc": "使自身造成与受到的伤害都+25%。"
    },
    {
      "id": 1040201,
      "name": "刀.断.",
      "desc": "本回合内使自身造成的斩击伤害+10%。"
    },
    {
      "id": 1040301,
      "name": "黑云道",
      "desc": "使自身对带有流血 的敌人造成的伤害+10%。"
    },
    {
      "id": 1050101,
      "name": "觉悟",
      "desc": "若自身的体力低于50%，则在战斗开始时使自身获得1层守护 。"
    },
    {
      "id": 1050201,
      "name": "安若泰山",
      "desc": "受到攻击时，对一名随机敌人增加1级烧伤 强度。(最多生效4次)"
    },
    {
      "id": 1050301,
      "name": "坚韧不拔",
      "desc": "受到攻击时，使自身获得1层充能 。(最多生效6次)"
    },
    {
      "id": 1060101,
      "name": "玩世不恭",
      "desc": "下回合开始时，使自身恢复6点理智值。"
    },
    {
      "id": 1060201,
      "name": "黑云道",
      "desc": "使位于连锁末尾的技能中的最后一枚硬币对目标增加3级流血 强度。"
    },
    {
      "id": 1060301,
      "name": "愉悦",
      "desc": "下回合开始时，使自身恢复(暴食共鸣数x2)点理智值。"
    },
    {
      "id": 1070101,
      "name": "无名怨愤",
      "desc": "若目标的体力上限高于自身，则使自身对其造成的伤害+10%。"
    },
    {
      "id": 1070201,
      "name": "喘息未定",
      "desc": "受到伤害后，本回合内使自身造成的伤害+10%。"
    },
    {
      "id": 1070301,
      "name": "准备吃草",
      "desc": "下回合开始时，使自身获得(暴怒共鸣数)层充能 。\n若自身的充能 层数高于5层，则使自身获得1层迅捷 和1层强壮 。"
    },
    {
      "id": 1080101,
      "name": "最后一搏",
      "desc": "若自身的体力低于25%，则使自身的拼点威力+1。"
    },
    {
      "id": 1080201,
      "name": "脑波集束",
      "desc": "战斗开始时，使自身失去15点理智值。\n下回合开始时，使自身获得(忧郁共鸣数/3)层强壮 。"
    },
    {
      "id": 1080301,
      "name": "垂死挣扎",
      "desc": "自身的体力低于50%时，通过技能增加的呼吸法 强度额外+1级。"
    },
    {
      "id": 1080401,
      "name": "弱点识破",
      "desc": "拼点胜利后，攻击命中使目标增加1级震颤 强度。"
    },
    {
      "id": 1090101,
      "name": "断恶",
      "desc": "攻击命中时，有50%的概率使目标增加1级流血 强度。"
    },
    {
      "id": 1090201,
      "name": "黑云道",
      "desc": "自身的呼吸法 强度高于5级时，反击技能改为使用3技能进行反击。"
    },
    {
      "id": 1090301,
      "name": "突破防线",
      "desc": "对本回合使用了守备技能的目标造成的伤害+10%。"
    },
    {
      "id": 1100101,
      "name": "觉悟",
      "desc": "友方单位被击杀时，下回合使自身获得1层强壮 。"
    },
    {
      "id": 1100201,
      "name": "杀手",
      "desc": "使位于连锁末尾的技能中的最后一枚硬币对目标造成的伤害+20%"
    },
    {
      "id": 1100301,
      "name": "您的盾牌",
      "desc": "战斗开始时，使仪表盘上位于自身两侧的友方获得2层忍耐 与1层守护 。"
    },
    {
      "id": 1100401,
      "name": "随兴游乐",
      "desc": "闪避成功后，以(忧郁共鸣数x5)%的概率后移闪避技能威力数值的混乱阈值"
    },
    {
      "id": 1110101,
      "name": "处决",
      "desc": "目标的理智值低于0点时，使自身对其造成的伤害+10%"
    },
    {
      "id": 1110201,
      "name": "冷静",
      "desc": "使自身对体力低于25%的目标造成的伤害+20%"
    },
    {
      "id": 1110301,
      "name": "提振士气",
      "desc": "下回合开始时，使自身与本回合仪表盘上位于自身两侧的友方获得2层迅捷 。"
    },
    {
      "id": 1120101,
      "name": "求死不得",
      "desc": "战斗开始时，使自身恢复5点体力。"
    },
    {
      "id": 1120201,
      "name": "引燃",
      "desc": "技能中第三枚及其之后的硬币命中时，使目标增加1级烧伤 强度。"
    },
    {
      "id": 1120301,
      "name": "应急食粮",
      "desc": "体力低于25%时，拼点胜利后恢复体力上限的5%。"
    },
    {
      "id": 1010121,
      "name": "信息汇总",
      "desc": "回合结束时，若理智值最低的友方单位在本回合失去了理智值，则使其恢复10点理智值。"
    },
    {
      "id": 1010221,
      "name": "分析",
      "desc": "使体力上限最高的1名友方单位拼点威力+1。"
    },
    {
      "id": 1010321,
      "name": "指点",
      "desc": "使理智值最高的1名友方单位通过技能获得的呼吸法 层数额外+1层。"
    },
    {
      "id": 1020121,
      "name": "观察",
      "desc": "使体力上限最高的1名友方单位的攻击命中时有25%的概率对目标施加1层攻击等级降低 。"
    },
    {
      "id": 1020221,
      "name": "无线通讯",
      "desc": "使体力上限最低的1名友方单位获得1层充能 。"
    },
    {
      "id": 1020321,
      "name": "援护",
      "desc": "使体力上限最低的1名友方单位守备技能威力+2。"
    },
    {
      "id": 1030121,
      "name": "呐喊助威",
      "desc": "使理智值最高的1名友方单位造成的突刺伤害+10%。"
    },
    {
      "id": 1030221,
      "name": "万念俱灰",
      "desc": "使速度值最高的1名友方单位本回合使用的首个技能威力+1。"
    },
    {
      "id": 1030321,
      "name": "一分为二",
      "desc": "使速度值最高的1名友方单位造成的斩击伤害+10%。"
    },
    {
      "id": 1040121,
      "name": "推波助澜",
      "desc": "使体力上限最低的1名友方单位造成与受到的伤害都+20%。"
    },
    {
      "id": 1040221,
      "name": "破局者",
      "desc": "使体力上限最低的1名友方单位对目标增加的破裂 强度额外+1级。"
    },
    {
      "id": 1040321,
      "name": "行动队长",
      "desc": "使速度值最高的1名友方单位对目标增加的流血 强度额外+1级。"
    },
    {
      "id": 1050121,
      "name": "掩护",
      "desc": "使体力上限最高的1名友方单位受到的伤害-10%。"
    },
    {
      "id": 1050221,
      "name": "砺火燃薪",
      "desc": "使速度值最低的1名友方单位对目标增加的烧伤 强度额外+1级。"
    },
    {
      "id": 1050321,
      "name": "默默行事",
      "desc": "使速度值最低的1名友方单位对目标增加的破裂 强度额外+1级。"
    },
    {
      "id": 1060121,
      "name": "无心戏言",
      "desc": "战斗开始时，使理智值最低的1名友方单位恢复6点理智值。"
    },
    {
      "id": 1060221,
      "name": "帮派清算",
      "desc": "使速度值最高的1名友方单位对目标增加的流血 强度额外+1级。"
    },
    {
      "id": 1060321,
      "name": "胜负手",
      "desc": "使理智值最高的1名友方单位硬币正面时造成的伤害+20%。"
    },
    {
      "id": 1070121,
      "name": "意气用事",
      "desc": "使体力上限最低的1名友方单位造成的打击伤害+10%。"
    },
    {
      "id": 1070221,
      "name": "不顾己身",
      "desc": "使体力最低的1名友方单位造成与受到的伤害都+20%。"
    },
    {
      "id": 1070321,
      "name": "执念",
      "desc": "使速度值最高的1名友方单位造成的突刺伤害+10%。"
    },
    {
      "id": 1080121,
      "name": "生存决意",
      "desc": "使体力最低且低于50%的1名友方单位的拼点威力+1"
    },
    {
      "id": 1080221,
      "name": "执念",
      "desc": "使理智值最低的1名友方单位造成的打击伤害+10%。"
    },
    {
      "id": 1080321,
      "name": "斗争",
      "desc": "使体力最低的1名友方单位的反击技能威力+2"
    },
    {
      "id": 1080421,
      "name": "照章办事",
      "desc": "使速度值最低的1名友方单位的守备技能威力+2"
    },
    {
      "id": 1090121,
      "name": "赌徒",
      "desc": "使体力最高的1名友方单位硬币正面时造成的伤害+20%"
    },
    {
      "id": 1090221,
      "name": "黑云剑法",
      "desc": "使速度值最低的1名友方单位造成的斩击伤害+10%。"
    },
    {
      "id": 1090321,
      "name": "攻坚战术",
      "desc": "使体力最高的1名友方单位对本回合使用了守备技能的目标造成的伤害+20%。"
    },
    {
      "id": 1100121,
      "name": "复仇决意",
      "desc": "友方单位被击杀时，使理智值最低的1名友方单位获得1层强壮 。"
    },
    {
      "id": 1100221,
      "name": "血染双手",
      "desc": "使速度值最低的1名友方单位最末尾的技能威力+1"
    },
    {
      "id": 1100321,
      "name": "固执己见",
      "desc": "使体力最低的1名友方单位受到的伤害-10%。"
    },
    {
      "id": 1100421,
      "name": "戏敌为乐",
      "desc": "使理智值最高的1名友方单位对理智值低于自身的目标造成的伤害+10%。"
    },
    {
      "id": 1110121,
      "name": "军人精神",
      "desc": "使体力最高的1名友方单位对理智值低于0的目标造成的伤害+30%。"
    },
    {
      "id": 1110221,
      "name": "补刀",
      "desc": "使理智值最高的1名友方单位对体力低于25%的目标造成的伤害+30%。"
    },
    {
      "id": 1110321,
      "name": "觉悟",
      "desc": "战斗开始时，使体力最高的友方单位随机获得1层强壮 ，1层忍耐 或1层守护 。"
    },
    {
      "id": 1120121,
      "name": "基因编码G-0",
      "desc": "战斗开始时，使体力最低的友方单位恢复5点体力"
    },
    {
      "id": 1120221,
      "name": "疾驰之心",
      "desc": "使速度值最低的1名友方单位的技能中第三枚及其之后的硬币伤害+30%。"
    },
    {
      "id": 1120321,
      "name": "基因编码G-3",
      "desc": "使体力最低的1名友方单位拼点胜利后恢复5点体力。"
    },
    {
      "id": 1000101,
      "name": "暴怒",
      "desc": "本回合内自身的攻击每成功命中一次，则使自身造成的伤害+1。"
    },
    {
      "id": 1000121,
      "name": "暴怒",
      "desc": "使随机友方单位获得以下效果：本回合内其攻击每成功命中一次，则使其造成的伤害+1。"
    },
    {
      "id": 1000201,
      "name": "色欲",
      "desc": "自身被攻击命中时，有50%的概率恢复3点体力。"
    },
    {
      "id": 1000221,
      "name": "色欲",
      "desc": "使随机友方单位获得以下效果：其被攻击命中时，有50%的概率恢复3点体力。"
    },
    {
      "id": 1000301,
      "name": "怠惰",
      "desc": "本回合内使自身受到的伤害-1。"
    },
    {
      "id": 1000321,
      "name": "怠惰",
      "desc": "使随机友方单位获得以下效果：本回合内使其受到的伤害-1。"
    },
    {
      "id": 1000401,
      "name": "暴食",
      "desc": "战斗开始时，使自身恢复5点体力。"
    },
    {
      "id": 1000421,
      "name": "暴食",
      "desc": "使随机友方单位获得以下效果：战斗开始时，使其恢复5点体力。"
    },
    {
      "id": 1000501,
      "name": "忧郁",
      "desc": "战斗开始时，使自身恢复5点理智值。"
    },
    {
      "id": 1000521,
      "name": "忧郁",
      "desc": "使随机友方单位获得以下效果：战斗开始时，使其恢复5点理智值。"
    },
    {
      "id": 1000601,
      "name": "傲慢",
      "desc": "拼点胜利后，使自身造成的伤害+2。"
    },
    {
      "id": 1000621,
      "name": "傲慢",
      "desc": "使随机友方单位获得以下效果：拼点胜利后，使其造成的伤害+2。"
    },
    {
      "id": 1000701,
      "name": "嫉妒",
      "desc": "本回合内，自身被攻击命中时，有25%的概率对攻击者造成1点伤害。"
    },
    {
      "id": 1000721,
      "name": "嫉妒",
      "desc": "使随机友方单位获得以下效果：本回合内，其被攻击命中时，有25%的概率对攻击者造成1点伤害。"
    },
    {
      "id": 1050401,
      "name": "执念之锤",
      "desc": "若自身的体力低于50%，战斗开始时解除1项负面状态并获得1层狂信 ，1层强壮 与3层守护 。"
    },
    {
      "id": 1090401,
      "name": "处刑的欢喜",
      "desc": "敌人被击杀后，获得1层迅捷 与1层伤害强化 。\n自身击杀敌人时，同时获得1层狂信 。(每回合1次。)"
    },
    {
      "id": 1050421,
      "name": "无上荣光",
      "desc": "使体力最低且低于50%的1名友方单位获得1层强壮 与1层守护 。\n若该友方单位隶属于N公司，同时使其获得1层狂信 。"
    },
    {
      "id": 1090421,
      "name": "信仰的满足",
      "desc": "敌人被击杀后，使理智值最高的1名友方单位获得1层迅捷 与1层伤害强化 。(每回合1次。)"
    },
    {
      "id": 1020401,
      "name": "哨声",
      "desc": "战斗开始时，使理智值最低的2名友方单位恢复15理智值。若该友方单位隶属于N公司，同时使其获得1层狂信 。"
    },
    {
      "id": 1020421,
      "name": "低语",
      "desc": "战斗开始时，使理智值最低的1名友方单位恢复15理智值。若该友方单位隶属于N公司，同时使其获得1层狂信 。"
    },
    {
      "id": 1070401,
      "name": "妈的……",
      "desc": "友方单位被击杀时，下回合使自身失去10点理智值并获得1层打击强壮 。"
    },
    {
      "id": 1070421,
      "name": "诵经",
      "desc": "使速度值最高的一名友方单位对目标施加的尖钉 层数额外+1层。"
    },
    {
      "id": 1110401,
      "name": "弱点洞悉",
      "desc": "使用目标抗性为“脆弱”或“致命”的技能攻击目标时，使自身造成的伤害+10%。"
    },
    {
      "id": 1110421,
      "name": "情报共享",
      "desc": "速度值最高的一名友方单位使用目标抗性为“脆弱”或“致命”的技能攻击目标时，使其造成的伤害+10%。"
    },
    {
      "id": 1060401,
      "name": "真火热呢~",
      "desc": "若自身的理智值高于30点，通过技能或硬币造成烧伤 效果时，使其层数+1层。"
    },
    {
      "id": 1060421,
      "name": "很温暖吧？",
      "desc": "使理智值最高的1名友方单位通过技能或硬币造成烧伤 效果时，使其层数+1层。"
    },
    {
      "id": 1040401,
      "name": "即兴烹饪",
      "desc": "自身击杀敌人后，使体力最低的友方单位恢复15点体力（每回合1次）。\n若自身带有饥渴 ，则将该状态全部消耗并根据其层数来提高恢复量。"
    },
    {
      "id": 1040421,
      "name": "艺术风味",
      "desc": "敌人被击杀后，使体力最低的友方单位恢复15点体力（每回合1次）。"
    },
    {
      "id": 1120401,
      "name": "打包肉派",
      "desc": "战斗开始时，使自身恢复8点体力。"
    },
    {
      "id": 1120421,
      "name": "协助烹饪",
      "desc": "战斗开始时，使体力最低的友方单位恢复5点体力。\n使良・派 厨师长 良秀的被动技能“即兴烹饪”造成的恢复量+5。"
    },
    {
      "id": 1100501,
      "name": "狂炎",
      "desc": "使自身通过拼点胜利或击杀敌人恢复的理智值减少50%。"
    },
    {
      "id": 1100521,
      "name": "无处可逃",
      "desc": "使理智值最低的1名友方造成的打击伤害+10%。\n若该友方理智值低于0，则根据其理智值的负面程度进一步提高其造成的打击伤害。(最大再提高10%)"
    },
    {
      "id": 1030401,
      "name": "汝当锤！",
      "desc": "对拥有尖钉 的对象施加的震颤 层数额外+1层。\n若自身带有狂信 ，则施加的尖钉 层数额外+1层。"
    },
    {
      "id": 1030421,
      "name": "盲目之锤",
      "desc": "使带有狂信 的友方之中理智值最低的1名友方造成的伤害+10%。"
    }
  ]
}