{
  "dataList": [
    {
      "id": 10101,
      "title": "LCB\n罪人",
      "name": "李箱",
      "nameWithTitle": "李箱",
      "desc": "李箱的第1人格"
    },
    {
      "id": 10201,
      "title": "LCB\n罪人",
      "name": "浮士德",
      "nameWithTitle": "浮士德",
      "desc": "浮士德的第1人格"
    },
    {
      "id": 10301,
      "title": "LCB\n罪人",
      "name": "堂吉诃德",
      "nameWithTitle": "堂吉诃德",
      "desc": "堂吉诃德的第1人格"
    },
    {
      "id": 10401,
      "title": "LCB\n罪人",
      "name": "良秀",
      "nameWithTitle": "良秀",
      "desc": "良秀的第1人格"
    },
    {
      "id": 10501,
      "title": "LCB\n罪人",
      "name": "默尔索",
      "nameWithTitle": "默尔索",
      "desc": "默尔索的第1人格"
    },
    {
      "id": 10601,
      "title": "LCB\n罪人",
      "name": "鸿璐",
      "nameWithTitle": "鸿璐",
      "desc": "鸿璐的第1人格"
    },
    {
      "id": 10701,
      "title": "LCB\n罪人",
      "name": "希斯克利夫",
      "nameWithTitle": "希斯克利夫",
      "desc": "希斯克利夫的第1人格"
    },
    {
      "id": 10801,
      "title": "LCB\n罪人",
      "name": "以实玛利",
      "nameWithTitle": "以实玛利",
      "desc": "以实玛利的第1人格"
    },
    {
      "id": 10901,
      "title": "LCB\n罪人",
      "name": "罗佳",
      "nameWithTitle": "罗佳",
      "desc": "罗佳的第1人格"
    },
    {
      "id": 11001,
      "title": "LCB\n罪人",
      "name": "辛克莱",
      "nameWithTitle": "辛克莱",
      "desc": "辛克莱的第1人格"
    },
    {
      "id": 11101,
      "title": "LCB\n罪人",
      "name": "奥提斯",
      "nameWithTitle": "奥提斯",
      "desc": "奥提斯的第1人格"
    },
    {
      "id": 11201,
      "title": "LCB\n罪人",
      "name": "格里高尔",
      "nameWithTitle": "格里高尔",
      "desc": "格里高尔的第1人格"
    },
    {
      "id": 10102,
      "title": "Seven协会\n南部6科",
      "name": "李箱",
      "nameWithTitle": "李箱",
      "desc": "李箱的第2人格"
    },
    {
      "id": 10202,
      "title": "W公司 2级\n清扫小组",
      "name": "浮士德",
      "nameWithTitle": "浮士德",
      "desc": "浮士德的第2人格"
    },
    {
      "id": 10302,
      "title": "W公司 3级\n清扫小组",
      "name": "堂吉诃德",
      "nameWithTitle": "堂吉诃德",
      "desc": "堂吉诃德的第2人格"
    },
    {
      "id": 10402,
      "title": "Seven协会\n南部6科",
      "name": "良秀",
      "nameWithTitle": "良秀",
      "desc": "良秀的第2人格"
    },
    {
      "id": 10502,
      "title": "六协会\n南部6科",
      "name": "默尔索",
      "nameWithTitle": "默尔索",
      "desc": "默尔索的第2人格"
    },
    {
      "id": 10602,
      "title": "黑云会\n若众",
      "name": "鸿璐",
      "nameWithTitle": "鸿璐",
      "desc": "鸿璐的第2人格"
    },
    {
      "id": 10702,
      "title": "し协会\n南部5科",
      "name": "希斯克利夫",
      "nameWithTitle": "希斯克利夫",
      "desc": "希斯克利夫的第2人格"
    },
    {
      "id": 10802,
      "title": "R公司\n第四集团军\n驯鹿队",
      "name": "以实玛利",
      "nameWithTitle": "以实玛利",
      "desc": "以实玛利的第2人格"
    },
    {
      "id": 10902,
      "title": "黑云会\n若众",
      "name": "罗佳",
      "nameWithTitle": "罗佳",
      "desc": "罗佳的第2人格"
    },
    {
      "id": 11002,
      "title": "剑契组\n杀手",
      "name": "辛克莱",
      "nameWithTitle": "辛克莱",
      "desc": "辛克莱的第2人格"
    },
    {
      "id": 11102,
      "title": "剑契组\n封口人",
      "name": "奥提斯",
      "nameWithTitle": "奥提斯",
      "desc": "奥提斯的第2人格"
    },
    {
      "id": 11202,
      "title": "六协会\n南部6科",
      "name": "格里高尔",
      "nameWithTitle": "格里高尔",
      "desc": "格里高尔的第2人格"
    },
    {
      "id": 10103,
      "title": "剑契组\n杀手",
      "name": "李箱",
      "nameWithTitle": "李箱",
      "desc": "李箱的第3人格"
    },
    {
      "id": 10203,
      "title": "脑叶公司\n幸存者",
      "name": "浮士德",
      "nameWithTitle": "浮士德",
      "desc": "浮士德的第3人格"
    },
    {
      "id": 10403,
      "title": "黑云会\n若众",
      "name": "良秀",
      "nameWithTitle": "良秀",
      "desc": "良秀的第3人格"
    },
    {
      "id": 10503,
      "title": "W公司 2级\n清扫小组",
      "name": "默尔索",
      "nameWithTitle": "默尔索",
      "desc": "默尔索的第3人格"
    },
    {
      "id": 10603,
      "title": "豆豆帮\n帮主",
      "name": "鸿璐",
      "nameWithTitle": "鸿璐",
      "desc": "鸿璐的第3人格"
    },
    {
      "id": 10703,
      "title": "R公司\n第四集团军\n兔子队",
      "name": "希斯克利夫",
      "nameWithTitle": "希斯克利夫",
      "desc": "希斯克利夫的第3人格"
    },
    {
      "id": 10803,
      "title": "し协会\n南部5科",
      "name": "以实玛利",
      "nameWithTitle": "以实玛利",
      "desc": "以实玛利的第3人格"
    },
    {
      "id": 10903,
      "title": "LCCB\n系长",
      "name": "罗佳",
      "nameWithTitle": "罗佳",
      "desc": "罗佳的第3人格"
    },
    {
      "id": 11003,
      "title": "Zwei协会\n南部6科",
      "name": "辛克莱",
      "nameWithTitle": "辛克莱",
      "desc": "辛克莱的第3人格"
    },
    {
      "id": 11103,
      "title": "G公司\n部长",
      "name": "奥提斯",
      "nameWithTitle": "奥提斯",
      "desc": "奥提斯的第3人格"
    },
    {
      "id": 11203,
      "title": "G公司\n首席助理",
      "name": "格里高尔",
      "nameWithTitle": "格里高尔",
      "desc": "格里高尔的第3人格"
    },
    {
      "id": 10804,
      "title": "LCCB\n系长",
      "name": "以实玛利",
      "nameWithTitle": "以实玛利",
      "desc": "以实玛利的第4人格"
    },
    {
      "id": 11004,
      "title": "流浪乐队\n头目",
      "name": "辛克莱",
      "nameWithTitle": "辛克莱",
      "desc": "辛克莱的第4人格"
    },
    {
      "id": 10303,
      "title": "し协会\n南部5科科长",
      "name": "堂吉诃德",
      "nameWithTitle": "堂吉诃德",
      "desc": "堂吉诃德的第3人格"
    },
    {
      "id": 10504,
      "title": "N公司\n大锤",
      "name": "默尔索",
      "nameWithTitle": "默尔索",
      "desc": "默尔索的第4人格"
    },
    {
      "id": 10904,
      "title": "N公司\n中锤",
      "name": "罗佳",
      "nameWithTitle": "罗佳",
      "desc": "罗佳的第4人格"
    },
    {
      "id": 10204,
      "title": "执柄者",
      "name": "浮士德",
      "nameWithTitle": "浮士德",
      "desc": "浮士德的第4人格"
    },
    {
      "id": 10704,
      "title": "N公司\n小锤",
      "name": "希斯克利夫",
      "nameWithTitle": "希斯克利夫",
      "desc": "希斯克利夫的第4人格"
    },
    {
      "id": 11104,
      "title": "Seven协会\n南部6科科长",
      "name": "奥提斯",
      "nameWithTitle": "奥提斯",
      "desc": "奥提斯的第4人格"
    },
    {
      "id": 10604,
      "title": "六协会\n南部5科",
      "name": "鸿璐",
      "nameWithTitle": "鸿璐",
      "desc": "鸿璐的第4人格"
    },
    {
      "id": 10404,
      "title": "良・派\n厨师长",
      "name": "良秀",
      "nameWithTitle": "良秀",
      "desc": "良秀的第4人格"
    },
    {
      "id": 11204,
      "title": "良・派\n帮厨",
      "name": "格里高尔",
      "nameWithTitle": "格里高尔",
      "desc": "格里高尔的第4人格"
    },
    {
      "id": 10304,
      "title": "N公司\n中锤",
      "name": "堂吉诃德",
      "nameWithTitle": "堂吉诃德",
      "desc": "堂吉诃德的第4人格"
    },
    {
      "id": 11005,
      "title": "准执柄者",
      "name": "辛克莱",
      "nameWithTitle": "辛克莱",
      "desc": "辛克莱的第5人格"
    }
  ]
}