{
  "dataList": [
    {
      "id": 2010111,
      "name": "沉默",
      "desc": "受到攻击时，下回合获得5层束缚 ，使用目标抗性为“脆弱”或“致命”的技能攻击目标时造成的伤害+20%\n（每回合1次）"
    },
    {
      "id": 2010211,
      "name": "火星",
      "desc": "拼点胜利时，对目标施加(暴怒完全共鸣数/2)级强度的烧伤 。\n（每个技能1次）"
    },
    {
      "id": 2010311,
      "name": "石头爷爷",
      "desc": "回合开始时，使自身获得3层打击守护 与怠惰守护 。"
    },
    {
      "id": 2020111,
      "name": "倦怠",
      "desc": "攻击技能的威力+2。\n若本场战斗超过10回合，每回合开始时使自身获得2层守护 ，同时使自身攻击技能威力-2。"
    },
    {
      "id": 2020211,
      "name": "液膜",
      "desc": "回合开始时，使体力最低的友方单位获得2层守护 。(包括自身)"
    },
    {
      "id": 2020311,
      "name": "好痛！",
      "desc": "每有一项负面状态，使自身造成的伤害+10%。(最多50%)"
    },
    {
      "id": 2030111,
      "name": "热情过盛",
      "desc": "战斗开始时，使自身在下回合获得本回合(色欲完全共鸣数/2)层迅捷 与破绽 。"
    },
    {
      "id": 2030211,
      "name": "忧郁浪潮",
      "desc": "使仪表盘最右端的技能指向的目标在攻击之后减少(2x忧郁完全共鸣数)点理智值。\n(对异想体则造成忧郁属性伤害)"
    },
    {
      "id": 2040111,
      "name": "艺术",
      "desc": "战斗开始时，使自身获得本回合(暴怒完全共鸣数/2)层斩击伤害强化 和易损 。"
    },
    {
      "id": 2040211,
      "name": "终末火柴之光",
      "desc": "使自身使用的第4个技能威力+4，每次命中时对目标施加4级烧伤 强度。"
    },
    {
      "id": 2050111,
      "name": "拒绝判断",
      "desc": "战斗开始时，若自身被3个及以上技能指定为目标，则使自身获得3层守护 。"
    },
    {
      "id": 2050211,
      "name": "最终改造",
      "desc": "若自身在体力低于25%时使用了E.G.O技能“脱线一击”，则使自身每回合获得3层强壮 ，忍耐 和迅捷 ，但自身会在3回合后死亡。"
    },
    {
      "id": 2050311,
      "name": "天启",
      "desc": "仪表盘最左侧的技能拼点胜利后，在下回合使随机友方单位获得1层强壮或1层忍耐。"
    },
    {
      "id": 2060111,
      "name": "涟漪",
      "desc": "战斗开始时，使理智值最低的友方单位恢复(忧郁共鸣数)点理智值\n陷入恐慌的友方单位除外。"
    },
    {
      "id": 2060211,
      "name": "缚身丝带",
      "desc": "下回合对仪表盘最左侧技能的目标施加(色欲共鸣数/4)层色欲易损 。"
    },
    {
      "id": 2070111,
      "name": "傲气",
      "desc": "其他友方单位击杀敌人时，在下回合使自身获得2层强壮 ，2层迅捷 和4层易损。"
    },
    {
      "id": 2070211,
      "name": "咆哮",
      "desc": "击杀敌人后，使自身获得(嫉妒完全共鸣数/2)层充能 。"
    },
    {
      "id": 2080111,
      "name": "强迫症",
      "desc": "进行自身有利的拼点时，拼点威力+2。\n进行自身不利的拼点时，拼点威力-2。"
    },
    {
      "id": 2080211,
      "name": "粉色丝带",
      "desc": "拼点胜利时，在下回合对目标施加3层粉色丝带 和3层束缚 。"
    },
    {
      "id": 2080311,
      "name": "火星飞散",
      "desc": "自身的攻击命中时，若目标带有烧伤 ，则使3名随机敌人增加1级烧伤 强度。"
    },
    {
      "id": 2090111,
      "name": "断绝",
      "desc": "回合开始时，使自身获得1层斩击伤害强化 。每当敌我双方任意单位死亡时，自身都会失去10点理智值。"
    },
    {
      "id": 2090211,
      "name": "火种",
      "desc": "击杀带有烧伤 的敌人后，使自身恢复体力上限(暴怒共鸣数)%的体力。"
    },
    {
      "id": 2090311,
      "name": "寒气",
      "desc": "自身的攻击命中时，若目标的沉沦 强度高于5级，则对其施加1层束缚 和1层虚弱 。\n（每个目标最多3次）"
    },
    {
      "id": 2100111,
      "name": "不稳定",
      "desc": "战斗开始时，使自身获得(暴食共鸣数/2)层强壮 。\n下回合对自身施加等量的虚弱 ，且上述效果在该回合不会生效。"
    },
    {
      "id": 2100211,
      "name": "活祭仪式",
      "desc": "用攻击或反击技能击杀敌人后，获得5个该技能对应属性的罪孽碎片。"
    },
    {
      "id": 2110111,
      "name": "完美战术",
      "desc": "若自身在整个回合内没有受到任何攻击，则在下回合使自身获得1层伤害强化 。"
    },
    {
      "id": 2110211,
      "name": "猜疑之枝",
      "desc": "回合开始时，使自身获得1层突刺伤害强化 。\n自身的攻击正面命中时，下回合对目标施加1层束缚 和1层破裂。"
    },
    {
      "id": 2110311,
      "name": "入定",
      "desc": "回合开始时，使自身获得1层色欲伤害强化 。\n若自身的理智值低于0则额外获得1层。"
    },
    {
      "id": 2120111,
      "name": "异形发作",
      "desc": "回合开始时，若自身的体力低于25%，则使自身恢复15点体力并获得2层守护 。\n使自身以外的1名随机友方单位失去15点理智值。"
    },
    {
      "id": 2120211,
      "name": "蛆虫",
      "desc": "自身的攻击命中时，有(暴食共鸣数x8)%的概率对目标施加5层蛆虫 。"
    },
    {
      "id": 2120311,
      "name": "吸收养分",
      "desc": "击杀带有破裂 的敌人后，使自身恢复体力上限(暴食共鸣数)%的体力。"
    },
    {
      "id": 2030311,
      "name": "无序放电",
      "desc": "战斗开始时，使随机友方单位获得(嫉妒完全共鸣数/2)层充能 。"
    },
    {
      "id": 2020411,
      "name": "适应型放电",
      "desc": "自身带有充能 时，每层充能 使自身造成的伤害+2%。\n技能的充能 层数消耗量降低2层。"
    },
    {
      "id": 2030411,
      "name": "暴食巨釜",
      "desc": "回合开始时，将2个非色欲属性的罪孽碎片转化为1个色欲罪孽碎片。"
    },
    {
      "id": 2100311,
      "name": "炖菜喷涌",
      "desc": "自身的攻击反面命中时，使目标增加1级烧伤 强度。"
    },
    {
      "id": 2010411,
      "name": "彷徨之人",
      "desc": "回合开始时，若自身在上回合未受到伤害，则获得4层充能 \n命中速度值低于自身的目标时，对目标施加1层破裂 。(每回合最多3次)"
    },
    {
      "id": 2060311,
      "name": "纠缠态现状复原",
      "desc": "命中带有负面状态的目标时，使自身获得1层充能 。(每回合最多4次)\n战斗中自身的体力首次降至0时，消耗所有充能 层数，并根据所消耗的层数来按比例恢复体力。(每场战斗仅生效一次，最多恢复体力上限25%的体力)"
    }
  ]
}