{
  "dataList": [
    {
      "id": 800101,
      "name": "苹果的恍惚",
      "desc": "果实被破坏后，使所有部位获得2层易损。\n果实会在一回合后再生。",
      "summary": "果实被破坏后，使所有部位获得2层易损 。"
    },
    {
      "id": 800102,
      "name": "如果它出现了就是bug1",
      "desc": "当头部再生一次后，体力再度低于50%时出现判定事件。"
    },
    {
      "id": 800103,
      "name": "如果它出现了就是bug2",
      "desc": "第3回合开始时，出现能够消除绿色枝干的效果的判定事件。"
    },
    {
      "id": 800104,
      "name": "缠绕的根",
      "desc": "回合开始时，对所有敌人施加1层束缚 ，直到根部被破坏为止。",
      "summary": "对所有敌人施加1层束缚 ，直到根部被破坏为止。"
    },
    {
      "id": 800105,
      "name": "唯一的根",
      "desc": "每有一个未被破坏的手臂部位，根部便获得2层强壮 。"
    },
    {
      "id": 800201,
      "name": "血祭开幕",
      "desc": "终末土偶被全部击杀后，进入下一阶段。"
    },
    {
      "id": 800202,
      "name": "如果它出现了也是bug",
      "desc": "第2阶段的第2回合开始时，出现判定事件1。"
    },
    {
      "id": 800203,
      "name": "火祭开幕",
      "desc": "手臂被全部破坏，或本体体力低于70%时，进入下一阶段。"
    },
    {
      "id": 800204,
      "name": "热气",
      "desc": "第3阶段时，每回合使所有敌人增加3级烧伤 强度。"
    },
    {
      "id": 800205,
      "name": "如果它出现了也是bug",
      "desc": "体力低于上限的60%时，出现判定事件2。"
    },
    {
      "id": 800206,
      "name": "星祭开幕",
      "desc": "本体的体力低于25%时，进入下一阶段。"
    },
    {
      "id": 800207,
      "name": "如果它出现了也是bug",
      "desc": "第4阶段的第2回合开始时，出现判定事件3。"
    },
    {
      "id": 800301,
      "name": "偶像崇拜",
      "desc": "体力值归零时不会死亡，并以无法行动且无法被选为目标的状态留在场上。\n终末日历被镇压时将被一并镇压。"
    },
    {
      "id": 800801,
      "name": "碎裂的黄金",
      "desc": "每回合根据光辉 层数按比例恢复体力。"
    },
    {
      "id": 800901,
      "name": "",
      "desc": ""
    },
    {
      "id": 800902,
      "name": "中枢毁坏",
      "desc": "头部被破坏的下一回合，所有部位无法行动。被破坏的头部将在一回合后再生。"
    },
    {
      "id": 800903,
      "name": "腐烂的苹果",
      "desc": "躯干被破坏后，每个回合开始时对所有部位施加2层虚弱 。"
    },
    {
      "id": 800904,
      "name": "这个文本是bug",
      "desc": "这个文本是bug"
    },
    {
      "id": 801001,
      "name": "强化工厂启动",
      "desc": "自身死亡时，下回合获得1层手术 并复活。"
    },
    {
      "id": 801002,
      "name": "你必须变强",
      "desc": "每回合获得1层守护 。"
    },
    {
      "id": 801201,
      "name": "你必须变强",
      "desc": "每回合获得2层守护 。"
    },
    {
      "id": 801301,
      "name": "摇晃的欲望",
      "desc": "进入渴望 状态后，施加2层易损 ，10层束缚 ，获得一个行动槽并改变自身的行动模式。"
    },
    {
      "id": 801302,
      "name": "席卷其身的欲望",
      "desc": "每减少30%体力，进入渴望 状态。"
    },
    {
      "id": 801904,
      "name": "深入肌肤的恐惧",
      "desc": "在本波次中，根据被击杀的友方单位数量获得相应层数的守护 。(最多5层)"
    },
    {
      "id": 802401,
      "name": "随脉而动的手臂",
      "desc": "回合开始时，根据本能 的层数获得相应层数的强壮 和守护 。"
    },
    {
      "id": 802402,
      "name": "受损伤的手臂",
      "desc": "受到伤害时失去1层本能 。"
    },
    {
      "id": 802403,
      "name": "躯壳修复",
      "desc": "回合结束时，若本回合内未受到伤害，则恢复5%的体力，获得1层本能 。"
    },
    {
      "id": 802404,
      "name": "狂乱的双眼",
      "desc": "拥有至少4层本能 时将进入攻击模式，低于4层本能 时将进入防御模式。"
    },
    {
      "id": 802501,
      "name": "膨胀的攻击性",
      "desc": "受到攻击时，获得1层本能 。回合结束时，若拥有超过4层本能 ，则进入狂暴 状态。"
    },
    {
      "id": 802502,
      "name": "狂暴",
      "desc": "进入狂暴 状态时，自身获得3层强壮并施加3层易损 ，随后改变自身的行动。被攻击时不再积蓄“本能”层数。"
    },
    {
      "id": 802503,
      "name": "荡漾的暴怒",
      "desc": "体力低于50%时，每回合都进入狂暴 状态。"
    },
    {
      "id": 802701,
      "name": "膨胀的攻击性",
      "desc": "受到攻击时，获得1层本能 。回合结束时，若拥有超过4层本能 ，则进入狂暴 状态。"
    },
    {
      "id": 802702,
      "name": "狂暴",
      "desc": "进入狂暴 状态时，自身获得3层强壮并施加3层易损 ，随后改变自身的行动。被攻击时不再积蓄“本能”层数。"
    },
    {
      "id": 802801,
      "name": "腐化外皮",
      "desc": "回合开始时，若自身体力低于50%，则受到攻击时，对攻击者施加3层 剧毒。"
    },
    {
      "id": 802802,
      "name": "脱皮",
      "desc": "破坏本条手臂后，若下一回合结束前未能破坏另一条手臂，则本条手臂将会以另一条手臂的体力值再生。"
    },
    {
      "id": 802803,
      "name": "痛苦蠕动",
      "desc": "两条手臂均被破坏后，每回合对自身施加5层易损 ，并对所有敌人施加10层剧毒 。"
    },
    {
      "id": 802804,
      "name": "蠢蠢欲动的本能",
      "desc": "拥有至少4层本能 时将进入攻击模式，低于4层本能 时将进入防御模式。"
    },
    {
      "id": 803302,
      "name": "被切断的手臂",
      "desc": "手臂被破坏后，每回合对自身施加5层易损 。"
    },
    {
      "id": 802901,
      "name": "令人恐惧的哨音",
      "desc": "记号 少于3个时，每回合对辛克莱施加1层束缚 和1层麻痹 。"
    },
    {
      "id": 802902,
      "name": "战胜恐惧的勇气",
      "desc": "记号 达到3个或以上时，每回合使辛克莱获得1层强壮 和2层守护 。"
    },
    {
      "id": 802903,
      "name": "接受痛苦吧！",
      "desc": "回合开始时，若未被破坏的部位拥有流血 或烧伤 层数，则恢复体力上限的15%，获得3层强壮 。恢复比例与威力提升 根据记号 的个数按比减少。"
    },
    {
      "id": 802904,
      "name": "处刑的欢愉",
      "desc": "击杀敌人后，下回合开始时使自身获得2层迅捷 和5层伤害强化 。"
    },
    {
      "id": 803001,
      "name": "满溢而出的喜悦",
      "desc": "从第3回合开始，每2回合便进入狂喜 状态。"
    },
    {
      "id": 803002,
      "name": "绽放的纯粹",
      "desc": "克罗默的本体体力低于50%时，在剩余回合中将进入纯粹 状态。"
    },
    {
      "id": 803003,
      "name": "无瑕的肉身",
      "desc": "手臂被破坏后，对该部位施加两层虚弱 。"
    },
    {
      "id": 803101,
      "name": "血囊",
      "desc": "暴怒耐性提升。\n忧郁耐性降低。"
    },
    {
      "id": 803102,
      "name": "水囊",
      "desc": "水囊 持续期间，本体恢复（数值x20）点体力。"
    },
    {
      "id": 803103,
      "name": "鲜血沸腾",
      "desc": "当处于血囊 状态的躯干部位被破坏，对所有敌人造成20点固定伤害。"
    },
    {
      "id": 803201,
      "name": "避雷针",
      "desc": "电线杆被攻击时，对攻击者施加2层感电 。\n拥有超过5层带电状态 时，下回合开始改为对攻击者施加3层感电 。\n（持续到带电状态 层数降至0为止。）\n受到怠惰属性的攻击时，对攻击者施加的感电 层数减半。(向上取整)"
    },
    {
      "id": 803202,
      "name": "带电状态",
      "desc": "电线杆未被破坏时，攻击结束后使自身获得1层带电状态 。电线杆被攻击时，失去1层带电状态 。"
    },
    {
      "id": 803203,
      "name": "破裂的碎片",
      "desc": "电线杆陷入混乱或被破坏时，带电状态 层数归零。本回合内巷头恶犬的攻击全部中断。"
    },
    {
      "id": 803401,
      "name": "小凤小凤到处走动",
      "desc": "回合结束时，随机使1名敌人损失3点理智值。"
    },
    {
      "id": 803701,
      "name": "小凤小凤力量爆棚",
      "desc": "回合结束时，下回合对包含自身在内的全体友方单位获得2层伤害强化 与2层守护 。"
    },
    {
      "id": 803901,
      "name": "幸福的鸡",
      "desc": "回合结束时，根据参与战斗的生鸡数量，使自身恢复（生鸡数量*5）的体力。"
    },
    {
      "id": 803902,
      "name": "忧郁的鸡",
      "desc": "回合结束时，根据参与战斗的生鸡数量，使所有敌人损失（生鸡数量*5）的理智值。"
    },
    {
      "id": 803903,
      "name": "衰弱的鸡",
      "desc": "部位被破坏时，根据直到部位被破坏为止死亡的生鸡数量，每回合对自身施加相应层数的脆弱 。"
    },
    {
      "id": 803904,
      "name": "变强的鸡",
      "desc": "未进入部位破坏状态时，每回合根据存活的生鸡数量获得相应层数的伤害强化 。"
    }
  ]
}