{
  "dataList": [
    {
      "id": "1",
      "title": "首站：遭遇",
      "desc": "<color=#990000><b> [折射率：3%] </b></color>\n\n刚刚登上列车后才不久，\n车辆似乎就已经停了下来。\n虽然感觉上还有些陌生，\n但在经历两三场战斗之后，情况应该就会有所改变。"
    },
    {
      "id": "2",
      "title": "第2站：叙旧",
      "desc": "<color=#990000><b> [折射率：8%] </b></color>\n\n它们是在某一刻，我们曾经遇到过的东西。\n这可能只是另一场遭遇战。\n又或者，是在未来的某些时刻我们将会接触到的存在。"
    },
    {
      "id": "3",
      "title": "第3站：沉沦",
      "desc": "<color=#990000><b> [折射率：13%] </b></color>\n\n传来了一阵阴郁而悲伤的哭声。\n尽管我们很想留在此处继续聆听下去，\n但我们不能停留太久。\n为了抵达下一站，我们别无选择，只能去面对它。"
    },
    {
      "id": "4",
      "title": "第4站：再会",
      "desc": "<color=#990000><b> [折射率：19%] </b></color>\n\n那些人曾经无情地追捕过我们。\n看到他们再次与我们对峙……\n不知为何，这有点让我感到恶心。"
    },
    {
      "id": "5",
      "title": "第5站：绝缘",
      "desc": "<color=#990000><b> [折射率：23%] </b></color>\n\n咆哮的雷声震颤着空气。\n深邃的黑暗会被时不时的一道紫色的闪电所刺穿。\n声音越来越接近，\n光线越来越明亮。\n那等待着我们的东西，逐渐变得清晰。"
    },
    {
      "id": "6",
      "title": "第6站：提拨",
      "desc": "<color=#990000><b> [折射率：34%] </b></color>\n\n雷鸣般的嗡嗡声似乎仍在耳边萦绕。\n等等，不对。\n这声音虽然听上去很相似，但又不完全一致。\n铁锈与肉类烧焦的气味，就这样飘过我们的身边。"
    },
    {
      "id": "7",
      "title": "第7站：断首",
      "desc": "<color=#990000><b> [折射率：42%] </b></color>\n\n遭受了众多反射与折射后，\n强烈的眩晕感让我产生了一种想把脑袋给扯下来的冲动。\n强忍住本不该存在的呕吐冲动，\n一个新的生命出现在眼前，\n我很庆幸我的冲动仅仅只停留在念头。"
    },
    {
      "id": "8",
      "title": "第8站：存在",
      "desc": "<color=#990000><b> [折射率：51%] </b></color>\n\n那些公司的自动装置并不是已知唯一可以再生的生物。\n回头看去……还有一种生物从战斗中吸取了经验。\n它们会模仿他人化为己物。\n这是一种借他人之物来掩盖自身存在的东西。"
    },
    {
      "id": "9",
      "title": "第9站：血清",
      "desc": "<color=#990000><b> [折射率：59%] </b></color>\n\n这个标志所代表的公司，曾经一度把我们逼到绝境。\n那些能在受伤的瞬间就治愈的人……\n这场战斗想必需要足够的果断与决心。"
    },
    {
      "id": "10",
      "title": "第10站：岔舌",
      "desc": "<color=#990000><b> [折射率：71%] </b></color>\n\n蠕动的舌头分叉为两半，不知道该指向哪个方向。\n不知道该指向哪个方向，\n紧张地伸出又缩回。\n我们和它都处于危险当中。\n哪怕是一个错误的选择，都可能让我们被反射到这个镜面之外。"
    },
    {
      "id": "11",
      "title": "第11站：导电",
      "desc": "<color=#990000><b> [折射率：84%] </b></color>\n\n这些是我们在几个车站前曾经看到过的生物。\n他们为什么会这样聚在一起，\n完全是个谜团。\n或许它们在折射时被投射到了同一位置，\n又或者，它们可能只是像水导电那样，自然而然的结合在一起。"
    },
    {
      "id": "12",
      "title": "第12站：净化",
      "desc": "<color=#990000><b> [折射率：92%] </b></color>\n\n它就这样，以它所认为的最纯粹的形态站在那里。\n一位罪人惊呼，“这怎么可能！”，\n然而在一个如此扭曲的世界中，\n这样的说法不会有什么意义。\n我们之间唯一被允许的交流，就是武器相击碰撞的声响。"
    },
    {
      "id": "13",
      "title": "终点站：无我",
      "desc": "<color=#990000><b> [折射率：99%] </b></color>\n\n这就是极限了。\n即使是片刻的放松，感觉也会让我们被弹回来时的地方。\n一时的大意，就会使我们所有的努力都化为乌有。\n如果我们能度过这一关，就能抵达终点站。\n让我们放空思想，继续前行——仿佛那边空无一物。"
    }
  ]
}