{
  "dataList": [
    {
      "id": 2010111,
      "levelList": [
        {
          "level": 1,
          "name": "乌瞰刀",
          "abName": "李箱",
          "desc": "",
          "coinlist": [
            {
              "coindescs": [
                {
                  "desc": "[OnSucceedAttackHead] 对目标施加2层虚弱 "
                },
                {
                  "desc": "[OnSucceedAttack] 下回合使全体友方单位获得1层迅捷 "
                }
              ]
            }
          ]
        },
        {
          "level": 3,
          "name": "乌瞰刀",
          "abName": "李箱",
          "desc": "",
          "coinlist": [
            {
              "coindescs": [
                {
                  "desc": "[OnSucceedAttack] 对目标施加2层虚弱 "
                },
                {
                  "desc": "[OnSucceedAttack] 下回合使全体友方单位获得3层迅捷 "
                }
              ]
            }
          ]
        }
      ]
    },
    {
      "id": 2010211,
      "levelList": [
        {
          "level": 1,
          "name": "终末火柴之光",
          "abName": "焦化少女",
          "desc": "[Wide] 指定3个行动槽",
          "coinlist": [
            {
              "coindescs": [
                {
                  "desc": "[OnSucceedAttackHead] 使目标增加2级烧伤 强度"
                }
              ]
            }
          ]
        },
        {
          "level": 3,
          "name": "终末火柴之光",
          "abName": "焦化少女",
          "desc": "[Wide] 指定3个行动槽",
          "coinlist": [
            {
              "coindescs": [
                {
                  "desc": "[OnSucceedAttackHead] 使目标增加4级烧伤 强度"
                }
              ]
            }
          ]
        }
      ]
    },
    {
      "id": 2010221,
      "levelList": [
        {
          "level": 1,
          "name": "终末火柴之光",
          "abName": "焦化少女",
          "desc": "[CantIdentify][Wide] 指定3个行动槽\n随机指定目标",
          "coinlist": [
            {
              "coindescs": [
                {
                  "desc": "[OnSucceedAttack] 使目标增加2级烧伤 强度"
                }
              ]
            }
          ]
        },
        {
          "level": 3,
          "name": "终末火柴之光",
          "abName": "焦化少女",
          "desc": "[CantIdentify][Wide] 指定3个行动槽\n随机指定目标",
          "coinlist": [
            {
              "coindescs": [
                {
                  "desc": "[OnSucceedAttack] 使目标增加4级烧伤 强度"
                }
              ]
            }
          ]
        }
      ]
    },
    {
      "id": 2010311,
      "levelList": [
        {
          "level": 1,
          "name": "祈愿石",
          "abName": "绕佛塔",
          "desc": "指定站位最靠后的目标（仅限常规遭遇战）",
          "coinlist": [
            {
              "coindescs": [
                {
                  "desc": "[OnSucceedAttack] 对目标施加1层怠惰易损 "
                },
                {
                  "desc": "[OnSucceedAttackHead] 对目标施加2层麻痹 "
                }
              ]
            }
          ]
        },
        {
          "level": 3,
          "name": "祈愿石",
          "abName": "绕佛塔",
          "desc": "指定站位最靠后的目标（仅限常规遭遇战）",
          "coinlist": [
            {
              "coindescs": [
                {
                  "desc": "[OnSucceedAttack] 对目标施加2层怠惰易损 "
                },
                {
                  "desc": "[OnSucceedAttackHead] 对目标施加3层麻痹 "
                }
              ]
            }
          ]
        }
      ]
    },
    {
      "id": 2010321,
      "levelList": [
        {
          "level": 1,
          "name": "祈愿石",
          "abName": "绕佛塔",
          "desc": "[CantIdentify][Wide] 指定3个行动槽\n随机指定目标",
          "coinlist": [
            {
              "coindescs": [
                {
                  "desc": "[OnSucceedAttack] 对目标施加1层怠惰易损 "
                },
                {
                  "desc": "[OnSucceedAttackHead] 对目标施加2层麻痹 "
                }
              ]
            }
          ]
        },
        {
          "level": 3,
          "name": "祈愿石",
          "abName": "绕佛塔",
          "desc": "[CantIdentify][Wide] 指定3个行动槽\n随机指定目标",
          "coinlist": [
            {
              "coindescs": [
                {
                  "desc": "[OnSucceedAttack] 对目标施加1层怠惰易损 "
                },
                {
                  "desc": "[OnSucceedAttack] 对目标施加2层麻痹 "
                },
                {
                  "desc": "[OnSucceedAttackHead] 下回合对目标施加3层束缚 "
                }
              ]
            }
          ]
        }
      ]
    },
    {
      "id": 2020111,
      "levelList": [
        {
          "level": 1,
          "name": "表象放出仪",
          "abName": "浮士德",
          "desc": "[Wide] 指定3个行动槽",
          "coinlist": [
            {
              "coindescs": [
                {
                  "desc": "[EndSkill] 使全体友方单位恢复6点理智值"
                }
              ]
            }
          ]
        },
        {
          "level": 3,
          "name": "表象放出仪",
          "abName": "浮士德",
          "desc": "[Wide] 指定3个行动槽",
          "coinlist": [
            {
              "coindescs": [
                {
                  "desc": "[EndSkill] 使全体友方单位恢复12点理智值"
                }
              ]
            }
          ]
        }
      ]
    },
    {
      "id": 2020211,
      "levelList": [
        {
          "level": 1,
          "name": "液囊",
          "abName": "断首鱼",
          "desc": "[Wide] 指定5个行动槽",
          "coinlist": [
            {
              "coindescs": [
                {
                  "desc": "[EndSkill] 使全体友方单位恢复10点理智值"
                },
                {
                  "desc": "[EndSkill] 使全体友方单位恢复体力上限10%的体力"
                }
              ]
            }
          ]
        },
        {
          "level": 3,
          "name": "液囊",
          "abName": "断首鱼",
          "desc": "[Wide] 指定5个行动槽",
          "coinlist": [
            {
              "coindescs": [
                {
                  "desc": "[EndSkill] 使全体友方单位恢复15点理智值"
                },
                {
                  "desc": "[EndSkill] 使全体友方单位恢复体力上限15%的体力"
                }
              ]
            }
          ]
        }
      ]
    },
    {
      "id": 2020221,
      "levelList": [
        {
          "level": 1,
          "name": "液囊",
          "abName": "断首鱼",
          "desc": "[CantIdentify][Wide] 指定5个行动槽\n随机指定目标",
          "coinlist": [
            {
              "coindescs": [
                {
                  "desc": "[OnSucceedAttack] 造成10点理智伤害"
                },
                {
                  "desc": "[OnSucceedAttack] 下回合对目标施加1层虚弱 "
                }
              ]
            }
          ]
        },
        {
          "level": 3,
          "name": "液囊",
          "abName": "断首鱼",
          "desc": "[CantIdentify][Wide] 指定5个行动槽\n随机指定目标",
          "coinlist": [
            {
              "coindescs": [
                {
                  "desc": "[OnSucceedAttack] 造成20点理智伤害"
                },
                {
                  "desc": "[OnSucceedAttack] 下回合对目标施加2层虚弱 "
                }
              ]
            }
          ]
        }
      ]
    },
    {
      "id": 2020311,
      "levelList": [
        {
          "level": 1,
          "name": "诅咒钉",
          "abName": "痛痛泰迪",
          "desc": "",
          "coinlist": [
            {
              "coindescs": [
                {
                  "desc": "[OnSucceedAttack] 对目标施加1层突刺易损 "
                },
                {
                  "desc": "[OnSucceedAttack] 对目标施加1层嫉妒易损 "
                }
              ]
            }
          ]
        },
        {
          "level": 3,
          "name": "诅咒钉",
          "abName": "痛痛泰迪",
          "desc": "",
          "coinlist": [
            {
              "coindescs": [
                {
                  "desc": "[OnSucceedAttack] 对目标施加3层突刺易损 "
                },
                {
                  "desc": "[OnSucceedAttack] 对目标施加1层嫉妒易损 "
                },
                {
                  "desc": "[OnSucceedAttackHead] 对目标施加3层诅咒 "
                }
              ]
            }
          ]
        }
      ]
    },
    {
      "id": 2020321,
      "levelList": [
        {
          "level": 1,
          "name": "诅咒钉",
          "abName": "痛痛泰迪",
          "desc": "[CantIdentify]\n随机指定目标",
          "coinlist": [
            {
              "coindescs": [
                {
                  "desc": "[OnSucceedAttack] 对目标施加1层突刺易损 "
                },
                {
                  "desc": "[OnSucceedAttack] 对目标施加1层嫉妒易损 "
                }
              ]
            }
          ]
        },
        {
          "level": 3,
          "name": "诅咒钉",
          "abName": "痛痛泰迪",
          "desc": "[CantIdentify]\n随机指定目标",
          "coinlist": [
            {
              "coindescs": [
                {
                  "desc": "[OnSucceedAttack] 对目标施加1层突刺易损 "
                },
                {
                  "desc": "[OnSucceedAttack] 对目标施加3层嫉妒易损 "
                },
                {
                  "desc": "[OnSucceedAttack] 对目标施加3层诅咒 "
                }
              ]
            }
          ]
        }
      ]
    },
    {
      "id": 2030111,
      "levelList": [
        {
          "level": 1,
          "name": "桑丘之血",
          "abName": "堂吉诃德",
          "desc": "",
          "coinlist": [
            {
              "coindescs": [
                {
                  "desc": "[OnSucceedAttackHead] 使目标增加4级流血 强度"
                }
              ]
            }
          ]
        },
        {
          "level": 3,
          "name": "桑丘之血",
          "abName": "堂吉诃德",
          "desc": "",
          "coinlist": [
            {
              "coindescs": [
                {
                  "desc": "[OnSucceedAttack] 使目标增加6级流血 强度"
                },
                {
                  "desc": "[OnSucceedAttackHead] 使自身恢复本硬币造成伤害50%的体力"
                }
              ]
            }
          ]
        }
      ]
    },
    {
      "id": 2030211,
      "levelList": [
        {
          "level": 1,
          "name": "液囊",
          "abName": "断首鱼",
          "desc": "",
          "coinlist": [
            {
              "coindescs": [
                {
                  "desc": "[OnSucceedAttackHead] 引爆目标的震颤 "
                },
                {
                  "desc": "[OnSucceedAttack] 造成15点理智伤害"
                }
              ]
            }
          ]
        },
        {
          "level": 3,
          "name": "液囊",
          "abName": "断首鱼",
          "desc": "",
          "coinlist": [
            {
              "coindescs": [
                {
                  "desc": "[OnSucceedAttack] 引爆目标的震颤 "
                },
                {
                  "desc": "[OnSucceedAttack] 造成25点理智伤害"
                },
                {
                  "desc": "攻击陷入混乱、士气低下和陷入恐慌的目标时，本硬币额外造成30%的伤害"
                }
              ]
            }
          ]
        }
      ]
    },
    {
      "id": 2030221,
      "levelList": [
        {
          "level": 1,
          "name": "液囊",
          "abName": "断首鱼",
          "desc": "[CantIdentify]\n随机指定目标",
          "coinlist": [
            {
              "coindescs": [
                {
                  "desc": "[OnSucceedAttack] 使目标增加5级震颤 强度"
                },
                {
                  "desc": "[OnSucceedAttack] 使目标增加5级沉沦 强度"
                }
              ]
            }
          ]
        },
        {
          "level": 3,
          "name": "液囊",
          "abName": "断首鱼",
          "desc": "[CantIdentify]\n随机指定目标",
          "coinlist": [
            {
              "coindescs": [
                {
                  "desc": "[OnSucceedAttack] 使目标增加7级震颤 强度"
                },
                {
                  "desc": "[OnSucceedAttack] 使目标增加7级沉沦 强度"
                },
                {
                  "desc": "攻击<color=#FFAB00>没有</color>陷入混乱、士气低下和陷入恐慌的目标时，本硬币额外造成50%的伤害"
                }
              ]
            }
          ]
        }
      ]
    },
    {
      "id": 2040111,
      "levelList": [
        {
          "level": 1,
          "name": "森罗炎象",
          "abName": "良秀",
          "desc": "",
          "coinlist": [
            {
              "coindescs": [
                {
                  "desc": "[OnSucceedAttackHead] 使目标增加4级烧伤 强度"
                }
              ]
            }
          ]
        },
        {
          "level": 3,
          "name": "森罗炎象",
          "abName": "良秀",
          "desc": "",
          "coinlist": [
            {
              "coindescs": [
                {
                  "desc": "[OnSucceedAttack] 使目标增加6级烧伤 强度"
                },
                {
                  "desc": "[OnSucceedAttackHead] 下回合对目标施加1层易损 "
                }
              ]
            }
          ]
        }
      ]
    },
    {
      "id": 2040211,
      "levelList": [
        {
          "level": 1,
          "name": "终末火柴之光",
          "abName": "焦化少女",
          "desc": "攻击带有烧伤 的敌人时，使本技能的威力+2\n[EnemyKill] 下回合使自身获得1层强壮 ",
          "coinlist": [
            {
              "coindescs": [
                {
                  "desc": "[OnSucceedAttack] 使目标增加4级烧伤 强度"
                }
              ]
            }
          ]
        },
        {
          "level": 3,
          "name": "终末火柴之光",
          "abName": "焦化少女",
          "desc": "攻击带有烧伤 的敌人时，使本技能的威力+2\n[EnemyKill] 下回合使自身获得2层强壮 ",
          "coinlist": [
            {
              "coindescs": [
                {
                  "desc": "[OnSucceedAttack] 使目标增加4级烧伤 强度"
                }
              ]
            }
          ]
        }
      ]
    },
    {
      "id": 2040221,
      "levelList": [
        {
          "level": 1,
          "name": "终末火柴之光",
          "abName": "焦化少女",
          "desc": "[CantIdentify]\n随机指定目标\n攻击带有烧伤 的敌人时，使本技能的威力+2\n[EnemyKill] 下回合使自身获得2层强壮 \n[EnemyKillFail] 下回合使自身增加10级烧伤 强度",
          "coinlist": [
            {
              "coindescs": [
                {
                  "desc": "[OnSucceedAttack] 使目标增加4级烧伤 强度"
                }
              ]
            }
          ]
        },
        {
          "level": 3,
          "name": "终末火柴之光",
          "abName": "焦化少女",
          "desc": "[CantIdentify]\n随机指定目标\n攻击带有烧伤 的敌人时，使本技能的威力+4\n[EnemyKill] 下回合使自身获得3层强壮 \n[EnemyKillFail] 下回合使自身获得3层强壮 并增加10级烧伤 强度",
          "coinlist": [
            {
              "coindescs": [
                {
                  "desc": "[OnSucceedAttack] 使目标增加4级烧伤 强度"
                }
              ]
            }
          ]
        }
      ]
    },
    {
      "id": 2050111,
      "levelList": [
        {
          "level": 1,
          "name": "他人之锁",
          "abName": "默尔索",
          "desc": "",
          "coinlist": [
            {
              "coindescs": [
                {
                  "desc": "[OnSucceedAttack] 下回合对目标施加3层束缚 "
                },
                {
                  "desc": "[OnSucceedAttack] 下回合对自身施加3层束缚 "
                },
                {
                  "desc": "[OnSucceedAttack] 下回合对目标施加2层虚弱 "
                },
                {
                  "desc": "[OnSucceedAttack] 下回合对自身施加2层虚弱 "
                }
              ]
            }
          ]
        },
        {
          "level": 3,
          "name": "他人之锁",
          "abName": "默尔索",
          "desc": "",
          "coinlist": [
            {
              "coindescs": [
                {
                  "desc": "[OnSucceedAttack] 下回合对目标施加5层束缚 "
                },
                {
                  "desc": "[OnSucceedAttack] 下回合对自身施加5层束缚 "
                },
                {
                  "desc": "[OnSucceedAttack] 下回合对目标施加4层虚弱 "
                },
                {
                  "desc": "[OnSucceedAttack] 下回合对自身施加4层虚弱 "
                },
                {
                  "desc": "[OnSucceedAttackHead] 下回合使自身获得2层守护 "
                }
              ]
            }
          ]
        }
      ]
    },
    {
      "id": 2050211,
      "levelList": [
        {
          "level": 1,
          "name": "脱线一击",
          "abName": "你想挨打吗？很想？",
          "desc": "[EndSkill] 使自身获得3层守护 ",
          "coinlist": [
            {
              "coindescs": [
                {
                  "desc": "[OnSucceedAttackHead] 对目标施加3层麻痹 "
                }
              ]
            }
          ]
        },
        {
          "level": 3,
          "name": "脱线一击",
          "abName": "你想挨打吗？很想？",
          "desc": "[EndSkill] 使自身获得3层守护 \n[EndSkill] 下回合使自身获得1层手术 ",
          "coinlist": [
            {
              "coindescs": [
                {
                  "desc": "[OnSucceedAttackHead] 对目标施加3层麻痹 "
                }
              ]
            }
          ]
        }
      ]
    },
    {
      "id": 2050221,
      "levelList": [
        {
          "level": 1,
          "name": "脱线一击",
          "abName": "你想挨打吗？很想？",
          "desc": "[EndSkill] 下回合对自身施加2层手术 ",
          "coinlist": [
            {
              "coindescs": [
                {
                  "desc": "[OnSucceedAttackHead] 对目标施加3层麻痹 "
                }
              ]
            }
          ]
        },
        {
          "level": 3,
          "name": "脱线一击",
          "abName": "你想挨打吗？很想？",
          "desc": "[EndSkill] 下回合使自身获得2层手术 ",
          "coinlist": [
            {
              "coindescs": [
                {
                  "desc": "[OnSucceedAttackHead] 对目标施加3层麻痹 "
                },
                {
                  "desc": "使目标的混乱阈值前移本硬币造成伤害的30%"
                }
              ]
            }
          ]
        }
      ]
    },
    {
      "id": 2050311,
      "levelList": [
        {
          "level": 1,
          "name": "执行",
          "abName": "天之执行官的书吏",
          "desc": "[EndSkill] 使自身以外体力最低的2名友方单位恢复体力上限15%的体力",
          "coinlist": [
            {
              "coindescs": [
                {
                  "desc": "[OnSucceedAttackHead] 引爆目标的震颤 "
                }
              ]
            }
          ]
        },
        {
          "level": 3,
          "name": "执行",
          "abName": "天之执行官的书吏",
          "desc": "[EndSkill] 使自身以外体力最低的2名友方单位恢复体力上限30%的体力；下回合使这2名友方单位获得2层守护 ",
          "coinlist": [
            {
              "coindescs": [
                {
                  "desc": "[OnSucceedAttack] 引爆目标的震颤 "
                }
              ]
            }
          ]
        }
      ]
    },
    {
      "id": 2050321,
      "levelList": [
        {
          "level": 1,
          "name": "执行",
          "abName": "天之执行官的书吏",
          "desc": "[CantIdentify][Wide] 指定3个行动槽\n随机指定目标\n[EndSkill] 下回合对体力上限最低的友方单位施加1层易损 ；下回合使其获得2层伤害强化 ",
          "coinlist": [
            {
              "coindescs": [
                {
                  "desc": "[OnSucceedAttackHead] 引爆目标的震颤 "
                }
              ]
            }
          ]
        },
        {
          "level": 3,
          "name": "执行",
          "abName": "天之执行官的书吏",
          "desc": "[CantIdentify][Wide] 指定3个行动槽\n随机指定目标\n[EndSkill] 下回合对体力上限最低的友方单位施加2层易损 ；下回合使其获得3层伤害强化 ",
          "coinlist": [
            {
              "coindescs": [
                {
                  "desc": "[OnSucceedAttack] 引爆目标的震颤 "
                }
              ]
            }
          ]
        }
      ]
    },
    {
      "id": 2060111,
      "levelList": [
        {
          "level": 1,
          "name": "太虚幻境",
          "abName": "鸿璐",
          "desc": "[Wide] 指定3个行动槽",
          "coinlist": [
            {
              "coindescs": [
                {
                  "desc": "[OnSucceedAttackHead] 使目标增加2级沉沦 强度"
                }
              ]
            }
          ]
        },
        {
          "level": 3,
          "name": "太虚幻境",
          "abName": "鸿璐",
          "desc": "[Wide] 指定3个行动槽\n[EndSkill] 使自身恢复15理智值",
          "coinlist": [
            {
              "coindescs": [
                {
                  "desc": "[OnSucceedAttack] 使目标增加5级沉沦 强度"
                }
              ]
            }
          ]
        }
      ]
    },
    {
      "id": 2060211,
      "levelList": [
        {
          "level": 1,
          "name": "粉红欲望",
          "abName": "粉红鞋",
          "desc": "",
          "coinlist": [
            {
              "coindescs": [
                {
                  "desc": "[OnSucceedAttack] 对目标施加2层破绽 "
                },
                {
                  "desc": "[OnSucceedAttack] 对目标施加1层防御等级降低 "
                }
              ]
            }
          ]
        },
        {
          "level": 3,
          "name": "粉红欲望",
          "abName": "粉红鞋",
          "desc": "",
          "coinlist": [
            {
              "coindescs": [
                {
                  "desc": "[OnSucceedAttack] 对目标施加2层破绽 "
                },
                {
                  "desc": "[OnSucceedAttack] 对目标施加2层防御等级降低 "
                }
              ]
            }
          ]
        }
      ]
    },
    {
      "id": 2060221,
      "levelList": [
        {
          "level": 1,
          "name": "粉红欲望",
          "abName": "粉红鞋",
          "desc": "[CantIdentify]\n指定场上速度值最高的角色",
          "coinlist": [
            {
              "coindescs": [
                {
                  "desc": "[OnSucceedAttack] 对目标施加2层破绽 "
                },
                {
                  "desc": "[OnSucceedAttack] 对目标施加1层防御等级降低 "
                },
                {
                  "desc": "[OnSucceedAttackTail] 下回合对目标施加4层束缚 "
                }
              ]
            }
          ]
        },
        {
          "level": 3,
          "name": "粉红欲望",
          "abName": "粉红鞋",
          "desc": "[CantIdentify]\n指定场上速度值最高的角色",
          "coinlist": [
            {
              "coindescs": [
                {
                  "desc": "[OnSucceedAttack] 对目标施加2层破绽 "
                },
                {
                  "desc": "[OnSucceedAttack] 对目标施加2层防御等级降低 "
                },
                {
                  "desc": "[OnSucceedAttack] 下回合对目标施加4层束缚 "
                }
              ]
            }
          ]
        }
      ]
    },
    {
      "id": 2070111,
      "levelList": [
        {
          "level": 1,
          "name": "裹尸袋",
          "abName": "希斯克利夫",
          "desc": "",
          "coinlist": [
            {
              "coindescs": [
                {
                  "desc": "[OnSucceedAttackHead] 下回合使自身获得1层强壮 "
                },
                {
                  "desc": "[OnSucceedAttackHead] 下回合使自身获得2层迅捷 "
                }
              ]
            }
          ]
        },
        {
          "level": 3,
          "name": "裹尸袋",
          "abName": "希斯克利夫",
          "desc": "",
          "coinlist": [
            {
              "coindescs": [
                {
                  "desc": "[OnSucceedAttack] 下回合使自身获得1层强壮 "
                },
                {
                  "desc": "[OnSucceedAttack] 下回合使自身获得3层迅捷 "
                }
              ]
            }
          ]
        }
      ]
    },
    {
      "id": 2070211,
      "levelList": [
        {
          "level": 1,
          "name": "电线杆",
          "abName": "巷头恶犬",
          "desc": "[Wide] 指定3个行动槽\n消耗5层充能 并使本技能的威力+3",
          "coinlist": [
            {
              "coindescs": [
                {
                  "desc": "[OnSucceedAttackTail] 使自身获得3层充能 "
                }
              ]
            }
          ]
        },
        {
          "level": 3,
          "name": "电线杆",
          "abName": "巷头恶犬",
          "desc": "[Wide] 指定3个行动槽\n[WhenUse] 使自身获得(嫉妒共鸣数)层充能 \n消耗5层充能 并使本技能的威力+3",
          "coinlist": [
            {
              "coindescs": [
                {
                  "desc": "[OnSucceedAttackTail] 使自身获得5层充能 "
                }
              ]
            }
          ]
        }
      ]
    },
    {
      "id": 2070221,
      "levelList": [
        {
          "level": 1,
          "name": "电线杆",
          "abName": "巷头恶犬",
          "desc": "[CantIdentify][Wide] 指定3个行动槽\n随机指定目标\n消耗所有充能 并使本技能的威力+6",
          "coinlist": [
            {
              "coindescs": [
                {
                  "desc": "[OnSucceedAttackHead] 下回合对自身施加3层易损 "
                }
              ]
            }
          ]
        },
        {
          "level": 3,
          "name": "电线杆",
          "abName": "巷头恶犬",
          "desc": "[CantIdentify][Wide] 指定3个行动槽\n随机指定目标\n[WhenUse] 使自身获得(嫉妒共鸣数)层充能 \n消耗所有充能 并使本技能的威力+10",
          "coinlist": [
            {
              "coindescs": [
                {
                  "desc": "[OnSucceedAttackHead] 下回合对自身施加3层易损 "
                }
              ]
            }
          ]
        }
      ]
    },
    {
      "id": 2080111,
      "levelList": [
        {
          "level": 1,
          "name": "捕鲸叉",
          "abName": "以实玛利",
          "desc": "指定站位最靠后的目标（仅限常规遭遇战）",
          "coinlist": [
            {
              "coindescs": [
                {
                  "desc": "[OnSucceedAttack] 下回合对目标施加4层束缚 "
                },
                {
                  "desc": "[OnSucceedAttackHead] 使目标增加1级震颤 强度"
                }
              ]
            }
          ]
        },
        {
          "level": 3,
          "name": "捕鲸叉",
          "abName": "以实玛利",
          "desc": "指定站位最靠后的目标（仅限常规遭遇战）",
          "coinlist": [
            {
              "coindescs": [
                {
                  "desc": "[OnSucceedAttack] 下回合对目标施加6层束缚 "
                },
                {
                  "desc": "[OnSucceedAttack] 使目标增加3级震颤 强度"
                }
              ]
            }
          ]
        }
      ]
    },
    {
      "id": 2080211,
      "levelList": [
        {
          "level": 1,
          "name": "粉红欲望",
          "abName": "粉红鞋",
          "desc": "指定站位最靠后的目标（仅限常规遭遇战）",
          "coinlist": [
            {
              "coindescs": [
                {
                  "desc": "[OnSucceedAttack] 对目标施加2层钝挫 "
                },
                {
                  "desc": "[OnSucceedAttack] 对目标施加2层麻痹 "
                }
              ]
            }
          ]
        },
        {
          "level": 3,
          "name": "粉红欲望",
          "abName": "粉红鞋",
          "desc": "指定站位最靠后的目标（仅限常规遭遇战）",
          "coinlist": [
            {
              "coindescs": [
                {
                  "desc": "[OnSucceedAttack] 对目标施加4层钝挫 "
                },
                {
                  "desc": "[OnSucceedAttack] 对目标施加3层麻痹 "
                }
              ]
            }
          ]
        }
      ]
    },
    {
      "id": 2080221,
      "levelList": [
        {
          "level": 1,
          "name": "粉红欲望",
          "abName": "粉红鞋",
          "desc": "[CantIdentify]\n指定场上速度值最高的角色",
          "coinlist": [
            {
              "coindescs": [
                {
                  "desc": "[OnSucceedAttack] 对目标施加2层钝挫 "
                },
                {
                  "desc": "[OnSucceedAttack] 对目标施加2层麻痹 "
                },
                {
                  "desc": "[OnSucceedAttackHead] 下回合对目标施加4层束缚 "
                }
              ]
            }
          ]
        },
        {
          "level": 3,
          "name": "粉红欲望",
          "abName": "粉红鞋",
          "desc": "[CantIdentify]\n指定场上速度值最高的角色",
          "coinlist": [
            {
              "coindescs": [
                {
                  "desc": "[OnSucceedAttack] 对目标施加4层钝挫 "
                },
                {
                  "desc": "[OnSucceedAttack] 对目标施加3层麻痹 "
                },
                {
                  "desc": "[OnSucceedAttack] 下回合对目标施加4层束缚 "
                }
              ]
            }
          ]
        }
      ]
    },
    {
      "id": 2080311,
      "levelList": [
        {
          "level": 1,
          "name": "红艳煞",
          "abName": "红焰蛾",
          "desc": "指定站位最靠后的目标（仅限常规遭遇战）",
          "coinlist": [
            {
              "coindescs": [
                {
                  "desc": "[OnSucceedAttack] 使目标增加(暴怒共鸣数/2)级烧伤 强度"
                },
                {
                  "desc": "[OnSucceedAttackHead] 使3名随机敌人增加3级烧伤 强度"
                }
              ]
            }
          ]
        },
        {
          "level": 3,
          "name": "红艳煞",
          "abName": "红焰蛾",
          "desc": "指定站位最靠后的目标（仅限常规遭遇战）",
          "coinlist": [
            {
              "coindescs": [
                {
                  "desc": "[OnSucceedAttackHead] 使目标的混乱阈值前移本硬币造成伤害的40%"
                },
                {
                  "desc": "[OnSucceedAttack] 使目标增加(暴怒共鸣数)级烧伤 强度"
                },
                {
                  "desc": "[OnSucceedAttackHead] 使3名随机敌人增加3级烧伤 强度"
                }
              ]
            }
          ]
        }
      ]
    },
    {
      "id": 2080321,
      "levelList": [
        {
          "level": 1,
          "name": "红艳煞",
          "abName": "红焰蛾",
          "desc": "[CantIdentify]\n随机指定目标\n[WhenUse] 使自身失去体力上限10%的体力",
          "coinlist": [
            {
              "coindescs": [
                {
                  "desc": "[OnSucceedAttack] 使所有角色增加(暴怒共鸣数)级烧伤 强度"
                }
              ]
            }
          ]
        },
        {
          "level": 3,
          "name": "红艳煞",
          "abName": "红焰蛾",
          "desc": "[CantIdentify]\n随机指定目标\n[WhenUse] 使自身失去体力上限10%的体力",
          "coinlist": [
            {
              "coindescs": [
                {
                  "desc": "[OnSucceedAttack] 使所有角色增加(暴怒共鸣数x2)级烧伤 强度"
                },
                {
                  "desc": "[OnSucceedAttack] 使目标的混乱阈值前移本硬币造成伤害的60%"
                }
              ]
            }
          ]
        }
      ]
    },
    {
      "id": 2090111,
      "levelList": [
        {
          "level": 1,
          "name": "覆水难收",
          "abName": "罗佳",
          "desc": "若目标的体力高于50%，则本技能造成的伤害+10%",
          "coinlist": [
            {
              "coindescs": [
                {
                  "desc": "[OnSucceedAttack] 使目标增加2级流血 强度"
                }
              ]
            }
          ]
        },
        {
          "level": 3,
          "name": "覆水难收",
          "abName": "罗佳",
          "desc": "若目标的体力高于50%，则本技能造成的伤害+30%",
          "coinlist": [
            {
              "coindescs": [
                {
                  "desc": "[OnSucceedAttack] 使目标增加4级流血 强度"
                }
              ]
            }
          ]
        }
      ]
    },
    {
      "id": 2090211,
      "levelList": [
        {
          "level": 1,
          "name": "终末火柴之光",
          "abName": "焦化少女",
          "desc": "",
          "coinlist": [
            {
              "coindescs": [
                {
                  "desc": "[OnSucceedAttack] 使目标增加4级烧伤 强度"
                }
              ]
            }
          ]
        },
        {
          "level": 3,
          "name": "终末火柴之光",
          "abName": "焦化少女",
          "desc": "",
          "coinlist": [
            {
              "coindescs": [
                {
                  "desc": "[OnSucceedAttack] 使目标增加6级烧伤 强度"
                },
                {
                  "desc": "[OnSucceedAttack] 下回合对目标施加3层暴怒易损 "
                }
              ]
            }
          ]
        }
      ]
    },
    {
      "id": 2090221,
      "levelList": [
        {
          "level": 1,
          "name": "终末火柴之光",
          "abName": "焦化少女",
          "desc": "[CantIdentify][Wide] 指定3个行动槽\n随机指定目标",
          "coinlist": [
            {
              "coindescs": [
                {
                  "desc": "[OnSucceedAttack] 使目标增加4级烧伤 强度"
                }
              ]
            }
          ]
        },
        {
          "level": 3,
          "name": "终末火柴之光",
          "abName": "焦化少女",
          "desc": "[CantIdentify][Wide] 指定3个行动槽\n随机指定目标",
          "coinlist": [
            {
              "coindescs": [
                {
                  "desc": "[OnSucceedAttack] 使目标增加6级烧伤 强度"
                },
                {
                  "desc": "[OnSucceedAttack] 下回合对目标施加3层暴怒易损 "
                }
              ]
            }
          ]
        }
      ]
    },
    {
      "id": 2090311,
      "levelList": [
        {
          "level": 1,
          "name": "冰结之爪",
          "abName": "芭芭雅嘎",
          "desc": "[Wide] 指定3个行动槽\n若目标的体力高于50%，则本技能造成的伤害+10%",
          "coinlist": [
            {
              "coindescs": [
                {
                  "desc": "[OnSucceedAttackHead] 引爆目标的震颤 "
                },
                {
                  "desc": "[OnSucceedAttack] 对目标施加2层沉沦 "
                }
              ]
            }
          ]
        },
        {
          "level": 3,
          "name": "冰结之爪",
          "abName": "芭芭雅嘎",
          "desc": "[Wide] 指定3个行动槽\n若目标的体力高于50%，则本技能造成的伤害+30%",
          "coinlist": [
            {
              "coindescs": [
                {
                  "desc": "引爆目标的震颤 "
                },
                {
                  "desc": "[OnSucceedAttack] 对目标施加3层沉沦 "
                }
              ]
            }
          ]
        }
      ]
    },
    {
      "id": 2090321,
      "levelList": [
        {
          "level": 1,
          "name": "冰结之爪",
          "abName": "芭芭雅嘎",
          "desc": "[CantIdentify][Wide] 指定3个行动槽\n指定场上体力最高的角色\n若目标的体力高于50%，则本技能造成的伤害+10%",
          "coinlist": [
            {
              "coindescs": [
                {
                  "desc": "[OnSucceedAttackHead] 引爆目标的震颤 "
                },
                {
                  "desc": "[OnSucceedAttack] 对目标施加4层沉沦 "
                }
              ]
            }
          ]
        },
        {
          "level": 3,
          "name": "冰结之爪",
          "abName": "芭芭雅嘎",
          "desc": "[CantIdentify][Wide] 指定3个行动槽\n指定场上体力最高的角色\n若目标的体力高于50%，则本技能造成的伤害+30%",
          "coinlist": [
            {
              "coindescs": [
                {
                  "desc": "[OnSucceedAttack] 引爆目标的震颤 "
                },
                {
                  "desc": "[OnSucceedAttack] 对目标施加6层沉沦 "
                }
              ]
            }
          ]
        }
      ]
    },
    {
      "id": 2100111,
      "levelList": [
        {
          "level": 1,
          "name": "智慧的青枝",
          "abName": "辛克莱",
          "desc": "",
          "coinlist": [
            {
              "coindescs": [
                {
                  "desc": "[OnSucceedAttackHead] 使目标增加6级破裂 强度"
                },
                {
                  "desc": "[OnSucceedAttack] 下回合对自身施加3层虚弱 "
                }
              ]
            }
          ]
        },
        {
          "level": 3,
          "name": "智慧的青枝",
          "abName": "辛克莱",
          "desc": "",
          "coinlist": [
            {
              "coindescs": [
                {
                  "desc": "[OnSucceedAttackHead] 使目标增加12级破裂 强度"
                },
                {
                  "desc": "[OnSucceedAttack] 下回合对自身施加2层虚弱 "
                }
              ]
            }
          ]
        }
      ]
    },
    {
      "id": 2100211,
      "levelList": [
        {
          "level": 1,
          "name": "清算将至",
          "abName": "终末日历",
          "desc": "若目标的体力低于25%，则使本技能造成的伤害+10%",
          "coinlist": [
            {
              "coindescs": [
                {
                  "desc": "[EnemyKill] 使全体友方单位恢复体力上限10%的体力"
                }
              ]
            }
          ]
        },
        {
          "level": 3,
          "name": "清算将至",
          "abName": "终末日历",
          "desc": "若目标的体力低于25%，则使本技能造成的伤害+20%",
          "coinlist": [
            {
              "coindescs": [
                {
                  "desc": "[EnemyKill] 下回合使自身获得1层强壮 \n使全体友方单位恢复体力上限15%的体力"
                }
              ]
            }
          ]
        }
      ]
    },
    {
      "id": 2100221,
      "levelList": [
        {
          "level": 1,
          "name": "清算将至",
          "abName": "终末日历",
          "desc": "[CantIdentify]\n随机指定目标\n若目标的体力低于25%，则使本技能造成的伤害+15%",
          "coinlist": [
            {
              "coindescs": [
                {
                  "desc": "[EnemyKillFail] 下回合使自身增加10级流血 强度"
                }
              ]
            }
          ]
        },
        {
          "level": 3,
          "name": "清算将至",
          "abName": "终末日历",
          "desc": "[CantIdentify]\n随机指定目标\n若目标的体力低于25%，则使本技能造成的伤害+25%",
          "coinlist": [
            {
              "coindescs": [
                {
                  "desc": "[EnemyKillFail] 下回合使自身增加10级流血 强度"
                },
                {
                  "desc": "[EnemyKillFail] 下回合使自身获得3层强壮 "
                }
              ]
            }
          ]
        }
      ]
    },
    {
      "id": 2110111,
      "levelList": [
        {
          "level": 1,
          "name": "致智慧与苦难",
          "abName": "奥提斯",
          "desc": "若目标的体力低于50%，则本技能造成的伤害+10%",
          "coinlist": [
            {
              "coindescs": [
                {
                  "desc": "[OnSucceedAttack] 使目标增加2级破裂 强度"
                }
              ]
            }
          ]
        },
        {
          "level": 3,
          "name": "致智慧与苦难",
          "abName": "奥提斯",
          "desc": "若目标的体力低于50%，则本技能造成的伤害+30%",
          "coinlist": [
            {
              "coindescs": [
                {
                  "desc": "[OnSucceedAttack] 使目标增加4级破裂 强度"
                }
              ]
            }
          ]
        }
      ]
    },
    {
      "id": 2110211,
      "levelList": [
        {
          "level": 1,
          "name": "黑檀枝干",
          "abName": "黑檀女王的苹果",
          "desc": "[Wide] 指定5个行动槽",
          "coinlist": [
            {
              "coindescs": [
                {
                  "desc": "[OnSucceedAttack] 使目标增加2级破裂 强度"
                },
                {
                  "desc": "[OnSucceedAttackHead] 使目标增加2级流血 强度"
                }
              ]
            }
          ]
        },
        {
          "level": 3,
          "name": "黑檀枝干",
          "abName": "黑檀女王的苹果",
          "desc": "[Wide] 指定5个行动槽",
          "coinlist": [
            {
              "coindescs": [
                {
                  "desc": "[OnSucceedAttack] 使目标增加2级破裂 强度"
                },
                {
                  "desc": "[OnSucceedAttackHead] 使目标增加2级流血 强度"
                },
                {
                  "desc": "[OnSucceedAttack] 对目标施加2层暴食易损 "
                }
              ]
            }
          ]
        }
      ]
    },
    {
      "id": 2110221,
      "levelList": [
        {
          "level": 1,
          "name": "黑檀枝干",
          "abName": "黑檀女王的苹果",
          "desc": "[CantIdentify][Wide] 指定5个行动槽\n随机指定目标",
          "coinlist": [
            {
              "coindescs": [
                {
                  "desc": "[OnSucceedAttack] 使目标增加3级破裂 强度"
                },
                {
                  "desc": "[OnSucceedAttackHead] 使目标增加3级流血 强度"
                }
              ]
            }
          ]
        },
        {
          "level": 3,
          "name": "黑檀枝干",
          "abName": "黑檀女王的苹果",
          "desc": "[CantIdentify][Wide] 指定5个行动槽\n随机指定目标",
          "coinlist": [
            {
              "coindescs": [
                {
                  "desc": "[OnSucceedAttack] 使目标增加5级破裂 强度"
                },
                {
                  "desc": "[OnSucceedAttack] 使目标增加5级流血 强度"
                },
                {
                  "desc": "[OnSucceedAttack] 对目标施加3层暴食易损 "
                }
              ]
            }
          ]
        }
      ]
    },
    {
      "id": 2110311,
      "levelList": [
        {
          "level": 1,
          "name": "空即是色",
          "abName": "无我入定",
          "desc": "[EndSkill] 使自身恢复12理智值",
          "coinlist": [
            {
              "coindescs": [
                {
                  "desc": "[OnSucceedAttack] 对目标施加1层色欲易损 "
                }
              ]
            }
          ]
        },
        {
          "level": 3,
          "name": "空即是色",
          "abName": "无我入定",
          "desc": "[EndSkill] 使自身恢复18理智值\n[EndSkill] 使自身以外的2名随机友方单位获得1层强壮 ",
          "coinlist": [
            {
              "coindescs": [
                {
                  "desc": "[OnSucceedAttack] 对目标施加2层色欲易损 "
                }
              ]
            }
          ]
        }
      ]
    },
    {
      "id": 2110321,
      "levelList": [
        {
          "level": 1,
          "name": "空即是色",
          "abName": "无我入定",
          "desc": "[CantIdentify]\n随机指定目标",
          "coinlist": [
            {
              "coindescs": [
                {
                  "desc": "[OnSucceedAttack] 对目标施加1层色欲易损 "
                },
                {
                  "desc": "[OnSucceedAttackTail] 对目标施加1层易损 "
                },
                {
                  "desc": "[OnSucceedAttackTail] 对自身施加1层易损 "
                }
              ]
            }
          ]
        },
        {
          "level": 3,
          "name": "空即是色",
          "abName": "无我入定",
          "desc": "[CantIdentify]\n随机指定目标\n[EndSkill] 使自身以外的2名随机友方单位获得1层强壮 ",
          "coinlist": [
            {
              "coindescs": [
                {
                  "desc": "[OnSucceedAttack] 对目标施加2层色欲易损 "
                },
                {
                  "desc": "[OnSucceedAttack] 对目标施加2层易损 "
                },
                {
                  "desc": "[OnSucceedAttackTail] 对自身施加1层易损 "
                }
              ]
            }
          ]
        }
      ]
    },
    {
      "id": 2120111,
      "levelList": [
        {
          "level": 1,
          "name": "那一日，突然",
          "abName": "格里高尔",
          "desc": "",
          "coinlist": [
            {
              "coindescs": [
                {
                  "desc": "[OnSucceedAttack] 使目标增加共计3级随机效果的强度，包括烧伤、流血、震颤、破裂和沉沦"
                }
              ]
            }
          ]
        },
        {
          "level": 3,
          "name": "那一日，突然",
          "abName": "格里高尔",
          "desc": "",
          "coinlist": [
            {
              "coindescs": [
                {
                  "desc": "[OnSucceedAttack] 使目标增加共计6级随机效果的强度，包括烧伤、流血、震颤、破裂和沉沦"
                }
              ]
            }
          ]
        }
      ]
    },
    {
      "id": 2120211,
      "levelList": [
        {
          "level": 1,
          "name": "障眼把戏",
          "abName": "金苹果",
          "desc": "[Wide] 指定3个行动槽",
          "coinlist": [
            {
              "coindescs": [
                {
                  "desc": "[OnSucceedAttack] 使目标增加2级震颤 强度"
                },
                {
                  "desc": "[OnSucceedAttackHead] 对目标施加2层麻痹 "
                }
              ]
            }
          ]
        },
        {
          "level": 3,
          "name": "障眼把戏",
          "abName": "金苹果",
          "desc": "[Wide] 指定3个行动槽",
          "coinlist": [
            {
              "coindescs": [
                {
                  "desc": "引爆目标的震颤 "
                },
                {
                  "desc": "[OnSucceedAttack] 使目标增加4级震颤 强度"
                },
                {
                  "desc": "[OnSucceedAttackHead] 对目标施加4层麻痹 "
                }
              ]
            }
          ]
        }
      ]
    },
    {
      "id": 2120221,
      "levelList": [
        {
          "level": 1,
          "name": "障眼把戏",
          "abName": "金苹果",
          "desc": "[CantIdentify][Wide] 指定3个行动槽\n随机指定目标",
          "coinlist": [
            {
              "coindescs": [
                {
                  "desc": "[OnSucceedAttack] 使目标增加2级流血 强度"
                },
                {
                  "desc": "[OnSucceedAttackHead] 对目标施加2层麻痹 "
                }
              ]
            }
          ]
        },
        {
          "level": 3,
          "name": "障眼把戏",
          "abName": "金苹果",
          "desc": "[CantIdentify][Wide] 指定3个行动槽\n随机指定目标",
          "coinlist": [
            {
              "coindescs": [
                {
                  "desc": "[OnSucceedAttack] 使目标增加4级流血 强度"
                },
                {
                  "desc": "[OnSucceedAttack] 对目标施加4层麻痹 "
                },
                {
                  "desc": "[OnSucceedAttack] 对目标施加4层蛆虫 "
                }
              ]
            }
          ]
        }
      ]
    },
    {
      "id": 2120311,
      "levelList": [
        {
          "level": 1,
          "name": "提灯",
          "abName": "妖精提灯",
          "desc": "",
          "coinlist": [
            {
              "coindescs": [
                {
                  "desc": "[OnSucceedAttack] 使自身恢复本硬币造成伤害40%的体力"
                }
              ]
            }
          ]
        },
        {
          "level": 3,
          "name": "提灯",
          "abName": "妖精提灯",
          "desc": "",
          "coinlist": [
            {
              "coindescs": [
                {
                  "desc": "[OnSucceedAttack] 使自身恢复本硬币造成伤害60%的体力"
                }
              ]
            }
          ]
        }
      ]
    },
    {
      "id": 2120321,
      "levelList": [
        {
          "level": 1,
          "name": "提灯",
          "abName": "妖精提灯",
          "desc": "[CantIdentify][Wide] 指定3个行动槽\n指定场上体力最高的角色",
          "coinlist": [
            {
              "coindescs": [
                {
                  "desc": "[OnSucceedAttack] 使自身恢复本硬币造成伤害20%的体力"
                },
                {
                  "desc": "[OnSucceedAttackHead] 使目标增加3级破裂 强度"
                }
              ]
            }
          ]
        },
        {
          "level": 3,
          "name": "提灯",
          "abName": "妖精提灯",
          "desc": "[CantIdentify][Wide] 指定3个行动槽\n指定场上体力最高的角色",
          "coinlist": [
            {
              "coindescs": [
                {
                  "desc": "[OnSucceedAttack] 使自身恢复本硬币造成伤害30%的体力"
                },
                {
                  "desc": "[OnSucceedAttackHead] 使目标增加5级破裂 强度"
                }
              ]
            }
          ]
        }
      ]
    },
    {
      "id": 2030311,
      "levelList": [
        {
          "level": 1,
          "name": "电线杆",
          "abName": "巷头恶犬",
          "desc": "",
          "coinlist": [
            {
              "coindescs": [
                {
                  "desc": "[OnSucceedAttack] 使自身获得10层充能 "
                }
              ]
            }
          ]
        },
        {
          "level": 3,
          "name": "电线杆",
          "abName": "巷头恶犬",
          "desc": "",
          "coinlist": [
            {
              "coindescs": [
                {
                  "desc": "[OnSucceedAttack] 使自身获得10层充能 "
                },
                {
                  "desc": "[OnSucceedAttackHead] 使全体友方单位获得(嫉妒共鸣数)层充能 "
                }
              ]
            }
          ]
        }
      ]
    },
    {
      "id": 2030321,
      "levelList": [
        {
          "level": 1,
          "name": "电线杆",
          "abName": "巷头恶犬",
          "desc": "",
          "coinlist": [
            {
              "coindescs": [
                {
                  "desc": "[OnSucceedAttack] 使自身获得10层充能 并增加10级破裂 强度"
                }
              ]
            }
          ]
        },
        {
          "level": 3,
          "name": "电线杆",
          "abName": "巷头恶犬",
          "desc": "",
          "coinlist": [
            {
              "coindescs": [
                {
                  "desc": "[OnSucceedAttack] 使自身获得10层充能 并增加10级破裂 强度"
                },
                {
                  "desc": "[OnSucceedAttackHead] 使全体友方单位获得10层充能 ，5层易损 ，并增加10级破裂 强度"
                }
              ]
            }
          ]
        }
      ]
    },
    {
      "id": 2020411,
      "levelList": [
        {
          "level": 1,
          "name": "电线杆",
          "abName": "巷头恶犬",
          "desc": "",
          "coinlist": [
            {
              "coindescs": [
                {
                  "desc": "[OnSucceedAttack] 对目标施加3层麻痹 "
                },
                {
                  "desc": "[OnSucceedAttack] 使自身获得5层充能 "
                }
              ]
            }
          ]
        },
        {
          "level": 3,
          "name": "电线杆",
          "abName": "巷头恶犬",
          "desc": "",
          "coinlist": [
            {
              "coindescs": [
                {
                  "desc": "[OnSucceedAttack] 对目标施加3层麻痹 "
                },
                {
                  "desc": "[OnSucceedAttack] 使自身获得7层充能 "
                },
                {
                  "desc": "[OnSucceedAttackHead] 下回合使随机友方单位获得1层嫉妒强壮 和2层迅捷 "
                }
              ]
            }
          ]
        }
      ]
    },
    {
      "id": 2020421,
      "levelList": [
        {
          "level": 1,
          "name": "电线杆",
          "abName": "巷头恶犬",
          "desc": "[CantIdentify]\n随机指定目标",
          "coinlist": [
            {
              "coindescs": [
                {
                  "desc": "[OnSucceedAttack] 对目标施加5层麻痹 "
                },
                {
                  "desc": "[OnSucceedAttack] 使自身获得7层充能 "
                }
              ]
            }
          ]
        },
        {
          "level": 3,
          "name": "电线杆",
          "abName": "巷头恶犬",
          "desc": "[CantIdentify]\n随机指定目标",
          "coinlist": [
            {
              "coindescs": [
                {
                  "desc": "[OnSucceedAttack] 对目标施加5层麻痹 "
                },
                {
                  "desc": "[OnSucceedAttack] 使自身获得10层充能 "
                },
                {
                  "desc": "[OnSucceedAttackTail] 下回合对2个随机角色施加2层麻痹 和2层束缚 "
                }
              ]
            }
          ]
        }
      ]
    },
    {
      "id": 2030411,
      "levelList": [
        {
          "level": 1,
          "name": "一生炖菜",
          "abName": "鸡蛇汤罐",
          "desc": "[BeforeAttack] 根据当前色欲资源数增加伤害（最多叠加至25%）",
          "coinlist": [
            {
              "coindescs": [
                {
                  "desc": "[OnSucceedAttack] 施加1层烧伤 "
                }
              ]
            }
          ]
        },
        {
          "level": 3,
          "name": "一生炖菜",
          "abName": "鸡蛇汤罐",
          "desc": "[BeforeAttack] 根据当前色欲资源数增加伤害（最多叠加至50%）",
          "coinlist": [
            {
              "coindescs": [
                {
                  "desc": "[OnSucceedAttack] 施加3层烧伤 "
                }
              ]
            }
          ]
        }
      ]
    },
    {
      "id": 2030421,
      "levelList": [
        {
          "level": 1,
          "name": "一生炖菜",
          "abName": "鸡蛇汤罐",
          "desc": "[CantIdentify]\n指定场上体力最高的角色\n\n[BeforeAttack] 根据当前色欲资源数增加伤害（最多叠加至25%）\n随后消耗（色欲共鸣数）的色欲资源; 每消耗一个资源增加5%伤害",
          "coinlist": [
            {
              "coindescs": [
                {
                  "desc": "[OnSucceedAttack] 施加2层烧伤  "
                }
              ]
            }
          ]
        },
        {
          "level": 3,
          "name": "一生炖菜",
          "abName": "鸡蛇汤罐",
          "desc": "[CantIdentify]\n指定场上体力最高的角色\n\n[BeforeAttack] 根据当前色欲资源数增加伤害（最多叠加至50%）\n随后消耗（色欲共鸣数）的色欲资源; 每消耗一个资源增加10%伤害",
          "coinlist": [
            {
              "coindescs": [
                {
                  "desc": "[OnSucceedAttack] 施加4层烧伤 "
                }
              ]
            }
          ]
        }
      ]
    },
    {
      "id": 2100311,
      "levelList": [
        {
          "level": 1,
          "name": "一生炖菜",
          "abName": "鸡蛇汤罐",
          "desc": "[CantIdentify][Wide] 指定3个行动槽\n指定场上体力最低的角色\n若指定友方单位，则不会造成伤害",
          "coinlist": [
            {
              "coindescs": [
                {
                  "desc": "[OnSucceedAttackHead] 若指定友方单位，为其恢复体力上限5%的体力"
                },
                {
                  "desc": "[OnSucceedAttackTail] 增加7级烧伤 强度; 若指定友方单位，下回合使其获得2层迅捷 "
                }
              ]
            }
          ]
        },
        {
          "level": 3,
          "name": "一生炖菜",
          "abName": "鸡蛇汤罐",
          "desc": "[CantIdentify][Wide] 指定3个行动槽\n指定场上体力最低的角色\n若指定友方单位，则不会造成伤害",
          "coinlist": [
            {
              "coindescs": [
                {
                  "desc": "[OnSucceedAttackHead] 若指定友方单位，为其恢复体力上限10%的体力"
                },
                {
                  "desc": "[OnSucceedAttackTail] 增加7级烧伤 强度;若指定友方单位，下回合使其获得2层迅捷和1层<sprite name=\"GainSinStockAdder\"><color=#f8c200><u><link=\"GainSinStockAdder\">罪孽碎片获取量+</color></link></u>"
                }
              ]
            }
          ]
        }
      ]
    },
    {
      "id": 2100321,
      "levelList": [
        {
          "level": 1,
          "name": "一生炖菜",
          "abName": "鸡蛇汤罐",
          "desc": "[CantIdentify][Wide] 指定3个行动槽\n指定场上体力最低的角色\n\n[BeforeAttack] 随机消耗3个罪孽碎片，增加10%伤害",
          "coinlist": [
            {
              "coindescs": [
                {
                  "desc": "[OnSucceedAttack] 施加2层烧伤 "
                }
              ]
            }
          ]
        },
        {
          "level": 3,
          "name": "一生炖菜",
          "abName": "鸡蛇汤罐",
          "desc": "[CantIdentify][Wide] 指定3个行动槽\n指定场上体力最低的角色\n\n[BeforeAttack] 随机消耗3个罪孽碎片，增加20%伤害",
          "coinlist": [
            {
              "coindescs": [
                {
                  "desc": "[OnSucceedAttack] 施加2层烧伤 "
                }
              ]
            }
          ]
        }
      ]
    },
    {
      "id": 2010411,
      "levelList": [
        {
          "level": 1,
          "name": "次元撕裂者",
          "abName": "迷失的乘客",
          "desc": "指定站位最靠后的目标（仅限常规遭遇战）\n\n[BeforeAttack] 消耗充能 层数来增加本技能造成的伤害（最多50%）",
          "coinlist": [
            {
              "coindescs": [
                {
                  "desc": "[OnSucceedAttack] 追加本硬币造成伤害(目标的破裂 强度x7.5)%的傲慢伤害，并使目标的破裂 层数减少5层（最多追加75%）"
                }
              ]
            }
          ]
        },
        {
          "level": 3,
          "name": "次元撕裂者",
          "abName": "迷失的乘客",
          "desc": "指定站位最靠后的目标（仅限常规遭遇战）\n\n[BeforeAttack] 消耗充能 层数来增加本技能造成的伤害（最多75%）",
          "coinlist": [
            {
              "coindescs": [
                {
                  "desc": "[OnSucceedAttack] 若消耗了充能 ，则对目标施加3层次元裂痕 "
                },
                {
                  "desc": "[OnSucceedAttack] 追加本硬币造成伤害(目标的破裂 强度x10)%的傲慢伤害，并使目标的破裂 层数减少5层（最多追加100%）"
                }
              ]
            }
          ]
        }
      ]
    },
    {
      "id": 2010421,
      "levelList": [
        {
          "level": 1,
          "name": "次元撕裂者",
          "abName": "迷失的乘客",
          "desc": "[CantIdentify] \n指定随机角色\n\n[BeforeAttack] 消耗充能 层数来增加本技能造成的伤害（最多50%）",
          "coinlist": [
            {
              "coindescs": [
                {
                  "desc": "[OnSucceedAttack] 使目标增加3级破裂 强度"
                },
                {
                  "desc": "[OnSucceedAttack] 追加本硬币造成伤害(目标的破裂 强度x7.5)%的傲慢伤害，并使目标的破裂 层数减少5层（最多追加75%）"
                }
              ]
            }
          ]
        },
        {
          "level": 3,
          "name": "次元撕裂者",
          "abName": "迷失的乘客",
          "desc": "[CantIdentify] \n指定随机角色\n\n[BeforeAttack] 消耗充能 层数来增加本技能造成的伤害（最多75%）",
          "coinlist": [
            {
              "coindescs": [
                {
                  "desc": "[OnSucceedAttack] 若消耗了充能 ，则对目标施加3层次元裂痕 "
                },
                {
                  "desc": "[OnSucceedAttack] 使目标增加6级破裂 强度"
                },
                {
                  "desc": "[OnSucceedAttack] 追加本硬币造成伤害(目标的破裂 强度x10)%的傲慢伤害，并使目标的破裂 层数减少5层（最多追加100%）"
                }
              ]
            }
          ]
        }
      ]
    },
    {
      "id": 2060311,
      "levelList": [
        {
          "level": 0,
          "name": "次元撕裂者",
          "abName": "迷失的乘客",
          "desc": "指定站位最靠后的目标（仅限常规遭遇战）\n\n[BeforeAttack] 使自身获得3层充能 ；下回合使自身获得2层迅捷 ",
          "coinlist": [
            {
              "coindescs": [
                {
                  "desc": "[OnSucceedAttack] 对目标施加1层易损 和2层次元裂痕 "
                }
              ]
            }
          ]
        },
        {
          "level": 3,
          "name": "次元撕裂者",
          "abName": "迷失的乘客",
          "desc": "指定站位最靠后的目标（仅限常规遭遇战）\n\n[BeforeAttack] 使自身获得5层充能 ；下回合使自身获得2层迅捷 ",
          "coinlist": [
            {
              "coindescs": [
                {
                  "desc": "[OnSucceedAttack] 对目标施加1层易损 和4层次元裂痕 "
                }
              ]
            }
          ]
        }
      ]
    },
    {
      "id": 2060321,
      "levelList": [
        {
          "level": 1,
          "name": "次元撕裂者",
          "abName": "迷失的乘客",
          "desc": "[CantIdentify] \n指定场上体力最高的角色\n\n[BeforeAttack] 下回合使自身获得2层迅捷 。\n消耗10层充能 并使本技能在命中时对目标施加1层易损 和1层次元裂痕 ",
          "coinlist": [
            {
              "coindescs": [
                {
                  "desc": "[OnSucceedAttack] 对目标施加1层易损 和3层次元裂痕 "
                }
              ]
            }
          ]
        },
        {
          "level": 3,
          "name": "次元撕裂者",
          "abName": "迷失的乘客",
          "desc": "[CantIdentify] \n指定场上体力最高的角色\n\n[BeforeAttack] 下回合使自身获得3层迅捷 。\n消耗10层充能 并使本技能在命中时对目标施加2层易损 和2层次元裂痕 ",
          "coinlist": [
            {
              "coindescs": [
                {
                  "desc": "[OnSucceedAttack] 对目标施加1层易损 和4层次元裂痕 "
                }
              ]
            }
          ]
        }
      ]
    }
  ]
}