{
  "dataList": [
    {
      "id": "10101",
      "title": "布隆布隆",
      "place": "梅菲斯托费勒斯上",
      "desc": "巴士内弥漫着尴尬又严峻的氛围。尽管我得到了“经理”的职位，却并不清楚现在该采取何种行动。于是我下定决心向对面那位有着昆虫手臂的罪人询问巴士的目的地。"
    },
    {
      "id": "10102",
      "title": "舞蹈时间",
      "place": "4区后巷某处",
      "desc": "我听从了倒转时钟这一威胁似的请求，经历了无数次比死亡还恐怖的痛苦。巴士内部在不愉快的氛围中陷入寂静，我也打算沉默不语。真希望能就这样安安静静地到达4区……"
    },
    {
      "id": "10103",
      "title": "巴士甲板",
      "place": "4区 后巷",
      "desc": "有一帮冲着巴士而来的后巷的地痞流氓袭击了我们。但是不知为何，我们并没有直接杀死他们，而是给他们留了一口气，并把他们的身体挪到了梅菲斯托费勒斯的前方……"
    },
    {
      "id": "10104",
      "title": "脑啡肽",
      "place": "4区后巷某处",
      "desc": "欣赏了一番处理尸体比罪人们还可靠的梅菲斯托费勒斯。虽然我第一次见到这辆巴士的时候就觉得它不同寻常，但它到底是什么？浮士德哆嗦着嘴唇，看上去是有话要说。"
    },
    {
      "id": "10105",
      "title": "尤莉",
      "place": "4区后巷某处",
      "desc": "正当巴士的‘用餐’在某种程度上告一段落时，维吉里乌斯随即大声说道马上就会有客人要来。我好奇谁将会和我们一同踏上这场不尽人意的旅程。"
    },
    {
      "id": "10106",
      "title": "地图",
      "place": "4区后巷某处",
      "desc": "来访的客人是曾在脑叶公司任职的，名叫尤莉的收尾人。看她似乎对于巴士吞食尸体的场面司空见惯的样子，可见她一定吃过不少苦。而这位尤莉小姐看了看地图后，突然有些不安似的望向了驾驶席……"
    },
    {
      "id": "10107",
      "title": "三人组",
      "place": "4区后巷某处",
      "desc": "虽说现在才发现这件事也算得上是走运……卡戎是路痴这一冲击性的事实摆在了面前。尤莉再也坐不住了，挽起袖管说要去教卡戎怎么看地图，看不下去的辛克莱也自然地加入了其中。虽然有些吵闹……但是我觉得这样的场景也值得一看。"
    },
    {
      "id": "10108",
      "title": "害虫",
      "place": "4区后巷某处",
      "desc": "正透过巴士车窗观看后巷风景的罗佳突然浑身一颤。顺着她的视线看去，那里聚集着一群有着虫子脑袋的人。随后格里高尔的表情也瞬间僵住。与罗佳显露出的厌恶感不同，那明显是完全不同的表情。"
    },
    {
      "id": "10109",
      "title": "向导",
      "place": "4区 脑叶公司支部前",
      "desc": "几经折腾，我们最终抵达了旧脑叶公司支部。入口附近聚集了我们从未见过的人们，就好像在等着我们一样……"
    },
    {
      "id": "10110",
      "title": "8阶收尾人",
      "place": "4区 脑叶公司支部前",
      "desc": "在我们即将踏入脑叶公司支部之时，维吉里乌斯突然悄悄地叫住了我。他好像要单独和我说些什么。"
    },
    {
      "id": "10111",
      "title": "D-02支部",
      "place": "4区 脑叶公司支部内某处",
      "desc": "我们来到了地下。这里遍地是散发出腐臭味的尸体，还爬满了蛆虫。这里到底发生过什么？以及，我们最终能否顺利地将金枝夺回？"
    }
  ]
}