{
  "dataList": [
    {
      "id": "DanteNoteDetail_45",
      "title": "",
      "desc": "- 其巢位于23区。\n- 尽管我并未亲自造访过W公司，但通过与相关人格交谈，我还是得知了一些零散的信息。\nW公司似乎正在运营着一项名为“WARP列车”的交通服务，该服务能让乘客在数秒内被运送至其他站台。\nWARP列车的票价似乎相当高昂，头等舱的票价更是令人瞠目结舌。\n- ……为什么不直接开车呢？"
    },
    {
      "id": "DanteNoteDetail_46",
      "title": "",
      "desc": "- 利用收集来的纺锤，可以将人格同步至现世。\n- 似乎是指将某个世界中具有“可能性”的人格，与现世人格相匹配的过程。（只通过纺锤就可以将两个世界连结起来吗？）\n当提取出的人格覆写在罪人身上时，罪人貌似就会获得对象世界中被提取出的人格所拥有的知识和战斗技法。\n因此，通过纺锤同步人格的话，似乎便可以更加高效地使用该人格。"
    },
    {
      "id": "DanteNoteDetail_47",
      "title": "",
      "desc": "- 与人格同步类似，该步骤能通过消耗纺锤来让罪人们的E.G.O更加强大。\n……虽然我有些好奇为什么是“异想解析”，而不是和之前一样称之为“同步”？"
    },
    {
      "id": "DanteNoteDetail_48",
      "title": "",
      "desc": "- 其巢位于18区。\n- 根据相关人格所述，R公司与我所熟知的翼之间有些不同。\n翼会利用奇点提供各式各样的便利技术来丰富人们的生活，但R公司并不致力于此，而是负责提供类似于佣兵一样的武力支援的公司。\n- R公司之所以能够跻身翼的行列，似乎是得益于他们所能提供的军事服务的质量。\n奥提斯曾这样评价过：战斗中士兵的数量固然重要，但士兵的实战经验以及精神状态也同样关键。\n从这方面来看，R公司的战斗专员们（军人？还是说员工？）数量虽然也很多，但每个人据说都像是不会被战斗所动摇的杀人兵器。\n格里高尔这样补充道：光是不会丧失战意从前线逃跑或是陷入恐慌，作为士兵而言就已经十分了不起了。\n他们是有类似于战争模拟训练室一样的地方吗？"
    },
    {
      "id": "DanteNoteDetail_49",
      "title": "",
      "desc": "- 我曾问过，对一个人格使用所有纺锤以使其达到PDA上所显示的同步MAX状态是不是就搞定了。\n我好奇如此一来罪人是否真的会和那个世界的人格变得一模一样。\n- 理论上确实如此。\n据说如果被提取的世界的特定时间点所带来的人格积累了更多经验的话（例如进一步磨练战斗技术）又会产生新的可能性并且有可能追加同步进度。\n但是，好像人格会被固定在被提取的时间段。所以貌似并不能开发出新的技术或能力。"
    },
    {
      "id": "DanteNoteDetail_50",
      "title": "",
      "desc": "- 当罪人们（或所覆写的人格）撕碎人格训练券，似乎就会有某种经验一类的东西流入大脑。\n通过这些经验，人格能变得比在刚从平行世界提取时还要强。（浮士德说理论上如此）\n- 我能理解战斗技巧能随经验提升，但为什么连肉体的强度和体力也会随之上升？"
    },
    {
      "id": "DanteNoteDetail_51",
      "title": "",
      "desc": "- 从浮士德和李箱口中获得了模糊但还说得过去的回答。\n使用人格训练券强化人格时，会强化人格的框架，即强化骨架本身。\n- 将他们说的话整理一下，也就是强化只会发生在肉体上。\n以及强化貌似会通过人格原来所在平行世界的方式进行。\n- 顺带一提，如果强化了使用义体的人格，似乎还会改变义体的材质，使其变得更加耐用的样子。\n- 无论强化方式如何，都只会使肉体而非精神获得增强。"
    },
    {
      "id": "DanteNoteDetail_52",
      "title": "",
      "desc": "- 追加记录一些听说的事情。\n- 虽然车辆也能前往任何地方，但因为过程太过繁琐，人们似乎大多时候会使用WARP列车出行。\n也对……想到进入K社巢的步骤，确实会觉得繁琐得可怕。\n- 通过更多的对话得知，比起这种繁琐的过程，更多的原因还是路况。\n如果通过车辆一类的载具穿过后巷去往都市内的其他区域，貌似会因为扭成一团的路况而花费异常久的时间。\n- 即使直线距离看似很短，实际路况也会非常复杂。\n虽然各个巢之间似乎有名为高速公路的存在，但使用似乎也需要满足各种条件以及支付各种费用的样子。"
    },
    {
      "id": "DanteNoteDetail_53",
      "title": "",
      "desc": "- 罪人们所使用的E.G.O和人格相似，是从异想体的核心中将可能性引导向合适的罪人。\n但若想使用完整的E.G.O，就需要理解与解析异想体，这种必要的步骤被称为异想解析。\n- 异想解析进度越高，似乎就越能理解作为E.G.O来源的异想体心境，并且貌似还能够增强E.G.O的威力和效果。\n- 据发现，E.G.O似乎是某种精神力量的表现。\n这么一来，对异想体以及E.G.O的解析肯定十分重要。"
    },
    {
      "id": "DanteNoteDetail_54",
      "title": "",
      "desc": "- 我听说，通过PDA看到的人格等级，貌似不能强化到30级以上。\n- 这个数值似乎与我们收集的金枝有关。此外，貌似我也没法承受更进一步的人格强化。\n这么一说，随着时间流逝，也是有可能继续强化的吗？\n- ……说到底，“升级”只不是强化肉体罢了，我觉得应该和训练没有关系吧，但为什么会叫做“训练券”？我记得训练应该是通过人格同步进行的吧？"
    },
    {
      "id": "DanteNoteDetail_55",
      "title": "",
      "desc": "- 通过与拥有W公司人格的罪人谈话，我了解到了令人震惊的事实。\n虽然没有直接说明……但是貌似比起WARP列车在现实中不到几分钟的时间里进行的高速移动，车内的乘客们反而会感受到漫长到恐怖的时间，并且在这段时间里丧失理性，变成奇怪的形态。\n以及，每当这种时候似乎都要进行物理上的清扫。\n……幸好我们坐的是巴士。\n- 因为只是通过罪人的人格所说来推测的，所以我不打算告诉其它罪人，只打算记在这里。"
    },
    {
      "id": "DanteNoteDetail_56",
      "title": "",
      "desc": "- 根据与R公司人格们之间的对话，有一个名为第四集团军的队伍，其中包含兔子队、驯鹿队、犀牛队。\n- 兔子队是多用于泛用式作战的均衡性的战斗员。\n- 驯鹿队接受了某种手术使得头上长出了一对角，据说能利用那个角将精神力转为物理性的冲击。\n所以他们的头时常被剧痛困扰。\n- 虽然没有见过犀牛队所以对他们没有准确的认知，但是综合下情报的话，我觉得他们大致就是擅长于把所有东西尽数毁掉的特化部队吧。"
    },
    {
      "id": "DanteNoteDetail_57",
      "title": "",
      "desc": "- 我出于好奇提问过，如果时间继续流逝，在被提取的世界中是否还会发生不同的事件。\n- 我得到的答案是，“并不能确定”，以及“这些事情并不重要”。\n边狱公司只希望提升罪人们的战斗力，所以他们并不关心随着人格同步更进一层，在其他世界会发生什么。"
    },
    {
      "id": "DanteNoteDetail_58",
      "title": "",
      "desc": "- 如果说同步时所使用的纺锤是与其他世界的人们相连结的纺线，那我认为，异想解析时所使用的纺锤就像是用于探明异想体核心的威亚。\n- 据浮士德所说，解析似乎还能在现有的基础上更进一步。\n就像是人格同步以及强化一样，只要收集更多的金枝，似乎就有可能进行更加具体的异想解析。"
    },
    {
      "id": "DanteNoteDetail_59",
      "title": "",
      "desc": "- 至少我们家的罪人所使用的E.G.O，应该是通过将作为媒介的异想体的感情或是自我化为己用来使用的。\n虽然我也没亲身体验过……\n- 据说，多数情况下，那种感觉就像是被他人的想法所感化或是反映了自己的人生一样。"
    },
    {
      "id": "DanteNoteDetail_60",
      "title": "",
      "desc": "- 会让人不禁疑惑，这到底是如何运作的呢？并且，难以凭借理论或古典物理来解释似乎是它们的特征。\n虽然浮士德说过，以现在的状态想要努力尝试理解它们是没有意义的……\n但我并不觉得，像什么肉块能修复好被斩断的手臂啊，贴上贴纸就能让运气变好之类的，是能轻易忽视的现象。\n- 等下，那我的头不会也是奇点吧？"
    },
    {
      "id": "DanteNoteDetail_61",
      "title": "",
      "desc": "- 当罪人们靠近这东西时，他们似乎会有与头晕类似的异常感觉。\n这种现象也被称为“共鸣”，这可能与引发我头痛的原理相似。\n- 每当我们回收金枝，维吉里乌斯便会通知其它部门的人员对其进行处理。\n当我问到他这件事时，他只是说“将会呈递给总部”。"
    },
    {
      "id": "DanteNoteDetail_62",
      "title": "",
      "desc": "- ……只是，如果被过度感化，最后深深沉醉于自我之中的话，似乎也会有被该媒介侵蚀的情况。\n而且因为这个原因，罪人们已经死了好几次了……\n我也会痛得要死。"
    },
    {
      "id": "DanteNoteDetail_63",
      "title": "",
      "desc": "- 据说旧L公司将异想体分为五个等级进行管理。\n尤莉说，过去的L公司是以能源提取效率进行分级。\n好像在边狱公司中也以相同的等级对它们进行分类。"
    }
  ]
}