{
  "dataList": [
    {
      "id": "MirrorWorld_Name_1",
      "content": "黑云会与剑契的世界"
    },
    {
      "id": "MirrorWorld_Name_2",
      "content": "六协会的世界"
    },
    {
      "id": "MirrorWorld_Name_3",
      "content": "Zwei协会的世界"
    },
    {
      "id": "MirrorWorld_Name_4",
      "content": "し协会的世界"
    },
    {
      "id": "MirrorWorld_Name_5",
      "content": "Seven协会的世界"
    },
    {
      "id": "MirrorWorld_Name_6",
      "content": "W公司的世界"
    },
    {
      "id": "MirrorWorld_Name_7",
      "content": "R公司的世界"
    },
    {
      "id": "MirrorWorld_Name_8",
      "content": "LCCB的世界"
    },
    {
      "id": "MirrorWorld_Name_9",
      "content": "旧L公司的世界"
    },
    {
      "id": "MirrorWorld_Name_10",
      "content": "旧G公司的世界"
    },
    {
      "id": "MirrorWorld_Name_11",
      "content": "J公司后巷的世界"
    },
    {
      "id": "MirrorWorld_Name_12",
      "content": "N公司的世界"
    },
    {
      "id": "MirrorWorld_Name_13",
      "content": "23区后巷的世界"
    }
  ]
}