{
  "dataList": [
    {
      "id": "acheive",
      "content": "获得人格时"
    },
    {
      "id": "dialog01",
      "content": "对话 1"
    },
    {
      "id": "dialog02",
      "content": "对话 2"
    },
    {
      "id": "dialog03",
      "content": "对话 3"
    },
    {
      "id": "sync_dialog01",
      "content": "同步后对话1"
    },
    {
      "id": "sync_dialog02",
      "content": "同步后对话2"
    },
    {
      "id": "morning_dialog",
      "content": "早间大厅对话"
    },
    {
      "id": "lunch_dialog",
      "content": "午间大厅对话"
    },
    {
      "id": "dinner_dialog",
      "content": "晚间大厅对话"
    },
    {
      "id": "alone_dialog",
      "content": "闲置"
    },
    {
      "id": "synchronization",
      "content": "进行同步"
    },
    {
      "id": "organization",
      "content": "人格出战"
    },
    {
      "id": "success",
      "content": "战斗胜利"
    },
    {
      "id": "ex_success",
      "content": "EX CLEAR战斗胜利"
    },
    {
      "id": "failure",
      "content": "战斗失败"
    },
    {
      "id": "P10102",
      "content": "Seven协会 6科：李箱的故事"
    },
    {
      "id": "P10103",
      "content": "剑契组 杀手：李箱的故事"
    },
    {
      "id": "seven_yisang_profile",
      "content": "李箱\n男\n9月23日\nA\n176CM\n70KG"
    },
    {
      "id": "seven_yisang_analysis",
      "content": "该罪人曾经是[已编辑]翼中最年轻的首席研究员。与其他罪人相比，其拥有更为优秀的智力。但对于我们所选择的经理而言，与之交流将略显困难。虽说如此，完全避免与其沟通也有可能带来风险。该罪人偶尔会长时间沉默不语，那是因为他正在脑中处理一连串的问题，此时我们建议您静下心来，耐心等待。"
    },
    {
      "id": "blade_yisang_profile",
      "content": "李箱\n男\n9月23日\nA\n176CM\n70KG"
    },
    {
      "id": "blade_yisang_analysis",
      "content": "该罪人曾经是[已编辑]翼中最年轻的首席研究员。与其他罪人相比，其拥有更为优秀的智力。但对于我们所选择的经理而言，与之交流将略显困难。虽说如此，完全避免与其沟通也有可能带来风险。该罪人偶尔会长时间沉默不语，那是因为他正在脑中处理一连串的问题，此时我们建议您静下心来，耐心等待。"
    },
    {
      "id": "P10202",
      "content": "W公司 清扫小组：浮士德的故事"
    },
    {
      "id": "P10203",
      "content": "脑叶公司 幸存者：浮士德的故事"
    },
    {
      "id": "wcorp_faust_profile",
      "content": "浮士德\n女\n9月23日\nA\n174CM\n59KG"
    },
    {
      "id": "wcorp_faust_analysis",
      "content": "该罪人开发了边狱公司的巴士——梅菲斯托费勒斯的引擎。她声称在都市中，没有人能在智慧层面上与她相媲美，这话未必就是错的。也许在和经理您交谈的时候，您会发现她的态度高高在上，而这样的态度也许会败坏您的心情。由于该罪人举止傲慢，仿佛不在乎任何人，让她有所改善可能性几乎为零。我们建议您只要应付一下，点点头就行。虽然她才智异禀，但我们尚不清楚清楚如何利用她的才能。说不定，经理您能找到方法？"
    },
    {
      "id": "lcorp_faust_profile",
      "content": "浮士德\n女\n9月23日\nA\n174CM\n59KG"
    },
    {
      "id": "lcorp_faust_analysis",
      "content": "该罪人开发了边狱公司的巴士——梅菲斯托费勒斯的引擎。她声称在都市中，没有人能在智慧层面上与她相媲美，这话未必就是错的。也许在和经理您交谈的时候，您会发现她的态度高高在上，而这样的态度也许会败坏您的心情。由于该罪人举止傲慢，仿佛不在乎任何人，让她有所改善可能性几乎为零。我们建议您只要应付一下，点点头就行。虽然她才智异禀，但我们尚不清楚清楚如何利用她的才能。说不定，经理您能找到方法？"
    },
    {
      "id": "P10302",
      "content": "W公司 清扫小组：堂吉诃德的故事"
    },
    {
      "id": "P10303",
      "content": "し协会 5科科长：堂吉诃德的故事"
    },
    {
      "id": "wcorp_donquixote_profile",
      "content": "堂吉诃德\n女\n9月23日\nA\n163CM\n52KG"
    },
    {
      "id": "wcorp_donquixote_analysis",
      "content": "如果只以热情作为评判罪人资质的标准，该罪人一定是最高分。身为收尾人的忠实粉丝，她热衷于收集各式收尾人相关物件，并将其装饰在全身上下。介于该行为对战斗并无明显影响，因此无需对其爱好加以限制。由于该罪人对自身是正义的收尾人（这种东西真的存在过吗？）一事深信不疑，并且会做出仿佛演员一般夸张的举止。为了顺利完成任务，建议配合她的节奏行动。"
    },
    {
      "id": "shi_donquixote_profile",
      "content": "堂吉诃德\n女\n9月23日\nA\n163CM\n52KG"
    },
    {
      "id": "shi_donquixote_analysis",
      "content": "如果只以热情作为评判罪人资质的标准，该罪人一定是最高分。身为收尾人的忠实粉丝，她热衷于收集各式收尾人相关物件，并将其装饰在全身上下。介于该行为对战斗并无明显影响，因此无需对其爱好加以限制。由于该罪人对自身是正义的收尾人（这种东西真的存在过吗？）一事深信不疑，并且会做出仿佛演员一般夸张的举止。为了顺利完成任务，建议配合她的节奏行动。"
    },
    {
      "id": "P10402",
      "content": "Seven协会 6科：良秀的故事"
    },
    {
      "id": "P10403",
      "content": "黑云会 若众：良秀的故事"
    },
    {
      "id": "seven_ryoshu_profile",
      "content": "良秀\n女\n9月23日\nA\n171CM\n58KG"
    },
    {
      "id": "seven_ryoshu_analysis",
      "content": "虽说每个罪人每个罪人都有其独特的信条，而尊重这些信条是经理应尽的义务。但……某些信条实在是令人费解。虽然该罪人平日里只是在一边默默抽着烟，唯有战斗时，她的眼中才会迸发出愉悦的神采。她认为只是在战斗中无谋地打碎对方的脑袋，是粗俗的行为，更是对艺术的亵渎。[警告]-由于该罪人有着我司也难以应对的背景，请尽量不要和她结下私仇。"
    },
    {
      "id": "kurokumo_ryoshu_profile",
      "content": "良秀\n女\n9月23日\nA\n171CM\n58KG"
    },
    {
      "id": "kurokumo_ryoshu_analysis",
      "content": "虽说每个罪人每个罪人都有其独特的信条，而尊重这些信条是经理应尽的义务。但……某些信条实在是令人费解。虽然该罪人平日里只是在一边默默抽着烟，唯有战斗时，她的眼中才会迸发出愉悦的神采。她认为只是在战斗中无谋地打碎对方的脑袋，是粗俗的行为，更是对艺术的亵渎。[警告]-由于该罪人有着我司也难以应对的背景，请尽量不要和她结下私仇。"
    },
    {
      "id": "P10502",
      "content": "六协会 6科：默尔索的故事"
    },
    {
      "id": "P10503",
      "content": "W公司 清扫小组：默尔索的故事"
    },
    {
      "id": "liu_meursault_profile",
      "content": "默尔索\n男\n9月23日\nA\n188CM\n82KG"
    },
    {
      "id": "liu_meursault_analysis",
      "content": "倾向于明确且简短，即无须个人判断的命令。"
    },
    {
      "id": "wcorp_meursault_profile",
      "content": "默尔索\n男\n9月23日\nA\n188CM\n82KG"
    },
    {
      "id": "wcorp_meursault_analysis",
      "content": "倾向于明确且简短，即无须个人判断的命令。"
    },
    {
      "id": "P10602",
      "content": "黑云会 若众：鸿璐的故事"
    },
    {
      "id": "P10603",
      "content": "豆豆帮 帮主：鸿璐的故事"
    },
    {
      "id": "kurokumo_honglu_profile",
      "content": "鸿璐\n男\n9月23日\nA\n178CM\n74KG"
    },
    {
      "id": "kurokumo_honglu_analysis",
      "content": "该罪人在成为我司的资产前过着富足的生活。因此，虽然他虽对自由生活有所向往，但偶尔也会因见到其他罪人制作的食物而显露出对下等文化的无知，并提出冒犯性的问题，从而触碰其他罪人雷区。不过，由于其提问并非出于讽刺，而仅仅是好奇使然，让罪人们为此大动干戈并非合适的解决方法。"
    },
    {
      "id": "cong_honglu_profile",
      "content": "鸿璐\n男\n9月23日\nA\n178CM\n74KG"
    },
    {
      "id": "cong_honglu_analysis",
      "content": "该罪人在成为我司的资产前过着富足的生活。因此，虽然他虽对自由生活有所向往，但偶尔也会因见到其他罪人制作的食物而显露出对下等文化的无知，并提出冒犯性的问题，从而触碰其他罪人雷区。不过，由于其提问并非出于讽刺，而仅仅是好奇使然，让罪人们为此大动干戈并非合适的解决方法。"
    },
    {
      "id": "P10702",
      "content": "し协会 5科：希斯克利夫的故事"
    },
    {
      "id": "P10703",
      "content": "R公司 第4集团军 兔子队：希斯克利夫的故事"
    },
    {
      "id": "shi_heathcliff_profile",
      "content": "希斯克利夫\n男\n9月23日\nA\n180CM\n78KG"
    },
    {
      "id": "shi_heathcliff_analysis",
      "content": "该罪人比起理论思考更偏爱实际行动。由于他丝毫不去掩饰自己的想法和感情，而是全部通过表情与话语加以表达，经理在与其建立联系的过程中可能会引发头痛（或是受到物理意义上会引发头痛的外伤……）希望您谨记在该罪人的思维模式中并不存在深入思考这一项。以防万一，如果出现长时间无法平息其愤怒的情况，请您联系人事部。正因为该罪人的思维模式愚钝且单纯，一旦您掌握其性格，处理起来就会变得十分简单。"
    },
    {
      "id": "rcorp_heathcliff_profile",
      "content": "希斯克利夫\n男\n9月23日\nA\n180CM\n78KG"
    },
    {
      "id": "rcorp_heathcliff_analysis",
      "content": "该罪人比起理论思考更偏爱实际行动。由于他丝毫不去掩饰自己的想法和感情，而是全部通过表情与话语加以表达，经理在与其建立联系的过程中可能会引发头痛（或是受到物理意义上会引发头痛的外伤……）希望您谨记在该罪人的思维模式中并不存在深入思考这一项。以防万一，如果出现长时间无法平息其愤怒的情况，请您联系人事部。正因为该罪人的思维模式愚钝且单纯，一旦您掌握其性格，处理起来就会变得十分简单。"
    },
    {
      "id": "P10802",
      "content": "R公司 第4集团军 驯鹿队：以实玛利的故事"
    },
    {
      "id": "P10803",
      "content": "し协会 5科：以实玛利的故事"
    },
    {
      "id": "P10804",
      "content": "LCCB 系长：以实玛利的故事"
    },
    {
      "id": "rcorp_ishmael_profile",
      "content": "以实玛利\n女\n9月23日\nA\n171CM\n57KG"
    },
    {
      "id": "rcorp_ishmael_analysis",
      "content": "身为经理，您在见到这些缺点众多的的罪人时，心中难免会感到无力。但请您放心，该罪人是少数能毫无怨言地执行大多命令的罪人之一。由于该罪人能作出合理的判断，所以当您想要寻求建议时，一边看向她的方向一边抛出话题将会十分有效。但也不能忘记，该罪人曾经历过的，在广袤无垠的海面上的那次远航。她是那时候唯一的幸存者，因此会拥有较强的忍耐力，可一旦用错误的态度对待她，想再度取回其信任将变得十分困难。"
    },
    {
      "id": "shi_ishmael_profile",
      "content": "以实玛利\n女\n9月23日\nA\n171CM\n57KG"
    },
    {
      "id": "shi_ishmael_analysis",
      "content": "身为经理，您在见到这些缺点众多的的罪人时，心中难免会感到无力。但请您放心，该罪人是少数能毫无怨言地执行大多命令的罪人之一。由于该罪人能作出合理的判断，所以当您想要寻求建议时，一边看向她的方向一边抛出话题将会十分有效。但也不能忘记，该罪人曾经历过的，在广袤无垠的海面上的那次远航。她是那时候唯一的幸存者，因此会拥有较强的忍耐力，可一旦用错误的态度对待她，想再度取回其信任将变得十分困难。"
    },
    {
      "id": "P10902",
      "content": "黑云会 若众：罗佳的故事"
    },
    {
      "id": "P10903",
      "content": "LCCB 系长：罗佳的故事"
    },
    {
      "id": "kurokumo_rodion_profile",
      "content": "罗佳\n女\n9月23日\nA\n182CM\n65KG"
    },
    {
      "id": "kurokumo_rodion_analysis",
      "content": "该罪人明显展现出后巷出身所特有的缺陷。她拜金且嗜赌，建议经理对其密切关注。她很擅长用笑话或眨眼睛来应付您的指示，建议时常向其展现经理的威严。该罪人会可能不定期地情绪低落，在经理的立场上并不能为其提供帮助，因此静静等候才最有效率。"
    },
    {
      "id": "lcb_rodion_profile",
      "content": "罗佳\n女\n9月23日\nA\n182CM\n65KG"
    },
    {
      "id": "lcb_rodion_analysis",
      "content": "该罪人明显展现出后巷出身所特有的缺陷。她拜金且嗜赌，建议经理对其密切关注。她很擅长用笑话或眨眼睛来应付您的指示，建议时常向其展现经理的威严。该罪人会可能不定期地情绪低落，在经理的立场上并不能为其提供帮助，因此静静等候才最有效率。"
    },
    {
      "id": "P11002",
      "content": "剑契组 杀手：辛克莱的故事"
    },
    {
      "id": "P11003",
      "content": "Zwei协会 6科：辛克莱的故事"
    },
    {
      "id": "P11004",
      "content": "流浪乐队 头目：辛克莱的故事"
    },
    {
      "id": "blade_sinclair_profile",
      "content": "辛克莱\n男\n9月23日\nA\n163CM\n54KG"
    },
    {
      "id": "blade_sinclair_analysis",
      "content": "考虑到该罪人所处成长时期的不稳定性，当您向他搭话时，他也许会十分惊讶或是愁眉苦脸。由于其尚且不习惯战斗，也许一开始连直视内脏都要费一番功夫。介于罪人中不乏具有暴力倾向的人，比起惩罚，更建议经理以柔和的态度对待他。该罪人虽会在不自觉的情况下释放杀气，我司认为这证明其拥有从事本职业的潜能，我们判断给予他适当的刺激能够更好的促进其成长。"
    },
    {
      "id": "zwei_sinclair_profile",
      "content": "辛克莱\n男\n9月23日\nA\n163CM\n54KG"
    },
    {
      "id": "zwei_sinclair_analysis",
      "content": "考虑到该罪人所处成长时期的不稳定性，当您向他搭话时，他也许会十分惊讶或是愁眉苦脸。由于其尚且不习惯战斗，也许一开始连直视内脏都要费一番功夫。介于罪人中不乏具有暴力倾向的人，比起惩罚，更建议经理以柔和的态度对待他。该罪人虽会在不自觉的情况下释放杀气，我司认为这证明其拥有从事本职业的潜能，我们判断给予他适当的刺激能够更好的促进其成长。"
    },
    {
      "id": "mariachi_sinclair_profile",
      "content": "辛克莱\n男\n9月23日\nA\n163CM\n54KG"
    },
    {
      "id": "mariachi_sinclair_analysis",
      "content": "考虑到该罪人所处成长时期的不稳定性，当您向他搭话时，他也许会十分惊讶或是愁眉苦脸。由于其尚且不习惯战斗，也许一开始连直视内脏都要费一番功夫。介于罪人中不乏具有暴力倾向的人，比起惩罚，更建议经理以柔和的态度对待他。该罪人虽会在不自觉的情况下释放杀气，我司认为这证明其拥有从事本职业的潜能，我们判断给予他适当的刺激能够更好的促进其成长。"
    },
    {
      "id": "P11102",
      "content": "剑契组 封口人：奥提斯的故事"
    },
    {
      "id": "P11103",
      "content": "G公司 总经理：奥提斯的故事"
    },
    {
      "id": "blade_outis_profile",
      "content": "奥提斯\n女\n9月23日\nA\n177CM\n64KG"
    },
    {
      "id": "blade_outis_analysis",
      "content": "根据经理的能力，该罪人也许能成为优秀的顾问。但考虑到其多管闲事的性格，建议您适当附和即可。由于她精通包括战术在内的各种技术知识，为了提高效率，您可以时常向其寻求建议。加上该罪人拥有一定的工坊技术，您也可以委任她对巴士进行简单的维护。[注意]-与其他罪人不同，该罪人的过往经历被禁止阅览。[注意]-请密切关注该罪人，使其不在任务之外另起心思。"
    },
    {
      "id": "gcorp_outis_profile",
      "content": "奥提斯\n女\n9月23日\nA\n177CM\n64KG"
    },
    {
      "id": "gcorp_outis_analysis",
      "content": "根据经理的能力，该罪人也许能成为优秀的顾问。但考虑到其多管闲事的性格，建议您适当附和即可。由于她精通包括战术在内的各种技术知识，为了提高效率，您可以时常向其寻求建议。加上该罪人拥有一定的工坊技术，您也可以委任她对巴士进行简单的维护。[注意]-与其他罪人不同，该罪人的过往经历被禁止阅览。[注意]-请密切关注该罪人，使其不在任务之外另起心思。"
    },
    {
      "id": "P11202",
      "content": "六协会 6科：格里高尔的故事"
    },
    {
      "id": "P11203",
      "content": "G公司 首席助理：格里高尔的故事"
    },
    {
      "id": "liu_gregor_profile",
      "content": "格里高尔\n男\n9月23日\nA\n167CM\n68KG"
    },
    {
      "id": "liu_gregor_analysis",
      "content": "与其他罪人相比，该罪人的性格无可非议。然而，随着情绪激动或是环境急速变化，其身体部位可能会变化成类似昆虫的形态。(尤其像是某种鞘翅目昆虫，类似于■■■■。) 如果您不想成为一名粗俗的经理，那请您尽量面不改色地对待他的变化，尤其不要对其表现出厌恶感。\n虽然该罪人偶尔会说些愤世嫉俗的话，但只要掌握技巧就能与其顺利沟通。与他相处并非难事。"
    },
    {
      "id": "gcorp_gregor_profile",
      "content": "格里高尔\n男\n9月23日\nA\n167CM\n68KG"
    },
    {
      "id": "gcorp_gregor_analysis",
      "content": "与其他罪人相比，该罪人的性格无可非议。然而，随着情绪激动或是环境急速变化，其身体部位可能会变化成类似昆虫的形态。(尤其像是某种鞘翅目昆虫，类似于■■■■。) 如果您不想成为一名粗俗的经理，那请您尽量面不改色地对待他的变化，尤其不要对其表现出厌恶感。\n虽然该罪人偶尔会说些愤世嫉俗的话，但只要掌握技巧就能与其顺利沟通。与他相处并非难事。"
    },
    {
      "id": "P10504",
      "content": "N公司 大锤：默尔索的故事"
    },
    {
      "id": "ncorp_meursault_profile",
      "content": "默尔索\n男\n9月23日\nA\n188CM\n82KG"
    },
    {
      "id": "ncorp_meursault_analysis",
      "content": "倾向于明确且简短，即无须个人判断的命令。"
    },
    {
      "id": "P10904",
      "content": "N公司 中锤：罗佳的故事"
    },
    {
      "id": "ncorp_rodion_profile",
      "content": "罗佳\n女\n9月23日\nA\n182CM\n65KG"
    },
    {
      "id": "ncorp_rodion_analysis",
      "content": "该罪人明显展现出后巷出身所特有的缺陷。她拜金且嗜赌，建议经理对其密切关注。她很擅长用笑话或眨眼睛来应付您的指示，建议时常向其展现经理的威严。该罪人会可能不定期地情绪低落，在经理的立场上并不能为其提供帮助，因此静静等候才最有效率。"
    },
    {
      "id": "P10704",
      "content": "N公司 小锤：希斯克利夫的故事"
    },
    {
      "id": "ncorp_heathcliff_profile",
      "content": "希斯克利夫\n男\n9月23日\nA\n180CM\n78KG"
    },
    {
      "id": "ncorp_heathcliff_analysis",
      "content": "该罪人比起理论思考更偏爱实际行动。由于他丝毫不去掩饰自己的想法和感情，而是全部通过表情与话语加以表达，经理在与其建立联系的过程中可能会引发头痛（或是受到物理意义上会引发头痛的外伤……）希望您谨记在该罪人的思维模式中并不存在深入思考这一项。以防万一，如果出现长时间无法平息其愤怒的情况，请您联系人事部。正因为该罪人的思维模式愚钝且单纯，一旦您掌握其性格，处理起来就会变得十分简单。"
    },
    {
      "id": "P10204",
      "content": "执柄者：浮士德的故事"
    },
    {
      "id": "ncorp_faust_profile",
      "content": "浮士德\n女\n9月23日\nA\n174CM\n59KG"
    },
    {
      "id": "ncorp_faust_analysis",
      "content": "该罪人为我司巴士打造了”梅菲斯托费勒斯“引擎。她声称自己是都市中最聪慧的存在，没有人能在智慧层面上与她相媲美，这可能并非谬论。当她应允与您交谈时，您会发现她的态度高高在上，令人不悦。她对待所有人都有一股微妙的傲慢态度，这似乎永远都无法改变了。我们建议您只要应付一下，点点头就成。虽然她才智异禀，但我们却不知道该如何”物尽其用”——也许，您能成为第一个？"
    },
    {
      "id": "P11104",
      "content": "Seven协会 6科科长：奥提斯的故事"
    },
    {
      "id": "SevenAsso6_outis_profile",
      "content": "奥提斯\n女\n9月23日\nA\n177CM\n64KG"
    },
    {
      "id": "SevenAsso6_outis_analysis",
      "content": "如果您能力超群，该罪人将成为您最强而有力的臂膀。然而，她也喜欢多管闲事，我们建议您用礼貌用语附和一下，不必深究。她在包括战术在内的多项技能上都算得上是专家，向她寻求帮助十分有效。顺带一提，她对工坊相关的技术也有所了解，您大可放心地让她负责修复边狱巴士。"
    },
    {
      "id": "P10604",
      "content": "六协会 5科：鸿璐的故事"
    },
    {
      "id": "LiuAsso5_honglu_profile",
      "content": "鸿璐\n男\n9月23日\nA\n178CM\n74KG"
    },
    {
      "id": "LiuAsso5_honglu_analysis",
      "content": "该罪人在成为我司资产前衣食无忧。因此他向往自由，然而当他偶尔见到其他罪人制造的食物时，他会显露出对底层文化的无知，提出一些看似带有侮辱意味的问题，从而到踩他人的雷区。但是，他并非有意触碰对方的雷区，只是因为好奇心过剩而已。因此，每当您看到其他罪人抽出武器要对他动手时，一定要及时制止，毕竟这样做可没法解决问题。"
    },
    {
      "id": "P10404",
      "content": "良・派 厨师长：良秀的故事"
    },
    {
      "id": "23GuCooker_ryoshu_profile",
      "content": "良秀\n女\n9月23日\nA\n171CM\n58KG"
    },
    {
      "id": "23GuCooker_ryoshu_analysis",
      "content": "正如他们所说，每个罪人都有其独特的信条——作为经理，您理应尊重它们，但……某些信条实在是令人费解。该罪人平时只会自顾自地埋头抽烟，唯有战斗时，她的眼中才会迸发出愉悦的神采。她认为，一味地打爆敌人脑袋是一种未开化的野蛮行为，是对艺术的亵渎。如果您实在是无法忍受该罪人，请按下“就职礼包”中附上的红色按钮。"
    },
    {
      "id": "P11204",
      "content": "良・派 帮厨：格里高尔的故事"
    },
    {
      "id": "23GuCooker_gregor_profile",
      "content": "格里高尔\n男\n9月23日\nA\n167CM\n68KG"
    },
    {
      "id": "23GuCooker_gregor_analysis",
      "content": "该罪人的性格与其他罪人相比非常好应对。然而，一旦他情绪高涨或遭遇环境骤变，其部分躯体或者全身就会转化为昆虫形态（特别像是…某种鞘翅目昆虫，类似于■■■■）。如果您不想显得很没教养（当然，不在意也行），我们建议您认真管理面部表情，以免让他看到您脸上的厌恶之情。他有时会说些愤世嫉俗的话，但只要您掌握了对付他的技巧，便能毫无难度地打断他，与他好好交流。"
    },
    {
      "id": "P11005",
      "content": "将执柄者，辛克莱的故事"
    },
    {
      "id": "ncorp_sinclair_profile",
      "content": "辛克莱\n男\n9月23日\nA\n163CM\n54KG"
    },
    {
      "id": "ncorp_sinclair_analysis",
      "content": "即使是考虑到成长期的特征，也不能否认他是一位行为非常异常的罪人，例如搭话时会特别受惊或者眉头紧皱等。因其不擅长战斗所以即使只是看到内脏都会感到吃力。考虑到罪人之中有包里倾向的人物，比起教训我们更倾向于鼓励这名罪人。虽然这名罪人无意识的裹着一股杀气，但考虑到我们公司的工作内容，您可以理解为这名罪人在工作方面有潜力，我们认为只需要有合适的刺激，便可使得这名罪人优秀地成长。"
    },
    {
      "id": "P10304",
      "content": "N公司 中锤，堂吉诃德的故事"
    },
    {
      "id": "ncorp_donquixote_profile",
      "content": "堂吉诃德\n女\n9月23日\nA\n163CM\n52KG"
    },
    {
      "id": "ncorp_donquixote_analysis",
      "content": "如果单看热情来评价的话，这名罪人无疑能获得满分。这名罪人对收尾人以及收集他们的物品非常热情，您能看到这名罪人全身上下都带着收尾人纪念品。这些行为不会对战斗有所影响，所以没有必要制止。这名罪人沉迷于扮演正义的收尾人（这种东西真的有存在过吗？），所以会做出三流演员那种夸张的行为。如果是为了顺利完成任务，稍微配合她的演出也没有大碍。"
    }
  ]
}