{
  "dataList": [
    {
      "id": "MAINSTORY",
      "content": "主线剧情"
    },
    {
      "id": "PERSONALITYSTORY",
      "content": "人格故事"
    },
    {
      "id": "NOTE_OF_DANTE",
      "content": "但丁的笔记"
    },
    {
      "id": "EPISODE",
      "content": "第{0}话"
    },
    {
      "id": "PAGE",
      "content": "第{0}章"
    },
    {
      "id": "PROGRESS",
      "content": "进度"
    },
    {
      "id": "Before",
      "content": "战前"
    },
    {
      "id": "After",
      "content": "战后"
    },
    {
      "id": "None",
      "content": ""
    },
    {
      "id": "ENTER",
      "content": "进入"
    },
    {
      "id": "CLOSE",
      "content": "关闭"
    },
    {
      "id": "MIRRORWOLDS",
      "content": "镜像世界"
    },
    {
      "id": "STORY",
      "content": "故事"
    },
    {
      "id": "SECURITY_MATERIAL",
      "content": "机密文件"
    },
    {
      "id": "SPEECH",
      "content": "语音回放"
    },
    {
      "id": "OPEN_CONDITION",
      "content": "解锁方式: "
    },
    {
      "id": "DEEP_ANALYSIS",
      "content": "解析阶段："
    },
    {
      "id": "DATA_DOWNLOAD",
      "content": "下载数据"
    },
    {
      "id": "DATA_DOWNLOAD_DESC",
      "content": "是否为有配音的对话播放配音？\n额外的数据将会立即开始下载"
    },
    {
      "id": "DATA_DOWNLOAD_NO",
      "content": "无配音\n(0.00 MB)"
    },
    {
      "id": "DATA_DOWNLOAD_YES",
      "content": "有配音\n({0} MB)"
    },
    {
      "id": "CV_1",
      "content": "Min Seung-woo"
    },
    {
      "id": "CV_2",
      "content": "Park Ji-yoon"
    },
    {
      "id": "CV_3",
      "content": "Kim Yea-lim"
    },
    {
      "id": "CV_4",
      "content": "Yi Sae-ah"
    },
    {
      "id": "CV_5",
      "content": "Kwon Sung-hyuk"
    },
    {
      "id": "CV_6",
      "content": "Kim Sin-woo"
    },
    {
      "id": "CV_7",
      "content": "Hong Seung-hyo"
    },
    {
      "id": "CV_8",
      "content": "Jang Ye-na"
    },
    {
      "id": "CV_9",
      "content": "Yoon A-young"
    },
    {
      "id": "CV_10",
      "content": "Kim Da-ol"
    },
    {
      "id": "CV_11",
      "content": "Kim Bo-na"
    },
    {
      "id": "CV_12",
      "content": "Choi Han"
    },
    {
      "id": "gacksung",
      "content": "同步"
    },
    {
      "id": "EnterStoryPopupDesc",
      "content": "要查看\n{0}吗?"
    },
    {
      "id": "No",
      "content": "取消"
    },
    {
      "id": "DetailStoryDungeon",
      "content": "主线迷宫内"
    },
    {
      "id": "NeedsPersonality",
      "content": "所需人格"
    },
    {
      "id": "NeedsPersonalityButton",
      "content": "解锁条件"
    },
    {
      "id": "MainStoryOpenCondition_101",
      "content": "通过1-1"
    },
    {
      "id": "MainStoryOpenCondition_102",
      "content": "通过2-1"
    },
    {
      "id": "MainStoryOpenCondition_103",
      "content": "通过3-1"
    },
    {
      "id": "PersonalityStory_OpenCodition",
      "content": "人格同步达到{0}阶段后解锁"
    },
    {
      "id": "OTHERSTORY",
      "content": "其他剧情"
    },
    {
      "id": "DanteNote_Record",
      "content": "记录"
    },
    {
      "id": "DanteNote_Time",
      "content": "时间顺序"
    },
    {
      "id": "DanteNote_Update",
      "content": "最近更新"
    },
    {
      "id": "DanteNote_Main",
      "content": "我甚至不知道该从哪里写起。\n鉴于我连自己忘了多少都说不清，这也是理所当然的吧。\n也许，在遇到不记得的事情时，我可以记录下来。"
    },
    {
      "id": "MINI",
      "content": "Mini"
    },
    {
      "id": "DetailStoryMini",
      "content": "小插曲"
    },
    {
      "id": "OtherStoryOpenCondition_9103",
      "content": "通过3.5-1"
    },
    {
      "id": "OtherStoryOpenCondition_9010",
      "content": "通过3.5-9"
    }
  ]
}