{
  "dataList": [
    {
      "id": "MirrorWorld_Story_Title_P10102",
      "content": "Seven协会 6科：李箱的故事"
    },
    {
      "id": "MirrorWorld_Story_Title_P10103",
      "content": "剑契组 杀手：李箱的故事"
    },
    {
      "id": "MirrorWorld_Story_Title_P10202",
      "content": "W公司 清扫小组：浮士德的故事"
    },
    {
      "id": "MirrorWorld_Story_Title_P10203",
      "content": "脑叶公司 幸存者：浮士德的故事"
    },
    {
      "id": "MirrorWorld_Story_Title_P10302",
      "content": "W公司 清扫小组：堂吉诃德的故事"
    },
    {
      "id": "MirrorWorld_Story_Title_P10303",
      "content": "し协会 5科科长：堂吉诃德的故事"
    },
    {
      "id": "MirrorWorld_Story_Title_P10402",
      "content": "Seven协会 6科：良秀的故事"
    },
    {
      "id": "MirrorWorld_Story_Title_P10403",
      "content": "黑云会 若众：良秀的故事"
    },
    {
      "id": "MirrorWorld_Story_Title_P10502",
      "content": "六协会 6科：默尔索的故事"
    },
    {
      "id": "MirrorWorld_Story_Title_P10503",
      "content": "W公司 清扫小组：默尔索的故事"
    },
    {
      "id": "MirrorWorld_Story_Title_P10602",
      "content": "黑云会 若众：鸿璐的故事"
    },
    {
      "id": "MirrorWorld_Story_Title_P10603",
      "content": "豆豆帮 帮主：鸿璐的故事"
    },
    {
      "id": "MirrorWorld_Story_Title_P10702",
      "content": "し协会 5科：希斯克利夫的故事"
    },
    {
      "id": "MirrorWorld_Story_Title_P10703",
      "content": "R公司 第4集团军 兔子队：希斯克利夫的故事"
    },
    {
      "id": "MirrorWorld_Story_Title_P10802",
      "content": "R公司 第4集团军 驯鹿队：以实玛利的故事"
    },
    {
      "id": "MirrorWorld_Story_Title_P10803",
      "content": "し协会 5科：以实玛利的故事"
    },
    {
      "id": "MirrorWorld_Story_Title_P10804",
      "content": "LCCB 系长：以实玛利的故事"
    },
    {
      "id": "MirrorWorld_Story_Title_P10902",
      "content": "黑云会 若众：罗佳的故事"
    },
    {
      "id": "MirrorWorld_Story_Title_P10903",
      "content": "LCCB 系长：罗佳的故事"
    },
    {
      "id": "MirrorWorld_Story_Title_P11002",
      "content": "剑契组 杀手：辛克莱的故事"
    },
    {
      "id": "MirrorWorld_Story_Title_P11003",
      "content": "Zwei协会 6科：辛克莱的故事"
    },
    {
      "id": "MirrorWorld_Story_Title_P11004",
      "content": "流浪乐队 头目：辛克莱的故事"
    },
    {
      "id": "MirrorWorld_Story_Title_P11102",
      "content": "剑契组 封口人：奥提斯的故事"
    },
    {
      "id": "MirrorWorld_Story_Title_P11103",
      "content": "G公司 总经理：奥提斯的故事"
    },
    {
      "id": "MirrorWorld_Story_Title_P11202",
      "content": "六协会 6科：格里高尔的故事"
    },
    {
      "id": "MirrorWorld_Story_Title_P11203",
      "content": "G公司 首席助理：格里高尔的故事"
    },
    {
      "id": "MirrorWorld_Story_Title_P10504",
      "content": "N公司 大锤：默尔索的故事"
    },
    {
      "id": "MirrorWorld_Story_Title_P10904",
      "content": "N公司 中锤：罗佳的故事"
    },
    {
      "id": "MirrorWorld_Story_Title_P10204",
      "content": "执柄者：浮士德的故事"
    },
    {
      "id": "MirrorWorld_Story_Title_P10704",
      "content": "N公司小锤：希斯克利夫的故事"
    },
    {
      "id": "MirrorWorld_Story_Title_P11104",
      "content": "Seven协会 6科科长：奥提斯的故事"
    },
    {
      "id": "MirrorWorld_Story_Title_P10604",
      "content": "六协会 5科：鸿璐的故事"
    },
    {
      "id": "MirrorWorld_Story_Title_P10404",
      "content": "良・派 厨师长：良秀的故事"
    },
    {
      "id": "MirrorWorld_Story_Title_P11204",
      "content": "良・派 帮厨：格里高尔的故事"
    },
    {
      "id": "MirrorWorld_Story_Title_P10304",
      "content": "N公司 中锤：堂吉诃德的故事"
    },
    {
      "id": "MirrorWorld_Story_Title_P11005",
      "content": "准执柄者：辛克莱的故事"
    }
  ]
}