{
  "dataList": [
    {
      "id": 800001,
      "levelList": [
        {
          "level": 1,
          "name": "防御"
        }
      ]
    },
    {
      "id": 800002,
      "levelList": [
        {
          "level": 1,
          "name": "闪避"
        }
      ]
    },
    {
      "id": 800003,
      "levelList": [
        {
          "level": 1,
          "name": "反击"
        }
      ]
    },
    {
      "id": 800004,
      "levelList": [
        {
          "level": 1,
          "name": "闪避"
        }
      ]
    },
    {
      "id": 8001001,
      "levelList": [
        {
          "level": 1,
          "name": "怀疑猜忌",
          "coinlist": [
            {},
            {}
          ]
        }
      ]
    },
    {
      "id": 8001002,
      "levelList": [
        {
          "level": 1,
          "name": "褪色枝干"
        }
      ]
    },
    {
      "id": 8001003,
      "levelList": [
        {
          "level": 1,
          "name": "褪色枝干"
        }
      ]
    },
    {
      "id": 8001004,
      "levelList": [
        {
          "level": 1,
          "name": "根生荆棘",
          "keywords": [],
          "coinlist": [
            {
              "coindescs": [
                {
                  "desc": "[OnSucceedAttackHead] 下回合对目标施加3层流血 "
                }
              ]
            }
          ]
        }
      ]
    },
    {
      "id": 8001005,
      "levelList": [
        {
          "level": 1,
          "name": "苦痛蔓延",
          "desc": [
            "[wide]"
          ],
          "coinlist": [
            {
              "coindescs": [
                {
                  "desc": "[OnSucceedAttackHead] 下回合对目标施加1层易损 "
                }
              ]
            }
          ]
        }
      ]
    },
    {
      "id": 8001006,
      "levelList": [
        {
          "level": 1,
          "name": "虚无之果",
          "desc": ""
        }
      ]
    },
    {
      "id": 800501,
      "levelList": [
        {
          "level": 1,
          "name": "生啃撕咬",
          "coinlist": [
            {},
            {}
          ]
        }
      ]
    },
    {
      "id": 800502,
      "levelList": [
        {
          "level": 1,
          "name": "填满胃肠",
          "coinlist": [
            {
              "coindescs": [
                {
                  "desc": "[OnSucceedAttackHead] 使自身恢复1点体力"
                }
              ]
            },
            {
              "coindescs": [
                {
                  "desc": "[OnSucceedAttackHead] 使自身恢复1点体力"
                }
              ]
            },
            {
              "coindescs": [
                {
                  "desc": "[OnSucceedAttackHead] 使自身恢复1点体力"
                }
              ]
            }
          ]
        }
      ]
    },
    {
      "id": 800601,
      "levelList": [
        {
          "level": 1,
          "name": "翻滚冲撞",
          "coinlist": [
            {}
          ]
        }
      ]
    },
    {
      "id": 800602,
      "levelList": [
        {
          "level": 1,
          "name": "怠惰之扼",
          "coinlist": [
            {
              "coindescs": [
                {
                  "desc": "[OnSucceedAttackHead] 下回合对目标施加3层束缚 "
                }
              ]
            }
          ]
        }
      ]
    },
    {
      "id": 800701,
      "levelList": [
        {
          "level": 1,
          "name": "烈焰烧灼",
          "coinlist": [
            {},
            {}
          ]
        }
      ]
    },
    {
      "id": 800702,
      "levelList": [
        {
          "level": 1,
          "name": "暴怒迸发",
          "coinlist": [
            {
              "coindescs": [
                {
                  "desc": "[OnSucceedAttackHead] 下回合使目标增加2级烧伤 强度"
                }
              ]
            }
          ]
        }
      ]
    },
    {
      "id": 800201,
      "levelList": [
        {
          "level": 1,
          "name": "巨力猛砸",
          "coinlist": [
            {}
          ]
        }
      ]
    },
    {
      "id": 800202,
      "levelList": [
        {
          "level": 1,
          "name": "巨力猛砸",
          "coinlist": [
            {}
          ]
        }
      ]
    },
    {
      "id": 800203,
      "levelList": [
        {
          "level": 1,
          "name": "大地震颤",
          "coinlist": [
            {
              "coindescs": [
                {
                  "desc": "[OnSucceedAttack] 下回合对目标施加1层束缚 "
                }
              ]
            }
          ]
        }
      ]
    },
    {
      "id": 800204,
      "levelList": [
        {
          "level": 1,
          "name": "活祭仪式",
          "coinlist": [
            {
              "coindescs": [
                {
                  "desc": "[OnSucceedAttack] 下回合对目标施加3层流血 "
                }
              ]
            }
          ]
        }
      ]
    },
    {
      "id": 800205,
      "levelList": [
        {
          "level": 1,
          "name": "宇宙热寂",
          "coinlist": [
            {}
          ]
        }
      ]
    },
    {
      "id": 800206,
      "levelList": [
        {
          "level": 1,
          "name": "坚固祭坛",
          "coinlist": [
            {}
          ]
        }
      ]
    },
    {
      "id": 800207,
      "levelList": [
        {
          "level": 1,
          "name": "宇宙热寂",
          "desc": "[CantDuel] 指定全体友方单位",
          "coinlist": [
            {}
          ]
        }
      ]
    },
    {
      "id": 800301,
      "levelList": [
        {
          "level": 1,
          "name": "戳刺",
          "coinlist": [
            {
              "coindescs": [
                {
                  "desc": "[OnSucceedAttackHead] 下回合对目标施加1层流血 "
                }
              ]
            }
          ]
        }
      ]
    },
    {
      "id": 800302,
      "levelList": [
        {
          "level": 1,
          "name": "撕挠",
          "coinlist": [
            {},
            {
              "coindescs": [
                {
                  "desc": "[OnSucceedAttackHead] 下回合对目标施加1层流血 "
                }
              ]
            }
          ]
        }
      ]
    },
    {
      "id": 800402,
      "levelList": [
        {
          "level": 1,
          "name": "痛苦猛刺",
          "coinlist": [
            {
              "coindescs": [
                {
                  "desc": "[OnSucceedAttackHead] 下回合对目标施加1层流血 "
                },
                {
                  "desc": "[OnSucceedAttackHead] 下回合对目标施加1层烧伤 "
                }
              ]
            }
          ]
        }
      ]
    },
    {
      "id": 800403,
      "levelList": [
        {
          "level": 1,
          "name": "痛苦撕挠",
          "coinlist": [
            {},
            {
              "coindescs": [
                {
                  "desc": "[OnSucceedAttackHead] 下回合对目标施加1层流血 "
                },
                {
                  "desc": "[OnSucceedAttackHead] 下回合对目标施加1层烧伤 "
                }
              ]
            }
          ]
        }
      ]
    },
    {
      "id": 800401,
      "levelList": [
        {
          "level": 1,
          "name": "火焰吐息",
          "coinlist": [
            {
              "coindescs": [
                {
                  "desc": "[OnSucceedAttack] 下回合使目标增加1级烧伤 强度"
                }
              ]
            }
          ]
        }
      ]
    },
    {
      "id": 800801,
      "levelList": [
        {
          "level": 1,
          "name": "发芽",
          "desc": ""
        }
      ]
    },
    {
      "id": 800802,
      "levelList": [
        {
          "level": 1,
          "name": "金灿果实",
          "coinlist": [
            {
              "coindescs": [
                {
                  "desc": "[DefeatDuel] 对自身造成20点伤害"
                },
                {
                  "desc": "[DefeatDuel] 使自身失去1层光辉 "
                }
              ]
            }
          ]
        }
      ]
    },
    {
      "id": 800803,
      "levelList": [
        {
          "level": 1,
          "name": "坚硬的黄金",
          "coinlist": [
            {}
          ]
        }
      ]
    },
    {
      "id": 800901,
      "levelList": [
        {
          "level": 1,
          "name": "榨取养分",
          "coinlist": [
            {},
            {
              "coindescs": [
                {
                  "desc": "[OnSucceedAttack] 使自身的躯干恢复3点体力"
                }
              ]
            },
            {}
          ]
        }
      ]
    },
    {
      "id": 800902,
      "levelList": [
        {
          "level": 1,
          "name": "腐烂果肉",
          "coinlist": [
            {
              "coindescs": [
                {
                  "desc": "[OnSucceedAttack] 下回合对目标施加3层流血 "
                },
                {
                  "desc": "[OnSucceedAttack] 下回合对目标施加2层易损 "
                }
              ]
            }
          ]
        }
      ]
    },
    {
      "id": 800903,
      "levelList": [
        {
          "level": 1,
          "name": "捕杀",
          "coinlist": [
            {},
            {
              "coindescs": [
                {
                  "desc": "[OnSucceedAttack] 使自身的躯干恢复10点体力"
                },
                {
                  "desc": "[OnSucceedAttack] 下回合使目标增加5级流血 强度"
                }
              ]
            }
          ]
        }
      ]
    },
    {
      "id": 801001,
      "levelList": [
        {
          "level": 1,
          "name": "该干活了……",
          "coinlist": [
            {},
            {}
          ]
        }
      ]
    },
    {
      "id": 801002,
      "levelList": [
        {
          "level": 1,
          "name": "努力拼搏！",
          "desc": "[WhenUse] 使自身失去10点体力并使本技能威力+1",
          "coinlist": [
            {}
          ]
        }
      ]
    },
    {
      "id": 801003,
      "levelList": [
        {
          "level": 1,
          "name": "不眠不休……",
          "coinlist": [
            {}
          ]
        }
      ]
    },
    {
      "id": 801101,
      "levelList": [
        {
          "level": 1,
          "name": "收拾掉吧……",
          "coinlist": [
            {},
            {}
          ]
        }
      ]
    },
    {
      "id": 801102,
      "levelList": [
        {
          "level": 1,
          "name": "继续奋斗！",
          "desc": "[WhenUse] 使自身失去10点体力并使本技能威力+1",
          "coinlist": [
            {},
            {},
            {}
          ]
        }
      ]
    },
    {
      "id": 801103,
      "levelList": [
        {
          "level": 1,
          "name": "不眠不休……",
          "coinlist": [
            {}
          ]
        }
      ]
    },
    {
      "id": 801201,
      "levelList": [
        {
          "level": 1,
          "name": "工作时间！",
          "coinlist": [
            {}
          ]
        }
      ]
    },
    {
      "id": 801202,
      "levelList": [
        {
          "level": 1,
          "name": "起来干活！",
          "coinlist": [
            {
              "coindescs": [
                {
                  "desc": "[OnSucceedAttack] 下回合使自身获得2层迅捷 "
                }
              ]
            }
          ]
        }
      ]
    },
    {
      "id": 801203,
      "levelList": [
        {
          "level": 1,
          "name": "兴奋至极！！",
          "coinlist": [
            {
              "coindescs": [
                {
                  "desc": "[OnSucceedAttack] 对自身造成3点伤害"
                }
              ]
            },
            {
              "coindescs": [
                {
                  "desc": "[OnSucceedAttack] 对自身造成3点伤害"
                }
              ]
            }
          ]
        }
      ]
    },
    {
      "id": 801204,
      "levelList": [
        {
          "level": 1,
          "name": "给予☆惩罚",
          "desc": "[WhenUse] 使自身失去10点体力并使本技能威力+2",
          "coinlist": [
            {},
            {}
          ]
        }
      ]
    },
    {
      "id": 801205,
      "levelList": [
        {
          "level": 1,
          "name": "紧·急·情·况！！！",
          "coinlist": [
            {
              "coindescs": [
                {
                  "desc": "[OnSucceedAttack] 对自身造成3点伤害"
                }
              ]
            },
            {
              "coindescs": [
                {
                  "desc": "[OnSucceedAttack] 对自身造成3点伤害"
                }
              ]
            },
            {
              "coindescs": [
                {
                  "desc": "[OnSucceedAttack] 对自身造成3点伤害"
                }
              ]
            }
          ]
        }
      ]
    },
    {
      "id": 801206,
      "levelList": [
        {
          "level": 1,
          "name": "别妨碍我！？",
          "coinlist": [
            {},
            {}
          ]
        }
      ]
    },
    {
      "id": 801301,
      "levelList": [
        {
          "level": 1,
          "name": "受缚姿态",
          "coinlist": [
            {},
            {}
          ]
        }
      ]
    },
    {
      "id": 801302,
      "levelList": [
        {
          "level": 1,
          "name": "紧缚欲望",
          "coinlist": [
            {}
          ]
        }
      ]
    },
    {
      "id": 801303,
      "levelList": [
        {
          "level": 1,
          "name": "粉红之舞",
          "coinlist": [
            {
              "coindescs": [
                {
                  "desc": "[OnSucceedAttack] 下回合对目标施加1层欲望 "
                }
              ]
            },
            {
              "coindescs": [
                {
                  "desc": "[OnSucceedAttack] 下回合对目标施加1层欲望 "
                }
              ]
            }
          ]
        }
      ]
    },
    {
      "id": 801401,
      "levelList": [
        {
          "level": 1,
          "name": "受缚姿态",
          "coinlist": [
            {},
            {}
          ]
        }
      ]
    },
    {
      "id": 801402,
      "levelList": [
        {
          "level": 1,
          "name": "紧缚欲望",
          "coinlist": [
            {}
          ]
        }
      ]
    },
    {
      "id": 801403,
      "levelList": [
        {
          "level": 1,
          "name": "粉红之舞",
          "coinlist": [
            {
              "coindescs": [
                {
                  "desc": "[OnSucceedAttack] 下回合对目标施加2层欲望 "
                }
              ]
            }
          ]
        }
      ]
    },
    {
      "id": 801501,
      "levelList": [
        {
          "level": 1,
          "name": "赚钱时间！",
          "coinlist": [
            {}
          ]
        }
      ]
    },
    {
      "id": 801502,
      "levelList": [
        {
          "level": 1,
          "name": "赚钱啦！",
          "coinlist": [
            {
              "coindescs": [
                {
                  "desc": "[OnSucceedAttack] 下回合使自身获得2层迅捷 "
                }
              ]
            }
          ]
        }
      ]
    },
    {
      "id": 801503,
      "levelList": [
        {
          "level": 1,
          "name": "太开心啦！！",
          "coinlist": [
            {
              "coindescs": [
                {
                  "desc": "[OnSucceedAttackHead] 对自身造成3点伤害"
                }
              ]
            },
            {
              "coindescs": [
                {
                  "desc": "[OnSucceedAttackHead] 对自身造成3点伤害"
                }
              ]
            }
          ]
        }
      ]
    },
    {
      "id": 801504,
      "levelList": [
        {
          "level": 1,
          "name": "闪☆金旋转！？",
          "desc": "[WhenUse] 使自身失去10点体力并使本技能威力+2",
          "coinlist": [
            {
              "coindescs": [
                {
                  "desc": "[OnSucceedAttack] 下回合对目标施加3层欲望 "
                }
              ]
            }
          ]
        }
      ]
    },
    {
      "id": 801601,
      "levelList": [
        {
          "level": 1,
          "name": "悲哀溅射",
          "coinlist": [
            {}
          ]
        }
      ]
    },
    {
      "id": 801602,
      "levelList": [
        {
          "level": 1,
          "name": "忧郁决堤",
          "coinlist": [
            {
              "coindescs": [
                {
                  "desc": "[OnSucceedAttackHead] 下回合使目标增加3级沉沦 强度"
                }
              ]
            }
          ]
        }
      ]
    },
    {
      "id": 801701,
      "levelList": [
        {
          "level": 1,
          "name": "巨鄂重击",
          "coinlist": [
            {}
          ]
        }
      ]
    },
    {
      "id": 801702,
      "levelList": [
        {
          "level": 1,
          "name": "淫欲绞杀",
          "coinlist": [
            {
              "coindescs": [
                {
                  "desc": "[OnSucceedAttackHead] 下回合使目标增加2级流血 强度"
                }
              ]
            }
          ]
        }
      ]
    },
    {
      "id": 801801,
      "levelList": [
        {
          "level": 1,
          "name": "摧残蹂躏",
          "coinlist": [
            {}
          ]
        }
      ]
    },
    {
      "id": 801802,
      "levelList": [
        {
          "level": 1,
          "name": "傲慢碾碎",
          "coinlist": [
            {
              "coindescs": [
                {
                  "desc": "[OnSucceedAttackHead] 下回合对目标施加1层易损 "
                }
              ]
            },
            {
              "coindescs": [
                {
                  "desc": "[OnSucceedAttackHead] 下回合对目标施加1层易损 "
                }
              ]
            }
          ]
        }
      ]
    },
    {
      "id": 801901,
      "levelList": [
        {
          "level": 1,
          "name": "尖喙凿击",
          "coinlist": [
            {}
          ]
        }
      ]
    },
    {
      "id": 801902,
      "levelList": [
        {
          "level": 1,
          "name": "冰镰刨切",
          "coinlist": [
            {},
            {}
          ]
        }
      ]
    },
    {
      "id": 801903,
      "levelList": [
        {
          "level": 1,
          "name": "趾足践踏",
          "coinlist": [
            {
              "coindescs": [
                {
                  "desc": "[OnSucceedAttackHead] 下回合对目标施加1层易损 "
                }
              ]
            }
          ]
        }
      ]
    },
    {
      "id": 802101,
      "levelList": [
        {
          "level": 1,
          "name": "粉碎凿击",
          "coinlist": [
            {}
          ]
        }
      ]
    },
    {
      "id": 802102,
      "levelList": [
        {
          "level": 1,
          "name": "投掷冰锥",
          "coinlist": [
            {}
          ]
        }
      ]
    },
    {
      "id": 802103,
      "levelList": [
        {
          "level": 1,
          "name": "利喙捣碎",
          "coinlist": [
            {},
            {
              "coindescs": [
                {
                  "desc": "[OnSucceedAttack] 下回合对目标施加1层束缚 "
                }
              ]
            }
          ]
        }
      ]
    },
    {
      "id": 802401,
      "levelList": [
        {
          "level": 1,
          "name": "诡异之瞳",
          "desc": "",
          "coinlist": [
            {
              "coindescs": [
                {
                  "desc": "[OnSucceedAttack] 对目标造成5点理智伤害"
                }
              ]
            },
            {
              "coindescs": [
                {
                  "desc": "[OnSucceedAttack] 对目标造成5点理智伤害"
                }
              ]
            }
          ]
        }
      ]
    },
    {
      "id": 802402,
      "levelList": [
        {
          "level": 1,
          "name": "拙劣模仿",
          "desc": "受到攻击时模仿使用对方所用的技能。\n[WhenUse] 对目标造成10点理智伤害",
          "coinlist": [
            {
              "coindescs": [
                {
                  "desc": ""
                }
              ]
            }
          ]
        }
      ]
    },
    {
      "id": 802403,
      "levelList": [
        {
          "level": 1,
          "name": "修补躯壳",
          "coinlist": [
            {
              "coindescs": [
                {
                  "desc": "[OnSucceedAttack] 使自身恢复体力上限10%的体力并获得1层本能 "
                }
              ]
            }
          ]
        }
      ]
    },
    {
      "id": 802404,
      "levelList": [
        {
          "level": 1,
          "name": "粉身碎骨",
          "coinlist": [
            {
              "coindescs": [
                {
                  "desc": "[OnSucceedAttack] 使自身恢复体力上限10%的体力"
                }
              ]
            },
            {
              "coindescs": [
                {
                  "desc": "[OnSucceedAttack] 下回合使目标增加10级流血 强度"
                }
              ]
            }
          ]
        }
      ]
    },
    {
      "id": 802501,
      "levelList": [
        {
          "level": 1,
          "name": "暴力撕扯",
          "coinlist": [
            {
              "coindescs": [
                {
                  "desc": "[OnSucceedAttackHead] 下回合使目标增加1级流血 强度"
                }
              ]
            },
            {
              "coindescs": [
                {
                  "desc": "[OnSucceedAttackHead] 下回合使目标增加1级流血 强度"
                }
              ]
            },
            {
              "coindescs": [
                {
                  "desc": "[OnSucceedAttackHead] 下回合使目标增加1级流血 强度"
                }
              ]
            }
          ]
        }
      ]
    },
    {
      "id": 802502,
      "levelList": [
        {
          "level": 1,
          "name": "狂暴冲撞",
          "coinlist": [
            {
              "coindescs": [
                {
                  "desc": "[OnSucceedAttack] 下回合使目标增加4级流血 强度"
                }
              ]
            },
            {
              "coindescs": [
                {
                  "desc": "[OnSucceedAttack] 下回合使目标增加4级流血 强度"
                }
              ]
            }
          ]
        }
      ]
    },
    {
      "id": 802503,
      "levelList": [
        {
          "level": 1,
          "name": "野蛮撕裂",
          "coinlist": [
            {
              "coindescs": [
                {
                  "desc": "[OnSucceedAttack] 下回合使目标增加4级流血 强度"
                },
                {
                  "desc": "[OnSucceedAttack] 下回合对目标施加1层易损 "
                }
              ]
            },
            {
              "coindescs": [
                {
                  "desc": "[OnSucceedAttack] 下回合使目标增加4级流血 强度"
                },
                {
                  "desc": "[OnSucceedAttack] 下回合对目标施加1层易损 "
                }
              ]
            },
            {
              "coindescs": [
                {
                  "desc": "[OnSucceedAttack] 下回合使目标增加4级流血 强度"
                },
                {
                  "desc": "[OnSucceedAttack] 下回合对目标施加1层易损 "
                }
              ]
            },
            {
              "coindescs": [
                {
                  "desc": "[OnSucceedAttack] 下回合使目标增加4级流血 强度"
                },
                {
                  "desc": "[OnSucceedAttack] 下回合对目标施加1层易损 "
                }
              ]
            }
          ]
        }
      ]
    },
    {
      "id": 802504,
      "levelList": [
        {
          "level": 1,
          "name": "暴怒追击",
          "coinlist": [
            {
              "coindescs": [
                {
                  "desc": "[OnSucceedAttack] 下回合对目标施加6层流血 "
                },
                {
                  "desc": "[OnSucceedAttack] 下回合对目标施加6层破裂 "
                }
              ]
            }
          ]
        }
      ]
    },
    {
      "id": 802505,
      "levelList": [
        {
          "level": 1,
          "name": "高度警惕",
          "desc": "",
          "coinlist": [
            {}
          ]
        }
      ]
    },
    {
      "id": 802701,
      "levelList": [
        {
          "level": 1,
          "name": "撕扯",
          "coinlist": [
            {
              "coindescs": [
                {
                  "desc": "[OnSucceedAttackHead] 下回合使目标增加1级流血 强度"
                }
              ]
            }
          ]
        }
      ]
    },
    {
      "id": 802702,
      "levelList": [
        {
          "level": 1,
          "name": "警惕",
          "coinlist": [
            {}
          ]
        }
      ]
    },
    {
      "id": 802703,
      "levelList": [
        {
          "level": 1,
          "name": "盲目冲撞",
          "coinlist": [
            {
              "coindescs": [
                {
                  "desc": "[OnSucceedAttack] 下回合使目标增加2级流血 强度"
                }
              ]
            },
            {
              "coindescs": [
                {
                  "desc": "[OnSucceedAttack] 下回合使目标增加2级流血 强度"
                }
              ]
            }
          ]
        }
      ]
    },
    {
      "id": 802801,
      "levelList": [
        {
          "level": 1,
          "name": "盘绕双臂",
          "desc": "",
          "coinlist": [
            {
              "coindescs": [
                {
                  "desc": "[OnSucceedAttack] 下回合对目标施加3层麻痹 "
                }
              ]
            }
          ]
        }
      ]
    },
    {
      "id": 802802,
      "levelList": [
        {
          "level": 1,
          "name": "缠绕扭断",
          "desc": "[DefeatDuel] 使自身失去1层本能 ",
          "coinlist": [
            {},
            {
              "coindescs": [
                {
                  "desc": "[OnSucceedAttack] 使自身恢复20点体力并对自身施加5层流血 "
                }
              ]
            }
          ]
        }
      ]
    },
    {
      "id": 802803,
      "levelList": [
        {
          "level": 1,
          "name": "双臂挥砸",
          "desc": "自身每有一处手臂被破坏，使本技能的威力-1",
          "coinlist": [
            {
              "coindescs": [
                {
                  "desc": "[OnSucceedAttack] 下回合使目标增加2级流血 强度并对其施加1层麻痹 "
                }
              ]
            },
            {
              "coindescs": [
                {
                  "desc": "[OnSucceedAttack] 下回合使目标增加2级流血 强度并对其施加1层麻痹 "
                }
              ]
            },
            {
              "coindescs": [
                {
                  "desc": "[OnSucceedAttack] 下回合使目标增加4级流血 强度并对其施加2层麻痹 "
                }
              ]
            }
          ]
        }
      ]
    },
    {
      "id": 802804,
      "levelList": [
        {
          "level": 1,
          "name": "双臂痛殴",
          "desc": "[DefeatDuel] 使自身失去1层本能 ",
          "coinlist": [
            {
              "coindescs": [
                {
                  "desc": "[OnSucceedAttack] 使自身的混乱阈值前移10；下回合对目标施加5层束缚 "
                }
              ]
            }
          ]
        }
      ]
    },
    {
      "id": 802805,
      "levelList": [
        {
          "level": 1,
          "name": "屏息凝神",
          "desc": "[StartBattle] 使自身获得1层本能 ",
          "coinlist": [
            {}
          ]
        }
      ]
    },
    {
      "id": 802807,
      "levelList": [
        {
          "level": 1,
          "name": "痛苦蠕动",
          "desc": "[WhenUse] 使自身失去12点体力并在下回合使自身增加5级流血 强度",
          "coinlist": [
            {
              "coindescs": [
                {
                  "desc": "[OnSucceedAttack] 下回合对目标施加3层剧毒 "
                }
              ]
            },
            {
              "coindescs": [
                {
                  "desc": "[OnSucceedAttack] 下回合对目标施加3层剧毒 "
                }
              ]
            },
            {
              "coindescs": [
                {
                  "desc": "[OnSucceedAttack] 下回合对目标施加3层剧毒 "
                }
              ]
            }
          ]
        }
      ]
    },
    {
      "id": 802808,
      "levelList": [
        {
          "level": 1,
          "name": "痛苦挣扎",
          "desc": "[WhenUse] 使自身失去12点体力并在下回合使自身增加3级流血 强度",
          "coinlist": [
            {
              "coindescs": [
                {
                  "desc": "[OnSucceedAttack] 下回合对目标施加6层麻痹 "
                }
              ]
            },
            {
              "coindescs": [
                {
                  "desc": "[OnSucceedAttack] 下回合对目标施加6层麻痹 "
                }
              ]
            }
          ]
        }
      ]
    },
    {
      "id": 802901,
      "levelList": [
        {
          "level": 1,
          "name": "",
          "coinlist": [
            {}
          ]
        }
      ]
    },
    {
      "id": 802902,
      "levelList": [
        {
          "level": 1,
          "name": "尖钉戳刺",
          "coinlist": [
            {},
            {
              "coindescs": [
                {
                  "desc": "[OnSucceedAttack] 下回合使目标增加6级流血 强度"
                }
              ]
            }
          ]
        }
      ]
    },
    {
      "id": 802903,
      "levelList": [
        {
          "level": 1,
          "name": "执握",
          "desc": "[StartBattle] 下回合凝视该目标",
          "coinlist": [
            {
              "coindescs": [
                {
                  "desc": ""
                }
              ]
            }
          ]
        }
      ]
    },
    {
      "id": 802904,
      "levelList": [
        {
          "level": 1,
          "name": "狂笑",
          "desc": "[WhenUse] 对目标造成10点理智伤害",
          "coinlist": [
            {},
            {
              "coindescs": [
                {
                  "desc": "[OnSucceedAttack] 下回合使自身获得1层强壮 "
                }
              ]
            }
          ]
        }
      ]
    },
    {
      "id": 802905,
      "levelList": [
        {
          "level": 1,
          "name": "断罪钉刑",
          "coinlist": [
            {
              "coindescs": [
                {
                  "desc": "[OnSucceedAttack] 下回合对目标施加1层尖钉 "
                }
              ]
            },
            {
              "coindescs": [
                {
                  "desc": "[OnSucceedAttack] 下回合对目标施加1层尖钉 "
                }
              ]
            },
            {
              "coindescs": [
                {
                  "desc": "[OnSucceedAttack] 下回合对目标施加1层尖钉 "
                }
              ]
            }
          ]
        }
      ]
    },
    {
      "id": 802906,
      "levelList": [
        {
          "level": 1,
          "name": "净化",
          "desc": "[WhenUse] 若目标的体力低于30%，则使本技能的威力+2",
          "coinlist": [
            {
              "coindescs": [
                {
                  "desc": "[OnSucceedAttack] 对目标施加1层尖钉 "
                }
              ]
            },
            {
              "coindescs": [
                {
                  "desc": "[OnSucceedAttack] 对目标施加1层尖钉 "
                }
              ]
            },
            {
              "coindescs": [
                {
                  "desc": "[OnSucceedAttack] 对目标施加1层尖钉 "
                }
              ]
            },
            {
              "coindescs": [
                {
                  "desc": "[OnSucceedAttack] 若目标的尖钉 层数高于5层，则使其陷入混乱并解除目标的尖钉 "
                }
              ]
            }
          ]
        }
      ]
    },
    {
      "id": 802907,
      "levelList": [
        {
          "level": 1,
          "name": "即刻处决！",
          "desc": "[WhenUse] 若目标的体力低于30%，则使本技能的威力+2",
          "coinlist": [
            {
              "coindescs": [
                {
                  "desc": "[OnSucceedAttack] 若目标的尖钉 层数高于5层，则使其陷入混乱"
                }
              ]
            },
            {
              "coindescs": [
                {
                  "desc": "[OnSucceedAttack] 对目标造成(尖钉层数x3)点伤害，随后解除目标的尖钉 "
                }
              ]
            }
          ]
        }
      ]
    },
    {
      "id": 802908,
      "levelList": [
        {
          "level": 1,
          "name": "即刻处决！",
          "desc": "[DefeatDuel] 使自身陷入混乱",
          "coinlist": [
            {
              "coindescs": [
                {
                  "desc": "[OnSucceedAttack] 使目标陷入混乱，并在下回合对其施加10层易损 "
                }
              ]
            }
          ]
        }
      ]
    },
    {
      "id": 802909,
      "levelList": [
        {
          "level": 1,
          "name": "",
          "desc": "",
          "coinlist": [
            {}
          ]
        }
      ]
    },
    {
      "id": 802910,
      "levelList": [
        {
          "level": 1,
          "name": "可笑至极",
          "desc": "[OnSucceedEvade] 对目标造成5点理智伤害",
          "coinlist": [
            {}
          ]
        }
      ]
    },
    {
      "id": 803001,
      "levelList": [
        {
          "level": 1,
          "name": "原生之翼",
          "coinlist": [
            {}
          ]
        }
      ]
    },
    {
      "id": 803002,
      "levelList": [
        {
          "level": 1,
          "name": "原生之翼",
          "coinlist": [
            {},
            {}
          ]
        }
      ]
    },
    {
      "id": 803003,
      "levelList": [
        {
          "level": 1,
          "name": "圣洁振翅",
          "coinlist": [
            {
              "coindescs": [
                {
                  "desc": "[OnSucceedAttack] 下回合对目标施加1层束缚 "
                },
                {
                  "desc": "[OnSucceedAttack] 下回合对目标施加1层麻痹 "
                }
              ]
            },
            {
              "coindescs": [
                {
                  "desc": "[OnSucceedAttack] 下回合对目标施加1层束缚 "
                },
                {
                  "desc": "[OnSucceedAttack] 下回合对目标施加1层麻痹 "
                }
              ]
            },
            {
              "coindescs": [
                {
                  "desc": "[OnSucceedAttack] 下回合对目标施加1层束缚 "
                },
                {
                  "desc": "[OnSucceedAttack] 下回合对目标施加1层麻痹 "
                }
              ]
            },
            {
              "coindescs": [
                {
                  "desc": "[OnSucceedAttack] 下回合对目标施加1层束缚 "
                },
                {
                  "desc": "[OnSucceedAttack] 下回合对目标施加1层麻痹 "
                }
              ]
            }
          ]
        }
      ]
    },
    {
      "id": 803004,
      "levelList": [
        {
          "level": 1,
          "name": "破碎之翼",
          "coinlist": [
            {
              "coindescs": [
                {
                  "desc": "[OnSucceedAttack] 下回合对目标施加1层束缚 "
                },
                {
                  "desc": "[OnSucceedAttack] 下回合对目标施加1层麻痹 "
                }
              ]
            },
            {
              "coindescs": [
                {
                  "desc": "[OnSucceedAttack] 下回合对目标施加1层束缚 "
                },
                {
                  "desc": "[OnSucceedAttack] 下回合对目标施加1层麻痹 "
                }
              ]
            }
          ]
        }
      ]
    },
    {
      "id": 803005,
      "levelList": [
        {
          "level": 1,
          "name": "破碎之翼",
          "coinlist": [
            {
              "coindescs": [
                {
                  "desc": "[OnSucceedAttack] 下回合对目标施加1层束缚 "
                },
                {
                  "desc": "[OnSucceedAttack] 下回合对目标施加1层麻痹 "
                }
              ]
            },
            {
              "coindescs": [
                {
                  "desc": "[OnSucceedAttack] 下回合对目标施加1层束缚 "
                },
                {
                  "desc": "[OnSucceedAttack] 下回合对目标施加1层麻痹 "
                }
              ]
            }
          ]
        }
      ]
    },
    {
      "id": 803006,
      "levelList": [
        {
          "level": 1,
          "name": "盛怒振翅",
          "coinlist": [
            {}
          ]
        }
      ]
    },
    {
      "id": 803007,
      "levelList": [
        {
          "level": 1,
          "name": "崇高净化",
          "coinlist": [
            {
              "coindescs": [
                {
                  "desc": "[OnSucceedAttack] 下回合对目标施加1层易损 "
                },
                {
                  "desc": "[OnSucceedAttack] 下回合使目标增加2级流血 强度"
                }
              ]
            },
            {
              "coindescs": [
                {
                  "desc": "[OnSucceedAttack] 下回合对目标施加1层易损 "
                },
                {
                  "desc": "[OnSucceedAttack] 下回合使目标增加2级流血 强度"
                }
              ]
            },
            {
              "coindescs": [
                {
                  "desc": "[OnSucceedAttack] 下回合对目标施加1层易损 "
                },
                {
                  "desc": "[OnSucceedAttack] 下回合使目标增加2级流血 强度"
                }
              ]
            }
          ]
        }
      ]
    },
    {
      "id": 803008,
      "levelList": [
        {
          "level": 1,
          "name": "掌管荣耀",
          "desc": "[WhenUse] 若目标的体力低于30%，则使本技能造成的伤害+100%",
          "coinlist": [
            {
              "coindescs": [
                {
                  "desc": "[OnSucceedAttackHead] 目标的体力低于30%时，直接击杀目标并使自身恢复30点体力\n下回合使自身获得2层强壮 "
                }
              ]
            }
          ]
        }
      ]
    },
    {
      "id": 803009,
      "levelList": [
        {
          "level": 1,
          "name": "给我忏悔！！",
          "desc": "[WhenUse] 若目标的体力低于30%，则使本技能造成的伤害+100%",
          "coinlist": [
            {
              "coindescs": [
                {
                  "desc": "[OnSucceedAttack] 下回合对目标施加5层易损 "
                },
                {
                  "desc": "[OnSucceedAttack] 下回合使目标增加5级流血 强度"
                }
              ]
            }
          ]
        }
      ]
    },
    {
      "id": 803010,
      "levelList": [
        {
          "level": 1,
          "name": "纯粹的血肉",
          "coinlist": [
            {
              "coindescs": [
                {}
              ]
            }
          ]
        }
      ]
    },
    {
      "id": 803101,
      "levelList": [
        {
          "level": 1,
          "name": "拍击",
          "keywords": [
            "Reduction"
          ],
          "coinlist": [
            {
              "coindescs": [
                {
                  "desc": "[OnSucceedAttack] 下回合对目标施加1层虚弱 "
                }
              ]
            }
          ]
        }
      ]
    },
    {
      "id": 803102,
      "levelList": [
        {
          "level": 1,
          "name": "强力拍击",
          "keywords": [
            "Reduction"
          ],
          "coinlist": [
            {
              "coindescs": [
                {
                  "desc": "[OnSucceedAttackHead] 下回合对目标施加3层虚弱 "
                }
              ]
            }
          ]
        }
      ]
    },
    {
      "id": 803103,
      "levelList": [
        {
          "level": 1,
          "name": "尾鳍抽打",
          "keywords": [
            "Vulnerable"
          ],
          "coinlist": [
            {
              "coindescs": [
                {
                  "desc": "[OnSucceedAttack] 下回合对目标施加1层易损 "
                }
              ]
            },
            {
              "coindescs": [
                {
                  "desc": "[OnSucceedAttackHead] 下回合对目标施加3层易损 "
                }
              ]
            }
          ]
        }
      ]
    },
    {
      "id": 803104,
      "levelList": [
        {
          "level": 1,
          "name": "挤压液囊",
          "keywords": [
            "Binding"
          ],
          "coinlist": [
            {
              "coindescs": [
                {
                  "desc": "[OnSucceedAttack] 下回合对目标施加3层束缚 "
                }
              ]
            }
          ]
        }
      ]
    },
    {
      "id": 803105,
      "levelList": [
        {
          "level": 1,
          "name": "血液轰击",
          "keywords": [
            "Bleeding"
          ],
          "coinlist": [
            {
              "coindescs": [
                {
                  "desc": "[OnSucceedAttack] 使目标增加5级流血 强度"
                },
                {
                  "desc": "[OnSucceedAttackHead] 使目标增加20级流血 强度"
                }
              ]
            }
          ]
        }
      ]
    },
    {
      "id": 803106,
      "levelList": [
        {
          "level": 1,
          "name": "血液凝结",
          "keywords": [
            "Bleeding"
          ],
          "desc": "[Wide]",
          "coinlist": [
            {
              "coindescs": [
                {
                  "desc": "[OnSucceedAttackHead] 使目标增加30级流血 强度"
                }
              ]
            }
          ]
        }
      ]
    },
    {
      "id": 803201,
      "levelList": [
        {
          "level": 1,
          "name": "利爪撕扯",
          "coinlist": [
            {
              "coindescs": [
                {
                  "desc": "[OnSucceedAttack] 下回合使目标增加2级流血 强度."
                }
              ]
            }
          ]
        }
      ]
    },
    {
      "id": 803202,
      "levelList": [
        {
          "level": 1,
          "name": "恒定电压",
          "coinlist": [
            {
              "coindescs": [
                {
                  "desc": "[OnSucceedAttack] 下回合使目标增加1级破裂 强度"
                }
              ]
            }
          ]
        }
      ]
    },
    {
      "id": 803203,
      "levelList": [
        {
          "level": 1,
          "name": "恒压追击",
          "coinlist": [
            {
              "coindescs": [
                {
                  "desc": "[OnSucceedAttack] 下回合使目标增加1级破裂 强度"
                }
              ]
            },
            {
              "coindescs": [
                {
                  "desc": "[OnSucceedAttackHead] 下回合使目标增加4级破裂 强度"
                }
              ]
            }
          ]
        }
      ]
    },
    {
      "id": 803204,
      "levelList": [
        {
          "level": 1,
          "name": "咆哮",
          "coinlist": [
            {
              "coindescs": [
                {
                  "desc": "[OnSucceedAttack] 下回合对目标施加2层束缚 "
                },
                {
                  "desc": "[OnSucceedAttackHead] 下回合对目标施加4层破绽 "
                }
              ]
            }
          ]
        }
      ]
    },
    {
      "id": 803205,
      "levelList": [
        {
          "level": 1,
          "name": "雷霆咆哮",
          "coinlist": [
            {
              "coindescs": [
                {
                  "desc": "[OnSucceedAttackHead] 下回合使目标增加3级破裂 强度"
                }
              ]
            }
          ]
        }
      ]
    },
    {
      "id": 803206,
      "levelList": [
        {
          "level": 1,
          "name": "落雷牵引",
          "coinlist": [
            {
              "coindescs": [
                {
                  "desc": "[OnSucceedAttack] 下回合使目标增加2级破裂 强度"
                },
                {
                  "desc": "[OnSucceedAttackHead] 下回合使目标增加5级破裂 强度"
                }
              ]
            },
            {
              "coindescs": [
                {
                  "desc": ""
                }
              ]
            }
          ]
        }
      ]
    },
    {
      "id": 803207,
      "levelList": [
        {
          "level": 1,
          "name": "赤色闪电",
          "coinlist": [
            {
              "coindescs": [
                {
                  "desc": "[OnSucceedAttack] 下回合使目标增加10级破裂 强度"
                }
              ]
            },
            {
              "coindescs": [
                {
                  "desc": ""
                }
              ]
            }
          ]
        }
      ]
    },
    {
      "id": 803208,
      "levelList": [
        {
          "level": 1,
          "name": "咆哮",
          "coinlist": [
            {
              "coindescs": [
                {
                  "desc": "[OnSucceedAttack] 下回合对目标施加2层束缚 "
                },
                {
                  "desc": "[OnSucceedAttackHead] 下回合对目标施加4层破绽 "
                }
              ]
            }
          ]
        }
      ]
    },
    {
      "id": 803301,
      "levelList": [
        {
          "level": 1,
          "name": "盘绕双臂",
          "coinlist": [
            {
              "coindescs": [
                {
                  "desc": "[OnSucceedAttack] 下回合对目标施加1层麻痹 "
                }
              ]
            }
          ]
        }
      ]
    },
    {
      "id": 803302,
      "levelList": [
        {
          "level": 1,
          "name": "挥臂横扫",
          "desc": "[WhenUse] 下回合使自身获得1层强壮 ",
          "coinlist": [
            {
              "coindescs": [
                {
                  "desc": "[OnSucceedAttack] 下回合使目标增加3级流血 强度并对其施加1层麻痹 "
                }
              ]
            },
            {
              "coindescs": [
                {
                  "desc": "[OnSucceedAttack] 下回合使目标增加3级流血 强度并对其施加1层麻痹 "
                }
              ]
            }
          ]
        }
      ]
    },
    {
      "id": 803303,
      "levelList": [
        {
          "level": 1,
          "name": "抬臂重击",
          "coinlist": [
            {
              "coindescs": [
                {
                  "desc": "[OnSucceedAttack] 下回合对目标施加3层束缚 ."
                }
              ]
            }
          ]
        }
      ]
    },
    {
      "id": 803304,
      "levelList": [
        {
          "level": 1,
          "name": "防御",
          "coinlist": [
            {
              "coindescs": [
                {
                  "desc": ""
                }
              ]
            }
          ]
        }
      ]
    },
    {
      "id": 803305,
      "levelList": [
        {
          "level": 1,
          "name": "毒液喷射",
          "desc": "[WhenUse] 使自身失去6点体力并在下回合使自身增加5级流血 强度",
          "coinlist": [
            {
              "coindescs": [
                {
                  "desc": "[OnSucceedAttack] 下回合对目标施加3层剧毒 "
                }
              ]
            },
            {
              "coindescs": [
                {
                  "desc": "[OnSucceedAttack] 下回合对目标施加3层剧毒 "
                }
              ]
            }
          ]
        }
      ]
    },
    {
      "id": 803401,
      "levelList": [
        {
          "level": 1,
          "name": "咯咯咯咯",
          "desc": "指定场上理智值最低的角色",
          "coinlist": [
            {
              "coindescs": [
                {
                  "desc": "[OnSucceedAttack] 使目标失去5点理智值"
                }
              ]
            }
          ]
        }
      ]
    },
    {
      "id": 803402,
      "levelList": [
        {
          "level": 1,
          "name": "咯咯咯",
          "desc": "指定场上理智值最低的角色",
          "coinlist": [
            {},
            {
              "coindescs": [
                {
                  "desc": "[OnSucceedAttack] 使自身恢复7点体力"
                },
                {
                  "desc": "[OnSucceedAttackHead] 使目标增加3级沉沦 强度"
                }
              ]
            }
          ]
        }
      ]
    },
    {
      "id": 803403,
      "levelList": [
        {
          "level": 1,
          "name": "咕咕",
          "desc": "若自身在本回合未受到伤害，则下回合使全体友方单位获得2层攻击等级提升",
          "coinlist": [
            {}
          ]
        }
      ]
    },
    {
      "id": 803501,
      "levelList": [
        {
          "level": 1,
          "name": "咯哦咯",
          "desc": "指定场上体力最低的角色",
          "coinlist": [
            {
              "coindescs": [
                {
                  "desc": "[OnSucceedAttack] 对目标施加1层易损 "
                }
              ]
            }
          ]
        }
      ]
    },
    {
      "id": 803502,
      "levelList": [
        {
          "level": 1,
          "name": "咯咯啵",
          "desc": "指定场上体力最低的角色",
          "coinlist": [
            {},
            {
              "coindescs": [
                {
                  "desc": "[OnSucceedAttack] 使自身恢复7点体力"
                },
                {
                  "desc": "[OnSucceedAttackHead] 使目标增加5级流血 强度"
                }
              ]
            }
          ]
        }
      ]
    },
    {
      "id": 803503,
      "levelList": [
        {
          "level": 1,
          "name": "咕",
          "desc": "[OnSucceedEvade] 使目标失去15点理智值",
          "coinlist": [
            {}
          ]
        }
      ]
    },
    {
      "id": 803601,
      "levelList": [
        {
          "level": 1,
          "name": "咕咕！",
          "desc": "若自身在上回合未受到伤害，则使本技能的硬币威力+3",
          "coinlist": [
            {
              "coindescs": [
                {
                  "desc": "[OnSucceedAttack] 下回合使自身获得3层迅捷 "
                }
              ]
            }
          ]
        }
      ]
    },
    {
      "id": 803602,
      "levelList": [
        {
          "level": 1,
          "name": "咕咕呜！",
          "desc": "若自身上回合未受到伤害，则使本技能的硬币威力+3",
          "coinlist": [
            {},
            {
              "coindescs": [
                {
                  "desc": "[OnSucceedAttack] 使自身恢复7点体力"
                },
                {
                  "desc": "[OnSucceedAttackHead] 下回合对目标施加2层麻痹 "
                }
              ]
            }
          ]
        }
      ]
    },
    {
      "id": 803603,
      "levelList": [
        {
          "level": 1,
          "name": "咯！",
          "desc": "",
          "coinlist": [
            {}
          ]
        }
      ]
    },
    {
      "id": 803701,
      "levelList": [
        {
          "level": 1,
          "name": "咯",
          "desc": "指定场上体力最高的角色",
          "coinlist": [
            {
              "coindescs": [
                {
                  "desc": "[OnSucceedAttack] 对目标施加2层麻痹 "
                }
              ]
            }
          ]
        }
      ]
    },
    {
      "id": 803702,
      "levelList": [
        {
          "level": 1,
          "name": "咯咕呜",
          "desc": "指定场上体力最高的角色",
          "coinlist": [
            {},
            {
              "coindescs": [
                {
                  "desc": "[OnSucceedAttack] 使自身恢复7点体力"
                },
                {
                  "desc": "[OnSucceedAttack] 对目标施加3层麻痹 "
                }
              ]
            }
          ]
        }
      ]
    },
    {
      "id": 803703,
      "levelList": [
        {
          "level": 1,
          "name": "叽！",
          "desc": "",
          "coinlist": [
            {}
          ]
        }
      ]
    },
    {
      "id": 803801,
      "levelList": [
        {
          "level": 1,
          "name": "叽！",
          "desc": "",
          "coinlist": [
            {
              "coindescs": [
                {
                  "desc": "[OnSucceedAttackHead] 使目标增加3级流血 强度"
                }
              ]
            },
            {
              "coindescs": [
                {
                  "desc": "[OnSucceedAttack] 使目标增加3级破裂 强度"
                }
              ]
            }
          ]
        }
      ]
    },
    {
      "id": 803802,
      "levelList": [
        {
          "level": 1,
          "name": "咯咯！",
          "desc": "指定场上理智值最低的角色",
          "coinlist": [
            {
              "coindescs": [
                {
                  "desc": "[OnSucceedAttackHead] 使目标增加3级沉沦 强度"
                }
              ]
            }
          ]
        }
      ]
    },
    {
      "id": 803803,
      "levelList": [
        {
          "level": 1,
          "name": "咯……",
          "desc": "",
          "coinlist": [
            {}
          ]
        }
      ]
    },
    {
      "id": 803901,
      "levelList": [
        {
          "level": 1,
          "name": "叽！",
          "desc": "",
          "coinlist": [
            {
              "coindescs": [
                {
                  "desc": "[OnSucceedAttack] 使目标增加3级流血 强度"
                }
              ]
            },
            {
              "coindescs": [
                {
                  "desc": "[OnSucceedAttackHead] 使目标增加3级震颤 强度"
                }
              ]
            }
          ]
        }
      ]
    },
    {
      "id": 803902,
      "levelList": [
        {
          "level": 1,
          "name": "咯咯",
          "desc": "",
          "coinlist": [
            {
              "coindescs": [
                {
                  "desc": "[OnSucceedAttack] 使目标增加3级流血 强度"
                }
              ]
            },
            {
              "coindescs": [
                {
                  "desc": "[OnSucceedAttackHead] 使目标增加3级震颤 强度"
                }
              ]
            },
            {
              "coindescs": [
                {
                  "desc": "[OnSucceedAttackHead] 对目标施加1层麻痹 并使其增加5级震颤 强度"
                }
              ]
            },
            {
              "coindescs": [
                {
                  "desc": "[OnSucceedAttack] 引爆目标的震颤"
                }
              ]
            }
          ]
        }
      ]
    },
    {
      "id": 803903,
      "levelList": [
        {
          "level": 1,
          "name": "咔咳！",
          "desc": "指定场上理智值最低的角色\n[OnSucceedAttack] 生成一只生鸡",
          "coinlist": [
            {
              "coindescs": [
                {
                  "desc": "[OnSucceedAttack] 使目标增加5级沉沦 强度"
                }
              ]
            }
          ]
        }
      ]
    },
    {
      "id": 803904,
      "levelList": [
        {
          "level": 1,
          "name": "库库库！",
          "desc": "[WinDuel] 技能最终威力+1",
          "coinlist": [
            {
              "coindescs": [
                {
                  "desc": "[OnSucceedAttack] 使目标增加5级流血 强度"
                }
              ]
            },
            {
              "coindescs": [
                {
                  "desc": "[OnSucceedAttack] 引爆目标的震颤"
                }
              ]
            }
          ]
        }
      ]
    },
    {
      "id": 803905,
      "levelList": [
        {
          "level": 1,
          "name": "库库……",
          "desc": "",
          "coinlist": [
            {}
          ]
        }
      ]
    }
  ]
}