{
  "dataList": [
    {
      "id": "OnSucceedAttack",
      "name": "[命中时]"
    },
    {
      "id": "WhenUse",
      "name": "[使用时]"
    },
    {
      "id": "WinDuel",
      "name": "[拼点胜利]"
    },
    {
      "id": "BeforeAttack",
      "name": "[攻击前]"
    },
    {
      "id": "Wide",
      "name": "[范围技能]"
    },
    {
      "id": "nxPostLine",
      "name": "[队首{n}人]"
    },
    {
      "id": "nxCenterLine",
      "name": "[队中{n}人]"
    },
    {
      "id": "nxBackLine",
      "name": "[队尾{n}人]"
    },
    {
      "id": "CantIdentify",
      "name": "[无差别攻击]"
    },
    {
      "id": "CRIMSON",
      "name": "暴怒"
    },
    {
      "id": "SCARLET",
      "name": "色欲"
    },
    {
      "id": "AMBER",
      "name": "怠惰"
    },
    {
      "id": "SHAMROCK",
      "name": "暴食"
    },
    {
      "id": "AZURE",
      "name": "忧郁"
    },
    {
      "id": "INDIGO",
      "name": "傲慢"
    },
    {
      "id": "VIOLET",
      "name": "嫉妒"
    },
    {
      "id": "WHITE",
      "name": "疯狂"
    },
    {
      "id": "BLACK",
      "name": "恐惧"
    },
    {
      "id": "EndSkill",
      "name": "[攻击后]"
    },
    {
      "id": "StartBattle",
      "name": "[战斗开始]"
    },
    {
      "id": "DefeatDuel",
      "name": "[拼点失败]"
    },
    {
      "id": "OnSucceedAttackHead",
      "name": "[正面命中]"
    },
    {
      "id": "OnSucceedAttackTail",
      "name": "[反面命中]"
    },
    {
      "id": "OnSucceedEvade",
      "name": "[闪避成功时]"
    },
    {
      "id": "AlwaysUse",
      "name": "[常驻]"
    },
    {
      "id": "CantDuel",
      "name": "[无法拼点]"
    },
    {
      "id": "EnemyKill",
      "name": "[击杀时]"
    },
    {
      "id": "EnemyKillFail",
      "name": "[未击杀]"
    },
    {
      "id": "ReUse",
      "name": "[重新使用时]"
    },
    {
      "id": "ReUseOnSucceedAttackHead",
      "name": "[重新使用 - 正面命中]"
    },
    {
      "id": "CriticalOnSucceedAttack",
      "name": "[暴击时]"
    },
    {
      "id": "StartDuel",
      "name": "[拼点开始]"
    }
  ]
}