{
  "dataList": [
    {
      "id": 9000101,
      "levelList": [
        {
          "level": 1,
          "name": "突刺"
        }
      ]
    },
    {
      "id": 9000102,
      "levelList": [
        {
          "level": 1,
          "name": "无力化",
          "desc": "[OnSucceedAttack] 对目标施加2层束缚 ；使自身恢复体力上限5%的体力"
        }
      ]
    },
    {
      "id": 9000201,
      "levelList": [
        {
          "level": 1,
          "name": "卑鄙攻击",
          "desc": "[OnSucceedAttack] 下回合使自身获得1层强壮 "
        }
      ]
    },
    {
      "id": 9000202,
      "levelList": [
        {
          "level": 1,
          "name": "无差别攻击"
        }
      ]
    },
    {
      "id": 9000301,
      "levelList": [
        {
          "level": 1,
          "name": "撕裂伤口",
          "desc": "[OnSucceedAttack] 下回合对目标施加1层虚弱 "
        }
      ]
    },
    {
      "id": 9000302,
      "levelList": [
        {
          "level": 1,
          "name": "弱点洞察",
          "desc": "[OnSucceedAttack] 下回合对目标施加3层易损 "
        }
      ]
    },
    {
      "id": 9100101,
      "levelList": [
        {
          "level": 1,
          "name": "战时号令"
        }
      ]
    },
    {
      "id": 9100102,
      "levelList": [
        {
          "level": 1,
          "name": "攻击命令",
          "desc": "[WhenUse] 下回合使随机友方单位获得1层强壮 "
        }
      ]
    },
    {
      "id": 9100103,
      "levelList": [
        {
          "level": 1,
          "name": "防御命令",
          "desc": "[Wide]，[2xPostLine]\n[WhenUse] 下回合使2名随机友方单位获得2层忍耐 "
        }
      ]
    },
    {
      "id": 9100104,
      "levelList": [
        {
          "level": 1,
          "name": "精神波动",
          "desc": "[Wide]，[5xPostLine]\n[OnSucceedAttack] 使目标失去20点理智值"
        }
      ]
    },
    {
      "id": 9000401,
      "levelList": [
        {
          "level": 1,
          "name": "拙劣斩击",
          "desc": "",
          "coinlist": [
            {}
          ]
        }
      ]
    },
    {
      "id": 9000501,
      "levelList": [
        {
          "level": 1,
          "name": "笨重突刺",
          "desc": "",
          "coinlist": [
            {}
          ]
        }
      ]
    },
    {
      "id": 9000601,
      "levelList": [
        {
          "level": 1,
          "name": "软弱打击",
          "desc": "",
          "coinlist": [
            {}
          ]
        }
      ]
    },
    {
      "id": 9000701,
      "levelList": [
        {
          "level": 1,
          "name": "打击",
          "desc": "",
          "coinlist": [
            {}
          ]
        }
      ]
    },
    {
      "id": 9000702,
      "levelList": [
        {
          "level": 1,
          "name": "沉重一击",
          "desc": "",
          "coinlist": [
            {}
          ]
        }
      ]
    },
    {
      "id": 9000703,
      "levelList": [
        {
          "level": 1,
          "name": "格挡",
          "desc": ""
        }
      ]
    },
    {
      "id": 9000801,
      "levelList": [
        {
          "level": 1,
          "name": "挥扫",
          "desc": "",
          "coinlist": [
            {}
          ]
        }
      ]
    },
    {
      "id": 9000802,
      "levelList": [
        {
          "level": 1,
          "name": "连续招架",
          "desc": ""
        }
      ]
    },
    {
      "id": 9000901,
      "levelList": [
        {
          "level": 1,
          "name": "突刺",
          "desc": "",
          "coinlist": [
            {}
          ]
        }
      ]
    },
    {
      "id": 9000902,
      "levelList": [
        {
          "level": 1,
          "name": "连续突刺",
          "desc": "",
          "coinlist": [
            {},
            {}
          ]
        }
      ]
    },
    {
      "id": 9001001,
      "levelList": [
        {
          "level": 1,
          "name": "挥砍",
          "desc": "",
          "coinlist": [
            {}
          ]
        }
      ]
    },
    {
      "id": 9001002,
      "levelList": [
        {
          "level": 1,
          "name": "割裂",
          "desc": "",
          "coinlist": [
            {}
          ]
        }
      ]
    },
    {
      "id": 9001101,
      "levelList": [
        {
          "level": 1,
          "name": "挥扫",
          "desc": "",
          "keywords": [
            "Bleeding"
          ],
          "coinlist": [
            {},
            {
              "coindescs": [
                {
                  "desc": "[OnSucceedAttackHead] 下回合对目标施加1层束缚 "
                }
              ]
            }
          ]
        }
      ]
    },
    {
      "id": 9001102,
      "levelList": [
        {
          "level": 1,
          "name": "连续招架",
          "desc": ""
        }
      ]
    },
    {
      "id": 9001201,
      "levelList": [
        {
          "level": 1,
          "name": "突刺",
          "desc": "",
          "coinlist": [
            {}
          ]
        }
      ]
    },
    {
      "id": 9001202,
      "levelList": [
        {
          "level": 1,
          "name": "连续突刺",
          "desc": "",
          "coinlist": [
            {}
          ]
        }
      ]
    },
    {
      "id": 9001301,
      "levelList": [
        {
          "level": 1,
          "name": "挥砍",
          "desc": "",
          "keywords": [
            "Bleeding"
          ],
          "coinlist": [
            {}
          ]
        }
      ]
    },
    {
      "id": 9001302,
      "levelList": [
        {
          "level": 1,
          "name": "割裂",
          "desc": "",
          "coinlist": [
            {
              "coindescs": [
                {
                  "desc": "[OnSucceedAttackHead] 下回合对目标施加3层破裂 "
                }
              ]
            }
          ]
        }
      ]
    },
    {
      "id": 9000103,
      "levelList": [
        {
          "level": 1,
          "name": "挥扫",
          "desc": "",
          "coinlist": [
            {
              "coindescs": [
                {
                  "desc": "[OnSucceedAttackHead] 下回合对目标施加1层束缚 "
                }
              ]
            }
          ]
        }
      ]
    },
    {
      "id": 9000104,
      "levelList": [
        {
          "level": 1,
          "name": "防御",
          "desc": ""
        }
      ]
    },
    {
      "id": 9000203,
      "levelList": [
        {
          "level": 1,
          "name": "突刺",
          "desc": "",
          "coinlist": [
            {}
          ]
        }
      ]
    },
    {
      "id": 9000204,
      "levelList": [
        {
          "level": 1,
          "name": "连续突刺",
          "desc": "",
          "coinlist": [
            {
              "coindescs": [
                {
                  "desc": "[OnSucceedAttackHead] 对目标施加1层流血 "
                }
              ]
            },
            {
              "coindescs": [
                {
                  "desc": "[OnSucceedAttackHead] 对目标施加1层流血 "
                }
              ]
            },
            {
              "coindescs": [
                {
                  "desc": "[OnSucceedAttackHead] 对目标施加1层流血 "
                }
              ]
            }
          ]
        }
      ]
    },
    {
      "id": 9000303,
      "levelList": [
        {
          "level": 1,
          "name": "挥砍",
          "desc": "",
          "coinlist": [
            {}
          ]
        }
      ]
    },
    {
      "id": 9000304,
      "levelList": [
        {
          "level": 1,
          "name": "割裂",
          "desc": "",
          "coinlist": [
            {
              "coindescs": [
                {
                  "desc": "[OnSucceedAttackHead] 下回合对目标施加3层破裂 "
                }
              ]
            }
          ]
        }
      ]
    },
    {
      "id": 9001401,
      "levelList": [
        {
          "level": 1,
          "name": "挥扫",
          "desc": "",
          "coinlist": [
            {
              "coindescs": [
                {
                  "desc": "[OnSucceedAttackHead] 下回合对目标施加3层束缚 "
                }
              ]
            }
          ]
        }
      ]
    },
    {
      "id": 9001402,
      "levelList": [
        {
          "level": 1,
          "name": "连续招架",
          "desc": ""
        }
      ]
    },
    {
      "id": 9001501,
      "levelList": [
        {
          "level": 1,
          "name": "突刺",
          "desc": "",
          "coinlist": [
            {}
          ]
        }
      ]
    },
    {
      "id": 9001502,
      "levelList": [
        {
          "level": 1,
          "name": "连续突刺",
          "desc": "",
          "coinlist": [
            {
              "coindescs": [
                {
                  "desc": "[OnSucceedAttackHead] 对目标施加1层流血 "
                }
              ]
            },
            {
              "coindescs": [
                {
                  "desc": "[OnSucceedAttackHead] 对目标施加1层流血 "
                }
              ]
            },
            {
              "coindescs": [
                {
                  "desc": "[OnSucceedAttackHead] 对目标施加1层流血 "
                }
              ]
            }
          ]
        }
      ]
    },
    {
      "id": 9001601,
      "levelList": [
        {
          "level": 1,
          "name": "挥砍",
          "desc": "",
          "coinlist": [
            {}
          ]
        }
      ]
    },
    {
      "id": 9001602,
      "levelList": [
        {
          "level": 1,
          "name": "割裂",
          "desc": "",
          "coinlist": [
            {
              "coindescs": [
                {
                  "desc": "[OnSucceedAttackHead] 下回合对目标施加3层破裂 "
                }
              ]
            }
          ]
        }
      ]
    },
    {
      "id": 9001603,
      "levelList": [
        {
          "level": 1,
          "name": "连续招架",
          "desc": ""
        }
      ]
    },
    {
      "id": 9100105,
      "levelList": [
        {
          "level": 1,
          "name": "战时号令",
          "desc": "",
          "coinlist": [
            {}
          ]
        }
      ]
    },
    {
      "id": 9100106,
      "levelList": [
        {
          "level": 1,
          "name": "防御命令",
          "desc": "[WhenUse] 下回合使2名随机友方单位获得1层守护 ",
          "coinlist": [
            {}
          ]
        }
      ]
    },
    {
      "id": 9100108,
      "levelList": [
        {
          "level": 1,
          "name": "表壳硬化",
          "desc": ""
        }
      ]
    },
    {
      "id": 9100109,
      "levelList": [
        {
          "level": 1,
          "name": "攻击命令",
          "desc": "",
          "coinlist": [
            {
              "coindescs": [
                {
                  "desc": "[OnSucceedAttackHead] 下回合对目标施加5层破裂 "
                }
              ]
            }
          ]
        }
      ]
    },
    {
      "id": 9100201,
      "levelList": [
        {
          "level": 1,
          "name": "战时号令",
          "desc": "",
          "coinlist": [
            {
              "coindescs": [
                {
                  "desc": "[OnSucceedAttackHead] 使目标失去5点理智值"
                }
              ]
            },
            {
              "coindescs": [
                {
                  "desc": "[OnSucceedAttackHead] 使目标失去5点理智值"
                }
              ]
            }
          ]
        }
      ]
    },
    {
      "id": 9100202,
      "levelList": [
        {
          "level": 1,
          "name": "攻击命令",
          "desc": "[WhenUse] 下回合使2名随机友方单位获得1层伤害强化 ",
          "coinlist": [
            {
              "coindescs": [
                {
                  "desc": "[OnSucceedAttackHead] 下回合对目标施加5层破裂 "
                }
              ]
            }
          ]
        }
      ]
    },
    {
      "id": 9100203,
      "levelList": [
        {
          "level": 1,
          "name": "精神波动",
          "desc": "[Wide]",
          "coinlist": [
            {
              "coindescs": [
                {
                  "desc": "[OnSucceedAttackHead] 使目标失去15点理智值"
                }
              ]
            }
          ]
        }
      ]
    },
    {
      "id": 9100204,
      "levelList": [
        {
          "level": 1,
          "name": "表壳硬化",
          "desc": ""
        }
      ]
    },
    {
      "id": 9100205,
      "levelList": [
        {
          "level": 1,
          "name": "防御命令",
          "desc": "[WhenUse] 下回合使2名随机友方单位获得1层守护 ",
          "coinlist": [
            {
              "coindescs": [
                {
                  "desc": "[OnSucceedAttackHead] 使目标失去5点理智值"
                }
              ]
            }
          ]
        }
      ]
    },
    {
      "id": 9001701,
      "levelList": [
        {
          "level": 1,
          "name": "横扫",
          "desc": "",
          "coinlist": [
            {}
          ]
        }
      ]
    },
    {
      "id": 9001702,
      "levelList": [
        {
          "level": 1,
          "name": "无耻打击",
          "desc": "",
          "coinlist": [
            {
              "coindescs": [
                {
                  "desc": "[OnSucceedAttackHead] 下回合对目标施加1层束缚 "
                }
              ]
            },
            {
              "coindescs": [
                {
                  "desc": "[OnSucceedAttackHead] 下回合对目标施加1层束缚 "
                }
              ]
            }
          ]
        }
      ]
    },
    {
      "id": 9001703,
      "levelList": [
        {
          "level": 1,
          "name": "时来运转",
          "desc": "[StartBattle] 使自身本回合的所有技能第2个硬币的朝向都必定是正面",
          "coinlist": [
            {}
          ]
        }
      ]
    },
    {
      "id": 9001801,
      "levelList": [
        {
          "level": 1,
          "name": "纵斩",
          "desc": "",
          "coinlist": [
            {}
          ]
        }
      ]
    },
    {
      "id": 9001802,
      "levelList": [
        {
          "level": 1,
          "name": "沉重斩击",
          "desc": "",
          "coinlist": [
            {
              "coindescs": [
                {
                  "desc": "[OnSucceedAttackHead] 对目标施加1层流血 "
                }
              ]
            },
            {},
            {
              "coindescs": [
                {
                  "desc": "[OnSucceedAttackHead] 对目标施加1层流血 "
                }
              ]
            }
          ]
        }
      ]
    },
    {
      "id": 9001803,
      "levelList": [
        {
          "level": 1,
          "name": "时来运转",
          "desc": "[StartBattle] 本回合使自身所有技能第2个硬币的朝向都必定是正面",
          "coinlist": [
            {}
          ]
        }
      ]
    },
    {
      "id": 9001901,
      "levelList": [
        {
          "level": 1,
          "name": "穿刺",
          "desc": "",
          "coinlist": [
            {}
          ]
        }
      ]
    },
    {
      "id": 9001902,
      "levelList": [
        {
          "level": 1,
          "name": "刁钻突刺",
          "desc": "",
          "coinlist": [
            {
              "coindescs": [
                {
                  "desc": "[OnSucceedAttackHead] 使目标增加2级破裂 强度"
                }
              ]
            }
          ]
        }
      ]
    },
    {
      "id": 9001903,
      "levelList": [
        {
          "level": 1,
          "name": "时来运转",
          "desc": "[StartBattle] 使自身本回合的所有技能第2个硬币的朝向都必定是正面",
          "coinlist": [
            {}
          ]
        }
      ]
    },
    {
      "id": 9001904,
      "levelList": [
        {
          "level": 1,
          "name": "格挡",
          "desc": "",
          "coinlist": [
            {}
          ]
        }
      ]
    },
    {
      "id": 9100301,
      "levelList": [
        {
          "level": 1,
          "name": "利刃封喉",
          "desc": "",
          "coinlist": [
            {
              "coindescs": [
                {
                  "desc": "[OnSucceedAttackHead] 下回合使目标增加3级流血 强度"
                }
              ]
            }
          ]
        }
      ]
    },
    {
      "id": 9100302,
      "levelList": [
        {
          "level": 1,
          "name": "入骨尖刀",
          "desc": "[BeforeAttack] 若目标的体力低于50%，则本技能的前两个硬币额外使用1次",
          "coinlist": [
            {
              "coindescs": [
                {
                  "desc": "[OnSucceedAttackHead] 下回合使目标增加2级破裂 强度"
                }
              ]
            },
            {
              "coindescs": [
                {
                  "desc": "[OnSucceedAttackHead] 下回合使目标增加2级破裂 强度"
                }
              ]
            }
          ]
        }
      ]
    },
    {
      "id": 9100303,
      "levelList": [
        {
          "level": 1,
          "name": "碎尸万段",
          "desc": "[EnemyKill] 本技能额外使用1次",
          "coinlist": [
            {
              "coindescs": [
                {
                  "desc": "[OnSucceedAttackHead] 对目标额外造成3点伤害"
                }
              ]
            },
            {
              "coindescs": [
                {
                  "desc": "[OnSucceedAttackHead] 对目标额外造成3点伤害"
                }
              ]
            },
            {
              "coindescs": [
                {
                  "desc": "[OnSucceedAttackHead] 对目标额外造成3点伤害"
                }
              ]
            }
          ]
        }
      ]
    },
    {
      "id": 9100304,
      "levelList": [
        {
          "level": 1,
          "name": "都瞧好了……！",
          "desc": "[StartBattle] 使自身获得1层强壮 ",
          "coinlist": [
            {}
          ]
        }
      ]
    },
    {
      "id": 9100305,
      "levelList": [
        {
          "level": 1,
          "name": "吉星高照",
          "desc": "[StartBattle] 使自身本回合的所有硬币的朝向都变为正面",
          "coinlist": [
            {}
          ]
        }
      ]
    },
    {
      "id": 9100306,
      "levelList": [
        {
          "level": 1,
          "name": "莫挨老子！",
          "desc": "",
          "coinlist": [
            {}
          ]
        }
      ]
    },
    {
      "id": 9002001,
      "levelList": [
        {
          "level": 1,
          "name": "发现入侵者！",
          "desc": "",
          "coinlist": [
            {},
            {
              "coindescs": [
                {
                  "desc": "[OnSucceedAttackHead] 下回合对目标施加1层束缚 "
                }
              ]
            }
          ]
        }
      ]
    },
    {
      "id": 9002002,
      "levelList": [
        {
          "level": 1,
          "name": "不许动！",
          "desc": "",
          "coinlist": [
            {
              "coindescs": [
                {
                  "desc": "[OnSucceedAttack] 下回合对目标施加4层加算硬币弱化 "
                }
              ]
            }
          ]
        }
      ]
    },
    {
      "id": 9002003,
      "levelList": [
        {
          "level": 1,
          "name": "站住！",
          "desc": "",
          "coinlist": [
            {
              "coindescs": [
                {
                  "desc": "[OnSucceedAttack] 下回合对目标施加1层最终威力降低 "
                }
              ]
            },
            {
              "coindescs": [
                {
                  "desc": "[OnSucceedAttack] 下回合对目标施加1层最终威力降低 "
                }
              ]
            }
          ]
        }
      ]
    },
    {
      "id": 9002101,
      "levelList": [
        {
          "level": 1,
          "name": "自讨苦吃！",
          "desc": "[WinDuel] 使本技能的威力+1",
          "coinlist": [
            {}
          ]
        }
      ]
    },
    {
      "id": 9002201,
      "levelList": [
        {
          "level": 1,
          "name": "",
          "desc": "",
          "coinlist": [
            {
              "coindescs": [
                {
                  "desc": ""
                }
              ]
            },
            {
              "coindescs": [
                {
                  "desc": ""
                }
              ]
            }
          ]
        }
      ]
    },
    {
      "id": 9002301,
      "levelList": [
        {
          "level": 1,
          "name": "锁定入侵者",
          "desc": "",
          "coinlist": [
            {},
            {},
            {
              "coindescs": [
                {
                  "desc": "[OnSucceedAttack] 下回合对目标施加3层束缚 "
                }
              ]
            }
          ]
        }
      ]
    },
    {
      "id": 9002302,
      "levelList": [
        {
          "level": 1,
          "name": "牵制",
          "desc": "",
          "coinlist": [
            {},
            {
              "coindescs": [
                {
                  "desc": "[OnSucceedAttack] 下回合对目标施加1层麻痹 "
                }
              ]
            },
            {}
          ]
        }
      ]
    },
    {
      "id": 9002303,
      "levelList": [
        {
          "level": 1,
          "name": "无差别镇压",
          "desc": "[WinDuel] 使本技能的威力+2",
          "coinlist": [
            {},
            {},
            {
              "coindescs": [
                {
                  "desc": "[OnSucceedAttack] 下回合对目标施加3层麻痹 "
                }
              ]
            }
          ]
        }
      ]
    },
    {
      "id": 9002304,
      "levelList": [
        {
          "level": 1,
          "name": "休想靠近",
          "desc": "",
          "coinlist": [
            {}
          ]
        }
      ]
    },
    {
      "id": 9002401,
      "levelList": [
        {
          "level": 1,
          "name": "来跳舞吧~",
          "desc": "",
          "coinlist": [
            {
              "coindescs": [
                {
                  "desc": "[OnSucceedAttack] 使自身恢复2点理智值"
                }
              ]
            },
            {
              "coindescs": [
                {
                  "desc": "[OnSucceedAttack] 使自身恢复2点理智值"
                }
              ]
            },
            {
              "coindescs": [
                {
                  "desc": "[OnSucceedAttack] 使自身恢复2点理智值"
                }
              ]
            }
          ]
        }
      ]
    },
    {
      "id": 9002402,
      "levelList": [
        {
          "level": 1,
          "name": "宁静之舞",
          "desc": "[WhenUse] 下回合使全体友方单位获得1层忍耐 ",
          "coinlist": [
            {}
          ]
        }
      ]
    },
    {
      "id": 9002403,
      "levelList": [
        {
          "level": 1,
          "name": "舞蹈决斗",
          "desc": "[WinDuel] 使目标失去5点理智值",
          "coinlist": [
            {},
            {},
            {
              "coindescs": [
                {
                  "desc": "[OnSucceedAttack] 下回合对目标施加2层虚弱 "
                }
              ]
            }
          ]
        }
      ]
    },
    {
      "id": 9002404,
      "levelList": [
        {
          "level": 1,
          "name": "笑里藏刀",
          "desc": "若目标的理智值低于0，则使本技能的威力+1",
          "coinlist": [
            {}
          ]
        }
      ]
    },
    {
      "id": 9002405,
      "levelList": [
        {
          "level": 1,
          "name": "诶~呀！",
          "desc": "[OnSucceedEvade] 使目标失去5点理智值",
          "coinlist": [
            {}
          ]
        }
      ]
    },
    {
      "id": 9002502,
      "levelList": [
        {
          "level": 1,
          "name": "热情之舞",
          "desc": "[WhenUse] 下回合使自身获得1层强壮 ",
          "coinlist": [
            {}
          ]
        }
      ]
    },
    {
      "id": 9100401,
      "levelList": [
        {
          "level": 1,
          "name": "激昂舞步",
          "desc": "[WhenUse] 使自身恢复5点理智值",
          "coinlist": [
            {
              "coindescs": [
                {
                  "desc": "[OnSucceedAttack] 下回合使自身增加1级呼吸法 强度"
                }
              ]
            },
            {
              "coindescs": [
                {
                  "desc": "[OnSucceedAttack] 下回合使自身增加1级呼吸法 强度"
                }
              ]
            },
            {
              "coindescs": [
                {
                  "desc": "[OnSucceedAttack] 下回合使自身增加1级呼吸法 强度"
                }
              ]
            },
            {
              "coindescs": [
                {
                  "desc": "[OnSucceedAttack] 下回合使自身增加1级呼吸法 强度"
                }
              ]
            }
          ]
        }
      ]
    },
    {
      "id": 9100402,
      "levelList": [
        {
          "level": 1,
          "name": "不过如此",
          "desc": "[WinDuel] 对目标造成10点理智伤害",
          "coinlist": [
            {
              "coindescs": [
                {
                  "desc": "[OnSucceedAttack] 下回合对目标施加3层虚弱 和3层麻痹 "
                }
              ]
            }
          ]
        }
      ]
    },
    {
      "id": 9100403,
      "levelList": [
        {
          "level": 1,
          "name": "再利落点！",
          "desc": "",
          "coinlist": [
            {},
            {
              "coindescs": [
                {
                  "desc": "[OnSucceedAttack] 下回合使自身获得2层强壮 "
                }
              ]
            }
          ]
        }
      ]
    },
    {
      "id": 9100404,
      "levelList": [
        {
          "level": 1,
          "name": "再迅速点~",
          "desc": "",
          "coinlist": [
            {},
            {
              "coindescs": [
                {
                  "desc": "[OnSucceedAttack] 下回合使自身获得2层忍耐 "
                }
              ]
            }
          ]
        }
      ]
    },
    {
      "id": 9100405,
      "levelList": [
        {
          "level": 1,
          "name": "皮纳塔派对~！",
          "desc": "[WhenUse] 若目标的理智值低于0，则根据其理智值按比例增加自身的暴击率",
          "coinlist": [
            {
              "coindescs": [
                {
                  "desc": "[OnSucceedAttackHead] 使自身的混乱阈值后移本硬币伤害量的50%"
                }
              ]
            }
          ]
        }
      ]
    },
    {
      "id": 9100406,
      "levelList": [
        {
          "level": 1,
          "name": "精彩绝伦！",
          "desc": "[OnSucceedEvade] 使自身的混乱阈值后移5；对目标造成5点理智伤害",
          "coinlist": [
            {}
          ]
        }
      ]
    },
    {
      "id": 9002601,
      "levelList": [
        {
          "level": 1,
          "name": "扒了你的皮",
          "desc": "若目标的理智值低于自身，则本技能的威力+1",
          "coinlist": [
            {
              "coindescs": [
                {
                  "desc": "[OnSucceedAttack] 下回合使目标增加3级流血 强度"
                }
              ]
            },
            {
              "coindescs": [
                {
                  "desc": "[OnSucceedAttack] 下回合使目标增加3级流血 强度"
                }
              ]
            }
          ]
        }
      ]
    },
    {
      "id": 9002602,
      "levelList": [
        {
          "level": 1,
          "name": "“热烈”欢迎",
          "desc": "",
          "coinlist": [
            {
              "coindescs": [
                {
                  "desc": "[OnSucceedAttack] 对目标造成15点理智伤害"
                }
              ]
            }
          ]
        }
      ]
    },
    {
      "id": 9002603,
      "levelList": [
        {
          "level": 1,
          "name": "污言秽语",
          "desc": "[WinDuel] 使随机友方单位恢复10点理智值",
          "coinlist": [
            {},
            {
              "coindescs": [
                {
                  "desc": "[OnSucceedAttack] 对目标造成5点理智伤害"
                }
              ]
            }
          ]
        }
      ]
    },
    {
      "id": 9002604,
      "levelList": [
        {
          "level": 1,
          "name": "滚犊子！",
          "desc": "[WinDuel] 使目标失去15点理智值",
          "coinlist": [
            {
              "coindescs": [
                {
                  "desc": "[OnSucceedAttack] 下回合对目标施加3层麻痹 "
                }
              ]
            }
          ]
        }
      ]
    },
    {
      "id": 9002607,
      "levelList": [
        {
          "level": 1,
          "name": "往哪瞅呢？",
          "desc": "",
          "coinlist": [
            {}
          ]
        }
      ]
    },
    {
      "id": 9002701,
      "levelList": [
        {
          "level": 1,
          "name": "给你开个瓢",
          "desc": "若目标的理智值低于自身，则本技能的威力+1",
          "coinlist": [
            {
              "coindescs": [
                {
                  "desc": "[OnSucceedAttack] 下回合对目标施加2层流血 "
                }
              ]
            }
          ]
        }
      ]
    },
    {
      "id": 9002801,
      "levelList": [
        {
          "level": 1,
          "name": "突袭",
          "desc": "",
          "coinlist": [
            {
              "coindescs": [
                {
                  "desc": "[OnSucceedAttack] 下回合使目标增加1级震颤 强度"
                }
              ]
            },
            {
              "coindescs": [
                {
                  "desc": "[OnSucceedAttack] 下回合使目标增加1级震颤 强度"
                }
              ]
            },
            {
              "coindescs": [
                {
                  "desc": "[OnSucceedAttack] 下回合使目标增加1级震颤 强度"
                }
              ]
            }
          ]
        }
      ]
    },
    {
      "id": 9002802,
      "levelList": [
        {
          "level": 1,
          "name": "阻截",
          "desc": "",
          "coinlist": [
            {}
          ]
        }
      ]
    },
    {
      "id": 9002803,
      "levelList": [
        {
          "level": 1,
          "name": "压制目标",
          "desc": "",
          "coinlist": [
            {
              "coindescs": [
                {
                  "desc": "[OnSucceedAttackHead] 下回合使目标增加3级震颤 强度"
                }
              ]
            },
            {},
            {
              "coindescs": [
                {
                  "desc": "[OnSucceedAttack] 引爆目标的震颤 "
                }
              ]
            }
          ]
        }
      ]
    },
    {
      "id": 9002804,
      "levelList": [
        {
          "level": 1,
          "name": "激活HP弹",
          "desc": "[WhenUse] 使自身恢复10点体力",
          "coinlist": [
            {}
          ]
        }
      ]
    },
    {
      "id": 9002901,
      "levelList": [
        {
          "level": 1,
          "name": "镇压",
          "desc": "",
          "coinlist": [
            {
              "coindescs": [
                {
                  "desc": "[OnSucceedAttack] 下回合对目标施加1层震颤 "
                }
              ]
            }
          ]
        }
      ]
    },
    {
      "id": 9003001,
      "levelList": [
        {
          "level": 1,
          "name": "防护",
          "desc": "[WinDuel] 下回合使2名随机友方单位获得1层忍耐 ",
          "coinlist": [
            {}
          ]
        }
      ]
    },
    {
      "id": 9003002,
      "levelList": [
        {
          "level": 1,
          "name": "阻截",
          "desc": "",
          "coinlist": [
            {
              "coindescs": [
                {
                  "desc": "[OnSucceedAttackHead] 引爆目标的震颤 "
                }
              ]
            }
          ]
        }
      ]
    },
    {
      "id": 9003003,
      "levelList": [
        {
          "level": 1,
          "name": "",
          "desc": "",
          "coinlist": [
            {
              "coindescs": [
                {
                  "desc": ""
                }
              ]
            }
          ]
        }
      ]
    },
    {
      "id": 9003004,
      "levelList": [
        {
          "level": 1,
          "name": "",
          "desc": ""
        }
      ]
    },
    {
      "id": 9003101,
      "levelList": [
        {
          "level": 1,
          "name": "掩护",
          "desc": "[WinDuel] 下回合使自身以外的1名随机友方单位获得2层守护 ",
          "coinlist": [
            {}
          ]
        }
      ]
    },
    {
      "id": 9003201,
      "levelList": [
        {
          "level": 1,
          "name": "刺入",
          "desc": "",
          "coinlist": [
            {},
            {},
            {
              "coindescs": [
                {
                  "desc": "[OnSucceedAttack] 下回合使目标增加2级流血 强度"
                }
              ]
            }
          ]
        }
      ]
    },
    {
      "id": 9003202,
      "levelList": [
        {
          "level": 1,
          "name": "钉击",
          "desc": "",
          "coinlist": [
            {
              "coindescs": [
                {
                  "desc": "[OnSucceedAttack] 下回合对目标施加1层尖钉 "
                }
              ]
            },
            {
              "coindescs": [
                {
                  "desc": "[OnSucceedAttack] 下回合对目标施加1层尖钉 "
                }
              ]
            }
          ]
        }
      ]
    },
    {
      "id": 9003203,
      "levelList": [
        {
          "level": 1,
          "name": "",
          "desc": "",
          "coinlist": [
            {}
          ]
        }
      ]
    },
    {
      "id": 9003301,
      "levelList": [
        {
          "level": 1,
          "name": "击打",
          "desc": "",
          "coinlist": [
            {},
            {
              "coindescs": [
                {
                  "desc": "[OnSucceedAttack] 下回合对目标施加1层麻痹 和1层破绽 "
                }
              ]
            }
          ]
        }
      ]
    },
    {
      "id": 9003302,
      "levelList": [
        {
          "level": 1,
          "name": "锤打",
          "desc": "",
          "coinlist": [
            {
              "coindescs": [
                {
                  "desc": "[OnSucceedAttack] 下回合对目标施加3层束缚 "
                }
              ]
            }
          ]
        }
      ]
    },
    {
      "id": 9003401,
      "levelList": [
        {
          "level": 1,
          "name": "异端审判",
          "desc": "",
          "coinlist": [
            {
              "coindescs": [
                {
                  "desc": "[OnSucceedAttackHead] 对目标施加1层尖钉 "
                }
              ]
            },
            {
              "coindescs": [
                {
                  "desc": "[OnSucceedAttack] 下回合使目标增加3级流血 强度"
                }
              ]
            }
          ]
        }
      ]
    },
    {
      "id": 9003501,
      "levelList": [
        {
          "level": 1,
          "name": "",
          "desc": "",
          "coinlist": [
            {},
            {},
            {}
          ]
        }
      ]
    },
    {
      "id": 9003502,
      "levelList": [
        {
          "level": 1,
          "name": "粗暴钉击",
          "desc": "",
          "coinlist": [
            {
              "coindescs": [
                {
                  "desc": "[OnSucceedAttack] 下回合对目标施加1层尖钉 并使其增加1级流血 强度"
                }
              ]
            },
            {
              "coindescs": [
                {
                  "desc": "[OnSucceedAttack] 下回合对目标施加1层尖钉 并使其增加1级流血 强度"
                }
              ]
            },
            {
              "coindescs": [
                {
                  "desc": "[OnSucceedAttack] 下回合对目标施加1层尖钉 并使其增加1级流血 强度"
                }
              ]
            }
          ]
        }
      ]
    },
    {
      "id": 9003503,
      "levelList": [
        {
          "level": 1,
          "name": "狂热的宣教",
          "desc": "[DefeatDuel] 下回合对自身施加2层易损 ",
          "coinlist": [
            {},
            {
              "coindescs": [
                {
                  "desc": "[OnSucceedAttack] 下回合对目标施加2层易损 "
                }
              ]
            }
          ]
        }
      ]
    },
    {
      "id": 9003504,
      "levelList": [
        {
          "level": 1,
          "name": "竟敢！",
          "desc": "",
          "coinlist": [
            {
              "coindescs": [
                {
                  "desc": "[OnSucceedAttackHead] 下回合对目标施加1层尖钉 "
                }
              ]
            }
          ]
        }
      ]
    },
    {
      "id": 9003601,
      "levelList": [
        {
          "level": 1,
          "name": "",
          "desc": "",
          "coinlist": [
            {},
            {}
          ]
        }
      ]
    },
    {
      "id": 9003602,
      "levelList": [
        {
          "level": 1,
          "name": "强力锤打",
          "desc": "",
          "coinlist": [
            {},
            {
              "coindescs": [
                {
                  "desc": "[OnSucceedAttack] 下回合对目标施加3层束缚 和2层麻痹 "
                }
              ]
            }
          ]
        }
      ]
    },
    {
      "id": 9003603,
      "levelList": [
        {
          "level": 1,
          "name": "威严的宣教",
          "desc": "[DefeatDuel] 下回合对自身施加2层虚弱 ",
          "coinlist": [
            {
              "coindescs": [
                {
                  "desc": "[OnSucceedAttack] 下回合对目标施加2层虚弱 "
                }
              ]
            }
          ]
        }
      ]
    },
    {
      "id": 9003701,
      "levelList": [
        {
          "level": 1,
          "name": "粗暴的异端审判",
          "desc": "",
          "coinlist": [
            {},
            {
              "coindescs": [
                {
                  "desc": "[OnSucceedAttackHead] 对目标施加1层尖钉 "
                }
              ]
            },
            {
              "coindescs": [
                {
                  "desc": "[OnSucceedAttack] 若目标的尖钉 层数高于5层，则在下回合对其施加10层束缚 "
                }
              ]
            }
          ]
        }
      ]
    },
    {
      "id": 9003801,
      "levelList": [
        {
          "level": 1,
          "name": "贯穿之钉",
          "desc": "",
          "coinlist": [
            {
              "coindescs": [
                {
                  "desc": "[OnSucceedAttack] 下回合对目标施加2层尖钉 "
                }
              ]
            }
          ]
        }
      ]
    },
    {
      "id": 9003802,
      "levelList": [
        {
          "level": 1,
          "name": "",
          "desc": "",
          "coinlist": [
            {}
          ]
        }
      ]
    },
    {
      "id": 9003803,
      "levelList": [
        {
          "level": 1,
          "name": "集结",
          "desc": "[WinDuel] 下回合使2名随机友方单位获得1层狂信 ",
          "coinlist": [
            {
              "coindescs": [
                {
                  "desc": "[OnSucceedAttack] 下回合使目标增加2级流血 强度"
                }
              ]
            },
            {}
          ]
        }
      ]
    },
    {
      "id": 9003804,
      "levelList": [
        {
          "level": 1,
          "name": "坚定信仰",
          "desc": "[WhenUse] 使自身获得1层守护 ",
          "coinlist": [
            {}
          ]
        }
      ]
    },
    {
      "id": 9003901,
      "levelList": [
        {
          "level": 1,
          "name": "裁决之锤",
          "desc": "",
          "coinlist": [
            {
              "coindescs": [
                {
                  "desc": "[OnSucceedAttackHead] 下回合对目标施加3层束缚 和2层虚弱 "
                }
              ]
            }
          ]
        }
      ]
    },
    {
      "id": 9003902,
      "levelList": [
        {
          "level": 1,
          "name": "",
          "desc": "",
          "coinlist": [
            {
              "coindescs": [
                {
                  "desc": ""
                }
              ]
            }
          ]
        }
      ]
    },
    {
      "id": 9003903,
      "levelList": [
        {
          "level": 1,
          "name": "团结",
          "desc": "[WinDuel] 使理智值最低的2名友方单位恢复15点理智值",
          "coinlist": [
            {
              "coindescs": [
                {
                  "desc": "[OnSucceedAttack] 下回合使目标增加2级流血 强度"
                }
              ]
            },
            {}
          ]
        }
      ]
    },
    {
      "id": 9004001,
      "levelList": [
        {
          "level": 1,
          "name": "沉重的异端审判",
          "desc": "",
          "coinlist": [
            {
              "coindescs": [
                {
                  "desc": "[OnSucceedAttackHead] 对目标施加2层尖钉 "
                }
              ]
            },
            {},
            {
              "coindescs": [
                {
                  "desc": "[OnSucceedAttack] 若目标的尖钉 层数高于5层，则在下回合对其施加10层虚弱 和10层麻痹 "
                }
              ]
            }
          ]
        }
      ]
    },
    {
      "id": 9100501,
      "levelList": [
        {
          "level": 1,
          "name": "尖钉洗礼",
          "desc": "",
          "coinlist": [
            {
              "coindescs": [
                {
                  "desc": "[OnSucceedAttack] 下回合对目标施加1层尖钉 "
                }
              ]
            },
            {
              "coindescs": [
                {
                  "desc": "[OnSucceedAttack] 下回合对目标施加1层尖钉 "
                }
              ]
            },
            {
              "coindescs": [
                {
                  "desc": "[OnSucceedAttack] 下回合对目标施加2层尖钉 "
                }
              ]
            }
          ]
        }
      ]
    },
    {
      "id": 9100502,
      "levelList": [
        {
          "level": 1,
          "name": "穿刺钉刑",
          "desc": "",
          "coinlist": [
            {
              "coindescs": [
                {
                  "desc": "[OnSucceedAttack] 下回合使目标增加5级流血 强度并对其施加2层易损 "
                }
              ]
            },
            {}
          ]
        }
      ]
    },
    {
      "id": 9100503,
      "levelList": [
        {
          "level": 1,
          "name": "圣锤，听命……！",
          "desc": "[WinDuel] 下回合使全体友方单位获得1层狂信 ",
          "coinlist": [
            {
              "coindescs": [
                {
                  "desc": "[OnSucceedAttack] 使理智值最低的2名友方单位恢复10点理智值"
                }
              ]
            }
          ]
        }
      ]
    },
    {
      "id": 9100504,
      "levelList": [
        {
          "level": 1,
          "name": "涤净汝罪",
          "desc": "",
          "coinlist": [
            {
              "coindescs": [
                {
                  "desc": "[OnSucceedAttackHead] 对目标施加3层尖钉 "
                }
              ]
            },
            {
              "coindescs": [
                {
                  "desc": "[OnSucceedAttack] 若目标的尖钉 层数高于5层，则使其陷入混乱"
                }
              ]
            }
          ]
        }
      ]
    },
    {
      "id": 9100505,
      "levelList": [
        {
          "level": 1,
          "name": "虔诚信仰",
          "desc": "[WhenUse] 使自身获得2层守护 ",
          "coinlist": [
            {}
          ]
        }
      ]
    },
    {
      "id": 9100601,
      "levelList": [
        {
          "level": 1,
          "name": "尖钉洗礼",
          "desc": "自身的体力低于50%时，本技能施加的尖钉 层数额外+1层",
          "coinlist": [
            {
              "coindescs": [
                {
                  "desc": "[OnSucceedAttack] 下回合对目标施加1层尖钉 "
                }
              ]
            },
            {
              "coindescs": [
                {
                  "desc": "[OnSucceedAttack] 下回合对目标施加1层尖钉 "
                }
              ]
            },
            {
              "coindescs": [
                {
                  "desc": "[OnSucceedAttack] 下回合对目标施加2层尖钉 "
                }
              ]
            }
          ]
        }
      ]
    },
    {
      "id": 9100602,
      "levelList": [
        {
          "level": 1,
          "name": "穿刺钉刑",
          "desc": "",
          "coinlist": [
            {
              "coindescs": [
                {
                  "desc": "[OnSucceedAttack] 下回合使目标增加5级流血 强度"
                }
              ]
            }
          ]
        }
      ]
    },
    {
      "id": 9100603,
      "levelList": [
        {
          "level": 1,
          "name": "铸就伟业……！",
          "desc": "[WhenUse] 下回合使全体友方单位获得1层尖钉 ",
          "coinlist": [
            {}
          ]
        }
      ]
    },
    {
      "id": 9100604,
      "levelList": [
        {
          "level": 1,
          "name": "涤净……罪孽！",
          "desc": "",
          "coinlist": [
            {
              "coindescs": [
                {
                  "desc": "[OnSucceedAttackHead] 对目标施加5层尖钉 "
                }
              ]
            },
            {
              "coindescs": [
                {
                  "desc": "[OnSucceedAttack] 若目标的尖钉 层数高于5层，则使其陷入混乱"
                }
              ]
            }
          ]
        }
      ]
    },
    {
      "id": 9100605,
      "levelList": [
        {
          "level": 1,
          "name": "异端抹杀",
          "desc": "若目标带有尖钉 ，则使本技能造成的伤害+100%",
          "coinlist": [
            {
              "coindescs": [
                {
                  "desc": "[OnSucceedAttack] 下回合使目标增加10级破裂 强度"
                }
              ]
            },
            {
              "coindescs": [
                {
                  "desc": "[OnSucceedAttack] 下回合对目标施加5层易损 "
                }
              ]
            }
          ]
        }
      ]
    },
    {
      "id": 9100606,
      "levelList": [
        {
          "level": 1,
          "name": "愚不可及……！",
          "desc": "",
          "coinlist": [
            {
              "coindescs": [
                {
                  "desc": "[OnSucceedAttack] 下回合对目标施加1层尖钉 "
                }
              ]
            }
          ]
        }
      ]
    },
    {
      "id": 9004101,
      "levelList": [
        {
          "level": 1,
          "name": "迅猛下劈",
          "desc": "",
          "coinlist": [
            {}
          ]
        }
      ]
    },
    {
      "id": 9004102,
      "levelList": [
        {
          "level": 1,
          "name": "斜线顺劈",
          "desc": "",
          "coinlist": [
            {}
          ]
        }
      ]
    },
    {
      "id": 9004201,
      "levelList": [
        {
          "level": 1,
          "name": "叽",
          "desc": "",
          "coinlist": [
            {
              "coindescs": [
                {
                  "desc": "[OnSucceedAttackHead] 使目标增加3级破裂 强度"
                }
              ]
            }
          ]
        }
      ]
    },
    {
      "id": 9004202,
      "levelList": [
        {
          "level": 1,
          "name": "叽伊",
          "desc": "",
          "coinlist": [
            {
              "coindescs": [
                {
                  "desc": "[OnSucceedAttackHead] 对目标施加3层破裂 "
                }
              ]
            },
            {
              "coindescs": [
                {
                  "desc": "[OnSucceedAttackHead] 使目标增加2级破裂 强度"
                }
              ]
            }
          ]
        }
      ]
    },
    {
      "id": 9004203,
      "levelList": [
        {
          "level": 1,
          "name": "防御",
          "desc": "",
          "coinlist": [
            {}
          ]
        }
      ]
    },
    {
      "id": 9004301,
      "levelList": [
        {
          "level": 1,
          "name": "叽伊",
          "desc": "",
          "coinlist": [
            {
              "coindescs": [
                {
                  "desc": "[OnSucceedAttackHead] 使目标增加3级破裂 强度"
                }
              ]
            }
          ]
        }
      ]
    },
    {
      "id": 9004302,
      "levelList": [
        {
          "level": 1,
          "name": "叽伊伊伊",
          "desc": "",
          "coinlist": [
            {
              "coindescs": [
                {
                  "desc": "[OnSucceedAttack] 使目标增加3级破裂 强度"
                }
              ]
            },
            {
              "coindescs": [
                {
                  "desc": "[OnSucceedAttackHead] 对目标施加层数等同于本技能正面硬币数的麻痹 "
                }
              ]
            }
          ]
        }
      ]
    },
    {
      "id": 9004303,
      "levelList": [
        {
          "level": 1,
          "name": "防御",
          "desc": "",
          "coinlist": [
            {}
          ]
        }
      ]
    },
    {
      "id": 9004401,
      "levelList": [
        {
          "level": 1,
          "name": "叽叽！",
          "desc": "",
          "coinlist": [
            {
              "coindescs": [
                {
                  "desc": "[OnSucceedAttackHead] 使目标增加3级流血 强度"
                }
              ]
            }
          ]
        }
      ]
    },
    {
      "id": 9004402,
      "levelList": [
        {
          "level": 1,
          "name": "叽伊！",
          "desc": "",
          "coinlist": [
            {
              "coindescs": [
                {
                  "desc": "[OnSucceedAttackHead] 使目标增加3级流血 强度"
                }
              ]
            },
            {
              "coindescs": [
                {
                  "desc": "[OnSucceedAttackHead] 对目标施加2层防御等级降低 与1层流血"
                }
              ]
            }
          ]
        }
      ]
    },
    {
      "id": 9004403,
      "levelList": [
        {
          "level": 1,
          "name": "防御",
          "desc": "",
          "coinlist": [
            {}
          ]
        }
      ]
    },
    {
      "id": 9004501,
      "levelList": [
        {
          "level": 1,
          "name": "叽叽叽叽",
          "desc": "若自身在上回合未受到伤害，则使本技能的硬币威力+1",
          "coinlist": [
            {
              "coindescs": [
                {
                  "desc": "[OnSucceedAttackHead] 使目标增加5级破裂 强度"
                }
              ]
            }
          ]
        }
      ]
    },
    {
      "id": 9004502,
      "levelList": [
        {
          "level": 1,
          "name": "叽叽叽叽",
          "desc": "",
          "coinlist": [
            {
              "coindescs": [
                {
                  "desc": "[OnSucceedAttack] 下回合对目标施加1层束缚 与2层防御等级降低"
                }
              ]
            }
          ]
        }
      ]
    },
    {
      "id": 9004503,
      "levelList": [
        {
          "level": 1,
          "name": "叽伊叽叽",
          "desc": "[WhenUse] 使自身获得2层守护 ",
          "coinlist": [
            {
              "coindescs": [
                {
                  "desc": "[OnSucceedAttack] 引爆目标的震颤 "
                }
              ]
            }
          ]
        }
      ]
    },
    {
      "id": 9004504,
      "levelList": [
        {
          "level": 1,
          "name": "防御",
          "desc": "",
          "coinlist": [
            {}
          ]
        }
      ]
    }
  ]
}