{
  "dataList": [
    {
      "id": "chapter_d_100",
      "company": "D公司",
      "area": "4区",
      "chapter": "序章",
      "chapterNumber": "00",
      "chaptertitle": "黑森林",
      "timeline": "984-01"
    },
    {
      "id": "chapter_d_101",
      "company": "D公司",
      "area": "4区",
      "chapter": "章节I",
      "chapterNumber": "01",
      "chaptertitle": "被放逐者",
      "timeline": "984-01"
    },
    {
      "id": "chapter_j_102",
      "company": "J公司",
      "area": "10区",
      "chapter": "章节II",
      "chapterNumber": "02",
      "chaptertitle": "无慈悲者",
      "timeline": "984-01"
    },
    {
      "id": "chapter_k_103",
      "company": "K公司",
      "area": "11区",
      "chapter": "章节III",
      "chapterNumber": "03",
      "chaptertitle": "无作为者",
      "timeline": "984-02"
    },
    {
      "id": "chapter_k_9103",
      "company": "K公司",
      "area": "11区",
      "chapter": "3.5章",
      "chapterNumber": "3.5",
      "chaptertitle": "Hell's Chicken",
      "timeline": "984-03"
    }
  ]
}