{
  "dataList": [
    {
      "id": "NestW",
      "content": "W公司"
    },
    {
      "id": "PersonalitySync",
      "content": "人格同步"
    },
    {
      "id": "AbnormalityInterpret",
      "content": "异想解析"
    },
    {
      "id": "PersonalityUpgrade",
      "content": "人格强化"
    },
    {
      "id": "NestR",
      "content": "R公司"
    },
    {
      "id": "E.G.O",
      "content": "E.G.O"
    },
    {
      "id": "Singularity",
      "content": "奇点"
    },
    {
      "id": "Goldenbranch",
      "content": "金枝"
    },
    {
      "id": "Abnormality",
      "content": "异想体"
    }
  ]
}