{
  "dataList": [
    {
      "id": "City",
      "content": "都市"
    },
    {
      "id": "Limbuscompany",
      "content": "边狱公司"
    },
    {
      "id": "LCB",
      "content": "LCB"
    },
    {
      "id": "LCC",
      "content": "LCC"
    },
    {
      "id": "Nest",
      "content": "巢"
    },
    {
      "id": "Sinner",
      "content": "罪人"
    },
    {
      "id": "Wings",
      "content": "翼"
    },
    {
      "id": "NestK",
      "content": "K公司"
    },
    {
      "id": "NestN",
      "content": "N公司"
    },
    {
      "id": "NestL",
      "content": "L公司"
    },
    {
      "id": "Backstreet",
      "content": "后巷"
    },
    {
      "id": "Swordgroup",
      "content": "剑契组"
    },
    {
      "id": "Kurokumo",
      "content": "黑云会"
    },
    {
      "id": "Personality",
      "content": "人格"
    },
    {
      "id": "Ego",
      "content": "E.G.O"
    },
    {
      "id": "Tech",
      "content": "都市的科技"
    },
    {
      "id": "Organization",
      "content": "帮派"
    },
    {
      "id": "Fixer",
      "content": "收尾人"
    },
    {
      "id": "Goldenbranch",
      "content": "金枝"
    }
  ]
}