{
  "dataList": [
    {
      "id": "CHAPTER_100",
      "title": "黑森林",
      "desc": "我站在漆黑的森林之中。\n我忘记了过去的动机和一切。\n我只剩下一个变成时钟的头，\n和一辆冲入森林的巴士。"
    },
    {
      "id": "CHAPTER_101",
      "title": "被放逐者",
      "desc": "我成为了执行经理。\n向导指示我去寻找金枝。\n我点头接受了。\n此时的我还不知道，\n金枝会是噩梦的开始。"
    },
    {
      "id": "CHAPTER_102",
      "title": "无慈悲者",
      "desc": "金枝被闯入者夺走了。\n向导边叹气边给了我第二次机会。\n我抱着这次一定要成功的决心，\n进入了欢愉与冰雪的世界。"
    },
    {
      "id": "CHAPTER_103",
      "title": "无作为者",
      "desc": "愉快又瘆人的戏剧落下帷幕。\n我有预感，\n接踵而至的一定会是悲剧。\n巴士随着路面的起伏在晃动。\n透过车窗，只能看到寂静的夜晚。"
    },
    {
      "id": "STORY_10111",
      "title": "4区L公司支部迷宫",
      "desc": ""
    },
    {
      "id": "STORY_10219",
      "title": "10区L公司支部迷宫",
      "desc": ""
    },
    {
      "id": "STORY_10322",
      "title": "11区L公司支部迷宫",
      "desc": ""
    }
  ]
}