{
  "dataList": [
    {
      "id": "DanteNoteDetail_25",
      "title": "",
      "desc": "- 似乎是指管理收尾人的大型组织。\n- 或许是由于收尾人的工作本就多样化且自由奔放的缘故，每个协会好像都被规定了其专攻的领域。\n协会好像分为很多种类……通过罪人的人格和这些人格的镜像世界，我见到过几个协会。\n- 与一般的收尾人最大的不同点是，他们好像无法自主选择想接受的工作内容。"
    },
    {
      "id": "DanteNoteDetail_26",
      "title": "",
      "desc": "- 专门负责暗杀委托的协会。\n- 虽说是专门负责，但这似乎并不代表其他收尾人就不会接受暗杀工作。说到底，想要委托协会水准的收尾人，那可不仅仅是需要一大笔钱……\n暗杀这类事情在都市中属实是司空见惯，由于需求量过大，即便是连名字都叫不出来的街道上的事务所也时常会受理这类委托。"
    },
    {
      "id": "DanteNoteDetail_27",
      "title": "",
      "desc": "- 专门负责对集团作战委托的协会。\n- “都市里一生不与战斗打交道的收尾人能有多少……”（引自堂吉诃德）\n- 六协会的特别之处在于，每位成员都有以一敌多的实力。"
    },
    {
      "id": "DanteNoteDetail_28",
      "title": "",
      "desc": "- 指所有由收尾人创建的企业或是事业单位。(还是说工作场所？)\n- 似乎有某种规定要求收尾人若想开展工作，虽然不用创立巨大的企业，但必须成为各类被授权组织中的一员，就算是建立一家只有自己的“一人事务所”也可以。"
    },
    {
      "id": "DanteNoteDetail_29",
      "title": "",
      "desc": "- 旧L公司的名称。它是一家能源供应公司。\n- 他们以“卵”的形式将异想体（如我们遇到的异想体）进行运输，并在公司里的“抑制单元”中对其进行管理，以“脑啡肽”的形式生产能源。\n- 我听说它曾为都市中几乎所有的翼和公司提供能源，由此可见，它绝对是一家极具影响力的公司……\n- 然而有一天，一道强光从总部射出，公司就这样垮台了。\n我还听说有一座……“塔”曾出现在总部位置的上方，但不久之后便消失了。在我写下这篇笔记的时候，该翼的位置仍然空缺，这显然令这整个区域都处于混乱状态。\n- 据说随着其总部的消失，该公司在都市中的所有支部设施都被关闭并埋入了地底。"
    },
    {
      "id": "DanteNoteDetail_30",
      "title": "",
      "desc": "- 根据堂吉诃德的说法（她补充道：“对于雏鸟来说，辨别两者谈何容易！”），作为决斗协会的Cinq协会一般负责在一对一的情况下作战，而六协会处理的则是多人作战。仔细想来，六协会人格中的大多数似乎确实都重视团队协调与合作，而非个人行动。\n他们看起来也相当从容……\n- 格里高尔的六协会人格也告诉我，同时与五六个人发生战斗是常有的事。（他还不忘自豪地提到，自己“狠狠地踢爆了那些小子的屁股”。）"
    },
    {
      "id": "DanteNoteDetail_31",
      "title": "",
      "desc": "- 事务所自身的种类似乎也相当多样。\n- 回想起当时在4区后巷（D公司所属）的时候，那时所见到的尤莉和阿雅所属的事务所似乎就是最常见的收尾人事务所中的一种。\n- 不论如何，在收钱之后依照委托人的意愿解决事务这一点上，不论是收尾人、事务所还是协会应该都大差不差。"
    },
    {
      "id": "DanteNoteDetail_32",
      "title": "",
      "desc": "- 似乎是指脑叶公司所生产的散发着荧光绿色的燃料。\n- 在梅菲斯托费勒斯上也有将人类还原为脑啡肽的装置，所谓脑啡肽应该是指那注满管中的液体。\n- 脑啡肽不仅仅是储存在管中，也可以由我们自由选择将其移至便于保管的物体中，代表性的就是盒子以及模块。"
    },
    {
      "id": "DanteNoteDetail_33",
      "title": "",
      "desc": "- 需要特别记录下来的是，他们所使用的所有武器都能产生火焰。\n- 调和与流动……当我询问他们使用能够产生火焰的武器的理由时，虽然得到的回答多种多样。\n但我认为那是他们在委婉地说出真实想法。依我所见，那是因为在面对人数众多的对手时，火焰能够有效地攻击到周围的敌人……毕竟火焰是会蔓延的。"
    },
    {
      "id": "DanteNoteDetail_34",
      "title": "",
      "desc": "- 我依然觉得……很难断言异想体到底是什么东西。\n- 大部分（起码在目前所见到的东西中）都是有着与人类或动物截然不同的外观，且拥有异想天开的能力的东西……\n正如其名，可以认为它们就是有着“异想”天开的形态和能力的东西。"
    },
    {
      "id": "DanteNoteDetail_35",
      "title": "",
      "desc": "- 看来脑啡肽盒子也曾用于旧L公司，偶尔翻开盒子的底部仍然可以看到旧L公司的标志。\n- 读了读侧面的注意事项，摄入这个看来会产生“致幻作用”……到底在想什么才会做出那种事？"
    },
    {
      "id": "DanteNoteDetail_36",
      "title": "",
      "desc": "- 当我试着询问浮士德时，她每次都只会说：“异想体就是异想体，请不要试图以任何标准去定义它们。”，得出更为具体的答案显得十分困难……"
    },
    {
      "id": "DanteNoteDetail_37",
      "title": "",
      "desc": "- 专门负责处理个人单位间的决斗相关委托的协会。\n- 虽然并不频繁发生，但似乎在都市中依旧存在以堂堂正正的“决斗”来分清黑白是非的事情。\n- 总之，一旦接受决斗（或者需要发起决斗），但又必败无疑的情况下，他们貌似就会接到委托。应该就是所谓的决斗代理人吧。\n- 这也只是从Seven协会的人格口中听来的，我对此并非十分了解……\n由于工作并不多，所以他们貌似会与其他协会举办交流大会之类的活动。"
    },
    {
      "id": "DanteNoteDetail_38",
      "title": "",
      "desc": "- 形似灯泡……？的东西，里面装有奇形怪状的物体。\n- 不知道要怎么形容那东西……它会时不时地扭动，或抽搐。\n- 如果盯着这个摇曳着的被叫做“纺锤”的东西看，会不自觉地发呆。\n- 因为浮士德不允许我一直举着这个，所以就还了回去，并请她代为说明了。"
    },
    {
      "id": "DanteNoteDetail_39",
      "title": "",
      "desc": "- “Extermination of Geometrical Organ” 的缩写。(这到底是什么意思？)\n- 似乎是旧L公司通过管理异想体进行脑啡肽提取时，额外获取的的副产物。\n- 据说这片翼当时曾利用生成的E.G.O制造武器与防具以供其员工使用，但这与我所见到的E.G.O的使用方式略有出入。"
    },
    {
      "id": "DanteNoteDetail_40",
      "title": "",
      "desc": "- 简而言之，是指由翼所持有的极其卓越的技术。\n- 我好奇它和一般都市技术之间的差距……\n但将其当作是仅限于对应的翼才能使用的垄断技术会比较好。"
    },
    {
      "id": "DanteNoteDetail_41",
      "title": "",
      "desc": "- 总结一下……\n可以说是将各种可能性都以丝线的形态编织成纺锤状……的东西。\n坦白地说，由于我几乎是逐字逐句地写下浮士德所说的话，所以这也算不上是什么总结。我并不明白她的话究竟是什么意思……\n它给我一种类似于我在转动时钟仰望星空时的感觉。好似敬畏之情一般。"
    },
    {
      "id": "DanteNoteDetail_42",
      "title": "",
      "desc": "- 当罪人们靠近这东西时，他们似乎会有与头晕类似的异常感觉。\n这种现象也被称为“共鸣”，这可能与引发我头痛的原理相似。\n- 每当我们回收金枝，维吉里乌斯便会通知其它部门的人员对其进行处理。\n当我问到他这件事时，他只是说“将会呈递给总部”。"
    },
    {
      "id": "DanteNoteDetail_44",
      "title": "",
      "desc": "- 通过数个与收尾人相关的人格交谈后了解到，收尾人可不是想当就当的。似乎存在着执照考试之类的东西。\n- 貌似会用数字对收尾人进行分级。似乎9阶为最低，1阶为最高……\n- 还有被称为“特色”的特殊等级。维吉里乌斯似乎被称为“猩红凝视”。看来他不仅实力超群，还颇为有名。"
    }
  ]
}