{
  "dataList": [
    {
      "id": "10001",
      "title": "豹子，狮子，以及狼",
      "desc": "在漆黑而昏暗的森林之中，我迷失了方向。",
      "place": "黑森林"
    },
    {
      "id": "10002",
      "title": "自我介绍",
      "desc": "我在一辆奇怪的巴士上醒来。一个自称“维吉里乌斯”的人向我介绍了12名罪人，并表示我会成为他们的新经理……",
      "place": "黑森林"
    },
    {
      "id": "10003",
      "title": "旅途",
      "desc": "我多少有些习惯与这些罪人一起战斗了。只不过，他们是否习惯与我共事，就是另一回事了……",
      "place": "黑森林"
    },
    {
      "id": "10004",
      "title": "可能性",
      "desc": "镜中映射出了许多可能性。浮士德告诉我，管理这些可能性就是我的工作。过去的我到底干了什么才会被安排做这种事……",
      "place": "黑森林"
    }
  ]
}