{
  "dataList": [
    {
      "id": "tutorial_101_01",
      "content": "请允许我向您介绍最基本的战斗进行方式。"
    },
    {
      "id": "tutorial_101_02",
      "content": "您可以通过链接仪表盘上的技能，来对罪人们下达命令。"
    },
    {
      "id": "tutorial_101_03",
      "content": "请试着按下左边的齿轮。"
    },
    {
      "id": "tutorial_101_04",
      "content": "请尝试将技能图标从左至右链接起来。"
    },
    {
      "id": "tutorial_101_05",
      "content": "当技能图标全部链接后，按下右边的齿轮便能开始战斗。"
    },
    {
      "id": "tutorial_102_01",
      "content": "似乎需要更为强力的攻击。\n尝试通过链接特定的技能来增强攻击吧。"
    },
    {
      "id": "tutorial_102_02",
      "content": "在同一回合中将两个及以上的同属性技能链接后，将会触发<罪孽共鸣>。"
    },
    {
      "id": "tutorial_102_03_popup_title",
      "content": "罪孽共鸣效果"
    },
    {
      "id": "tutorial_102_03",
      "content": "罪孽共鸣会根据所链接的“相同属性的技能数”来增加伤害量。\n在同属性技能中，链接顺序越靠后的技能越能得到强化。"
    },
    {
      "id": "tutorial_103_01",
      "content": "似乎不够。还需要更加强力的攻击。请先试着链接技能。"
    },
    {
      "id": "tutorial_103_02",
      "content": "当同属性技能链接达到“三个及以上”时，将会触发<完全共鸣>。"
    },
    {
      "id": "tutorial_103_03_popup_title",
      "content": "完全共鸣效果"
    },
    {
      "id": "tutorial_103_03",
      "content": "当三个及以上同属性技能链接时，将会触发<完全共鸣>。\n<完全共鸣>会将所链接的同属性技能分别进行统一的伤害加算。\n伤害量会根据完全共鸣的技能数量成比例增加。"
    },
    {
      "id": "tutorial_104_01",
      "content": "在所有角色的体力上有着用黄色标示的混乱阈值。"
    },
    {
      "id": "tutorial_104_02_popup_title",
      "content": "关于混乱的说明"
    },
    {
      "id": "tutorial_104_02",
      "content": "当体力减少至混乱阈值以下时，角色会进入<混乱>状态。\n<混乱>会使其所有物理抗性都变为脆弱。\n在同一回合，每额外超过一个混乱阈值，<混乱等级>将会增加。\n<混乱等级>分为三级，等级越高所能额外造成的伤害越高。"
    },
    {
      "id": "tutorial_104_03",
      "content": "很好。敌人陷入<混乱>了。请按照我所教您的方法下令，继续战斗吧。"
    },
    {
      "id": "tutorial_201_01",
      "content": "所有角色的行动都由<速度>决定。"
    },
    {
      "id": "tutorial_201_02_popup_title",
      "content": "关于速度的说明"
    },
    {
      "id": "tutorial_201_02",
      "content": "每回合，所有角色的速度都会从最小值~最大值间决定。\n每回合会根据速度决定角色的站位。\n速度越低的角色越会被置于前列，也就越容易成为攻击目标。"
    },
    {
      "id": "tutorial_201_05",
      "content": "在使用技能攻击前，角色会通过投掷硬币来决定技能的最终威力。最终威力越高，伤害量越高。"
    },
    {
      "id": "tutorial_201_06",
      "content": "硬币枚数代表了技能的攻击次数。例如两枚硬币代表会进行两次攻击。"
    },
    {
      "id": "tutorial_201_07",
      "content": "在使用技能攻击前，角色会通过投掷硬币来决定技能的最终威力。最终威力越高，伤害量越高。"
    },
    {
      "id": "tutorial_201_08",
      "content": "当硬币掷出正面时，会将技能威力与硬币威力相加。最终威力也会随之变化。例如这个技能的最终威力就会增加。"
    },
    {
      "id": "tutorial_201_09",
      "content": "像这样增强过的威力，在下次投掷硬币时依然会生效。"
    },
    {
      "id": "tutorial_202_01",
      "content": "每回合开始时，会从尚未追加技能槽的角色中选出一名并追加技能槽。"
    },
    {
      "id": "tutorial_202_02",
      "content": "当罪人与敌人同时使用攻击技能对峙时，将会进行<拼点>。"
    },
    {
      "id": "tutorial_202_03_popup_title",
      "content": "关于拼点的说明"
    },
    {
      "id": "tutorial_202_03",
      "content": "在罪人和敌人互相使用攻击技能时，会进行<拼点>。\n<拼点>的两个技能中，拼点威力更大的一方视为胜利，能够破坏失败方的一枚技能硬币。\n技能中还有剩余硬币时，会持续进行<拼点>，直至一方的硬币被全部破坏。\n在<拼点>时硬币被全部破坏的一方的技能将会被取消，视为拼点失败。\n<拼点>胜利的一方能根据拼点次数造成更加强力的攻击。"
    },
    {
      "id": "tutorial_202_04",
      "content": "<拼点>是比较两个技能拼点威力的大小，\n将拼点威力更大的一方视为拼点胜利的事件。\n可以参考屏幕上方的仪表和文本，来预测拼点成功的概率。"
    },
    {
      "id": "tutorial_202_05",
      "content": "拼点开始时，两方将会通过投掷硬币来决定拼点威力。两方中拼点威力更高的一方将被视为拼点胜利，能够破坏另一方的一枚硬币。"
    },
    {
      "id": "tutorial_202_06",
      "content": "之后将会持续拼点，直到一方的硬币被全部破坏。\n在<拼点>时硬币被全部破坏的一方的技能将会被取消，视为拼点失败。"
    },
    {
      "id": "tutorial_203_01",
      "content": "体力旁的球体代表了角色的<理智值>。"
    },
    {
      "id": "tutorial_203_02_popup_title",
      "content": "关于理智值的说明"
    },
    {
      "id": "tutorial_203_02",
      "content": "体力旁的球体表示<理智值>，范围为-45~+45。\n理智值越高，投掷硬币时投出正面的概率越大。\n击败敌人后理智值将会增加，反之友方单位死亡时将会减少。\n理智值降至一定数值以下后，敌人会陷入“士气低下”或是“恐慌”状态。"
    },
    {
      "id": "tutorial_203_06",
      "content": "您可以在此区域查看目前角色所拥有的效果。"
    },
    {
      "id": "tutorial_203_07",
      "content": "点击此区域内的图标，可以查看该效果的详细介绍。"
    },
    {
      "id": "tutorial_203_08",
      "content": "敌人全部陷入恐慌了。现在是绝佳的时机。请自由下令吧。"
    },
    {
      "id": "tutorial_301_01",
      "content": "请按我所教过的方式来链接技能。"
    },
    {
      "id": "tutorial_301_02_popup_tItle",
      "content": "攻击类型及属性"
    },
    {
      "id": "tutorial_301_02",
      "content": "技能由两种主要属性构成：<攻击类型>以及<罪孽属性>。技能的攻击类型分为“斩击”，“穿刺”，“打击”三种，\n而罪孽属性则分为“暴怒”，“色欲”，“怠惰”，“暴食”，“忧郁”，“傲慢”，“嫉妒”。\n伤害量会根据对方对于攻击类型及罪孽属性的耐性决定。"
    },
    {
      "id": "tutorial_301_03",
      "content": "在此处可以确认罪人使用的攻击类型及罪孽属性。"
    },
    {
      "id": "tutorial_301_04",
      "content": "在此处可以确认各个角色的弱点及耐性。\n这名敌人似乎是斩击脆弱。"
    },
    {
      "id": "tutorial_302_01",
      "content": "想要防御敌方攻击时可以使用守备技能。守备技能只会在受到单方面攻击时发动。\n因此，在受到数个攻击时使用会十分有效。"
    },
    {
      "id": "tutorial_302_02",
      "content": "守备技能和攻击技能不同，需要另外生成。"
    },
    {
      "id": "tutorial_302_03",
      "content": "首先，请生成守备技能。"
    },
    {
      "id": "tutorial_302_04",
      "content": "请点击格里高尔的图标。"
    },
    {
      "id": "tutorial_302_05_popup_title",
      "content": "守备技能：防御"
    },
    {
      "id": "tutorial_302_05",
      "content": "防御会产生与其威力等量的护盾。\n被攻击时，护盾会代替体力消耗。\n在同一回合中使用多次防御技能，在受到单方面攻击时就会发动相符次数的防御。"
    },
    {
      "id": "tutorial_302_06",
      "content": "很好。本次生成了防御技能，下面请试着生成反击技能。"
    },
    {
      "id": "tutorial_302_07",
      "content": "请点击罗佳的图标。"
    },
    {
      "id": "tutorial_302_08_popup_title",
      "content": "守备技能：反击"
    },
    {
      "id": "tutorial_302_08",
      "content": "反击与其他的守备技能不同，其自身拥有属性，且使用后会生成属性资源。\n反击会在受到攻击后，对对方进行单方面攻击。\n在同一回合中使用多次反击技能，便会发动相符次数的反击。\n但在被攻击后陷入混乱的情况下，无法使用反击技能。"
    },
    {
      "id": "tutorial_302_09",
      "content": "做得很好。\n最后请试着生成闪避技能。"
    },
    {
      "id": "tutorial_302_10",
      "content": "请点击浮士德的图标。"
    },
    {
      "id": "tutorial_302_11_popup_title",
      "content": "守备技能：闪避"
    },
    {
      "id": "tutorial_302_11",
      "content": "闪避数值如果高于对方技能的最终威力，将会完全闪避本次攻击。\n但请注意，当闪避数值低于最终威力时，仍然会受到攻击。\n在同一回合中使用多次闪避技能，在受到单方面攻击时便会发动相符次数的闪避。"
    },
    {
      "id": "tutorial_302_12",
      "content": "闪避技能也成功生成了。\n下面请链接生成的守备技能并下令战斗。\n目标是消灭所有敌人。"
    },
    {
      "id": "tutorial_1001_01",
      "content": "在迷宫中存在名为<异想体>的生物。\n在迷宫中难以避免与之一战。"
    },
    {
      "id": "tutorial_1001_02_popup_title",
      "content": "关于异想体及其部位的说明"
    },
    {
      "id": "tutorial_1001_02",
      "content": "所有异想体均拥有一个及以上的部位。\n每个部位存在不同的技能槽，且各自拥有不同的技能。"
    },
    {
      "id": "tutorial_1001_03",
      "content": "请选择罪人的技能并拖至异想体的技能槽。"
    },
    {
      "id": "tutorial_1001_04",
      "content": "异想体的技能也由<速度>决定。\n异想体的速度决定其行动顺序，也是改变异想体攻击目标的条件。"
    },
    {
      "id": "tutorial_1001_05",
      "content": "当比异想体“速度更快”的罪人的技能\n被拖动至异想体的技能槽时，\n将会改变异想体的攻击目标并进行<拼点>。"
    },
    {
      "id": "tutorial_1001_06",
      "content": "请将速度较快的罪人的技能拖至异想体技能槽，并改变其攻击目标。"
    },
    {
      "id": "tutorial_1001_07",
      "content": "异想体的目标被改变了，这样这两名角色在本回合将会进行<拼点>。"
    },
    {
      "id": "tutorial_1001_08",
      "content": "像这样活用速度差，\n便可以自由改变异想体的攻击目标。\n在异想体战斗中，<改变目标>使其与有利的对象进行<拼点>是十分重要的。"
    },
    {
      "id": "tutorial_1001_09",
      "content": "请给剩余的罪人们下达命令。"
    },
    {
      "id": "tutorial_1001_10",
      "content": "规划好所有罪人的技能后，按下此处便能开始战斗。"
    },
    {
      "id": "tutorial_1001_99_popup_title",
      "content": "部位破坏"
    },
    {
      "id": "tutorial_1001_99",
      "content": "当异想体部位的体力降为0时，会进入<部位破坏>状态。\n部位被破坏后，该部位的所有物理抗性将全部变为脆弱。\n根据部位的不同，有时会使其无法使用技能，或是消除被动。\n部位被破坏时，有时会出现异想体更加狂暴或是被破坏的部位再生的情况。"
    },
    {
      "id": "tutorial_1101_01",
      "content": "迷宫中存在拥有多个部位的异想体。\n当拥有多个部位时，\n各个部位的耐性及所使用的技能，被动均有区别。"
    },
    {
      "id": "tutorial_1101_02",
      "content": "为此我们准备了<异想体图鉴>。\n图鉴中记录了异想体每个部位的耐性，技能，被动等信息。\n点击异想体后便可阅读图鉴。"
    },
    {
      "id": "tutorial_1101_03_popup_title",
      "content": "然而，图鉴现在还是未完成的状态。\n仅凭表面观察无法完全掌握异想体的信息。\n您每次与异想体战斗，都会使图鉴更为完善。"
    },
    {
      "id": "tutorial_1101_03",
      "content": "异想体图鉴中记录了各个部位的情报。\n最初遭遇异想体时，其图鉴还处于未完成状态。\n未完成的图鉴会在与异想体的战斗中逐步完善。\n重复遭遇异想体并与之战斗，观察等级也会随之上升。\n观察等级越高，对异想体造成的伤害越高。"
    },
    {
      "id": "tutorial_1201_01",
      "content": "在异想体战斗中，时不时会出现要求做出决策的<选项>。\n这需要您一边关注现状一边选择罪人做出行动。\n根据选项结果的不同，异想体会出现不同的反应，所以请慎重做出决策。"
    },
    {
      "id": "tutorial_1301_01_popup_title",
      "content": "群体攻击技能"
    },
    {
      "id": "tutorial_1301_01",
      "content": "群体攻击技能可以同时攻击多个对象。\n攻击对象根据群体攻击技能的攻击范围而有所不同(例如前排，中排，后排，特殊等)。\n群体攻击只会与技能指定的主要目标进行拼点。\n若群体技能拼点失败，此技能的攻击将会被完全取消。\n在受到群体攻击时，守备技能依然可以生效。"
    }
  ]
}