{
  "dataList": [
    {
      "id": "tutorial_mainui_01_selection",
      "content": "编队"
    },
    {
      "id": "tutorial_mainui_01_selection_page_01_desc_01",
      "content": "你可以用12名罪人的人格组建一个编队。"
    },
    {
      "id": "tutorial_mainui_01_selection_page_02_title_01",
      "content": "人格替换"
    },
    {
      "id": "tutorial_mainui_01_selection_page_02_desc_01",
      "content": "点击罪人时，能够展示所选罪人的人格列表，并进行人格的替换。"
    },
    {
      "id": "tutorial_mainui_01_selection_page_03_title_01",
      "content": "选择播报员"
    },
    {
      "id": "tutorial_mainui_01_selection_page_03_desc_01",
      "content": "选择后能够展示播报员一览。"
    },
    {
      "id": "tutorial_mainui_01_selection_page_03_desc_02",
      "content": "可以在此处更改战斗中使用的播报员。"
    },
    {
      "id": "tutorial_mainui_01_selection_page_04_title_01",
      "content": "编队列表"
    },
    {
      "id": "tutorial_mainui_01_selection_page_04_desc_01",
      "content": "总计能够组建20个编队。"
    },
    {
      "id": "tutorial_mainui_01_selection_page_05_title_01",
      "content": "E.G.O资源"
    },
    {
      "id": "tutorial_mainui_01_selection_page_05_desc_01",
      "content": "能够确认该编队在战斗中所能获取的E.G.O资源的种类与数量。"
    },
    {
      "id": "tutorial_mainui_02_identityandegolist",
      "content": "人格及E.G.O列表"
    },
    {
      "id": "tutorial_mainui_02_identitylist",
      "content": "人格列表"
    },
    {
      "id": "tutorial_mainui_02_egolist",
      "content": "E.G.O列表"
    },
    {
      "id": "tutorial_mainui_02_identitylist_page_01_desc_01",
      "content": "展示可以选入编队的罪人的人格一览。可以确认人格的同步阶段，等级以及所属罪人。"
    },
    {
      "id": "tutorial_mainui_02_identitylist_page_02_title_01",
      "content": "编队情况"
    },
    {
      "id": "tutorial_mainui_02_identitylist_page_02_desc_01",
      "content": "能够同时确认编队中的人格以及E.G.O。于每个解析等级均可装备一种E.G.O。"
    },
    {
      "id": "tutorial_mainui_02_identitylist_page_03_title_01",
      "content": "编队情况"
    },
    {
      "id": "tutorial_mainui_02_identitylist_page_03_desc_01",
      "content": "点击该列按钮时，能够切换到可选中的E.G.O列表。"
    },
    {
      "id": "tutorial_mainui_02_identitylist_page_04_desc_01",
      "content": "能够确认E.G.O的异想体解析等级，主要属性以及名称。"
    },
    {
      "id": "tutorial_mainui_02_identitylist_page_05_title_01",
      "content": "助战列表"
    },
    {
      "id": "tutorial_mainui_02_identitylist_page_05_title_02",
      "content": "助战按钮"
    },
    {
      "id": "tutorial_mainui_02_identitylist_page_05_desc_01",
      "content": "选择后，将会显示好友的助战人格列表。"
    },
    {
      "id": "tutorial_mainui_02_identitylist_page_05_desc_02",
      "content": "能够展示好友选择的助战人格及E.G.O一览。"
    },
    {
      "id": "tutorial_mainui_02_identitylist_page_06_desc_01",
      "content": "能够借用好友的助战人格及E.G.O。但同一编队中仅能编入一名助战人格。"
    },
    {
      "id": "tutorial_mainui_03_identityinfo",
      "content": "人格介绍"
    },
    {
      "id": "tutorial_mainui_03_identityinfo_page_01_title_01",
      "content": "能力值"
    },
    {
      "id": "tutorial_mainui_03_identityinfo_page_01_desc_01",
      "content": "显示该人格的体力，速度数值范以及防御等级。"
    },
    {
      "id": "tutorial_mainui_03_identityinfo_page_01_title_02",
      "content": "物理抗性"
    },
    {
      "id": "tutorial_mainui_03_identityinfo_page_01_desc_02",
      "content": "显示该人格对于斩击，突刺，打击的抗性数值。"
    },
    {
      "id": "tutorial_mainui_03_identityinfo_page_02_title_01",
      "content": "人格故事"
    },
    {
      "id": "tutorial_mainui_03_identityinfo_page_02_desc_01",
      "content": "能够阅读该人格的故事。"
    },
    {
      "id": "tutorial_mainui_03_identityinfo_page_02_title_02",
      "content": "更改插画"
    },
    {
      "id": "tutorial_mainui_03_identityinfo_page_02_desc_02",
      "content": "能够更改人格的插画。"
    },
    {
      "id": "tutorial_mainui_03_identityinfo_page_02_title_03",
      "content": "放大插画"
    },
    {
      "id": "tutorial_mainui_03_identityinfo_page_02_desc_03",
      "content": "能够将当前插画全屏显示。"
    },
    {
      "id": "tutorial_mainui_03_identityinfo_page_03_title_01",
      "content": "同步阶段"
    },
    {
      "id": "tutorial_mainui_03_identityinfo_page_03_desc_01",
      "content": "同步阶段越高，就能够获得越强力的技能。"
    },
    {
      "id": "tutorial_mainui_03_identityinfo_page_03_title_02",
      "content": "等级"
    },
    {
      "id": "tutorial_mainui_03_identityinfo_page_03_desc_02",
      "content": "等级越高，人格就越强。"
    },
    {
      "id": "tutorial_mainui_03_identityinfo_page_04_title_01",
      "content": "技能"
    },
    {
      "id": "tutorial_mainui_03_identityinfo_page_04_desc_01",
      "content": "每个人格都拥有不同的技能。在此处可以确认技能的详细信息。"
    },
    {
      "id": "tutorial_mainui_03_identityinfo_page_05_title_01",
      "content": "攻击类型"
    },
    {
      "id": "tutorial_mainui_03_identityinfo_page_05_desc_01",
      "content": "分为斩击，突刺，打击三类。"
    },
    {
      "id": "tutorial_mainui_03_identityinfo_page_05_title_02",
      "content": "硬币个数"
    },
    {
      "id": "tutorial_mainui_03_identityinfo_page_05_desc_02",
      "content": "显示技能所持硬币的个数。"
    },
    {
      "id": "tutorial_mainui_03_identityinfo_page_05_title_03",
      "content": "数量"
    },
    {
      "id": "tutorial_mainui_03_identityinfo_page_05_desc_03",
      "content": "显示该人格在其技能列表中拥有多少该技能。"
    },
    {
      "id": "tutorial_mainui_03_identityinfo_page_05_title_04",
      "content": "罪孽属性"
    },
    {
      "id": "tutorial_mainui_03_identityinfo_page_05_desc_04",
      "content": "分为暴怒、色欲、怠惰、暴食、忧郁、傲慢、嫉妒，且通过各自的颜色加以区分。"
    },
    {
      "id": "tutorial_mainui_03_identityinfo_page_06_title_01",
      "content": "攻击等级"
    },
    {
      "id": "tutorial_mainui_03_identityinfo_page_06_desc_01",
      "content": "攻击技能等级与被攻击一方的防御技能等级间的等级差距越大，伤害量的增减越为明显。"
    },
    {
      "id": "tutorial_mainui_03_identityinfo_page_06_title_02",
      "content": "技能威力"
    },
    {
      "id": "tutorial_mainui_03_identityinfo_page_06_desc_02",
      "content": "显示技能的基本威力。"
    },
    {
      "id": "tutorial_mainui_03_identityinfo_page_06_title_03",
      "content": "硬币威力"
    },
    {
      "id": "tutorial_mainui_03_identityinfo_page_06_desc_03",
      "content": "显示硬币的数值及其生效时的演算方法，演算方法分为加算，减算，乘算。"
    },
    {
      "id": "tutorial_mainui_03_identityinfo_page_06_title_04",
      "content": "攻击等级成长系数"
    },
    {
      "id": "tutorial_mainui_03_identityinfo_page_06_desc_04",
      "content": "攻击等级与人格等级成比例增长。"
    },
    {
      "id": "tutorial_mainui_03_identityinfo_page_07_title_01",
      "content": "技能效果"
    },
    {
      "id": "tutorial_mainui_03_identityinfo_page_07_desc_01",
      "content": "满足一定条件时将会发动的技能效果。"
    },
    {
      "id": "tutorial_mainui_03_identityinfo_page_07_title_02",
      "content": "硬币效果"
    },
    {
      "id": "tutorial_mainui_03_identityinfo_page_07_desc_02",
      "content": "满足硬币条件时将会发动的效果。拼点判定失败的硬币效果将无法发动。"
    },
    {
      "id": "tutorial_mainui_04_egoinfo",
      "content": "E.G.O信息"
    },
    {
      "id": "tutorial_mainui_04_egoinfo_page_01_title_01",
      "content": "罪孽抗性"
    },
    {
      "id": "tutorial_mainui_04_egoinfo_page_01_desc_01",
      "content": "显示E.G.O对于暴怒，色欲，怠惰，暴食，忧郁，傲慢，嫉妒属性的抗性数值。"
    },
    {
      "id": "tutorial_mainui_04_egoinfo_page_01_title_02",
      "content": "放大插画"
    },
    {
      "id": "tutorial_mainui_04_egoinfo_page_01_desc_02",
      "content": "能够将当前插画全屏显示。"
    },
    {
      "id": "tutorial_mainui_04_egoinfo_page_02_title_01",
      "content": "资源消耗"
    },
    {
      "id": "tutorial_mainui_04_egoinfo_page_02_desc_01",
      "content": "显示使用E.G.O技能时需要消耗的理智值以及罪孽碎片的种类和数量。"
    },
    {
      "id": "tutorial_mainui_04_egoinfo_page_03_title_01",
      "content": "E.G.O异想解析阶段"
    },
    {
      "id": "tutorial_mainui_04_egoinfo_page_03_desc_01",
      "content": "E.G.O异想解析阶段越高，所获得的技能越为强力。"
    },
    {
      "id": "tutorial_mainui_04_egoinfo_page_03_title_02",
      "content": "技能"
    },
    {
      "id": "tutorial_mainui_04_egoinfo_page_03_desc_02",
      "content": "每个E.G.O都拥有不同的技能。可以确认技能详情。"
    },
    {
      "id": "tutorial_mainui_04_identityinfo_page_04_title_01",
      "content": "攻击类型"
    },
    {
      "id": "tutorial_mainui_04_identityinfo_page_04_desc_01",
      "content": "分为斩击，突刺，打击三类。"
    },
    {
      "id": "tutorial_mainui_04_identityinfo_page_04_title_02",
      "content": "硬币个数"
    },
    {
      "id": "tutorial_mainui_04_identityinfo_page_04_desc_02",
      "content": "显示（技能所持）硬币的个数。"
    },
    {
      "id": "tutorial_mainui_04_identityinfo_page_04_title_03",
      "content": "花费"
    },
    {
      "id": "tutorial_mainui_04_identityinfo_page_04_desc_03",
      "content": "显示使用E.G.O技能时所需花费的资源。"
    },
    {
      "id": "tutorial_mainui_04_identityinfo_page_04_title_04",
      "content": "罪孽属性"
    },
    {
      "id": "tutorial_mainui_04_identityinfo_page_04_desc_04",
      "content": "分为暴怒，色欲，怠惰，暴食，忧郁，傲慢，嫉妒，且通过各自的颜色加以区分。"
    },
    {
      "id": "tutorial_mainui_04_identityinfo_page_05_title_01",
      "content": "攻击等级"
    },
    {
      "id": "tutorial_mainui_04_identityinfo_page_05_desc_01",
      "content": "攻击技能等级与被攻击一方的防御技能等级间的等级差距越大，伤害量的增减越为明显。E.G.O的攻击等级由人格等级决定。"
    },
    {
      "id": "tutorial_mainui_04_identityinfo_page_05_title_02",
      "content": "技能威力"
    },
    {
      "id": "tutorial_mainui_04_identityinfo_page_05_desc_02",
      "content": "显示技能的基本威力。"
    },
    {
      "id": "tutorial_mainui_04_identityinfo_page_05_title_03",
      "content": "硬币威力"
    },
    {
      "id": "tutorial_mainui_04_identityinfo_page_05_desc_03",
      "content": "显示硬币的数值及其生效时的计算方法，计算方法分为加算，减算，乘算。"
    },
    {
      "id": "tutorial_mainui_04_identityinfo_page_06_title_01",
      "content": "技能效果"
    },
    {
      "id": "tutorial_mainui_04_identityinfo_page_06_desc_01",
      "content": "满足一定条件时将会发动的技能效果。"
    },
    {
      "id": "tutorial_mainui_04_identityinfo_page_06_title_02",
      "content": "硬币效果"
    },
    {
      "id": "tutorial_mainui_04_identityinfo_page_06_desc_02",
      "content": "满足硬币条件时将会发动的效果。判定失败的硬币效果将无法发动。"
    },
    {
      "id": "tutorial_mainui_05_storymain",
      "content": "主线故事"
    },
    {
      "id": "tutorial_mainui_05_storymain_page_01_title_01",
      "content": "选择章节"
    },
    {
      "id": "tutorial_mainui_05_storymain_page_01_desc_01",
      "content": "能够在推进关卡的同时重复阅读主线故事。可以选择故事章节。"
    },
    {
      "id": "tutorial_mainui_05_storymain_page_02_title_01",
      "content": "主线故事列表"
    },
    {
      "id": "tutorial_mainui_05_storymain_page_02_desc_01",
      "content": "能够选择故事并进行观看。"
    },
    {
      "id": "tutorial_mainui_05_storymain_page_03_title_01",
      "content": "故事位置"
    },
    {
      "id": "tutorial_mainui_05_storymain_page_03_desc_01",
      "content": "能够确认所选故事出现的关卡。"
    },
    {
      "id": "tutorial_mainui_06_storyidentity",
      "content": "人格故事"
    },
    {
      "id": "tutorial_mainui_06_storyidentity_page_01_title_01",
      "content": "选择罪人"
    },
    {
      "id": "tutorial_mainui_06_storyidentity_page_01_desc_01",
      "content": "能够阅读边狱公司罪人们的故事和信息。选择罪人。"
    },
    {
      "id": "tutorial_mainui_06_storyidentity_page_02_title_01",
      "content": "选择人格"
    },
    {
      "id": "tutorial_mainui_06_storyidentity_page_02_desc_01",
      "content": "能够展示罪人的人格一览。"
    },
    {
      "id": "tutorial_mainui_06_storyidentity_page_03_title_01",
      "content": "人格故事"
    },
    {
      "id": "tutorial_mainui_06_storyidentity_page_03_desc_01",
      "content": "能够阅读该人格的故事。"
    },
    {
      "id": "tutorial_mainui_06_storyidentity_page_04_title_01",
      "content": "语音台词"
    },
    {
      "id": "tutorial_mainui_06_storyidentity_page_04_desc_01",
      "content": "能够阅读并试听人格的语音台词。"
    },
    {
      "id": "tutorial_mainui_07_storymirror",
      "content": "镜像世界"
    },
    {
      "id": "tutorial_mainui_07_storymirror_page_01_title_01",
      "content": "镜像世界"
    },
    {
      "id": "tutorial_mainui_07_storymirror_page_01_desc_01",
      "content": "选择后，将会切换为镜像世界一览表。"
    },
    {
      "id": "tutorial_mainui_07_storymirror_page_01_title_02",
      "content": "镜像世界列表"
    },
    {
      "id": "tutorial_mainui_07_storymirror_page_01_desc_02",
      "content": "镜像世界根据不同的人格故事分为不同的类别。能够确认不同的镜像世界以及世界中登场的团体。"
    },
    {
      "id": "tutorial_mainui_07_storymirror_page_02_title_01",
      "content": "镜像故事"
    },
    {
      "id": "tutorial_mainui_07_storymirror_page_02_desc_01",
      "content": "能够阅读以镜像世界为基础的人格故事。"
    },
    {
      "id": "tutorial_mainui_08_stagemain",
      "content": "主线关卡"
    },
    {
      "id": "tutorial_mainui_08_stagemain_page_01_title_01",
      "content": "关卡"
    },
    {
      "id": "tutorial_mainui_08_stagemain_page_01_desc_01",
      "content": "能够选择关卡并入场。"
    },
    {
      "id": "tutorial_mainui_08_stagemain_page_02_desc_01",
      "content": "战斗胜利后会显示关卡通关。"
    },
    {
      "id": "tutorial_mainui_08_stagemain_page_02_desc_02",
      "content": "达成EX通关条件时将会显示EX通关，并获得额外奖励。"
    },
    {
      "id": "tutorial_mainui_08_stagemain_page_03_title_01",
      "content": "关卡故事"
    },
    {
      "id": "tutorial_mainui_08_stagemain_page_03_desc_01",
      "content": "能够阅读该关卡的剧情故事。"
    },
    {
      "id": "tutorial_mainui_08_stagemain_page_03_title_02",
      "content": "关卡说明"
    },
    {
      "id": "tutorial_mainui_08_stagemain_page_03_desc_02",
      "content": "能够确认关于该关卡的说明及关卡故事。"
    },
    {
      "id": "tutorial_mainui_08_stagemain_page_03_title_03",
      "content": "敌方情报"
    },
    {
      "id": "tutorial_mainui_08_stagemain_page_03_desc_03",
      "content": "能够确认关于敌人的信息。对于部分强力敌人，需要遭遇后才能确认信息。"
    },
    {
      "id": "tutorial_mainui_08_stagemain_page_04_title_01",
      "content": "EX通关条件"
    },
    {
      "id": "tutorial_mainui_08_stagemain_page_04_desc_01",
      "content": "显示EX通关所需条件。"
    },
    {
      "id": "tutorial_mainui_08_stagemain_page_04_title_02",
      "content": "入场"
    },
    {
      "id": "tutorial_mainui_08_stagemain_page_04_desc_02",
      "content": "进入战斗关卡时需要消耗脑啡肽。"
    },
    {
      "id": "tutorial_mainui_08_stagemain_page_05_title_01",
      "content": "选择战斗成员"
    },
    {
      "id": "tutorial_mainui_08_stagemain_page_05_desc_01",
      "content": "进入关卡的人数有所限制。"
    },
    {
      "id": "tutorial_mainui_09_stagedungeon",
      "content": "故事迷宫"
    },
    {
      "id": "tutorial_mainui_09_stagedungeon_page_01_title_01",
      "content": "故事迷宫信息窗口"
    },
    {
      "id": "tutorial_mainui_09_stagedungeon_page_01_desc_01",
      "content": "在各章节的最后关卡将会出现迷宫。入场时将消耗脑啡肽模块。"
    },
    {
      "id": "tutorial_mainui_09_stagedungeon_page_02_title_01",
      "content": "迷宫探索"
    },
    {
      "id": "tutorial_mainui_09_stagedungeon_page_02_desc_01",
      "content": "能够通过选择与当前节点相邻的节点来推进探索。在各个节点将会遭遇不同的战斗或事件。"
    },
    {
      "id": "tutorial_mainui_09_stagedungeon_page_03_title_01",
      "content": "罪人体力情况"
    },
    {
      "id": "tutorial_mainui_09_stagedungeon_page_03_desc_01",
      "content": "迷宫探索期间，罪人的体力，理智值以及死亡状态将会延续。"
    },
    {
      "id": "tutorial_mainui_09_stagedungeon_page_03_title_02",
      "content": "存档点"
    },
    {
      "id": "tutorial_mainui_09_stagedungeon_page_03_desc_02",
      "content": "到达存档点后，全体罪人的体力与理智值将得到回复。"
    },
    {
      "id": "tutorial_mainui_09_stagedungeon_page_04_title_01",
      "content": "E.G.O饰品"
    },
    {
      "id": "tutorial_mainui_09_stagedungeon_page_04_desc_01",
      "content": "随着迷宫推进，将会获得E.G.O饰品。获得的E.G.O饰品是适用于迷宫的，能够给予强力效果的道具。"
    },
    {
      "id": "tutorial_mainui_09_stagedungeon_page_04_title_02",
      "content": "进入下一层"
    },
    {
      "id": "tutorial_mainui_09_stagedungeon_page_04_desc_02",
      "content": "迷宫由数个阶层构成，通关本层最后的节点后，能够移动至下一层。"
    },
    {
      "id": "tutorial_mainui_10_mirrordungeon",
      "content": "镜像迷宫"
    },
    {
      "id": "tutorial_mainui_10_mirrordungeon_page_01_title_01",
      "content": "镜像迷宫列表"
    },
    {
      "id": "tutorial_mainui_10_mirrordungeon_page_01_desc_01",
      "content": "能够在众多镜像迷宫中选择其一入场。入场时需要消耗脑啡肽模块。"
    },
    {
      "id": "tutorial_mainui_10_mirrordungeon_page_02_title_01",
      "content": "E.G.O饰品列表"
    },
    {
      "id": "tutorial_mainui_10_mirrordungeon_page_02_desc_01",
      "content": "能够确认在镜像迷宫中出现的E.G.O饰品，部分E.G.O拥有特殊的解锁条件。"
    },
    {
      "id": "tutorial_mainui_10_mirrordungeon_page_03_title_01",
      "content": "初始E.G.O饰品选择"
    },
    {
      "id": "tutorial_mainui_10_mirrordungeon_page_03_desc_01",
      "content": "进入镜像迷宫时，将会随机选出几个E.G.O饰品。从中选择一个后，在推进镜像迷宫时能够获得特殊效果。"
    },
    {
      "id": "tutorial_mainui_10_mirrordungeon_page_04_title_01",
      "content": "组建队伍"
    },
    {
      "id": "tutorial_mainui_10_mirrordungeon_page_04_desc_01",
      "content": "能够从全体罪人中选择三名并组成编队。"
    },
    {
      "id": "tutorial_mainui_10_mirrordungeon_page_05_title_01",
      "content": "选择人格"
    },
    {
      "id": "tutorial_mainui_10_mirrordungeon_page_05_desc_01",
      "content": "能够编辑所选罪人的人格。镜像迷宫中使用了不同的强化方式，所有人格在编辑阶段都将是10级。"
    },
    {
      "id": "tutorial_mainui_10_mirrordungeon_page_06_title_01",
      "content": "选择E.G.O"
    },
    {
      "id": "tutorial_mainui_10_mirrordungeon_page_06_desc_01",
      "content": "能够给所选罪人装备E.G.O。在最初的编辑阶段只能选择ZAYIN级的E.G.O。"
    },
    {
      "id": "tutorial_mainui_10_mirrordungeon_page_07_title_01",
      "content": "镜像迷宫探索"
    },
    {
      "id": "tutorial_mainui_10_mirrordungeon_page_07_desc_01",
      "content": "镜像迷宫中，将会随机生成入场后的节点以及道路。选择与当前节点相邻的节点并推进后，在各个节点将会随机生成不同类型的战斗及事件。"
    },
    {
      "id": "tutorial_mainui_10_mirrordungeon_page_08_title_01",
      "content": "E.G.O饰品"
    },
    {
      "id": "tutorial_mainui_10_mirrordungeon_page_08_desc_01",
      "content": "随着迷宫推进，将会获得E.G.O饰品。获得的E.G.O饰品是适用于迷宫的，能够给予强力效果的道具。"
    },
    {
      "id": "tutorial_mainui_10_mirrordungeon_page_08_title_02",
      "content": "罪人体力情况"
    },
    {
      "id": "tutorial_mainui_10_mirrordungeon_page_08_desc_02",
      "content": "迷宫探索期间，罪人的体力，理智值以及死亡状态将会延续。"
    },
    {
      "id": "tutorial_mainui_10_mirrordungeon_page_09_title_01",
      "content": "选择罪人"
    },
    {
      "id": "tutorial_mainui_10_mirrordungeon_page_09_desc_01",
      "content": "通过部分事件，能够追加罪人编入队伍中。"
    },
    {
      "id": "tutorial_mainui_10_mirrordungeon_page_09_title_02",
      "content": "升级"
    },
    {
      "id": "tutorial_mainui_10_mirrordungeon_page_09_desc_02",
      "content": "镜像迷宫中使用了不同的强化方式。通过战斗或是事件能够升级并追加装备E.G.O。"
    },
    {
      "id": "tutorial_mainui_10_mirrordungeon_page_10_title_01",
      "content": "镜像迷宫奖励"
    },
    {
      "id": "tutorial_mainui_10_mirrordungeon_page_10_desc_01",
      "content": "通关镜像迷宫后将会获得奖励。每周能够领取固定次数的额外奖励。奖励数目与通关的节点数量成比例。"
    },
    {
      "id": "tutorial_mainui_11_extraction",
      "content": "提取"
    },
    {
      "id": "tutorial_mainui_11_extraction_page_01_title_01",
      "content": "提取类型"
    },
    {
      "id": "tutorial_mainui_11_extraction_page_01_desc_01",
      "content": "能够选择常规提取或是定向提取"
    },
    {
      "id": "tutorial_mainui_11_extraction_page_01_title_02",
      "content": "提取"
    },
    {
      "id": "tutorial_mainui_11_extraction_page_01_desc_02",
      "content": "能够使用狂气提取人格及E.G.O。"
    },
    {
      "id": "tutorial_mainui_11_extraction_page_02_title_01",
      "content": "定向提取期"
    },
    {
      "id": "tutorial_mainui_11_extraction_page_02_desc_01",
      "content": "能够确认定向提取的持续时间。"
    },
    {
      "id": "tutorial_mainui_11_extraction_page_02_title_02",
      "content": "定向提取对象"
    },
    {
      "id": "tutorial_mainui_11_extraction_page_02_desc_02",
      "content": "能够确认概率提升的人格及E.G.O的详细信息。"
    },
    {
      "id": "tutorial_mainui_11_extraction_page_03_title_01",
      "content": "提取历史"
    },
    {
      "id": "tutorial_mainui_11_extraction_page_03_desc_01",
      "content": "能够确认提取历史。"
    },
    {
      "id": "tutorial_mainui_11_extraction_page_03_title_02",
      "content": "详细概率"
    },
    {
      "id": "tutorial_mainui_11_extraction_page_03_desc_02",
      "content": "能够确认人格及E.G.O被提取出的概率。"
    },
    {
      "id": "tutorial_mainui_11_extraction_page_04_title_01",
      "content": "自我碎片"
    },
    {
      "id": "tutorial_mainui_11_extraction_page_04_desc_01",
      "content": "当获得重复的人格时，将会根据人格等级（星级）获得自我碎片。"
    },
    {
      "id": "tutorial_mainui_12_vendingmachine",
      "content": "售货机"
    },
    {
      "id": "tutorial_mainui_12_vendingmachine_page_01_title_01",
      "content": "售货机商品列表"
    },
    {
      "id": "tutorial_mainui_12_vendingmachine_page_01_desc_01",
      "content": "能够使用自我碎片购买未拥有的人格及E.G.O。"
    },
    {
      "id": "tutorial_mainui_12_vendingmachine_page_02_title_01",
      "content": "售货机种类"
    },
    {
      "id": "tutorial_mainui_12_vendingmachine_page_02_desc_01",
      "content": "能够购买常驻或是特定季度的人格及E.G.O。"
    },
    {
      "id": "tutorial_mainui_12_vendingmachine_page_03_title_01",
      "content": "选择售货机商品"
    },
    {
      "id": "tutorial_mainui_12_vendingmachine_page_03_desc_01",
      "content": "想要购买人格或E.G.O，需要拥有该罪人的自我碎片。"
    },
    {
      "id": "tutorial_mainui_12_vendingmachine_page_04_title_01",
      "content": "购买纺锤"
    },
    {
      "id": "tutorial_mainui_12_vendingmachine_page_04_desc_01",
      "content": "能够使用自我碎片购买纺锤。"
    },
    {
      "id": "tutorial_mainui_12_vendingmachine_page_04_title_02",
      "content": "纺锤"
    },
    {
      "id": "tutorial_mainui_12_vendingmachine_page_04_desc_02",
      "content": "纺锤可以用于人格同步或是E.G.O异想解析。"
    },
    {
      "id": "tutorial_mainui_13_userinfo_manager",
      "content": "经理介绍"
    },
    {
      "id": "tutorial_mainui_13_userinfo_page_01_title_01",
      "content": "玩家信息列表"
    },
    {
      "id": "tutorial_mainui_13_userinfo_page_01_desc_01",
      "content": "能够确认玩家信息，助战角色及好友信息。"
    },
    {
      "id": "tutorial_mainui_13_userinfo_page_02_title_01",
      "content": "玩家信息"
    },
    {
      "id": "tutorial_mainui_13_userinfo_page_02_desc_01",
      "content": "显示玩家ID及账户等级。"
    },
    {
      "id": "tutorial_mainui_13_userinfo_page_02_title_02",
      "content": "横幅"
    },
    {
      "id": "tutorial_mainui_13_userinfo_page_02_desc_02",
      "content": "能够设定装饰横幅。"
    },
    {
      "id": "tutorial_mainui_13_userinfo_page_03_title_01",
      "content": "设定罪人代表"
    },
    {
      "id": "tutorial_mainui_13_userinfo_page_03_desc_01",
      "content": "能够从已有罪人中设定罪人代表的插画。"
    },
    {
      "id": "tutorial_mainui_13_userinfo_page_04_title_01",
      "content": "插画列表"
    },
    {
      "id": "tutorial_mainui_13_userinfo_page_04_desc_01",
      "content": "能够确认已有人格及E.G.O的插画。"
    },
    {
      "id": "tutorial_mainui_13_userinfo_page_05_title_01",
      "content": "简介"
    },
    {
      "id": "tutorial_mainui_13_userinfo_page_05_desc_01",
      "content": "能够通过组合固定的文本，来设定自己的简介。"
    },
    {
      "id": "tutorial_mainui_13_userinfo_page_06_title_01",
      "content": "简介设定"
    },
    {
      "id": "tutorial_mainui_13_userinfo_page_06_desc_01",
      "content": "能够通过组合句子和单词，来设定自己的简介。"
    },
    {
      "id": "tutorial_mainui_13_userinfo_company",
      "content": "公司"
    },
    {
      "id": "tutorial_mainui_13_userinfo_page_07_title_01",
      "content": "助战人格列表"
    },
    {
      "id": "tutorial_mainui_13_userinfo_page_07_desc_01",
      "content": "能够设定助战的人格及E.G.O。"
    },
    {
      "id": "tutorial_mainui_13_userinfo_friend",
      "content": "好友"
    },
    {
      "id": "tutorial_mainui_13_userinfo_page_08_title_01",
      "content": "好友列表"
    },
    {
      "id": "tutorial_mainui_13_userinfo_page_08_desc_01",
      "content": "能够确认好友的ID，横幅，简介，登陆日期，以及添加好友。"
    },
    {
      "id": "tutorial_mainui_14_battlepass_title",
      "content": "战斗通行证"
    },
    {
      "id": "tutorial_mainui_14_battlepass_page_01_title_01",
      "content": "战斗通行证奖励"
    },
    {
      "id": "tutorial_mainui_14_battlepass_page_01_desc_01",
      "content": "能够确认及领取每级免费及付费通行证的奖励。"
    },
    {
      "id": "tutorial_mainui_14_battlepass_page_02_title_01",
      "content": "战斗通行证持续时间及名称"
    },
    {
      "id": "tutorial_mainui_14_battlepass_page_02_desc_01",
      "content": "能够确认战斗通行证持续的时间及季度名称。"
    },
    {
      "id": "tutorial_mainui_14_battlepass_page_02_title_02",
      "content": "战斗通行证等级及进度"
    },
    {
      "id": "tutorial_mainui_14_battlepass_page_02_desc_02",
      "content": "能够确认战斗通行证的进度。"
    },
    {
      "id": "tutorial_mainui_14_battlepass_page_03_title_01",
      "content": "战斗通行证任务"
    },
    {
      "id": "tutorial_mainui_14_battlepass_page_03_desc_01",
      "content": "任务列表中显示了完成后将会获得的通行证进度。分为日常，周常及季度任务。"
    },
    {
      "id": "tutorial_mainui_14_battlepass_page_04_title_01",
      "content": "战斗通行证超额奖励"
    },
    {
      "id": "tutorial_mainui_14_battlepass_page_04_desc_01",
      "content": "当战斗通行证等级超出奖励等级后再次升级，将会获得超额奖励。购买了付费通行证后，将会获得更多的超额奖励。"
    },
    {
      "id": "tutorial_mainui_15_exp_dungeon_title",
      "content": "经验副本"
    },
    {
      "id": "tutorial_mainui_15_exp_dungeon_page_01_title_01",
      "content": "经验副本列表"
    },
    {
      "id": "tutorial_mainui_15_exp_dungeon_page_01_desc_01",
      "content": "能够从符合推荐等级的经验副本中选择其一入场。入场时需要消耗脑啡肽模块。"
    },
    {
      "id": "tutorial_mainui_15_exp_dungeon_page_02_title_01",
      "content": "有效属性"
    },
    {
      "id": "tutorial_mainui_15_exp_dungeon_page_02_desc_01",
      "content": "在经验副本中出现的敌人均拥有特殊的物理抗性及属性抗性。在对应关卡中将会标明有效属性。"
    },
    {
      "id": "tutorial_mainui_15_exp_dungeon_page_03_title_01",
      "content": "经验副本 奖励"
    },
    {
      "id": "tutorial_mainui_15_exp_dungeon_page_03_desc_01",
      "content": "通关经验副本后将会获得战斗经验及人格训练券，且每日可以获得一定次数的额外奖励。"
    },
    {
      "id": "tutorial_mainui_16_thread_dungeon_title",
      "content": "纺锤副本"
    },
    {
      "id": "tutorial_mainui_16_thread_dungeon_01_title_01",
      "content": "纺锤副本列表"
    },
    {
      "id": "tutorial_mainui_16_thread_dungeon_page_01_desc_01",
      "content": "所开放的异想体战斗根据星期不同而变化。进入战斗关卡时需要消耗脑啡肽。"
    },
    {
      "id": "tutorial_mainui_16_thread_dungeon_page_02_title_01",
      "content": "有效属性"
    },
    {
      "id": "tutorial_mainui_16_thread_dungeon_page_02_desc_01",
      "content": "在纺锤副本中出现的敌人均拥有特殊的物理抗性及属性抗性。在对应关卡中将会标明有效的罪恶属性。"
    },
    {
      "id": "tutorial_mainui_16_thread_dungeon_page_03_title_01",
      "content": "选择等级。"
    },
    {
      "id": "tutorial_mainui_16_thread_dungeon_page_03_desc_01",
      "content": "能够从符合推荐等级的纺锤副本中选择其一入场。"
    },
    {
      "id": "tutorial_mainui_16_thread_dungeon_page_04_title_01",
      "content": "纺锤副本 奖励"
    },
    {
      "id": "tutorial_mainui_16_thread_dungeon_page_04_desc_01",
      "content": "通关纺锤副本后将会获得纺锤，且每日可以获得一定次数的额外奖励。"
    },
    {
      "id": "tutorial_mainui_17_railway_title",
      "content": "折射轨道"
    },
    {
      "id": "tutorial_mainui_17_railway_page_01_title_01",
      "content": "折射轨道 开放"
    },
    {
      "id": "tutorial_mainui_17_railway_page_01_desc_01",
      "content": "折射轨道运行期间，会出现可以进入的线路。\n您可以选择路线，且不消耗任何资源自由入场。"
    },
    {
      "id": "tutorial_mainui_17_railway_page_02_title_01",
      "content": "运行期间"
    },
    {
      "id": "tutorial_mainui_17_railway_page_02_desc_01",
      "content": "折射轨道运行时间将会显示在线路旁边。"
    },
    {
      "id": "tutorial_mainui_17_railway_page_03_desc_01",
      "content": "进入关卡前，您可以选择所拥有的人格与E.G.O来组建队伍。"
    },
    {
      "id": "tutorial_mainui_17_railway_page_04_desc_01",
      "content": "与其他战斗方式不同，编队完成且进入关卡后所进行的人格同步或异想解析，将不会反馈进此编队中。"
    },
    {
      "id": "tutorial_mainui_17_railway_page_05_desc_01",
      "content": "战斗中更无法更改编队。\n如果想要反馈人格及E.G.O的升级情况，或是更换成其他人格、E.G.O后重新进入关卡，需要从第一关开始重新挑战。"
    },
    {
      "id": "tutorial_mainui_17_railway_page_06_title_01",
      "content": "折射轨道 主界面"
    },
    {
      "id": "tutorial_mainui_17_railway_page_06_desc_01",
      "content": "折射轨道一共由13个关卡构成。"
    },
    {
      "id": "tutorial_mainui_17_railway_page_07_title_01",
      "content": "战斗"
    },
    {
      "id": "tutorial_mainui_17_railway_page_07_desc_01",
      "content": "折射轨道中的所有战斗皆与异想体战斗相同，友方单位的所有技能均能够直接对应敌方技能槽。"
    },
    {
      "id": "tutorial_mainui_17_railway_page_08_title_01",
      "content": "现有E.G.O资源"
    },
    {
      "id": "tutorial_mainui_17_railway_page_08_desc_01",
      "content": "通关本场战斗后剩余的E.G.O资源在到下场战斗依旧能够使用。"
    },
    {
      "id": "tutorial_mainui_17_railway_page_09_title_01",
      "content": "通关回合数与累计通关回合数"
    },
    {
      "id": "tutorial_mainui_17_railway_page_09_desc_01",
      "content": "通关关卡后，将会记录下通关本次关卡所消耗的回合数，以及从第一关开始累计消耗的回合数。"
    },
    {
      "id": "tutorial_mainui_17_railway_page_10_title_01",
      "content": "人格状态"
    },
    {
      "id": "tutorial_mainui_17_railway_page_10_desc_01",
      "content": "能够表示编队中人格的体力，理智值以及死亡状态。"
    },
    {
      "id": "tutorial_mainui_17_railway_page_11_title_01",
      "content": "横幅获取条件"
    },
    {
      "id": "tutorial_mainui_17_railway_page_11_desc_01",
      "content": "能够确认活动横幅的获取条件。"
    },
    {
      "id": "tutorial_mainui_17_railway_page_11_desc_02",
      "content": "获取条件越为苛刻，所能获得的装饰横幅越为特别。"
    },
    {
      "id": "tutorial_mainui_17_railway_page_12_title_01",
      "content": "失物认领处"
    },
    {
      "id": "tutorial_mainui_17_railway_page_12_desc_01",
      "content": "第一次通关关卡时，该关卡的奖励将会记录进失物认领处。"
    },
    {
      "id": "tutorial_mainui_17_railway_page_12_desc_02",
      "content": "活动期间，初次通关奖励将会累计存放在失物认领处。\n初次在失物认领处领取奖励，需要消耗一定量的脑啡肽模块。\n在此之后，无须消耗更多脑啡肽模块，可以随时领取奖励。"
    },
    {
      "id": "tutorial_mainui_17_railway_page_13_title_01",
      "content": "累计记录"
    },
    {
      "id": "tutorial_mainui_17_railway_page_13_desc_01",
      "content": "在您通过最终关卡后，本次探索的成绩将会被记录，最多记录20次。\n记录数量超出20次时，新记录会优先覆盖消耗回合数最多的记录。\n有多个消耗回合数相同的记录时，人格死亡数最多的记录将被覆盖。\n若人格死亡数依然相同，则会覆盖比较旧的一方。"
    },
    {
      "id": "tutorial_mainui_17_railway_page_14_title_01",
      "content": "休息"
    },
    {
      "id": "tutorial_mainui_17_railway_page_14_desc_01",
      "content": "参加战斗的人格的体力和精神力在参加下一阶段战斗时保持不变。\n相反，如果该人格在不参加下一阶段战斗的情况下休息，则进入下一阶段时，体力将完全恢复，精神力将重置为0。\n但是，如果精神力为0以上，则不会初始化为0。"
    },
    {
      "id": "tutorial_mainui_17_railway_page_15_title_01",
      "content": "记录更新"
    },
    {
      "id": "tutorial_mainui_17_railway_page_15_desc_01",
      "content": "挑战期间，可以回到已通关的特定关卡并重新开始挑战。\n重新挑战时，会以挑战该关卡时的人格状态及所持的E.G.O资源数量开始战斗。在此之后的通关记录将会被重置。"
    },
    {
      "id": "tutorial_mainui_17_railway_page_16_title_01",
      "content": "折射轨道 特殊装饰横幅"
    },
    {
      "id": "tutorial_mainui_17_railway_page_16_desc_01",
      "content": "折射轨道运行结束后，在所获得的横幅上将会记录自己排名最高的通关累计回合数记录。"
    },
    {
      "id": "tutorial_mainui_18_hells_chicken_title",
      "content": "Hell's Chicken"
    },
    {
      "id": "tutorial_mainui_18_hells_chicken_01_title_01",
      "content": "Hell's Chicken 开放"
    },
    {
      "id": "tutorial_mainui_18_hells_chicken_01_desc_01",
      "content": "[Hell's Chicken活动页面]在通关主线故事3-22后开放"
    },
    {
      "id": "tutorial_mainui_18_hells_chicken_02_title_01",
      "content": "活动时间"
    },
    {
      "id": "tutorial_mainui_18_hells_chicken_02_desc_01",
      "content": "可以显示Hell's Chicken活动持续时间。Hell's Chicken活动期间，可以通过活动关卡及迷宫获得[小凤玩偶]。"
    },
    {
      "id": "tutorial_mainui_18_hells_chicken_02_desc_02",
      "content": "※镜像迷宫，副本，折射轨道将无法获得[小凤玩偶]。"
    },
    {
      "id": "tutorial_mainui_18_hells_chicken_03_title_01",
      "content": "活动关卡"
    },
    {
      "id": "tutorial_mainui_18_hells_chicken_03_desc_01",
      "content": "Hell's Chicken共有 8 个普通关卡和 2 个迷宫。\n[小凤玩偶]除了Hell's Chicken的通关奖励外，EX通关奖励也会获得。(限1次)"
    },
    {
      "id": "tutorial_mainui_18_hells_chicken_03_desc_02",
      "content": "通关Hell's Chicken迷宫所获得的[小凤玩偶]数量远大于普通关卡。"
    },
    {
      "id": "tutorial_mainui_18_hells_chicken_04_title_01",
      "content": "活动加成角色"
    },
    {
      "id": "tutorial_mainui_18_hells_chicken_04_desc_01",
      "content": "在队伍中编入Hell's Chicken活动加成角色与E.G.O后清剿活动关卡及迷宫，能够提升[小凤玩偶]的获取量。"
    },
    {
      "id": "tutorial_mainui_18_hells_chicken_05_title_01",
      "content": "奖券兑换"
    },
    {
      "id": "tutorial_mainui_18_hells_chicken_05_desc_01",
      "content": "您可以在[奖券兑换处]根据所持有的[小凤玩偶]数量兑换多样化奖励。"
    },
    {
      "id": "tutorial_mainui_18_hells_chicken_06_title_01",
      "content": "奖券兑换"
    },
    {
      "id": "tutorial_mainui_18_hells_chicken_06_desc_01",
      "content": "在[奖券兑换处]中可以获得各类资源，活动限定人格及E.G.O。"
    },
    {
      "id": "tutorial_mainui_18_hells_chicken_06_desc_02",
      "content": "此处展示了[奖券兑换处]的开放时间。"
    },
    {
      "id": "tutorial_mainui_18_hells_chicken_07_title_01",
      "content": "活动迷宫"
    },
    {
      "id": "tutorial_mainui_18_hells_chicken_07_desc_01",
      "content": "Hell's Chicken迷宫的探索方式与镜像迷宫相同。\nHell's Chicken迷宫分为两种难度，特征区别如下。"
    },
    {
      "id": "tutorial_mainui_18_hells_chicken_08_title_01",
      "content": "选择E.G.O饰品"
    },
    {
      "id": "tutorial_mainui_18_hells_chicken_08_desc_01",
      "content": "镜像迷宫中的部分E.G.O饰品会出现在Hell's Chicken迷宫中。\n此类E.G.O饰品将会对人格及E.G.O进行有效辅助。"
    },
    {
      "id": "tutorial_mainui_18_hells_chicken_09_title_01",
      "content": "活动迷宫编队"
    },
    {
      "id": "tutorial_mainui_18_hells_chicken_09_desc_01",
      "content": "在Hell's Chicken迷宫中，你以5个人格编队开始探险。"
    },
    {
      "id": "tutorial_mainui_18_hells_chicken_09_title_02",
      "content": "使用预先配置"
    },
    {
      "id": "tutorial_mainui_18_hells_chicken_09_desc_02",
      "content": "在Hell's Chicken迷宫中，添加了提高便利性的功能。\n通过预先配置按键，您可以迅速以上一次所使用的编队来进行探索。"
    },
    {
      "id": "tutorial_mainui_18_hells_chicken_10_title_01",
      "content": "活动迷宫构成"
    },
    {
      "id": "tutorial_mainui_18_hells_chicken_10_desc_01",
      "content": "进入Hell's Chicken地牢时，将与镜像迷宫类似，随机生成节点及线路。\nHell's Chicken地牢仅由一层组成，最终节点将会出现固定的boss。"
    },
    {
      "id": "tutorial_mainui_18_hells_chicken_11_title_01",
      "content": "Hell's Chicken专属事件"
    },
    {
      "id": "tutorial_mainui_18_hells_chicken_11_desc_01",
      "content": "在Hell's Chicken迷宫中将会遇到特殊事件及E.G.O饰品。\nHell's Chicken迷宫专属事件可以通过节点下方的标识来轻松识别。"
    },
    {
      "id": "tutorial_mainui_18_hells_chicken_12_title_01",
      "content": "活动结束"
    },
    {
      "id": "tutorial_mainui_18_hells_chicken_12_desc_01",
      "content": "活动结束后，您也依然可以通过驾驶席-[外传故事]及放映室-[其他故事]，随时重温Hell's Chicken的关卡和故事。"
    },
    {
      "id": "tutorial_manual_1_season_information_title",
      "content": "赛季介绍"
    },
    {
      "id": "tutorial_manual_1_season_information_01_title_01",
      "content": "赛季期间"
    },
    {
      "id": "tutorial_manual_1_season_information_01_desc_01",
      "content": "当新赛季开始时，会有全新的战斗通行证上线。\n战斗通行证页面能确认当前赛季的持续时间。"
    },
    {
      "id": "tutorial_manual_1_season_information_02_title_01",
      "content": "战斗通行证奖励"
    },
    {
      "id": "tutorial_manual_1_season_information_02_desc_01",
      "content": "在战斗通行证页面能确认当前赛季的资源和E.G.O。"
    },
    {
      "id": "tutorial_manual_1_season_information_03_title_01",
      "content": "人格·E.G.O的赛季信息"
    },
    {
      "id": "tutorial_manual_1_season_information_03_desc_01",
      "content": "人格信息或是E.G.O信息的名字下方有赛季情报标识。\n没有赛季情报标识人格或E.G.O划分至[标准]。"
    },
    {
      "id": "tutorial_manual_1_season_information_04_title_01",
      "content": "活动人格 · E.G.O的赛季情报"
    },
    {
      "id": "tutorial_manual_1_season_information_04_desc_01",
      "content": "活动人格和E.G.O会在赛季情报标识旁额外注明[EVENT]。"
    },
    {
      "id": "tutorial_manual_1_season_information_05_title_01",
      "content": "自我碎片"
    },
    {
      "id": "tutorial_manual_1_season_information_05_desc_01",
      "content": "自我碎片可在规定赛季期间使用。\n\n当新赛季开始时，上一赛季的自我碎片总数的一半将转移至下一赛季。(向上取整)\n\n过去多个赛季未转换的自我碎片的转换率将在下一赛季中减半。\n\n其余的自我碎片会被转换为纺锤。"
    },
    {
      "id": "tutorial_manual_1_season_information_06_title_01",
      "content": "随机自我碎片箱 · 自选自我碎片箱"
    },
    {
      "id": "tutorial_manual_1_season_information_06_desc_01",
      "content": "同理，自我碎片箱可在规定赛季期间使用。\n\n当新赛季开始时，上一赛季的自我碎片箱总数的一半将转移至下一赛季。\n\n过去多个赛季中未转换的自我碎片箱的专换率将在下一赛季中减半。\n\n其余的自我碎片箱将会被转换为纺锤箱。"
    },
    {
      "id": "tutorial_manual_1_season_information_07_title_01",
      "content": "提取"
    },
    {
      "id": "tutorial_manual_1_season_information_07_desc_01",
      "content": "当新赛季开始时，提取列表将追加新赛季人格和E.G.O。\n即使赛季变更，过去赛季的人格会保留在提取列表中，供您提取获得。"
    },
    {
      "id": "tutorial_manual_1_season_information_08_title_01",
      "content": "售货机"
    },
    {
      "id": "tutorial_manual_1_season_information_08_desc_01",
      "content": "与提取同理，当新赛季开始时，售货机列表也将追加新赛季人格和E.G.O。\n此外，您也能交换先前赛季战斗通行证中的人格与E.G.O。\n\n不过，前一赛季的可提取人格不会出现在售货机列表中。"
    }
  ]
}