{
  "dataList": [
    {
      "id": 1,
      "name": "第1赛季纪念横幅",
      "desc": "战斗通行证达到等级1的奖励"
    },
    {
      "id": 2,
      "name": "第1赛季完整横幅",
      "desc": "边狱通行证达到等级60的奖励"
    },
    {
      "id": 3,
      "name": "全勤经理证件",
      "desc": "通过活动<新晋经理的出勤奖励>获得"
    },
    {
      "id": 4,
      "name": "亚撒西的经理",
      "desc": "通过活动<新晋经理的出勤奖励>获得"
    },
    {
      "id": 5,
      "name": "折射轨道1号线基础横幅",
      "desc": "清剿<折射轨道1号线>中的13个站点后获得"
    },
    {
      "id": 6,
      "name": "折射轨道1号线装饰性横幅",
      "desc": "总计回合数不超过120时清剿<折射轨道1号线>中的13个站点后获得"
    },
    {
      "id": 7,
      "name": "折射轨道1号线极品装饰性横幅",
      "desc": "活动开放第二周内在总计回合数不超过120时清剿<折射轨道1号线>中的13个站点后获得"
    },
    {
      "id": 8,
      "name": "Hell's Chicken",
      "desc": "通过Hell's Chicken活动获取"
    },
    {
      "id": 9,
      "name": "致母亲……",
      "desc": "通过Hell's Chicken活动获取"
    }
  ]
}