{
  "dataList": [
    {
      "id": 0,
      "place": "4區 腦葉公司支部內某處",
      "content": "我們又往下走了一層。"
    },
    {
      "id": 1,
      "model": "유리",
      "teller": "尤莉",
      "title": "8階收尾人",
      "content": "沒想到還會再次回到這個地方。"
    },
    {
      "id": 2,
      "model": "파우스트",
      "content": "通常，腦葉公司的支部都由數層構成。"
    },
    {
      "id": 3,
      "model": "파우스트",
      "content": "而每一層都應該存在著擁有主導地位的異想體。"
    },
    {
      "id": 4,
      "model": "로쟈",
      "content": "嗯！？像剛才那樣的東西還會再冒出來嗎？"
    },
    {
      "id": 5,
      "model": "그레고르",
      "content": "那種……戰鬥情報？你到底是怎麼知道的？"
    },
    {
      "id": 6,
      "model": "파우스트",
      "content": "浮士德無所不知。"
    },
    {
      "id": 7,
      "model": "유리",
      "teller": "尤莉",
      "title": "8階收尾人",
      "content": "指南上說先遣隊會進行事先調查。"
    },
    {
      "id": 8,
      "model": "그레고르",
      "content": "……那不就只因你是相關人員才知道這個的嗎。"
    },
    {
      "id": 9,
      "model": "파우스트",
      "content": "但我的表述並沒有任何問題。"
    },
    {
      "id": 10,
      "model": "오티스",
      "content": "總而言之，看來每層都存在一個主要敵方單位。"
    },
    {
      "id": 11,
      "model": "오티스",
      "content": "將敵人留在背後前進無疑是愚蠢的行為，看來還是得把這一層的異想體全都收拾掉……"
    },
    {
      "id": 12,
      "model": "파우스트",
      "content": "看來你搶走了浮士德的台詞。"
    },
    {
      "id": 13,
      "model": "이상",
      "content": "無需言語便能傳達想法，還有比這更為理想的嗎？"
    },
    {
      "id": 14,
      "model": "파우스트",
      "content": "……但丁，該看星星了。"
    },
    {
      "id": 15,
      "model": "단테",
      "content": "<你們是不是有點太愛使喚人了……>"
    }
  ]
}