{
  "dataList": [
    {
      "id": 0,
      "place": "4區 腦葉公司支部內某處",
      "model": "단테",
      "content": "<就是剛剛那個異想體殺死了所有員工嗎？>"
    },
    {
      "id": 1,
      "model": "유리",
      "teller": "尤莉",
      "title": "8階收尾人",
      "content": "不對。如果我沒猜錯的話……"
    },
    {
      "id": 2,
      "model": "오티스",
      "content": "請注意前方，經理。那裡還有一個，看起來和剛才那些傢伙是一伙的。"
    },
    {
      "id": 3,
      "content": "走廊盡頭有個帶著雕像頭套的人影正虛弱地靠在牆邊。"
    },
    {
      "id": 4,
      "model": "석상머리",
      "teller": "雕像頭",
      "title": "倖存者?",
      "content": "嗨……？你們也……是來抽籤……的嗎……"
    },
    {
      "id": 5,
      "model": "석상머리",
      "teller": "雕像頭",
      "title": "倖存者？",
      "content": "把員工證都收集起來……交給我……然後我們就會知道是誰被選中了。"
    },
    {
      "id": 6,
      "content": "它的手中正艱難地握著一根員工證的掛繩，上面寫著一個名字——艾莉克斯。"
    },
    {
      "id": 7,
      "model": "유리",
      "teller": "尤莉",
      "title": "8階收尾人",
      "content": "……艾莉克斯。"
    },
    {
      "id": 8,
      "model": "히스클리프",
      "content": "她瘋了吧？說什麼選不選中的？"
    },
    {
      "id": 9,
      "model": "유리",
      "teller": "尤莉",
      "title": "8階收尾人",
      "content": "管理須知要求我們……定期向一些異想體提供犧牲者。"
    },
    {
      "id": 10,
      "model": "석상머리",
      "teller": "雕像頭",
      "title": "倖存者？",
      "content": "不能走那邊……它們馬上就會找到你……"
    },
    {
      "id": 11,
      "model": "유리",
      "teller": "尤莉",
      "title": "8階收尾人",
      "content": "……看來還是進行了獻祭，對吧？"
    },
    {
      "id": 12,
      "model": "석상머리",
      "teller": "雕像頭",
      "title": "倖存者？",
      "content": "該輪到你……抽籤了……"
    },
    {
      "id": 13,
      "model": "단테",
      "content": "<獻祭……？>"
    },
    {
      "id": 14,
      "model": "이스마엘",
      "content": "如果沒有人被獻祭，會發生什麼？"
    },
    {
      "id": 15,
      "model": "유리",
      "teller": "尤莉",
      "title": "8階收尾人",
      "content": "我不知道……我們一直遵守著管理須知，從未有過任何偏差。"
    },
    {
      "id": 16,
      "model": "이스마엘",
      "content": "我猜它逃了出來，然後開始到處殺人。"
    },
    {
      "id": 17,
      "model": "히스클리프",
      "content": "哈！那這個叫異想體的玩意兒可真夠狡猾的啊。它見到人後竟然只會從背後偷襲。"
    },
    {
      "id": 18,
      "model": "유리",
      "teller": "尤莉",
      "title": "8階收尾人",
      "content": "這話……是什麼意思？"
    },
    {
      "id": 19,
      "model": "히스클리프",
      "content": "你們的眼睛都是擺設嗎？這些傷口顯然是人類留下的，你能看出他們在玩命毆打對方。"
    },
    {
      "id": 20,
      "model": "히스클리프",
      "content": "這群蠢貨全都死在了自己人手上。"
    },
    {
      "id": 21,
      "model": "유리",
      "teller": "尤莉",
      "title": "8階收尾人",
      "content": "為，為什麼要這樣？"
    },
    {
      "id": 22,
      "model": "히스클리프",
      "content": "很明顯。"
    },
    {
      "id": 23,
      "model": "히스클리프",
      "content": "他們大概是以為在支部下沉後，自己還有機會活下去吧。"
    },
    {
      "id": 24,
      "model": "히스클리프",
      "content": "於是就繼續獻祭同伴，指望著哪天能獲救。"
    },
    {
      "id": 25,
      "model": "히스클리프",
      "content": "我猜他們用這法子支撐了幾個月，畢竟只要多獻上一個人，就能多活上幾天。"
    },
    {
      "id": 26,
      "model": "히스클리프",
      "content": "問題是，你覺得被選中的人會乖乖接受嗎？"
    },
    {
      "id": 27,
      "model": "히스클리프",
      "content": "如果是我，我肯定會先打爆對方的腦袋。"
    },
    {
      "id": 28,
      "model": "히스클리프",
      "content": "總比就這麼被獻祭掉要強，對吧？"
    },
    {
      "id": 29,
      "model": "히스클리프",
      "content": "……嘛，事情差不多就是這樣吧。"
    },
    {
      "id": 30,
      "model": "이스마엘",
      "content": "直到最後一個人……帶上了這個雕像頭套……"
    },
    {
      "id": 31,
      "model": "이스마엘",
      "content": "幻想著這樣就不用被犧牲了。"
    },
    {
      "id": 32,
      "model": "유리",
      "teller": "尤莉",
      "title": "8階收尾人",
      "content": "不會是這樣的。艾莉克斯絕對不是會為了自己活命而殺害他人的員工……"
    },
    {
      "id": 33,
      "model": "히스클리프",
      "content": "你怎麼知道？你都不能確定那個傢伙是不是艾莉克斯。"
    },
    {
      "id": 34,
      "model": "석상머리",
      "teller": "雕像頭",
      "title": "倖存者？",
      "content": "讓我……給你個建議吧……"
    },
    {
      "id": 35,
      "model": "석상머리",
      "teller": "雕像頭",
      "title": "倖存者？",
      "content": "比起被強制帶過去……你自己主動一點，可能會更好哦……咳咳……"
    },
    {
      "id": 36,
      "model": "오티스",
      "content": "我們走吧。這個人活不了多久了。"
    },
    {
      "id": 37,
      "content": "當其他人紛紛離去時，尤莉依然呆立在原地，盯著那個帶著雕像頭套的人。"
    },
    {
      "id": 38,
      "model": "유리",
      "teller": "尤莉",
      "title": "8階收尾人",
      "content": "這不是你的錯……你知道吧?"
    },
    {
      "id": 39,
      "model": "석상머리",
      "teller": "雕像頭",
      "title": "倖存者？",
      "content": "別管我了，尤莉……求求你別管我了……"
    },
    {
      "id": 40,
      "model": "유리",
      "teller": "尤莉",
      "title": "8階收尾人",
      "content": "……"
    },
    {
      "id": 41,
      "model": "단테",
      "content": "<……走吧。>"
    }
  ]
}