{
  "dataList": [
    {
      "id": 0,
      "place": "4區 腦葉公司支部內某處",
      "content": "一陣無聲的尖叫過後，成堆的蛆蟲散了開來。"
    },
    {
      "id": 1,
      "content": "在它們身後，我看見了一道金色的光芒。"
    },
    {
      "id": 2,
      "model": "단테",
      "content": "<那是……金枝？>"
    },
    {
      "id": 3,
      "content": "當我正要靠近的時候，那個蘋果突然顫動了起來。"
    },
    {
      "id": 4,
      "model": "유리",
      "teller": "尤莉",
      "title": "8階收尾人",
      "content": "不好意思，請問……你們就是……邊獄公司的人嗎？"
    },
    {
      "id": 5,
      "model": "단테",
      "content": "<尤莉？你沒事吧？>"
    },
    {
      "id": 6,
      "content": "儘管親眼目睹了她被吞噬的場景，但我還是急忙問道。"
    },
    {
      "id": 7,
      "model": "유리",
      "teller": "尤莉",
      "title": "8階收尾人",
      "content": "……等我們回到巴士上後，我能……卡戎……看地圖嗎？"
    },
    {
      "id": 8,
      "content": "隨後，那頭羅佳十分中意的粉發好像闖進了我的視線。"
    }
  ]
}