{
  "dataList": [
    {
      "id": 0,
      "place": "4區 腦葉公司支部內某處",
      "model": "로쟈",
      "content": "唯獨這一層看起來到處都是蛆。"
    },
    {
      "id": 1,
      "model": "단테",
      "content": "<反倒是蟲子更好些。我不想再遇見像之前那一層的異想體之類的東西了。>"
    },
    {
      "id": 2,
      "model": "로쟈",
      "content": "噗……格雷格聽到這話可要高興壞了。是不是呀，昆蟲朋友?"
    },
    {
      "id": 3,
      "content": "可是格里高爾壓根沒有在聽羅佳說話。"
    },
    {
      "id": 4,
      "model": "그레고르",
      "content": "……大夥從剛剛開始沒有聽到什麼聲音嗎？"
    },
    {
      "id": 5,
      "model": "이스마엘",
      "content": "聲音的話，不是一直都聽得見嘛。羅佳小姐，這種情況下你還會肚子餓嗎？"
    },
{
      "id": 6,
      "model": "로쟈",
      "content": "那，那種東西就當沒聽到啦~嗯？"
    },
    {
      "id": 7,
      "model": "그레고르",
      "content": "不，不是那個……更像是……"
    },
    {
      "id": 8,
      "content": "從未打過頭陣的格里高爾先行一步，彷彿是被鬼迷心竅一般打開了門。"
    },
    {
      "id": 9,
      "model": "유리",
      "teller": "尤莉",
      "title": "8階收尾人",
      "content": "等等，那是異想體收容室……！"
    },
    {
      "id": 10,
      "model": "그레고르",
      "content": "就和……那個時候一樣……"
    },
    {
      "id": 11,
      "content": "不對，門已經被打開了。"
    },
    {
      "id": 12,
      "content": "格里高爾呆呆地望著自門內滿溢而出的金色光芒。"
    },
    {
      "id": 13,
      "model": "단테",
      "content": "<格里高……！>"
    },
    {
      "id": 14,
      "model": "이스마엘",
      "content": "我們難道……穿越到過去了？"
    },
    {
      "id": 15,
      "content": "我看到了一片陰沉朦朧的天空。"
    },
    {
      "id": 16,
      "content": "遠處，哭喊與尖叫的聲音扭曲地交織在了一起。"
    },
    {
      "id": 17,
      "content": "混雜著槍擊與炮火的聲響，迴盪在煙霧繚繞的天地之間。"
    },
    {
      "id": 18,
      "model": "오티스",
      "content": "一看不就明白了嗎？這裡是……"
    },
    {
      "id": 19,
      "place": "煙霾戰爭 正中央",
      "model": "오티스",
      "content": "戰場的……正中央。"
    },
    {
      "id": 20,
      "model": "그레고르",
      "content": "……我，我是在……做夢嗎？一場惡夢？為，為什麼又是這……"
    },
    {
      "id": 21,
      "model": "히스클리프",
      "content": "所以我們他媽為什麼會在戰場上啊！這是什麼陷阱之類的玩意嗎？"
    },
    {
      "id": 22,
      "model": "파우스트",
      "content": "不，我們沒走錯路。"
    },
    {
      "id": 23,
      "model": "파우스트",
      "content": "我們一直在尋找的技術的精華就在不遠處。"
    },
    {
      "id": 24,
      "model": "이스마엘",
      "content": "你是說金枝嗎？"
    },
    {
      "id": 25,
      "model": "파우스트",
      "content": "沒錯。你們知道這是哪個時間段嗎？"
    },
    {
      "id": 26,
      "model": "오티스",
      "content": "但凡長了眼睛的人都能一眼認出來。"
    },
    {
      "id": 27,
      "model": "단테",
      "content": "<呃，我其實……不知道。>"
    },
    {
      "id": 28,
      "content": "我坦白道。"
    },
    {
      "id": 29,
      "model": "오티스",
      "content": "您不了解也是理所當然的，經理。畢竟您沒有眼睛。"
    },
    {
      "id": 30,
      "model": "이스마엘",
      "content": "你管這叫藉口嗎……"
    },
    {
      "id": 31,
      "content": "奧提斯清了清嗓子，似乎是為了掩飾自己慌張的氣色。隨後，她瞇著眼睛將目光投向戰場。"
    },
    {
      "id": 32,
      "model": "오티스",
      "content": "從這些俗不可耐，五花八門，彷彿是在炫耀所屬公司的旗幟來看……"
    },
    {
      "id": 33,
      "model": "오티스",
      "content": "這是煙霾戰爭爆發至少70天后……"
    },
    {
      "id": 34,
      "model": "오티스",
      "content": "……情況大概就是這樣，經理。"
    },
    {
      "id": 35,
      "content": "此時，有誰急切地從後面扯了扯希斯克利夫的外套。"
    },
    {
      "id": 36,
      "teller": "？？？",
      "title": "？？？",
      "content": "你們瘋了嗎？快點去避難！被那種炸彈的爆炸波及到的話，會急劇衰老的!"
    },
    {
      "id": 37,
      "teller": "？？？",
      "title": "？？？",
      "content": "我們隔壁哨所的員工們別說是打仗了，他們現在沒有拐杖都走不了路！"
    },
    {
      "id": 38,
      "model": "히스클리프",
      "content": "你他媽誰啊，怎麼搞得像認識我們一樣——"
    },
    {
      "id": 39,
      "teller": "？？？",
      "title": "？？？",
      "content": "啊！格里高爾科長，您辛苦了！"
    },
    {
      "id": 40,
      "content": "這個纏著繃帶的男人一看到格里高爾，便馬上立正並向他敬了個禮。"
    },
    {
      "id": 41,
      "model": "그레고르",
      "content": "……你是。"
    },
    {
      "id": 42,
      "teller": "托瑪",
      "title": "記憶中的士兵",
      "content": "您應該不認識我，長官。我是活體維護小組的托瑪！"
    },
    {
      "id": 43,
      "teller": "托瑪",
      "title": "記憶中的士兵",
      "content": "我以為您會是先前部隊的一員，沒想到竟然能在後方看到您。"
    },
    {
      "id": 44,
      "teller": "托瑪",
      "title": "記憶中的士兵",
      "content": "如果您要和部隊匯合的話，需要我送您一程嗎？我的腿部進行過特化，對於跳躍很有自信……"
    },
    {
      "id": 45,
      "model": "로쟈",
      "content": "呃，光是聽起來就噁心。"
    },
    {
      "id": 46,
      "content": "托瑪用驚訝的目光打量著羅佳。"
    },
    {
      "id": 47,
      "teller": "托瑪",
      "title": "記憶中的士兵",
      "content": "你，剛剛說什麼……"
    },
    {
      "id": 48,
      "model": "그레고르",
      "content": "托，托瑪！你是代理，不對……是員工嗎？"
    },
    {
      "id": 49,
      "teller": "托瑪",
      "title": "記憶中的士兵",
      "content": "是！我是二級員工！"
    },
    {
      "id": 50,
      "model": "그레고르",
      "content": "這，這位是剛剛接受手術沒多久的員工……所以精神錯亂的副作用還未解決。我會好好安撫她的。"
    },
    {
      "id": 51,
      "teller": "托瑪",
      "title": "記憶中的士兵",
      "content": "我明白了……但就算如此，怎麼能在戰時把未做好準備的員工……"
    },
    {
      "id": 52,
      "model": "그레고르",
      "content": "抱歉，不好意思啊。我這邊急著帶她走……"
    },
    {
      "id": 53,
      "content": "格里高爾幾乎是強行與那個男人拉開了一段距離，並急匆匆地走向浮士德。"
    },
    {
      "id": 54,
      "model": "그레고르",
      "content": "這到底是怎麼回事，浮士德小姐？這些……"
    },
    {
      "id": 55,
      "model": "그레고르",
      "content": "……不都是我的記憶嗎。"
    },
    {
      "id": 56,
      "model": "파우스트",
      "content": "準確來說，是自我心道。"
    },
    {
      "id": 57,
      "model": "파우스트",
      "content": "這是一條存在於你心中的道路。換言之……"
    },
    {
      "id": 58,
      "model": "파우스트",
      "content": "我們進入了格里高爾先生的內心。"
    }
  ]
}