{
  "dataList": [
    {
      "id": 0,
      "content": "或許是因為離開戰場已頗有時日的緣故，"
    },
    {
      "id": 1,
      "content": "在過去可能殺敵無數的G公司部長此刻已然奄奄一息。"
    },
    {
      "id": 2,
      "place": "4區 腦葉公司支部內某處",
      "model": "G사부장",
      "teller": "衰老的舊G公司部長",
      "title": "沒落的G公司",
      "content": "曾經有過尊敬著你的人們，格里高爾……"
    },
    {
      "id": 3,
      "model": "그레고르",
      "content": "……我可從來沒要求別人尊敬我。"
    },
    {
      "id": 4,
      "model": "G사부장",
      "teller": "衰老的舊G公司部長",
      "title": "沒落的G公司",
      "content": "不要再往前走了……那裡可是地獄啊。"
    },
    {
      "id": 5,
      "model": "그레고르",
      "content": "不好意思，但這可能有點難。如果不老實幹活的話可是會被炒魷魚的。"
    },
    {
      "id": 6,
      "model": "G사부장",
      "teller": "衰老的舊G公司部長",
      "title": "沒落的G公司",
      "content": "為了錢……你連名譽都出賣了嗎。"
    },
    {
      "id": 7,
      "model": "그레고르",
      "content": "很久之前就連同勳章一起賣掉了。因為房東催我付房租。"
    },
    {
      "id": 8,
      "content": "正在死去的的老部長臉上浮現出了一絲苦笑。"
    },
    {
      "id": 9,
      "model": "G사부장",
      "teller": "衰老的舊G公司部長",
      "title": "沒落的G公司",
      "content": "你也……和我們沒什麼區別。"
    },
    {
      "id": 10,
      "model": "G사부장",
      "teller": "衰老的舊G公司部長",
      "title": "沒落的G公司",
      "content": "到頭來，我們……"
    },
    {
      "id": 11,
      "model": "G사부장",
      "teller": "衰老的舊G公司部長",
      "title": "沒落的G公司",
      "content": "也不過是……一群令人作嘔的蟲子罷了……"
    },
    {
      "id": 12,
      "content": "他這樣說著，隨即在幾次劇烈的喘息後，便一動不動了。"
    },
    {
      "id": 13,
      "model": "그레고르",
      "content": "……喂，能借我支菸嗎？"
    },
    {
      "id": 14,
      "model": "료슈",
      "content": "……僅此一次。"
    },
    {
      "id": 15,
      "content": "格里高爾取出自己的菸，同借來的菸一起叼在嘴裡。他為借來的那支菸點上火，輕輕地丟在已逝故人的胸前。"
    },
    {
      "id": 16,
      "model": "그레고르",
      "content": "抱歉啊，我可不想讓那種東西抽我的菸。"
    },
    {
      "id": 17,
      "model": "료슈",
      "content": "……哼。"
    },
    {
      "id": 18,
      "content": "唯有良秀的鼻笑與格里高爾的菸氣。以及空氣中蔓延的沉默得以在此處稍作停留。"
    }
  ]
}