{
  "dataList": [
    {
      "id": 0,
      "place": "4區 腦葉公司支部內某處",
      "model": "유리",
      "teller": "尤莉",
      "title": "8階收尾人",
      "content": "我從來沒見過這些東西……"
    },
    {
      "id": 1,
      "model": "홉킨스",
      "teller": "霍普金斯",
      "title": "8階收尾人",
      "content": "你不知道？"
    },
    {
      "id": 2,
      "content": "霍普金斯的面色瞬間陰寒起來。"
    },
    {
      "id": 3,
      "content": "我看著與在維吉里烏斯面前判若兩人的他，一陣惡寒伴隨著戰栗傳遍我的身軀。"
    },
    {
      "id": 4,
      "model": "유리",
      "teller": "尤莉",
      "title": "8階收尾人",
      "content": "不，不是……那個……"
    },
    {
      "id": 5,
      "model": "홉킨스",
      "teller": "霍普金斯",
      "title": "8階收尾人",
      "content": "你知道我們拾起折翼之羽的理由，不是嗎？"
    },
    {
      "id": 6,
      "model": "유리",
      "teller": "尤莉",
      "title": "8階收尾人",
      "content": "為……為了在處理有關舊L公司支部的委託時會更安全一點……"
    },
    {
      "id": 7,
      "model": "홉킨스",
      "teller": "霍普金斯",
      "title": "8階收尾人",
      "content": "你挺明白啊。我也沒對下層管理出身的人抱有什麼期待。"
    },
    {
      "id": 8,
      "model": "홉킨스",
      "teller": "霍普金斯",
      "title": "8階收尾人",
      "content": "帶路。然後告訴我們該怎麼對付那些叫異想體還是幻想體的東西。"
    },
    {
      "id": 9,
      "model": "홉킨스",
      "teller": "霍普金斯",
      "title": "8階收尾人",
      "content": "但是……你說是頭一次見到那些東西，那叫我們怎麼辦啊？嗯？"
    },
    {
      "id": 10,
      "model": "아야",
      "teller": "阿雅",
      "title": "8階收尾人",
      "content": "哎呦，霍普金斯，肚子餓了嗎？放輕鬆一點嘛~"
    },
    {
      "id": 11,
      "model": "유리",
      "teller": "尤莉",
      "title": "8階收尾人",
      "content": "……"
    },
    {
      "id": 12,
      "model": "파우스트",
      "content": "如果尤莉小姐確實沒見過它們，那這些個體可能是起源於異想體的亞種……或許也有可能是新的種類。"
    },
    {
      "id": 13,
      "model": "이상",
      "content": "再者，那家公司也未必管理著所有的異想體。"
    },
    {
      "id": 14,
      "model": "이상",
      "content": "若尤莉女士並未疏於學習，便無需自責。"
    },
    {
      "id": 15,
      "model": "홉킨스",
      "teller": "霍普金斯",
      "title": "8階收尾人",
      "content": "咳……"
    },
    {
      "id": 16,
      "model": "유리",
      "teller": "尤莉",
      "title": "8階收尾人",
      "content": "……謝謝您。"
    },
    {
      "id": 17,
      "model": "히스클리프",
      "content": "都在這吵什麼？直接過去一頓胖揍不就好了嗎？"
    },
    {
      "id": 18,
      "model": "뫼르소",
      "content": "如果下令，我便照做。"
    }
  ]
}