{
  "dataList": [
    {
      "id": 0,
      "place": "4區 腦葉公司支部內某處",
      "model": "이스마엘",
      "content": "從這裡開始，就連那些殘兵們停留過的痕跡都看不見了。"
    },
    {
      "id": 1,
      "model": "싱클레어",
      "content": "我們已經被警告過，說不要再往前走……"
    },
    {
      "id": 2,
      "content": "我們開始遇見一些明顯已經被放置了有一段時間的屍體。"
    },
    {
      "id": 3,
      "model": "유리",
      "teller": "尤莉",
      "title": "8階收尾人",
      "content": "這些是我們……不對，是L公司職員們的屍體……"
    },
    {
      "id": 4,
      "model": "이상",
      "content": "是鈍器擊打之跡。全員亦然。"
    },
    {
      "id": 5,
      "model": "유리",
      "teller": "尤莉",
      "title": "8階收尾人",
      "content": "管理記錄……這是記載異想體管理方法的文件。"
    },
    {
      "id": 6,
      "model": "유리",
      "teller": "尤莉",
      "title": "8階收尾人",
      "content": "通常情況下，在被指派了管理異想體的任務後，職員都會背到滾瓜爛熟……所以，按理來說是不需要像這樣寫下來的。"
    },
    {
      "id": 7,
      "model": "이상",
      "content": "據推測，異想體逃脫應是由於無人知曉管理方法……"
    },
{
      "id": 8,
      "model": "히스클리프",
      "content": "……哼。"
    },
    {
      "id": 9,
      "model": "유리",
      "teller": "尤莉",
      "title": "8階收尾人",
      "content": "如果還有沒被搬運到隔離室的卵的話……也有可能是那樣。"
    },
    {
      "id": 10,
      "model": "단테",
      "content": "<屍體也太多了。>"
    },
    {
      "id": 11,
      "model": "이스마엘",
      "content": "到底是什麼樣的異想體才能把這麼多的員工們……"
    },
    {
      "id": 12,
      "model": "이스마엘",
      "content": "稍等……這是什麼氣味？"
    },
    {
      "id": 13,
      "model": "홉킨스",
      "teller": "霍普金斯",
      "title": "8階收尾人",
      "content": "……不久前，辦公室裡購置了一台很貴的新設備。"
    },
    {
      "id": 14,
      "model": "히스클리프",
      "content": "你這傢伙又在突然扯啥？"
    },
    {
      "id": 15,
      "model": "홉킨스",
      "teller": "霍普金斯",
      "title": "8階收尾人",
      "content": "我曾聽到過傳聞，說在某個特定的樓層，檢測出的有毒物質含量變高了。"
    },
    {
      "id": 16,
      "model": "로쟈",
      "content": "我啊，從剛剛開始耳朵就一直在流血欸~這真的沒關係嗎？"
    },
    {
      "id": 17,
      "model": "돈키호테",
      "content": "不經歷苦難，何以成就英雄……呃，嘔！咳咳！"
    },
    {
      "id": 18,
      "model": "홉킨스",
      "teller": "霍普金斯",
      "title": "8階收尾人",
      "content": "據說持續暴露在其中會引發身體的持續性出血。"
    },
    {
      "id": 19,
      "model": "로쟈",
      "content": "嗚……但是傳達這件事的人卻還在活蹦亂跳的？"
    },
    {
      "id": 20,
      "model": "유리",
      "teller": "尤莉",
      "title": "8階收尾人",
      "content": "這個……是以前分發過的用於壓制異想體的毒性瓦斯彈。"
    },
    {
      "id": 21,
      "model": "유리",
      "teller": "尤莉",
      "title": "8階收尾人",
      "content": "似乎是在屍體之間……咳……發生了爆炸……"
    },
    {
      "id": 22,
      "model": "홉킨스",
      "teller": "霍普金斯",
      "title": "8階收尾人",
      "content": "這附近，毒氣確實變得特別濃。"
    },
    {
      "id": 23,
      "content": "這麼說著的霍普金斯，在不知不覺間就已經戴上了防毒面具。"
    },
    {
      "id": 24,
      "model": "로쟈",
      "content": "搞什麼啊，我們就沒有那樣的嗎？"
    },
    {
      "id": 25,
      "model": "파우스트",
      "content": "提供給我們的補給品中並不包含該項內容。"
    },
    {
      "id": 26,
      "model": "히스클리프",
      "content": "你這混蛋，你一開始就知道了吧？你這蟲豸一樣的傢伙……咳……"
    },
    {
      "id": 27,
      "content": "希斯克利夫還沒有說完，便跪坐在地上。"
    },
    {
      "id": 28,
      "model": "파우스트",
      "content": "興奮會加快血液流動。這會使毒素更快地擴散。"
    },
    {
      "id": 29,
      "model": "파우스트",
      "content": "在這種情況下盡量不要亂動，應該在力所能及的範圍內減緩呼吸。"
    },
    {
      "id": 30,
      "model": "유리",
      "teller": "尤莉",
      "title": "8階收尾人",
      "content": "霍普金斯先生……為什麼……咳，沒有提前跟我們說一聲？"
    },
    {
      "id": 31,
      "model": "홉킨스",
      "teller": "霍普金斯",
      "title": "8階收尾人",
      "content": "那我也要問一問你，尤莉。"
    },
    {
      "id": 32,
      "model": "홉킨스",
      "teller": "霍普金斯",
      "title": "8階收尾人",
      "content": "對於那些就像是超額行李一樣的人，我有什麼義務去告知他們，讓他們去消耗掉一些昂貴的資源呢？"
    },
    {
      "id": 33,
      "model": "유리",
      "teller": "尤莉",
      "title": "8階收尾人",
      "content": "……"
    },
    {
      "id": 34,
      "model": "홉킨스",
      "teller": "霍普金斯",
      "title": "8階收尾人",
      "content": "說實話，你們竟然能踏入我們的辦公室，這屬實令我驚訝。"
    },
    {
      "id": 35,
      "model": "홉킨스",
      "teller": "霍普金斯",
      "title": "8階收尾人",
      "content": "阿雅或許是覺得你們很可憐，因此處處關照著你們……但如今她已經死了，再也不會知道你們究竟遭遇了什麼。"
    },
    {
      "id": 36,
      "model": "히스클리프",
      "content": "卑鄙的東西……不惜這樣也想活下去嗎……"
    },
    {
      "id": 37,
      "model": "홉킨스",
      "teller": "霍普金斯",
      "title": "8階收尾人",
      "content": "居然跟收尾人講卑鄙，你沒在開玩笑吧。"
    },
    {
      "id": 38,
      "model": "홉킨스",
      "teller": "霍普金斯",
      "title": "8階收尾人",
      "content": "我還以為那位猩紅凝視帶來的人會有多厲害……"
    },
{
      "id": 39,
      "model": "홉킨스",
      "teller": "霍普金斯",
      "title": "8階收尾人",
      "content": "沒想到竟是一群連像樣的道具和情報都沒有就爬進這裡的瘋子。"
    },
    {
      "id": 40,
      "model": "히스클리프",
      "content": "混帳東西……難道我們只能這麼乾看著他賣弄自己……"
    },
    {
      "id": 41,
      "content": "霍普金斯似乎感受到了殺氣，迅速退向了入口。"
    },
    {
      "id": 42,
      "model": "홉킨스",
      "teller": "霍普金斯",
      "title": "8階收尾人",
      "content": "不過多虧了你們，我才能拿走這麼多腦啡肽。"
    },
    {
      "id": 43,
      "model": "홉킨스",
      "teller": "霍普金斯",
      "title": "8階收尾人",
      "content": "窒息而死也未免太丟人了，我會報告說你們是行踪不明的。"
    },
    {
      "id": 44,
      "model": "홉킨스",
      "teller": "霍普金斯",
      "title": "8階收尾人",
      "content": "後會有期。"
    },
    {
      "id": 45,
      "model": "유리",
      "teller": "尤莉",
      "title": "8階收尾人",
      "content": "……"
    },
    {
      "id": 46,
      "content": "尤莉癱坐在地上，用手堵住了流出的鼻血。"
    },
    {
      "id": 47,
      "content": "不僅是尤莉。羅佳和希斯克利夫，還有其他的罪人們都血流不止。"
    },
    {
      "id": 48,
      "model": "단테",
      "content": "<格里高爾？>"
    },
    {
      "id": 49,
      "model": "그레고르",
      "content": "嘖。我本來只是把這個東西當做她的遺物之一才回收的……"
    },
    {
      "id": 50,
      "content": "他的手中有一個和霍普金斯同款的防毒面具。"
    },
    {
      "id": 51,
      "model": "유리",
      "teller": "尤莉",
      "title": "8階收尾人",
      "content": "為什麼……"
    },
    {
      "id": 52,
      "model": "그레고르",
      "content": "阿雅小姐她啊，咳！說了讓我幫忙照顧你……所以我把它交給你。"
    },
    {
      "id": 53,
      "model": "그레고르",
      "content": "連道具都沒有就爬進這裡的瘋子們……都留有活路，就不用擔心了。"
    },
    {
      "id": 54,
      "content": "尤莉一邊咳著血，一邊慢慢地戴上了面罩。"
    },
    {
      "id": 55,
      "model": "유리",
      "teller": "尤莉",
      "title": "8階收尾人",
      "content": "……我明白。"
    },
    {
      "id": 56,
      "model": "유리",
      "teller": "尤莉",
      "title": "8階收尾人",
      "content": "即使熬夜完成那些大家都不想做的工作，想要在一個全是陌生人的辦公室裡獲得認可還是很難的。"
    },
    {
      "id": 57,
      "model": "유리",
      "teller": "尤莉",
      "title": "8階收尾人",
      "content": "距離支部封鎖只有僅僅三分鐘……"
    },
    {
      "id": 58,
      "teller": "通知廣播",
      "title": "L公司",
      "content": "[開始下沉地基。]"
    },
    {
      "id": 59,
      "model": "유리",
      "teller": "尤莉",
      "title": "8階收尾人",
      "content": "門正在我的眼前關閉。"
    },
    {
      "id": 60,
      "teller": "通知廣播",
      "title": "L公司",
      "content": "[能量傳輸，已完成85%。]"
    },
    {
      "id": 61,
      "teller": "艾莉克斯",
      "title": "L公司職員",
      "content": "尤莉，不要丟下我！尤莉！"
    },
    {
      "id": 62,
      "model": "유리",
      "teller": "尤莉",
      "title": "8階收尾人",
      "content": "那到底叫我怎麼辦？"
    },
    {
      "id": 63,
      "model": "유리",
      "teller": "尤莉",
      "title": "8階收尾人",
      "content": "難道倖存下來是一種罪孽嗎？"
    },
    {
      "id": 64,
      "model": "유리",
      "teller": "尤莉",
      "title": "8階收尾人",
      "content": "難道我應該和同事們一起被掩埋在地下嗎？"
    },
    {
      "id": 65,
      "model": "유리",
      "teller": "尤莉",
      "title": "8階收尾人",
      "content": "就算是公司為了不讓異想體逃進都市而把整棟大樓都封鎖起來的？"
    },
    {
      "id": 66,
      "model": "그레고르",
      "content": "咳……確實是罪孽。至少在這裡是。"
    },
    {
      "id": 67,
      "model": "이스마엘",
      "content": "咳，咳。這話有點傷人呢，格里高爾先生……"
    },
    {
      "id": 68,
      "content": "我茫然地站著，忽然回過神來，望向罪人們。"
    },
    {
      "id": 69,
      "content": "其中有一半的人橫躺在地上，看起來已經停止了呼吸。以實瑪利在說出最後一個字後，也垂下頭倒在地上。"
    },
    {
      "id": 70,
      "model": "유리",
      "teller": "尤莉",
      "title": "8階收尾人",
      "content": "罪孽……"
    },
    {
      "id": 71,
      "model": "그레고르",
      "content": "但是，哈啊……那又怎樣啊……"
    },
    {
      "id": 72,
      "model": "그레고르",
      "content": "你必須得厚著臉皮活下去。"
    },
    {
      "id": 73,
      "model": "그레고르",
      "content": "咳！一旦被罪惡感壓垮……你的心就會被磨滅殆盡……"
    },
    {
      "id": 74,
      "model": "유리",
      "teller": "尤莉",
      "title": "8階收尾人",
      "content": "……"
    },
    {
      "id": 75,
      "content": "最後，連格里高爾也停止了呼吸。在這個空間中，只有我和帶著防毒面具的尤莉站到了最後。"
    },
    {
      "id": 76,
      "model": "단테",
      "content": "<呃……不，不用太擔心。回到剛剛那裡進行復活就可以了。>"
    },
    {
      "id": 77,
      "content": "儘管我知道尤莉只能聽到滴答聲，但我還是打算盡力把想法傳達給她。"
    },
    {
      "id": 78,
      "model": "유리",
      "teller": "尤莉",
      "title": "8階收尾人",
      "content": "……我知道。"
    },
    {
      "id": 79,
      "content": "尤莉只留下了這麼短短的一句話，之後就陷入了沉默。"
    },
    {
      "id": 80,
      "content": "在尷尬的氛圍中，陰鬱的空氣流淌了好一段時間。最終，毒氣全部消散了。"
    },
    {
      "id": 81,
      "model": "유리",
      "teller": "尤莉",
      "title": "8階收尾人",
      "content": "……現在應該沒問題了。"
    },
    {
      "id": 82,
      "model": "단테",
      "content": "<嗯？啊，這樣啊。>"
    },
    {
      "id": 83,
      "model": "유리",
      "teller": "尤莉",
      "title": "8階收尾人",
      "content": "我也來幫忙，讓我們盡快復活他們。"
    },
    {
      "id": 84,
      "content": "這麼說著，尤莉摘下了防毒面具，一臉淡然地逐個扶起倒地的罪人們。"
    },
    {
      "id": 85,
      "content": "我不知道該對這樣的她說些什麼好，於是便保持沉默。"
    }
  ]
}