{
  "dataList": [
    {
      "id": 0,
      "place": "4區 腦葉公司支部內某處",
      "model": "파우스트",
      "content": "但丁，這個收容室似乎和其他的有些不同，不是嗎？"
    },
    {
      "id": 1,
      "model": "단테",
      "content": "<確實有些不同……等下，這是？>"
    },
    {
      "id": 2,
      "model": "파우스트",
      "content": "沒錯。被金枝生根的異想體應該就在那裡。"
    },
    {
      "id": 3,
      "model": "그레고르",
      "content": "呼……看來我們終於走到這一步了。"
    },
    {
      "id": 4,
      "model": "유리",
      "teller": "尤莉",
      "title": "8階收尾人",
      "content": "格里高爾先生……"
    },
    {
      "id": 5,
      "model": "유리",
      "teller": "尤莉",
      "title": "8階收尾人",
      "content": "……等我們回到巴士上後，我能教教卡戎怎麼看地圖嗎？"
    },
    {
      "id": 6,
      "model": "그레고르",
      "content": "……當然，沒問題。卡戎會很高興的。"
    },
    {
      "id": 7,
      "model": "싱클레어",
      "content": "不會吧……"
    },
    {
      "id": 8,
      "content": "辛克萊搖著頭回應道，隨後又做了個乾嘔的表情。"
    },
    {
      "id": 9,
      "model": "유리",
      "teller": "尤莉",
      "title": "8階收尾人",
      "content": "嘿嘿，有個能回去的地方感覺真好。"
    }
  ]
}