{
  "dataList": [
    {
      "id": 0,
      "place": "4區 腦葉公司支部內某處",
      "content": "尤莉一動不動地看著格里高爾。她的臉正對著他。"
    },
    {
      "id": 1,
      "content": "但是，我們所認識的那個尤莉，總是彎著腰。"
    },
    {
      "id": 2,
      "content": "她總是無精打采，作為唯一的倖存者，尤莉彷彿只是為了已故同事們的遺願而活著。"
    },
    {
      "id": 3,
      "content": "因此，我能有把握地警告格里高爾。"
    },
    {
      "id": 4,
      "model": "단테",
      "content": "<那不是尤莉，格里高爾。>"
    },
    {
      "id": 5,
      "model": "그레고르",
      "content": "……沒錯。我也那麼想。"
    },
    {
      "id": 6,
      "content": "格里高爾淡然地肯定道。"
    },
    {
      "id": 7,
      "content": "然後他展開了自己的手臂，並讓其飛向“尤莉”。"
    },
    {
      "id": 8,
      "content": "不過，它很快就停了下來。"
    },
    {
      "id": 9,
      "model": "유리",
      "teller": "尤莉",
      "title": "8階收尾人",
      "content": "我不想死。"
    },
    {
      "id": 10,
      "model": "그레고르",
      "content": "……"
    },
    {
      "id": 11,
      "model": "단테",
      "content": "<斬下去，格里高爾。>"
    },
    {
      "id": 12,
      "content": "我不知道作為經理這是否是正確的做法。"
    },
    {
      "id": 13,
      "model": "유리",
      "teller": "尤莉",
      "title": "8階收尾人",
      "content": "我們之中，沒有人想死。"
    },
    {
      "id": 14,
      "content": "但我必須衝著格里高爾大喊，以免他因此受到重傷。"
    },
    {
      "id": 15,
      "model": "단테",
      "content": "<斬下去！>"
    },
    {
      "id": 16,
      "model": "그레고르",
      "content": "呃，呃啊啊！！！"
    },
    {
      "id": 17,
      "teller": "友好的公民",
      "title": "回憶中的某人",
      "content": "我——我不想死啊！"
    },
    {
      "id": 18,
      "model": "그레고르",
      "content": "這，這是……"
    },
    {
      "id": 19,
      "content": "蟲一般的手臂在割開那個平民的喉嚨之前停了下來。"
    },
    {
      "id": 20,
      "content": "我竭盡全力想控制住它，但它紋絲不動。"
    },
    {
      "id": 21,
      "model": "여자시민",
      "teller": "友好的公民",
      "title": "回憶中的某人",
      "content": "請，請放過我吧……我把我所有的錢都給你。"
    },
    {
      "id": 22,
      "teller": "安保人員",
      "title": "回憶中的某人",
      "content": "放那位女士離開！否則我將進行應對攻擊！"
    },
    {
      "id": 23,
      "model": "그레고르",
      "content": "我的手臂……幫我把手臂砍下來！馬上！"
    },
    {
      "id": 24,
      "teller": "安保人員",
      "title": "回憶中的某人",
      "content": "我再說一遍。如果不釋放……"
    },
    {
      "id": 25,
      "model": "그레고르",
      "content": "快砍啊！"
    },
    {
      "id": 26,
      "content": "被砍掉的手臂落到地上之後，那位女士喘息著，倚牆滑坐下來。"
    },
    {
      "id": 27,
      "content": "但這段平靜沒有持續多久——被切下的手臂正在從痙攣著的斷肢上再生。"
    },
    {
      "id": 28,
      "teller": "安保人員",
      "title": "回憶中的某人",
      "content": "您沒事吧？"
    },
    {
      "id": 29,
      "model": "그레고르",
      "content": "別，別靠近！不要靠近我！"
    },
    {
      "id": 30,
      "content": "彷彿仍記得自己剛剛所承受的痛苦一般，再生出的手臂快速向前衝去。"
    },
    {
      "id": 31,
      "teller": "尤莉",
      "title": "8階收尾人",
      "content": "……"
    },
{
      "id": 32,
      "teller": "？？？",
      "title": "？？？",
      "content": "向您致以最高的敬意，格里高爾長官！"
    },
    {
      "id": 33,
      "model": "그레고르",
      "content": "你真的不應該……我沒有參與那場戰爭……因為我想……"
    },
    {
      "id": 34,
      "teller": "尤莉",
      "title": "8階收尾人",
      "content": "……"
    },
    {
      "id": 35,
      "teller": "尤莉",
      "title": "8階收尾人",
      "content": "那到底叫我怎麼辦？難道倖存下來是一種罪孽嗎？"
    },
    {
      "id": 36,
      "model": "그레고르",
      "content": "請繼續活下去吧……我們大概不是自願捲入這場混亂的紛爭的。"
    },
    {
      "id": 37,
      "teller": "尤莉",
      "title": "8階收尾人",
      "content": "……"
    },
    {
      "id": 38,
      "teller": "？？？",
      "title": "？？？",
      "content": "都已經走到這一步了，卻在你的努力開花結果之前停下來了。多麼遺憾啊。"
    },
    {
      "id": 39,
      "teller": "？？？",
      "title": "？？？",
      "content": "但沒關係，我們會接手的。機會轉瞬即逝，空放在那裡只會白白溜走。"
    },
    {
      "id": 40,
      "content": "尤莉的頭顱滾落在地。"
    },
    {
      "id": 41,
      "content": "這並非格里高爾所為。"
    },
    {
      "id": 42,
      "teller": "尤莉",
      "title": "8階收尾人",
      "content": "呃……啊……"
    },
    {
      "id": 43,
      "content": "尤莉張開嘴並吐出了什麼。"
    },
    {
      "id": 44,
      "content": "那是一根散發出明亮金色光芒的樹枝。"
    },
    {
      "id": 45,
      "teller": "？？？",
      "title": "？？？",
      "content": "你在尋找金枝。不是嗎？"
    },
    {
      "id": 46,
      "model": "그레고르",
      "content": "你……"
    },
    {
      "id": 47,
      "teller": "？？？",
      "title": "？？？",
      "content": "有點小，對吧？"
    },
    {
      "id": 48,
      "model": "헤르만",
      "teller": "赫爾曼",
      "title": "？？？",
      "content": "我是赫爾曼。我們此後會常見面的。因為……"
    },
    {
      "id": 49,
      "model": "헤르만",
      "teller": "赫爾曼",
      "title": "？？？",
      "content": "我們……需要那些枝條，而你們……可以找到那些枝條。"
    },
    {
      "id": 50,
      "model": "헤르만",
      "teller": "赫爾曼",
      "title": "？？？",
      "content": "你們……雖然不會死去，但我們……會殺死你們。"
    },
    {
      "id": 51,
      "content": "赫爾曼用腳輕輕踢開了尤莉的頭顱。"
    },
    {
      "id": 52,
      "model": "그레고르",
      "content": "……"
    },
    {
      "id": 53,
      "model": "헤르만",
      "teller": "赫爾曼",
      "title": "？？？",
      "content": "不過，不是現在。"
    },
    {
      "id": 54,
      "model": "헤르만",
      "teller": "赫爾曼",
      "title": "？？？",
      "content": "我們會妥善保管你們找到的金枝。"
    },
    {
      "id": 55,
      "model": "이상",
      "content": "仇甫……我親愛的友人啊。這就是你選擇的道路嗎？"
    },
    {
      "id": 56,
      "model": "구보",
      "teller": "仇甫",
      "title": "？？？",
      "content": "沒錯。已經所剩無幾了。"
    },
    {
      "id": 57,
      "model": "홍루",
      "content": "……好久不見，哥哥。"
    },
    {
      "id": 58,
      "model": "가환",
      "teller": "賈環",
      "title": "？？？",
      "content": "你知道你現在的衣服聞起來有多噁心嗎？家裡人真該看看你現在的樣子。"
    },
    {
      "id": 59,
      "model": "오티스",
      "content": "變成某種重聚環節了啊。"
    },
    {
      "id": 60,
      "model": "헤르만",
      "teller": "赫爾曼",
      "title": "？？？",
      "content": "和我送你的禮物相處的如何，我的孩子？"
    },
    {
      "id": 61,
      "model": "헤르만",
      "teller": "赫爾曼",
      "title": "？？？",
      "content": "我在你身上投入那麼多可不是為了看你陷入這樣的窘境。"
    },
    {
      "id": 62,
      "model": "그레고르",
      "content": "我可從來沒有要求過這個……一次也沒有……"
    },
    {
      "id": 63,
      "model": "헤르만",
      "teller": "赫爾曼",
      "title": "？？？",
      "content": "你至少應該把包裝紙全部拆開呀。"
    },
    {
      "id": 64,
      "model": "헤르만",
      "teller": "赫爾曼",
      "title": "？？？",
      "content": "那隻小小的胳膊可不是它的全部。"
    },
    {
      "id": 65,
      "model": "가환",
      "teller": "賈環",
      "title": "？？？",
      "content": "好了，見面的寒暄就到此為止吧。"
    },
    {
      "id": 66,
      "content": "自稱為賈環的男人拍了兩次手。"
    },
    {
      "id": 67,
      "content": "然後，一切都陷入黑暗。"
    },
    {
      "id": 68,
      "content": "就如同從長夜的惡夢之中驚醒……"
    },
    {
      "id": 69,
      "content": "黎明正向你致意。"
    },
    {
      "id": 70,
      "content": "一段時間之後……"
    },
    {
      "id": 71,
      "place": "梅菲斯托費勒斯 內部",
      "model": "베르길리우스",
      "content": "我還以為這對你們來說是個易如反掌的任務呢。"
    },
    {
      "id": 72,
      "model": "베르길리우스",
      "content": "在眼睜睜地看著金枝被搶走之後，你們居然還有臉抬著頭走進來。"
    },
    {
      "id": 73,
      "model": "베르길리우스",
      "content": "是我太高估你們了嗎？"
    },
    {
      "id": 74,
      "model": "단테",
      "content": "<……>"
    },
    {
      "id": 75,
      "model": "베르길리우스",
      "content": "為什麼不向我解釋一下呢，浮士德女士？"
    },
    {
      "id": 76,
      "model": "파우스트",
      "content": "事實證明，不會死去並不能解決所有問題。"
    },
{
      "id": 77,
      "model": "베르길리우스",
      "content": "……哼。"
    },
    {
      "id": 78,
      "model": "베르길리우스",
      "content": "但丁，你有什麼要為自己辯解的嗎？"
    },
    {
      "id": 79,
      "model": "단테",
      "content": "<還有一個組織在收集金枝。>"
    },
    {
      "id": 80,
      "model": "단테",
      "content": "<你肯定知道這件事，為什麼你沒有提前警告我？>"
    },
    {
      "id": 81,
      "model": "파우스트",
      "content": "他們想知道另一個正在收集金枝的組織的底細。"
    },
    {
      "id": 82,
      "content": "浮士德平靜地把我的話向維吉里烏斯轉述了一遍。"
    },
    {
      "id": 83,
      "model": "베르길리우스",
      "content": "……難不成，你這是在追究我的責任？"
    },
    {
      "id": 84,
      "model": "베르길리우스",
      "content": "那麼告訴我，但丁。我們為什麼會把十二名戰鬥人員派到一個沒有任何威脅的地方？"
    },
    {
      "id": 85,
      "model": "베르길리우스",
      "content": "甚至還僱傭了收尾人來引導他們。"
    },
    {
      "id": 86,
      "model": "단테",
      "content": "<那是因為……>"
    },
    {
      "id": 87,
      "model": "그레고르",
      "content": "不必繼續向他解釋了，經理兄。"
    },
    {
      "id": 88,
      "model": "그레고르",
      "content": "是我的錯。如果你一定要指責某個人，就衝著我來……"
    },
    {
      "id": 89,
      "model": "베르길리우스",
      "content": "真有趣。"
    },
    {
      "id": 90,
      "model": "베르길리우스",
      "content": "你們之間已經建立起了這樣的情誼。"
    },
    {
      "id": 91,
      "model": "베르길리우스",
      "content": "好吧。既然你們都在同一輛巴士上，我想，彼此開脫也不是什麼壞事……"
    },
    {
      "id": 92,
      "model": "베르길리우스",
      "content": "但是要知道，互相支持也沒辦法彌補你們的無能。"
    },
    {
      "id": 93,
      "model": "파우스트",
      "content": "……我們接到了一個電話。 收尾團隊的第四特別行動部已經進入地下開展工作"
    },
    {
      "id": 94,
      "model": "베르길리우스",
      "content": "這聽起來不錯。總得有人回收那些遺留的E.G.O和異想體。"
    },
    {
      "id": 95,
      "model": "베르길리우스",
      "content": "……不過令人惋惜的是，真正的精髓已經遺失了。"
    },
    {
      "id": 96,
      "model": "오티스",
      "content": "有點過份了。"
    },
    {
      "id": 97,
      "model": "오티스",
      "content": "勝敗乃兵家常事。如果一個目標沒有達成，你大可以製定新的計劃並重新部署。"
    },
    {
      "id": 98,
      "model": "오티스",
      "content": "你真的不覺得是你自己對我們的第一個任務抱了過高的期望嗎？我會讓你知道我們的經理有多優秀的。 "
    },
    {
      "id": 99,
      "model": "베르길리우스",
      "content": "……"
    },
    {
      "id": 100,
      "model": "베르길리우스",
      "content": "我想我們就到此為止吧。你說的倒也不是完全沒道理。"
    },
    {
      "id": 101,
      "model": "파우스트",
      "content": "當然。"
    },
    {
      "id": 102,
      "content": "有一種微妙的緊張氣氛瀰漫在維吉里烏斯與浮士德之間……"
    },
    {
      "id": 103,
      "content": "但現在，我既沒有力氣也沒有精神對此追根究底。"
    },
    {
      "id": 104,
      "content": "車上遍布血漬。我們的衣服也被血浸透了。但沒有任何一個人試著去打開車窗。"
    },
    {
      "id": 105,
      "content": "也沒有人有換衣服的想法。"
    },
    {
      "id": 106,
      "content": "我們全都只是坐著，默不作聲。"
    },
    {
      "id": 107,
      "content": "格里高爾是他們之中看上去最受挫的一個。他凝視著窗外……"
    },
    {
      "id": 108,
      "content": "然後，他突然把什麼東西從口袋裡取出，掛在了擋風玻璃邊上。"
    },
    {
      "id": 109,
      "model": "카론",
      "content": "蟲男。你在梅菲的頭上放了什麼？"
    },
    {
      "id": 110,
      "model": "그레고르",
      "content": "……一件紀念品。"
    },
    {
      "id": 111,
      "model": "그레고르",
      "content": "一件只屬於兩個人之間的紀念品。"
    },
    {
      "id": 112,
      "model": "그레고르",
      "content": "我曾經有個妹妹。就和尤莉差不多大。"
    },
    {
      "id": 113,
      "model": "그레고르",
      "content": "那是……不，只是這樣。"
    },
    {
      "id": 114,
      "content": "我考慮過鼓舞他一下，但這種想法很快消失了。"
    },
    {
      "id": 115,
      "content": "以實瑪利的臉上寫滿悲傷，辛克萊正在低聲啜泣，羅佳則苦惱的嘆息著。如果他們都沒法鼓勵格里高爾，我還能做什麼？"
    },
    {
      "id": 116,
      "model": "베르길리우스",
      "content": "卡戎，這不會妨礙你嗎？"
    },
    {
      "id": 117,
      "model": "카론",
      "content": "不會。卡戎沒關係的。"
    },
    {
      "id": 118,
      "model": "베르길리우스",
      "content": "……好吧。那我們上路吧。"
    },
    {
      "id": 119,
      "model": "카론",
      "content": "布隆布隆。"
    },
    {
      "id": 120,
      "content": "巴士緩緩地向前行駛。"
    },
    {
      "id": 121,
      "content": "掛在擋風玻璃邊的防毒面具像裝飾品一樣搖擺著。"
    },
    {
      "id": 122
    }
  ]
}