{
  "dataList": [
    {
      "id": 0,
      "model": "그레고르",
      "content": "戰爭結束了。"
    },
    {
      "id": 1,
      "model": "그레고르",
      "content": "可我依然一臉自信地保持著滑稽的姿勢。"
    },
    {
      "id": 2,
      "model": "그레고르",
      "content": "呵，我可沒擺過那副表情。"
    },
    {
      "id": 3,
      "model": "그레고르",
      "content": "不過……我節肢上的毛倒是畫得栩栩如生到讓人噁心的地步。這是誰畫的呢？"
    },
    {
      "id": 4,
      "model": "그레고르",
      "content": "啊，看來我變得幽默了呢。"
    },
    {
      "id": 5,
      "model": "그레고르",
      "content": "想來是被這夢魘折磨太久了，太渴望能好好活著了吧。"
    },
    {
      "id": 6,
      "teller": "不滿的公民",
      "title": "回憶中的某人",
      "content": "那些G公司的渣滓，真該通通吊死在絞架上。"
    },
    {
      "id": 7,
      "model": "그레고르",
      "content": "我聽到有誰一邊嘟囔著，一邊往地上吐了口痰的聲音。"
    },
    {
      "id": 8,
      "model": "그레고르",
      "content": "不用看也知道他們說的是誰。"
    },
    {
      "id": 9,
      "model": "그레고르",
      "content": "或許是因為如此吧。"
    },
    {
      "id": 10,
      "model": "그레고르",
      "content": "嘔……"
    },
    {
      "id": 11,
      "model": "그레고르",
      "content": "我感到噁心。"
    },
    {
      "id": 12,
      "teller": "善良的公民",
      "title": "回憶中的某人",
      "content": "先生，您還好嗎？"
    },
    {
      "id": 13,
      "place": "煙霾戰爭 中部戰線",
      "model": "로쟈",
      "content": "欸，你還好嗎？你看起來臉色很差哦？"
    },
    {
      "id": 14,
      "model": "그레고르",
      "content": "我剛剛是在……地鐵上啊？"
    },
    {
      "id": 15,
      "model": "히스클리프",
      "content": "你在胡扯什麼呢？"
    },
    {
      "id": 16,
      "model": "로쟈",
      "content": "格雷格，這裡仍然是戰場。"
    },
    {
      "id": 17,
      "content": "格里高爾顫抖著手習慣性地像是為了找香菸似的摸索著口袋，但很快就停下了。"
    },
    {
      "id": 18,
      "content": "不管是他，還是我。"
    },
    {
      "id": 19,
      "content": "看起來所有罪人也都意識到了。"
    },
    {
      "id": 20,
      "model": "단테",
      "content": " <托瑪隨時都有可能抓著我們並給予警告……>  "
    },
    {
      "id": 21,
      "teller": "托瑪",
      "title": "記憶中的士兵",
      "content": "你們是……"
    },
{
      "id": 22,
      "model": "로쟈",
      "content": "托瑪先生，我已經開始厭倦這些台詞了，但是我們既沒有瘋，也不打算挨到老化炸彈。"
    },
    {
      "id": 23,
      "teller": "托瑪",
      "title": "記憶中的士兵",
      "content": "……不。"
    },
    {
      "id": 24,
      "content": "他默默地將手指舉起指向上方。"
    },
    {
      "id": 25,
      "teller": "托瑪",
      "title": "記憶中的士兵",
      "content": "救救我。"
    },
    {
      "id": 26,
      "teller": "托瑪",
      "title": "記憶中的士兵",
      "content": "我不想死。"
    },
    {
      "id": 27,
      "content": "在我們眼前被壓爆的托瑪沒有留下絲毫的痕跡。"
    },
    {
      "id": 28,
      "content": "這種時候，能說的只有一句話 。"
    },
    {
      "id": 29,
      "model": "단테",
      "content": "<跑，快跑！>"
    },
    {
      "id": 30,
      "model": "오티스",
      "content": "全員！後退！"
    },
    {
      "id": 31,
      "content": "我們拼了命的奔跑，但天上的那隻大手卻緊追不捨，絲毫沒有放棄的意思。"
    },
    {
      "id": 32,
      "model": "히스클리프",
      "content": "我們會被壓成肉餅的！快想點辦法，小天才？"
    },
    {
      "id": 33,
      "model": "파우스트",
      "content": "……我聽到了。但是由內心呈現的世界變數太多，我沒法快速做出決定……"
    },
    {
      "id": 34,
      "model": "돈키호테",
      "content": "沒什麼可猶豫的！真正的英雄不會向任何苦難屈服！"
    },
    {
      "id": 35,
      "model": "로쟈",
      "content": "額……我可不想讓我的身體變得和錶盤一樣扁。"
    },
    {
      "id": 36,
      "model": "로쟈",
      "content": "哦！抱歉，但丁~我沒有那個意思！"
    },
    {
      "id": 37,
      "content": "本來還想懟回去的……"
    },
    {
      "id": 38,
      "content": "但我覺得閉上嘴，讓大家集中精力跑開才是上策。"
    },
    {
      "id": 39,
      "content": "\n"
    },
    {
      "id": 40,
      "model": "히스클리프",
      "content": "還沒想好嗎？啊？“無所不知”的那位？"
    },
    {
      "id": 41,
      "model": "파우스트",
      "content": "如果只是眼下的解決辦法的話，我確實想到了一個對策。"
    },
    {
      "id": 42,
      "model": "파우스트",
      "content": "可以確定的是這附近並沒有金枝。因為如果有的話但丁先生應該會有更強烈一點的反應。"
    },
    {
      "id": 43,
      "model": "단테",
      "content": "<我嗎？> "
    },
    {
      "id": 44,
      "model": "히스클리프",
      "content": "你在開玩笑嗎？現在為止你就分析出了這點東西嗎？"
    },
    {
      "id": 45,
      "content": "希斯克利夫皺著眉，似乎還想說些什麼……"
    },
    {
      "id": 46,
      "content": "但看到以毫釐之差掠過的巨大手掌，他只好加快速度，把話憋了回去。"
    },
    {
      "id": 47
    },
    {
      "id": 48,
      "model": "유리",
      "teller": "尤莉",
      "title": "8階收尾人",
      "content": "……格里高爾先生？"
    },
    {
      "id": 49,
      "model": "히스클리프",
      "content": "搞什麼？為什麼突然停下來了？"
    },
    {
      "id": 50,
      "model": "그레고르",
      "content": "……我好像明白了。"
    },
    {
      "id": 51,
      "model": "그레고르",
      "content": "如果這裡是我的世界的話……"
    },
    {
      "id": 52,
      "content": "喘了一會兒氣的格里高爾望向了天空。"
    },
    {
      "id": 53,
      "model": "그레고르",
      "content": "那我們就不應該逃避那隻手。"
    },
    {
      "id": 54,
      "model": "히스클리프",
      "content": "……你精神錯亂了嗎？喂！"
    },
    {
      "id": 55,
      "model": "파우스트",
      "content": "格里高爾，你確定嗎?"
    },
    {
      "id": 56,
      "model": "그레고르",
      "content": "我從來沒有依我自己的意志活過……"
    },
    {
      "id": 57,
      "model": "그레고르",
      "content": "所以在我的意識世界裡，反抗也是是毫無意義的。"
    },
    {
      "id": 58,
      "model": "그레고르",
      "content": "那麼……停止抵抗或許才是答案。"
    },
    {
      "id": 59,
      "model": "히스클리프",
      "content": "……你們，都認真的？"
    },
    {
      "id": 60,
      "model": "이스마엘",
      "content": "不是沒有別的方法了嗎。我們已經精疲力竭了。"
    },
    {
      "id": 61,
      "model": "그레고르",
      "content": "另外……瞧瞧那……手指甲。"
    },
    {
      "id": 62,
      "model": "그레고르",
      "content": "那種花紋的指甲油可並不常見。"
    },
    {
      "id": 63,
      "model": "그레고르",
      "content": "如果這隻手是屬於我想的那個人的話，她應該不會再追我們了。"
    },
    {
      "id": 64,
      "model": "그레고르",
      "content": "浮士德小姐……你說這世界是我的心路，對嗎？"
    },
    {
      "id": 65,
      "model": "그레고르",
      "content": " 那就不會有錯。"
    },
    {
      "id": 66,
      "model": "그레고르",
      "content": "這條路就快到死胡同了。"
    },
    {
      "id": 67,
      "model": "그레고르",
      "content": " 無論是惡夢還是這條路，我從未逃離她的掌控。"
    },
    {
      "id": 68,
      "content": "那個人是誰，惡夢又是在說什麼？"
    },
    {
      "id": 69,
      "content": "雖然想問問格里高爾……"
    },
    {
      "id": 70,
      "model": "히스클리프",
      "content": "唉，那就這樣吧。"
    },
    {
      "id": 71,
      "content": "沒過多久，陰影籠罩了我們，巨大的手掌向我們襲來。"
    },
    {
      "id": 72,
      "content": "就在快要砸到我們時，它卻僅僅將我們抓了起來。"
    },
    {
      "id": 73,
      "content": "眼前陷入一片漆黑。"
    },
    {
      "id": 74,
      "content": "感覺被舉到了空中，我頭暈目眩。"
    },
    {
      "id": 75,
      "model": "싱클레어",
      "content": "唔呃呃……"
    },
    {
      "id": 76,
      "content": "大家都在暈頭轉向的時候，只有我和浮士德直直地站在地上。"
    },
    {
      "id": 77,
      "content": "我能感受到眼前的戰場變成了熟悉的地方。"
    }
  ]
}