{
  "dataList": [
    {
      "id": 0,
      "place": "4區 腦葉公司支部內某處",
      "model": "로쟈",
      "content": "啊~ 感覺真不錯。"
    },
    {
      "id": 1,
      "model": "단테",
      "content": "<我簡直生不如死……>"
    },
    {
      "id": 2,
      "model": "아야",
      "teller": "阿雅",
      "title": "8階收尾人",
      "content": "那塊錶真神奇啊~ 真是從未見識過的科技。"
    },
    {
      "id": 3,
      "model": "홉킨스",
      "teller": "霍普金斯",
      "title": "8階收尾人",
      "content": "這種程度簡直就是奇，奇點水準…… 究竟是哪片翼在後面……"
    },
    {
      "id": 4,
      "content": "霍普金斯貪婪地注視著我的頭。"
    },
    {
      "id": 5,
      "content": "我雖然不怎麼想在意這件事，但看完霍普金斯那膨脹的口袋……"
    },
    {
      "id": 6,
      "model": "로쟈",
      "content": "但丁？你為什麼要抱著自己的腦袋？"
    },
    {
      "id": 7,
      "model": "단테",
      "content": "<沒，沒什麼。>"
    },
    {
      "id": 8,
      "model": "이상",
      "content": "浮士德女士，經理所擁有的鐘錶不能轉動這幾位嚮導的生命嗎？"
    },
    {
      "id": 9,
      "model": "파우스트",
      "content": "鐘錶只會作用於罪人。"
    },
    {
      "id": 10,
      "model": "아야",
      "teller": "阿雅",
      "title": "8階收尾人",
      "content": "啊啊~ 不如說那樣更好啦。"
    },
    {
      "id": 11,
      "model": "아야",
      "teller": "阿雅",
      "title": "8階收尾人",
      "content": "如果肚子上被開了個大洞，但沒死成又復活的話不是更恐怖嗎？"
    },
    {
      "id": 12,
      "model": "아야",
      "teller": "阿雅",
      "title": "8階收尾人",
      "content": "不對，肚子被洞穿其實挺幸運的。因為幾秒內就會死……"
    },
    {
      "id": 13,
      "model": "단테",
      "content": "<嗯……？等下……！>"
    },
    {
      "id": 14,
      "model": "쓰러진아야",
      "teller": "阿雅",
      "title": "8階收尾人",
      "content": "啊。"
    },
    {
      "id": 15,
      "content": "突然，一條硬質的觸手從牆壁中迸出，一瞬間穿透了阿雅的腹部。"
    },
    {
      "id": 16,
      "model": "오티스",
      "content": "全員，準備戰鬥。"
    },
    {
      "id": 17,
      "model": "쓰러진아야",
      "teller": "阿雅",
      "title": "8階收尾人",
      "content": "……我說什麼來著？"
    },
    {
      "id": 18,
      "model": "쓰러진아야",
      "teller": "阿雅",
      "title": "8階收尾人",
      "content": "我運氣…… 一直都，很好……"
    },
    {
      "id": 19,
      "model": "유리",
      "teller": "尤莉",
      "title": "8階收尾人",
      "content": "阿雅小姐！！"
    },
    {
      "id": 20,
      "model": "이상",
      "content": "此命已絕。"
    },
    {
      "id": 21,
      "model": "그레고르",
      "content": "……"
    },
    {
      "id": 22,
      "model": "그레고르",
      "content": "好吧……越，越是這種時候就得更加打起精神，不是嗎？"
    },
    {
      "id": 23,
      "model": "유리",
      "teller": "尤莉",
      "title": "8階收尾人",
      "content": "但，但是……"
    },
    {
      "id": 24,
      "model": "파우스트",
      "content": "這種攻擊形式並不常見。極有可能是異想體。"
    },
    {
      "id": 25,
      "model": "오티스",
      "content": "經理。請您下令。"
    },
    {
      "id": 26,
      "content": "雖然尤莉啜著眼淚的視線在阿雅的屍體和罪人們之間循環往復的樣子令人心生同情……"
    },
    {
      "id": 27,
      "model": "단테",
      "content": "<……尤莉，霍普金斯和阿雅這三人。我對他們無能為力。>"
    },
    {
      "id": 28,
      "model": "단테",
      "content": "<不想擴大損失的話就要立即做好戰鬥準備了。>"
    },
    {
      "id": 29,
      "model": "오티스",
      "content": "明智的判斷。"
    },
    {
      "id": 30,
      "model": "홉킨스",
      "teller": "霍普金斯",
      "title": "8階收尾人",
      "content": "那個滴答聲是可以被解析的嗎……？"
    },
    {
      "id": 31,
      "content": "雖然奧提斯用帶刺般的目光怒視了霍普金斯，但很快就分清了輕重緩急，深吸了一口氣喊道。"
    },
    {
      "id": 32,
      "model": "오티스",
      "content": "……這是經理的命令，跟班們！"
    },
    {
      "id": 33,
      "model": "오티스",
      "content": "構築包圍陣型。目標是，前方的舉異者！"
    },
    {
      "id": 34,
      "model": "유리",
      "teller": "尤莉",
      "title": "8階收尾人",
      "content": "……好的。"
    },
    {
      "id": 35,
      "model": "그레고르",
      "content": "但是…… 能否把那個稱為“者”倒也是個問題啊。"
    },
    {
      "id": 36,
      "content": "緩步蔓延的藤蔓，看似數倍於人類大小的陰影。"
    },
    {
      "id": 37,
      "content": "它……懷著與目前為止的敵人都截然不同的恐怖感迫近著。"
    }
  ]
}