{
  "dataList": [
    {
      "id": 0,
      "place": "煙霾戰爭 中部戰線",
      "model": "그레고르",
      "content": "又是，戰場之中……"
    },
    {
      "id": 1,
      "model": "유리",
      "teller": "尤莉",
      "title": "8階收尾人",
      "content": "……是和之前一樣的場所。雖然有了點變化。"
    },
    {
      "id": 2,
      "content": "有誰急切地扯了扯希斯克利夫的外套。"
    },
    {
      "id": 3,
      "teller": "托瑪",
      "title": "記憶中的士兵",
      "content": "你們瘋了嗎？快點去避難啊！被那種炸彈爆炸波及到的話，會急劇衰老。"
    },
    {
      "id": 4,
      "teller": "托瑪",
      "title": "記憶中的士兵",
      "content": "隔壁巢的員工們別說是打仗了，他們現在沒有拐杖都走不了路！"
    },
    {
      "id": 5,
      "model": "로쟈",
      "content": "等等，這個人不是剛剛那個……"
    },
    {
      "id": 6,
      "teller": "托瑪",
      "title": "記憶中的士兵",
      "content": "不過沒什麼好擔心的，畢竟格里高爾先生在這裡！"
    },
    {
      "id": 7,
      "teller": "托瑪",
      "title": "記憶中的士兵",
      "content": "不像我們，不僅沒有什麼副作用，甚至還可以再生，不是嗎？"
    },
    {
      "id": 8,
      "teller": "托瑪",
      "title": "記憶中的士兵",
      "content": "畢竟是由論實力比任何人都卓越的赫爾曼理事親自主刀的人。"
    },
    {
      "id": 9,
      "model": "그레고르",
      "content": "……"
    },
    {
      "id": 10,
      "teller": "托瑪",
      "title": "記憶中的士兵",
      "content": "您這樣的英雄可不該留在後方。我來送您一程吧！"
    },
    {
      "id": 11,
      "model": "로쟈",
      "content": "搞，搞什麼啊？不要靠近我！"
    },
    {
      "id": 12,
      "content": "伴隨著嘎吱嘎吱的聲音，四對翅膀從他的後背中鑽了出來。"
    },
    {
      "id": 13,
      "teller": "托瑪",
      "title": "記憶中的士兵",
      "content": "為什麼要逃跑？您應該高舉G公司的旗幟，衝在戰鬥的最前線！"
    },
    {
      "id": 14,
      "model": "그레고르",
      "content": "我……"
    },
    {
      "id": 15,
      "model": "그레고르",
      "content": "從來沒有期待過這些事……無論是改造，還是戰爭……"
    },
    {
      "id": 16,
      "teller": "托瑪",
      "title": "記憶中的士兵",
      "content": "帶領我們……帶領……帶……"
    },
    {
      "id": 17,
      "content": "托瑪的嘴部以一種古怪的方式裂開了，他的頭上開始長出一對長長的觸角。"
    },
    {
      "id": 18,
      "model": "로쟈",
      "content": "噫……又要開打了嗎？我的胃裡要開始翻江倒海了……"
    },
    {
      "id": 19,
      "model": "오티스",
      "content": "你在胡說什麼？你想成為抗命者嗎？"
    },
    {
      "id": 20,
      "model": "단테",
      "content": "<……還是逃命比較好吧？>"
    },
    {
      "id": 21,
      "model": "오티스",
      "content": "傑出的計劃，經理。您很清楚什麼時候該暫避鋒芒。"
    },
    {
      "id": 22,
      "model": "히스클리프",
      "content": "……她到底什麼毛病？"
    },
    {
      "id": 23,
      "model": "파우스트",
      "content": "……後退應該是不被允許的。"
    },
    {
      "id": 24,
      "model": "이스마엘",
      "content": "我不理解。雖然聽說是對所有員工都進行過改造，但應該還沒有這麼過份吧。"
    },
    {
      "id": 25,
      "model": "파우스트",
      "content": "可能與事實多少有些出入。"
    },
    {
      "id": 26,
      "model": "파우스트",
      "content": "因為，這條道路是由格里高爾先生的“心”而非“記憶”塑造而成的。"
    },
    {
      "id": 27,
      "model": "유리",
      "teller": "尤莉",
      "title": "8階收尾人",
      "content": "……所以，戰友在他心中留下的印象就是這樣的。"
    },
    {
      "id": 28,
      "model": "유리",
      "teller": "尤莉",
      "title": "8階收尾人",
      "content": "那個巢中的所有員工……都接受了改造手術嗎？"
    },
    {
      "id": 29,
      "model": "그레고르",
      "content": "……大部分是。"
    },
    {
      "id": 30,
      "model": "유리",
      "teller": "尤莉",
      "title": "8階收尾人",
      "content": "他們都是在同意之下進行執刀的嗎？這可真是……"
    },
    {
      "id": 31,
      "model": "그레고르",
      "content": "L公司的員工，難道都是心甘情願把自己餵給異想體的嗎？"
    },
    {
      "id": 32,
      "model": "유리",
      "teller": "尤莉",
      "title": "8階收尾人",
      "content": "那個……那個據說是有明示在合同上的。"
    },
    {
      "id": 33,
      "model": "유리",
      "teller": "尤莉",
      "title": "8階收尾人",
      "content": "雖然我們並不知情……但是據說為了高效的管理，應當排除那些手續……"
    },
    {
      "id": 34,
      "model": "유리",
      "teller": "尤莉",
      "title": "8階收尾人",
      "content": "只是說，應當直面恐懼。"
    },
    {
      "id": 35,
      "model": "유리",
      "teller": "尤莉",
      "title": "8階收尾人",
      "content": "所以說……加入公司的員工們全都是在不知情的狀態下同意的。"
    },
    {
      "id": 36,
      "model": "그레고르",
      "content": "……我們又能有什麼不同呢？"
    }
  ]
}