{
  "dataList": [
    {
      "id": 0,
      "place": "賭場地下礦山 1層",
      "model": "그레고르",
      "content": "嘖，先是警衛後是大罪……有點棘手啊……"
    },
    {
      "id": 1,
      "model": "로쟈",
      "content": "就沒什麼好主意嗎，格雷格？反正你以前作為戰鬥精英都是拼搏在第一線，現在處理這事肯定是綽綽有餘。"
    },
    {
      "id": 2,
      "model": "그레고르",
      "content": "現在說這個幹什……喂，別推我！"
    },
    {
      "id": 3,
      "content": "被羅佳推了一把的格里高爾，孤身一人跌出掩體，踉踉蹌蹌地向前走了幾步……"
    },
    {
      "id": 4,
      "content": "……隨後，他就撞上了一名忙於挖礦的奴隸。"
    },
    {
      "id": 5,
      "model": "노예",
      "teller": "負債累累的人質",
      "title": "J公司 賭場",
      "content": "……？"
    },
    {
      "id": 6,
      "model": "그레고르",
      "content": "……"
    },
    {
      "id": 7,
      "content": "兩人頓時陷入到一陣尷尬的沉默當中。"
    },
    {
      "id": 8,
      "model": "그레고르",
      "content": "嘿……嘿，現在的狀況似乎對我們兩個來說都不怎麼樣啊。咱們要不各退一步，當做什麼都沒發生？"
    },
    {
      "id": 9,
      "model": "노예",
      "teller": "負債累累的人質",
      "title": "J公司 賭場",
      "content": "……"
    },
    {
      "id": 10,
      "model": "그레고르",
      "content": "我們不是衝著金庫裡的錢來的。"
    },
    {
      "id": 11,
      "model": "그레고르",
      "content": "當然錢要是送上門來，我們也不會拒絕……扯遠了，我們只是想往下一層走而已。"
    },
    {
      "id": 12,
      "model": "그레고르",
      "content": "我們不是衝著惹麻煩來的，你就睜一隻眼閉一隻眼，讓我們過去怎麼樣？"
    },
    {
      "id": 13,
      "model": "노예",
      "teller": "負債累累的人質",
      "title": "J公司 賭場",
      "content": "四……四……"
    },
    {
      "id": 14,
      "model": "노예",
      "teller": "負債累累的人質",
      "title": "J公司 賭場",
      "content": "四千七百九十二萬……"
    },
    {
      "id": 15,
      "model": "노예",
      "teller": "負債累累的人質",
      "title": "J公司 賭場",
      "content": "四千七百九十一萬……四千七百九十……"
    },
    {
      "id": 16,
      "model": "료슈",
      "content": "再不說人話，我就把你餘・指・盡・折。"
    },
    {
      "id": 17,
      "content": "說出讓人聽不懂的話後，良秀的耐心便開始以肉眼可見的速度消退，不多時，她就緊緊握住了刀鞘。"
    },
    {
      "id": 18,
      "model": "싱클레어",
      "content": "我想她的意思大概是，要用刀把那個人“餘下的手指盡數壓斷”……"
    },
    {
      "id": 19,
      "model": "단테",
      "content": "<縮略到那種程度還能懂，我覺得還是你更恐怖一點。>"
    },
    {
      "id": 20,
      "model": "노예",
      "teller": "負債累累的人質",
      "title": "J公司 賭場",
      "content": "必須要還……"
    },
    {
      "id": 21,
      "model": "노예",
      "teller": "負債累累的人質",
      "title": "J公司 賭場",
      "content": "只有還清債……才能回到家人身邊……"
    },
    {
      "id": 22,
      "model": "노예",
      "teller": "負債累累的人質",
      "title": "J公司 賭場",
      "content": "揮一下鋤就能還1眼……四千七百……多少了……來著……你們！別和我說話！我必須好好數數……"
    },
    {
      "id": 23,
      "model": "각잡힌카지노경호원",
      "teller": "穿戴整齊的警衛",
      "title": "J公司 賭場",
      "content": "喂那邊，吵吵嚷嚷幹什麼呢？"
    },
    {
      "id": 24,
      "model": "그레고르",
      "content": "哎呀……"
    },
    {
      "id": 25,
      "content": "走投無路的格里高爾突然大聲怪叫起來。"
    },
    {
      "id": 26,
      "model": "그레고르",
      "content": "我們……我們不願再繼續被奴役！"
    },
    {
      "id": 27,
      "model": "그레고르",
      "content": "他們的暴行……簡直是……令人髮指！不僅把我們囚禁在這裡，還逼迫我們不斷勞動！"
    },
    {
      "id": 28,
      "model": "그레고르",
      "content": "來吧諸位……來跟我一起反抗……打倒這些壓迫者吧！上啊，唔噢噢噢噢！！"
    },
    {
      "id": 29,
      "model": "단테",
      "content": "<……>"
    },
    {
      "id": 30,
      "model": "노예",
      "teller": "負債累累的人質",
      "content": "……"
    },
    {
      "id": 31,
      "model": "각잡힌카지노경호원",
      "teller": "穿戴整齊的警衛",
      "title": "J公司 賭場",
      "content": "……"
    },
    {
      "id": 32,
      "model": "히스클리프",
      "content": "這人在搞什麼？"
    },
    {
      "id": 33,
      "model": "뫼르소",
      "content": "政治宣傳。可惜沒什麼效果。"
    },
    {
      "id": 34,
      "model": "로쟈",
      "content": "格雷格……那些人啊……一直都過著蟲子一樣的生活，不是吃掉弱者，就是被強者吃掉。"
    },
    {
      "id": 35,
      "model": "로쟈",
      "content": "你不會是覺得只用這種半吊子的演講，就能喚醒他們的革命精神吧？"
    },
    {
      "id": 36,
      "model": "오티스",
      "content": "……下次進行煽動作戰之前，記得事先磨練自己的演技。"
    },
    {
      "id": 37,
      "model": "로쟈",
      "content": "格雷格……你是這輩子都沒演過戲嗎？"
    },
    {
      "id": 38,
      "model": "그레고르",
      "content": "別說了，我自己也知道丟臉……"
    },
    {
      "id": 39,
      "content": "格里高爾拙劣到一塌糊塗的演技，恐怕連警衛都無法忍受。"
    },
    {
      "id": 40,
      "content": "要不然，他也不會“啪”地一下把緊閉著的鐵籠給打開了。"
    }
  ]
}