{
  "dataList": [
    {
      "id": 0,
      "place": "賭場地下礦山 2層",
      "model": "뫼르소",
      "content": "那個集裝箱，通體都由色彩斑斕、形態各異且閃閃發光的塑料製成……"
    },
    {
      "id": 1,
      "model": "뫼르소",
      "content": "用料如此奇怪，很難將其與工廠裡的普通設施聯想在一起。"
    },
    {
      "id": 2,
      "content": "默爾索話音剛落，色彩斑斕到可怕的集裝箱就一邊放出歡樂的歌曲，一邊運轉起來。"
    },
    {
      "id": 3,
      "model": "싱클레어",
      "content": "我有種不詳的預感……"
    },
    {
      "id": 4,
      "model": "싱클레어",
      "content": "為什麼我們在這層連一個警衛都沒見過？"
    },
    {
      "id": 5,
      "content": "剛“嗯……”出聲來，我們就立即知道了答案。"
    },
    {
      "id": 6,
      "content": "停止運作的集裝箱打開了門，而在那之中是……"
    },
    {
      "id": 7,
      "model": "너맞아볼래매우",
      "teller": "你，在討打嗎？",
      "title": "你變強了嗎",
      "content": "啊、啊。"
    },
    {
      "id": 8,
      "model": "너맞아볼래매우",
      "teller": "你，在討打嗎？",
      "title": "你變強了嗎",
      "content": "好開心！！！"
    },
    {
      "id": 9,
      "model": "너맞아볼래매우",
      "teller": "你，在討打嗎？",
      "title": "你變強了嗎",
      "content": "啊~"
    },
    {
      "id": 10,
      "model": "너맞아볼래매우",
      "teller": "你，在討打嗎？",
      "title": "你變強了嗎",
      "content": "好高興！！！"
    },
    {
      "id": 11,
      "model": "너맞아볼래매우",
      "teller": "你，在討打嗎？",
      "title": "你變強了嗎",
      "content": "死・亡・遊・戲！"
    },
    {
      "id": 12,
      "model": "파우스트",
      "content": "……"
    },
    {
      "id": 13,
      "model": "너맞아볼래매우",
      "teller": "你，在討打嗎？",
      "title": "你變強了嗎",
      "content": "嘶。"
    },
    {
      "id": 14,
      "model": "너맞아볼래매우",
      "teller": "你，在討打嗎？",
      "title": "你變強了嗎",
      "content": "嘶！！"
    },
    {
      "id": 15,
      "model": "너맞아볼래매우",
      "teller": "你，在討打嗎？",
      "title": "你變強了嗎",
      "content": "嘶！！！！嘶！！！！嘶！！！！"
    },
    {
      "id": 16,
      "model": "파우스트",
      "content": "嗯……看來從這個區域開始，挖掘工作就已經需要相較於之前幾倍的勞動力了。"
    },
    {
      "id": 17,
      "model": "파우스트",
      "content": "除此之外，我也想不到其他需要生產大量改造人的理由了……"
    },
    {
      "id": 18,
      "model": "단테",
      "content": "<知道了，啊這，我們還是趕緊跑吧！那群傢伙現在都開始朝著我們唱那首詭異的歌了！>"
    }
  ]
}