{
  "dataList": [
    {
      "id": 0,
      "place": "沉眠著鄰里的冰霜城堡",
      "content": "呈現在我們眼前的是一座巨大的冰之城堡，與看上去堅不可摧的冰塊。"
    },
    {
      "id": 1,
      "content": "然後就在那裡，"
    },
    {
      "id": 2,
      "content": "一個有著冰一樣透明頭髮的人在等著我們。"
    },
    {
      "id": 3,
      "model": "소냐",
      "teller": "索尼亞",
      "title": "聖愚",
      "content": "我常常會在思緒混亂的時候來這裡。雖說沒有你喜歡的安樂椅和威士忌……"
    },
    {
      "id": 4,
      "model": "소냐",
      "teller": "索尼亞",
      "title": "聖愚",
      "content": "在這裡，即使外套穿得再嚴實，寒冷也會透徹入骨。這讓我的思想變得更加清楚。"
    },
    {
      "id": 5,
      "content": "我們像是被寒氣凍結了一樣凝視著他，而羅佳慢慢地走到他的面前。"
    },
    {
      "id": 6,
      "model": "로쟈",
      "content": "沒想到你先來了。"
    },
    {
      "id": 7,
      "model": "소냐",
      "teller": "索尼亞",
      "title": "聖愚",
      "content": "我和隊員們早就知道這裡有捷徑可走。"
    },
    {
      "id": 8,
      "model": "소냐",
      "teller": "索尼亞",
      "title": "聖愚",
      "content": "是走了這個地區的後門才得到的情報。這一切都是為了找到埋藏與此的巨大力量，來實現我們的偉大理想。"
    },
    {
      "id": 9,
      "model": "소냐",
      "teller": "索尼亞",
      "title": "聖愚",
      "content": "雖說如此，這裡……也只是接近金枝所在的位置，之後的路我們也沒有頭緒了。"
    },
    {
      "id": 10,
      "model": "로쟈",
      "content": "我本以為你會一直窩在25區，但看到你現在甚至幹著犯罪團伙一樣的勾當——我就覺得，你要是永遠閉門不出該多好。"
    },
    {
      "id": 11,
      "model": "로쟈",
      "content": "索尼亞。拜你所賜，連那些無辜小販們的錢也全都被搶走了。"
    },
    {
      "id": 12,
      "model": "소냐",
      "teller": "索尼亞",
      "title": "聖愚",
      "content": "……你知道嗎，羅佳？這裡本來只是個生了很多冰，有點奇怪的地方而已。"
    },
    {
      "id": 13,
      "model": "소냐",
      "teller": "索尼亞",
      "title": "聖愚",
      "content": "但是看看這個。現在這裡變成了巨大的城堡，被堅硬的冰柱所覆蓋。"
    },
    {
      "id": 14,
      "model": "소냐",
      "teller": "索尼亞",
      "title": "聖愚",
      "content": "從你剛剛邁入這裡的瞬間開始。"
    },
    {
      "id": 15,
      "model": "로쟈",
      "content": "……那口氣簡直就像知道我來了就會改變一樣。你怎麼知道的？"
    },
    {
      "id": 16,
      "model": "소냐",
      "teller": "索尼亞",
      "title": "聖愚",
      "content": "信息的來源有很多…但你沒必要知道，羅佳。"
    },
    {
      "id": 17,
      "model": "로쟈",
      "content": "可話說回來，你憑什麼能斷言這是我的原因呢？我可不是什麼在後巷到處閒逛的巫師。"
    },
    {
      "id": 18,
      "model": "소냐",
      "teller": "索尼亞",
      "title": "聖愚",
      "content": "沒什麼難的。只是看看他們在冰中沉眠的的臉就能明白。"
    },
    {
      "id": 19,
      "model": "소냐",
      "teller": "索尼亞",
      "title": "聖愚",
      "content": "瞧瞧吧。這些不正是你愛著的，但同時在心底裡俯視著的那些人的臉嗎？"
    },
    {
      "id": 20,
      "teller": "缺德的掠奪稅金者",
      "title": "25區",
      "content": "25萬眼。"
    },
    {
      "id": 21,
      "teller": "居民",
      "title": "25區",
      "content": "這個就只值那麼一點點嗎?不可能啊……"
    },
    {
      "id": 22,
      "teller": "缺德的掠奪稅金者",
      "title": "25區",
      "content": "怎麼不可能？這太舊了，傷痕又多，又沒有光澤。"
    },
    {
      "id": 23,
      "teller": "缺德的掠奪稅金者",
      "title": "25區",
      "content": "說實話，放別的地方連20萬都不會出。"
    },
{
      "id": 24,
      "teller": "缺德的掠奪稅金者",
      "title": "25區",
      "content": "剩下的……全是沒用的垃圾。"
    },
    {
      "id": 25,
      "teller": "缺德的掠奪稅金者",
      "title": "25區",
      "content": "這樣該交的稅金總共是40萬眼。"
    },
    {
      "id": 26,
      "model": "로쟈",
      "content": "為什麼那些窮苦的人，越是努力，就越是身無分文呢？"
    },
    {
      "id": 27,
      "model": "로쟈",
      "content": "真是太可笑了。當舖老闆的保險櫃裡錢越積越多，"
    },
    {
      "id": 28,
      "model": "로쟈",
      "content": "而我的鄰居們連思考都被放在天平上，被當作物品一樣估價。"
    },
    {
      "id": 29,
      "model": "로쟈",
      "content": "索尼亞總是在用那些深奧的語言，把人們聚集在一起。"
    },
    {
      "id": 30,
      "model": "로쟈",
      "content": "他們建立了名為“聖愚”的組織。"
    },
    {
      "id": 31,
      "model": "로쟈",
      "content": "一開始還好。就連腦子最不清醒的傢伙也被索尼亞的話迷住了，開始幫助後巷裡的窮人。"
    },
    {
      "id": 32,
      "model": "로쟈",
      "content": "但是，索尼亞露出了有什麼還不足夠的表情。"
    },
    {
      "id": 33,
      "model": "로쟈",
      "content": "結果，聖愚再也不在外面幫助別人，而是變成了只在書桌上，熱衷於苦惱如何改變後巷和巢的集體。"
    },
    {
      "id": 34,
      "model": "로쟈",
      "content": "所以我決定離開他們。"
    },
    {
      "id": 35,
      "model": "로쟈",
      "content": "因為只靠紙上談兵，不能讓餓肚子的鄰居得到食物！"
    },
    {
      "id": 36,
      "model": "소냐",
      "teller": "索尼亞",
      "title": "聖愚",
      "content": "但是我已經說過很多次了吧，羅佳。我們應該等待時機。"
    },
    {
      "id": 37,
      "model": "로쟈",
      "content": "索尼亞，不好意思，但那個“時機”……"
    },
    {
      "id": 38,
      "model": "로쟈",
      "content": "在聖愚裡最小的孩子……小伊凡撿起剩菜剩飯吃，"
    },
    {
      "id": 39,
      "model": "로쟈",
      "content": "氣道堵塞死了之後，也沒有到來。"
    },
    {
      "id": 40,
      "model": "소냐",
      "teller": "索尼亞",
      "title": "聖愚",
      "content": "為了大事，更大的力量和更詳細的政策是必要的。都是為了實現財富的再分配。"
    },
    {
      "id": 41,
      "model": "소냐",
      "teller": "索尼亞",
      "title": "聖愚",
      "content": "並且朝著那樣的方向前進的時候，個人層次的小小噪音也是不可避免的。"
    },
    {
      "id": 42,
      "model": "로쟈",
      "content": "個人層次？我們本來就是為了幫助每一個人才開始努力的吧！"
    },
    {
      "id": 43,
      "model": "로쟈",
      "content": "你所做的，與聖愚所做的，和我所希望的方向不符。"
    },
    {
      "id": 44,
      "model": "소냐",
      "teller": "索尼亞",
      "title": "聖愚",
      "content": "所以決心直接出手嗎？"
    },
    {
      "id": 45,
      "model": "로쟈",
      "content": "當然。我們的城鎮需要的……"
    },
    {
      "id": 46,
      "model": "로쟈",
      "content": "不是放手等待那個不知道何時到來的時刻，"
    },
    {
      "id": 47,
      "model": "로쟈",
      "content": "而是能毫不猶豫地抓住擺在眼前的斧頭的人。"
    },
    {
      "id": 48,
      "model": "로쟈",
      "content": "那天，大多數鄰居都應該餓了整整四天了。"
    },
    {
      "id": 49,
      "model": "로쟈",
      "content": "即便如此，風還是毫不留情地尖嘯著，毫不留情地刮著飢餓的人們裂開的皮膚。"
    },
    {
      "id": 50,
      "model": "로쟈",
      "content": "而我知道有一個存了一大筆錢的保險箱，能請鄰居們吃上三天三夜，也不會看出錢少了多少。"
    },
    {
      "id": 51,
      "model": "소냐",
      "teller": "索尼亞",
      "title": "聖愚",
      "content": "那麼，你怎麼做了？"
    },
    {
      "id": 52,
      "model": "로쟈",
      "content": "……等等。我不能就此結束嗎？"
    },
    {
      "id": 53,
      "model": "소냐",
      "teller": "索尼亞",
      "title": "聖愚",
      "content": "這裡是在金枝的共鳴之下，為你而生的一種告解室。"
    },
    {
      "id": 54,
      "model": "소냐",
      "teller": "索尼亞",
      "title": "聖愚",
      "content": "而告解室是為了罪人的懺悔而誕生的地方。"
    },
    {
      "id": 55,
      "teller": "缺德的掠奪稅金者",
      "title": "25區",
      "content": "……………………"
    },
{
      "id": 56,
      "model": "로쟈",
      "content": "如果那個老女人最後能洗心革面的話……"
    },
    {
      "id": 57,
      "model": "소냐",
      "teller": "索尼亞",
      "title": "聖愚",
      "content": "但是羅佳……"
    },
    {
      "id": 58,
      "model": "소냐",
      "teller": "索尼亞",
      "title": "聖愚",
      "content": "一個一輩子都在對鄰居進行掠奪的老婆婆，"
    },
    {
      "id": 59,
      "model": "소냐",
      "teller": "索尼亞",
      "title": "聖愚",
      "content": "並不會突然成為包容一切，拿出自己錢的好人，這點你應該知道吧。"
    },
    {
      "id": 60,
      "model": "소냐",
      "teller": "索尼亞",
      "title": "聖愚",
      "content": "知道的話，你也不會從邊上拿起斧頭什麼的上前去吧。"
    },
    {
      "id": 61,
      "teller": " 缺德的掠奪稅金者",
      "title": "25區",
      "content": "可憐的羅佳，你或許是誤會了自己也能成為很棒的救世主……"
    },
    {
      "id": 62,
      "teller": " 缺德的掠奪稅金者",
      "title": "25區",
      "content": "但即使那樣堂堂正正地拿走我的錢，也不會改變什麼的。"
    },
    {
      "id": 63,
      "teller": " 缺德的掠奪稅金者",
      "title": "25區",
      "content": "你們也和那些後巷裡的乞丐沒什麼兩樣，不過是蛀蟲罷了。"
    },
    {
      "id": 64,
      "model": "로쟈",
      "content": "對。"
    },
    {
      "id": 65,
      "model": "로쟈",
      "content": "劈開她的腦袋的是我。"
    },
    {
      "id": 66,
      "model": "로쟈",
      "content": "像剖開金鵝的肚子一樣，把阿廖娜的頭蓋骨漂亮地打碎了。"
    },
    {
      "id": 67,
      "model": "로쟈",
      "content": "畢竟這是必須有人做的事情。是吧? "
    },
    {
      "id": 68,
      "model": "로쟈",
      "content": "金鵝不過是一個蠢蛋因為慾望而斷送機會的寓言故事，"
    },
{
      "id": 69,
      "model": "로쟈",
      "content": "可我們卻是一群可憐的人，餓得連吃掉她的大腦都無法釋懷。"
    },
    {
      "id": 70,
      "model": "로쟈",
      "content": "何況在它的肚子裡，確實塞滿了金蛋。"
    },
    {
      "id": 71,
      "model": "소냐",
      "teller": "索尼亞",
      "title": "聖愚",
      "content": "對，那個老婆婆是在25區擁有很大權力的收稅人。"
    },
    {
      "id": 72,
      "model": "소냐",
      "teller": "索尼亞",
      "title": "聖愚",
      "content": "但是之所以她能那麼大搖大擺地走下去……是因為她的弟弟是“中指”的成員。"
    },
    {
      "id": 73,
      "model": "로쟈",
      "content": "我…為了救即將餓死的鄰居揮下斧頭。這有錯嗎？"
    },
    {
      "id": 74,
      "model": "소냐",
      "teller": "索尼亞",
      "title": "聖愚",
      "content": "不，你是為了自己而揮下的。"
    },
    {
      "id": 75,
      "model": "소냐",
      "teller": "索尼亞",
      "title": "聖愚",
      "content": "你只是沒能忍受，自己不過是平凡的人這個事實。"
    },
    {
      "id": 76,
      "model": "소냐",
      "teller": "索尼亞",
      "title": "聖愚",
      "content": "你知道嗎？中指呢……絕不會忘記對自己的家人出手的那些傢伙。"
    },
    {
      "id": 77,
      "model": "소냐",
      "teller": "索尼亞",
      "title": "聖愚",
      "content": "對他們來說，“誰”做的不重要，對自己人動手的話“會變成怎樣”更重要。"
    },
    {
      "id": 78,
      "model": "소냐",
      "teller": "索尼亞",
      "title": "聖愚",
      "content": "第一次咀嚼著上等肉的，喜悅的後巷居民，就這樣變成了屍體，像塔一樣堆積起來。"
    },
    {
      "id": 79,
      "model": "소냐",
      "teller": "索尼亞",
      "title": "聖愚",
      "content": "就像賭場外面堆的那座車塔一樣。"
    },
    {
      "id": 80,
      "model": "소냐",
      "teller": "索尼亞",
      "title": "聖愚",
      "content": "我知道你從那天以來，度過了多麼痛苦的，被罪惡感折磨的日子。"
    },
    {
      "id": 81,
      "model": "소냐",
      "teller": "索尼亞",
      "title": "聖愚",
      "content": "意識到了自己和那個愚蠢的農夫其實沒什麼區別。"
    },
{
      "id": 82,
      "model": "로쟈",
      "content": "從那天起……我再也感覺不到任何東西，完全的屬於自己了。"
    },
    {
      "id": 83,
      "model": "로쟈",
      "content": "全都怪我……"
    },
    {
      "id": 84,
      "model": "소냐",
      "teller": "索尼亞",
      "title": "聖愚",
      "content": "沒關係的，羅佳。"
    },
    {
      "id": 85,
      "model": "소냐",
      "teller": "索尼亞",
      "title": "聖愚",
      "content": "羅佳，如你所見。"
    },
    {
      "id": 86,
      "model": "소냐",
      "teller": "索尼亞",
      "title": "聖愚",
      "content": "為了改變世界，我尋找了數千本書，數萬份文件……"
    },
    {
      "id": 87,
      "model": "소냐",
      "teller": "索尼亞",
      "title": "聖愚",
      "content": "也在都市的各處遇見了各種各樣的人。"
    },
    {
      "id": 88,
      "model": "소냐",
      "teller": "索尼亞",
      "title": "聖愚",
      "content": "描繪著一個擺脫了統治階級的剝削者，被壓迫者們終於能得到真正的解放的世界。"
    },
    {
      "id": 89,
      "model": "소냐",
      "teller": "索尼亞",
      "title": "聖愚",
      "content": "都是為了創造那個世界。"
    },
    {
      "id": 90,
      "model": "소냐",
      "teller": "索尼亞",
      "title": "聖愚",
      "content": "但是，答案並不是“改變”。已經寫錯的那一頁是永遠也回不去的。"
    },
    {
      "id": 91,
      "model": "소냐",
      "teller": "索尼亞",
      "title": "聖愚",
      "content": "好好看看。這就是你和我所能達到的世界。"
    },
    {
      "id": 92,
      "model": "소냐",
      "teller": "索尼亞",
      "title": "聖愚",
      "content": "通過與你共鳴的金枝來產生的……那樣的世界。"
    },
    {
      "id": 93,
      "model": "소냐",
      "teller": "索尼亞",
      "title": "聖愚",
      "content": "這片土地上沒有一個人餓肚子。"
    },
    {
      "id": 94,
      "model": "소냐",
      "teller": "索尼亞",
      "title": "聖愚",
      "content": "任何人都有權利追求精神上和知識上的快樂。"
    },
    {
      "id": 95,
      "model": "소냐",
      "teller": "索尼亞",
      "title": "聖愚",
      "content": "……如果和我一起的話，我會把那個世界送給你。"
    },
    {
      "id": 96,
      "model": "소냐",
      "teller": "索尼亞",
      "title": "聖愚",
      "content": "就好像從一開始什麼都沒有發生一樣。"
    },
    {
      "id": 97,
      "model": "로쟈",
      "content": "啊。"
    },
    {
      "id": 98,
      "model": "로쟈",
      "content": "誰能理解呢？"
    },
    {
      "id": 99,
      "model": "로쟈",
      "content": "即便只是短短一瞬，感受到的那個世界也如夢般美好。"
    },
    {
      "id": 100,
      "model": "로쟈",
      "content": "即便只是轉瞬即逝，也絲毫不想忘記那個瞬間。"
    },
    {
      "id": 101,
      "model": "로쟈",
      "content": "若這是夢，我寧願自己成為夢的一部分，這樣便不用再醒來。"
    },
    {
      "id": 102,
      "model": "로쟈",
      "content": "儘管如此……"
    },
    {
      "id": 103,
      "model": "로쟈",
      "content": "抱歉，儘管如此我還是拒絕。"
    },
    {
      "id": 104,
      "model": "로쟈",
      "content": "為什麼呢……"
    },
    {
      "id": 105,
      "model": "로쟈",
      "content": "我還不想變得暖起來。一定要在這寒冷的天氣裡再抖一抖才行啊。"
    },
    {
      "id": 106,
      "model": "로쟈",
      "content": "什麼時候才能變暖呢，我想，在尋找到那個答案之前還得待在這裡。"
    },
    {
      "id": 107,
      "model": "로쟈",
      "content": "然后索尼亞……"
    },
    {
      "id": 108,
      "model": "로쟈",
      "content": "你一開始就知道我忍受不了，會想要去收拾阿廖娜，對吧？"
    },
    {
      "id": 109,
      "model": "소냐",
      "teller": "索尼亞",
      "title": "聖愚",
      "content": "……"
    },
    {
      "id": 110,
      "model": "소냐",
      "teller": "索尼亞",
      "title": "聖愚",
      "content": "羅佳，你還很難理解吧，你沒有標誌。"
    },
{
      "id": 111,
      "model": "소냐",
      "teller": "索尼亞",
      "title": "聖愚",
      "content": "我一直期待著你會有，不過，反而從你的朋友們身上看到些許呢。"
    },
    {
      "id": 112,
      "model": "로쟈",
      "content": "標誌？什麼意思……"
    },
    {
      "id": 113,
      "model": "소냐",
      "teller": "索尼亞",
      "title": "聖愚",
      "content": "而且你連標誌都看不見。也就是說……這意味著你沒有力量去領導別人。"
    },
    {
      "id": 114,
      "model": "소냐",
      "teller": "索尼亞",
      "title": "聖愚",
      "content": "但是我不一樣。所以為了更好的世界……"
    },
    {
      "id": 115,
      "model": "로쟈",
      "content": "是是。你在堆滿書的桌子前也說過類似的話。"
    },
    {
      "id": 116,
      "model": "로쟈",
      "content": "……所以我和你不是一路人。"
    },
    {
      "id": 117,
      "model": "로쟈",
      "content": "因為書桌上所說的空話，果然還是不能填飽鄰居們的肚子。"
    },
    {
      "id": 118,
      "model": "로쟈",
      "content": "何況你也明白的吧……"
    },
    {
      "id": 119,
      "model": "로쟈",
      "content": "像我這樣的混蛋又怎麼會向別人低頭呢？啊哈哈！"
    },
    {
      "id": 120,
      "model": "소냐",
      "teller": "索尼亞",
      "title": "聖愚",
      "content": "……"
    },
    {
      "id": 121,
      "model": "소냐",
      "teller": "索尼亞",
      "title": "聖愚",
      "content": "金枝就在那座城堡裡，羅佳。"
    },
    {
      "id": 122,
      "model": "소냐",
      "teller": "索尼亞",
      "title": "聖愚",
      "content": "願你平安找到你想要的東西。"
    },
    {
      "id": 123,
      "content": "就這樣我們從索尼亞身邊經過，走進了他所指的冰之城堡。"
    }
  ]
}