{
  "dataList": [
    {
      "id": 0,
      "place": "賭場地下礦山 1層",
      "model": "각잡힌카지노경호원",
      "teller": "穿戴整齊的警衛",
      "title": "J公司 賭場",
      "content": "等、等等……那些傢伙為什麼會往我這走？停下！快停下！"
    },
    {
      "id": 1,
      "model": "각잡힌카지노경호원",
      "teller": "穿戴整齊的警衛",
      "title": "J公司 賭場",
      "content": "快、快把這些怪物趕走！快！"
    },
    {
      "id": 2,
      "model": "노예",
      "teller": "負債累累的人質",
      "title": "J公司 賭場",
      "content": "……四千七百九十……"
    },
    {
      "id": 3,
      "content": "人質們默不作聲地繼續揮著還得揮動四千七百九十萬餘次的鶴嘴鋤。"
    },
    {
      "id": 4,
      "content": "我們則趁著這間隙往下層跑去。"
    },
    {
      "id": 5,
      "model": "그레고르",
      "content": "從結果上來說，那些人質還是幫了我們。"
    },
    {
      "id": 6,
      "model": "로쟈",
      "content": "偶然罷了。"
    },
    {
      "id": 7,
      "content": "羅佳冷著臉回答。"
    }
  ]
}