{
  "dataList": [
    {
      "id": 0,
      "place": "沉眠著鄰里的冰霜城堡",
      "model": "이스마엘",
      "content": "出口在那邊！"
    },
    {
      "id": 1,
      "model": "히스클리프",
      "content": "啊，這幫傢伙真難纏。"
    },
    {
      "id": 2,
      "model": "단테",
      "content": "<在我們離開前得想個辦法分散他們的注意力……>"
    },
    {
      "id": 3,
      "model": "료슈",
      "content": "反正你能讓我們起死回生，為什麼不把我們其中一個扔過去呢？"
    },
    {
      "id": 4,
      "model": "싱클레어",
      "content": "你為什麼看著我這麼說？！"
    },
    {
      "id": 5,
      "model": "단테",
      "content": "<……等等，看那兒……>"
    },
    {
      "id": 6,
      "model": "소냐",
      "teller": "索尼亞",
      "title": "聖愚",
      "content": "交給我吧。"
    },
    {
      "id": 7,
      "model": "로쟈",
      "content": "索尼亞？！你在搞什麼名堂？"
    },
{
      "id": 8,
      "model": "단테",
      "content": "<羅佳！這是什麼話？我們現在有必要接受一切能得到的幫助！>"
    },
    {
      "id": 9,
      "model": "로쟈",
      "content": "我曾見過一些人提供無償幫助，但他們通常別有用心。"
    },
    {
      "id": 10,
      "model": "소냐",
      "teller": "索尼亞",
      "title": "聖愚",
      "content": "……"
    },
    {
      "id": 11,
      "model": "소냐",
      "teller": "索尼亞",
      "title": "聖愚",
      "content": "就像那天你不由自主地揮動了自己的那把斧頭一樣。"
    },
    {
      "id": 12,
      "model": "소냐",
      "teller": "索尼亞",
      "title": "聖愚",
      "content": "我發現或許我也有種相似的……無法解釋的衝動驅使著我。"
    },
    {
      "id": 13,
      "model": "소냐",
      "teller": "索尼亞",
      "title": "聖愚",
      "content": "但丁，我相信你們的組織也正在靠自己的力量努力創造一個更加美好的世界，對嗎？"
    },
    {
      "id": 14,
      "model": "단테",
      "content": "<我……嗯？>"
    },
    {
      "id": 15,
      "content": "更美好的世界到底是什麼樣的呢？"
    },
    {
      "id": 16,
      "content": "我第一次察覺到，自己好像從來都沒有問過邊獄公司的目的是什麼。"
    },
    {
      "id": 17,
      "content": "謝天謝地，我腦海中的想法沒有被索尼亞察覺，他把我沒有回應當作是肯定。"
    },
    {
      "id": 18,
      "model": "소냐",
      "teller": "索尼亞",
      "title": "聖愚",
      "content": "沉默有時能說明很多種情況，這次我就當它是積極的一面吧。"
    },
    {
      "id": 19,
      "model": "소냐",
      "teller": "索尼亞",
      "title": "聖愚",
      "content": "還有一件事……那孩子很快也會來找你的。"
    },
    {
      "id": 20,
      "model": "단테",
      "content": "<孩子？>"
    },
    {
      "id": 21,
      "model": "싱클레어",
      "content": "嗯？"
    },
    {
      "id": 22,
      "model": "싱클레어",
      "content": "啊……抱歉。我肯定是看錯了。我覺得有一瞬間我看到他的額頭上好像有什麼東西。"
    },
    {
      "id": 23,
      "model": "소냐",
      "teller": "索尼亞",
      "title": "聖愚",
      "content": "是的，我是指那個給你留下深刻印象的男孩。我想，這應該會是一次感人的重聚吧。"
    },
    {
      "id": 24,
      "content": "索尼亞用下巴示意了一下後面的東西。"
    },
    {
      "id": 25,
      "content": "落下的冰塊間閃爍著微弱的光，散發出了獨特的光芒……"
    },
    {
      "id": 26,
      "model": "단테",
      "content": "<金枝……>"
    },
    {
      "id": 27
    },
    {
      "id": 28,
      "model": "소냐",
      "teller": "索尼亞",
      "title": "聖愚",
      "content": "不過，下次見面時別指望我還會有這種善意的衝動。"
    },
{
      "id": 29,
      "model": "소냐",
      "teller": "索尼亞",
      "title": "聖愚",
      "content": "如果有一條通往眾人繁榮的路清晰地展現在我的眼前，我會毫不猶豫的走向這條道路。"
    },
    {
      "id": 30,
      "content": "在索尼亞給我們留下了一條神秘訊息後，聖愚成員開始陸陸續續地現身。"
    },
    {
      "id": 31,
      "content": "好吧……這可能是個說出諸如：“我不會忘記你的！ ”之類的感人告別的好時機。"
    },
    {
      "id": 32,
      "content": "……然後我看到羅佳第一個衝向了出口。"
    },
    {
      "id": 33,
      "model": "이상",
      "content": "羅佳，你不擔心嗎？"
    },
    {
      "id": 34,
      "model": "로쟈",
      "content": "擔心什麼？"
    },
    {
      "id": 35,
      "model": "이상",
      "content": "儘管你們的理念不合，他仍是你的朋友。"
    },
    {
      "id": 36,
      "model": "로쟈",
      "content": "啊，他啊~嗯，他是個聰明人，所以我敢肯定，活下去之類的事情，他肯定能找到辦法的。"
    },
    {
      "id": 37,
      "model": "이상",
      "content": "……這還真是一種理想的友誼形式。"
    },
    {
      "id": 38,
      "content": "一段時間後……"
    },
    {
      "id": 39,
      "content": "儘管我累極了，維吉里烏斯還是用他那凶狠的目光凝視著我，讓我給他一個簡短的關於我們今天經歷的口頭報告。"
    },
    {
      "id": 40,
      "place": "梅菲斯托費勒斯 內部",
      "model": "베르길리우스",
      "content": "……我明白了，這就是你的經歷，不過，有一件事我不明白。"
    },
    {
      "id": 41,
      "model": "베르길리우스",
      "content": "這個人……索尼亞，是吧？他在最後時刻的行為似乎與他告訴你的信念相悖。"
    },
    {
      "id": 42,
      "model": "베르길리우스",
      "content": "所以說我們應該仔細審視他的真實意圖……"
    },
    {
      "id": 43,
      "model": "로쟈",
      "content": "嘿，等等，等等！！！"
    },
    {
      "id": 44,
      "model": "로쟈",
      "content": "先是李箱，然後現在又是你？為什麼每個人都比我還關心索尼亞？起碼我們已經得到了金枝了。"
    },
    {
      "id": 45,
      "model": "로쟈",
      "content": "順帶一提……大夥來看看這個吧~"
    },
    {
      "id": 46,
      "content": "羅佳從口袋裡撒出一堆五顏六色的賭博籌碼。"
    },
    {
      "id": 47,
      "model": "로쟈",
      "content": "我們可以用這些寶貝在任何一家賭場換取現金，所以我們應該順道拜訪一家才是。"
    },
    {
      "id": 48,
      "model": "로쟈",
      "content": "我是趁著我們經理的頭獎讓地上琳瑯滿目時，把它們收集起來的。"
    },
    {
      "id": 49,
      "model": "단테",
      "content": "<在一片混亂中你還想著奪走那些東西，實在讓我印象深刻。>"
    },
    {
      "id": 50,
      "model": "로쟈",
      "content": "怎樣，維吉？ 你覺得來塊優質多汁的里脊牛排來慶祝我們今天的大獲全勝如何？"
    },
    {
      "id": 51,
      "model": "베르길리우스",
      "content": "……你怎麼想，卡戎？"
    },
    {
      "id": 52,
      "model": "카론",
      "content": "……呣。"
    },
    {
      "id": 53,
      "model": "카론",
      "content": "看來梅菲也想要，新鮮、多汁的肉。"
    },
    {
      "id": 54,
      "model": "그레고르",
      "content": "額，這麼多可以提起的人你偏偏……"
    },
    {
      "id": 55,
      "model": "베르길리우스",
      "content": "行。那麼，我會讓羅佳給我們選一家位於10區的餐廳。"
    },
    {
      "id": 56,
      "model": "카론",
      "content": "好的。布隆布隆。"
    },
    {
      "id": 57,
      "model": "로쟈",
      "content": "也稍微近點人情了嘛，維吉。"
    },
    {
      "id": 58,
      "model": "로쟈",
      "content": "經歷了這麼多以後……"
    },
    {
      "id": 59,
      "content": "在她的笑容之下，羅佳的眼睛因悲傷而顫抖，但她很快就好像什麼也沒發生過似的，用一種愉快的偽裝掩飾了這一點。"
    },
    {
      "id": 60,
      "model": "로쟈",
      "content": "我也變厲害了點吧？"
    },
    {
      "id": 61
    },
    {
      "id": 62,
      "place": "後巷某處",
      "model": "헤르만",
      "teller": "赫爾曼",
      "title": "N公司",
      "content": "令人印象深刻啊，聖愚。"
    },
    {
      "id": 63,
      "model": "헤르만",
      "teller": "赫爾曼",
      "title": "N公司",
      "content": "你們不僅設法清除掉了大量的敵人……"
    },
    {
      "id": 64,
      "model": "헤르만",
      "teller": "赫爾曼",
      "title": "N公司",
      "content": "還花光了所有的錢。"
    },
    {
      "id": 65,
      "model": "소냐",
      "teller": "索尼亞",
      "title": "聖愚",
      "content": "你知道的，赫爾曼。我對錢沒有興趣。"
    },
    {
      "id": 66,
      "model": "헤르만",
      "teller": "赫爾曼",
      "title": "N公司",
      "content": "我得承認，你不像大多只有理論卻沒有實踐的理想主義者一樣。"
    },
    {
      "id": 67,
      "model": "헤르만",
      "teller": "赫爾曼",
      "title": "N公司",
      "content": "在這之前，要是你能帶著金枝來見我，我本來會稱讚你幾句的。"
    },
    {
      "id": 68,
      "model": "소냐",
      "teller": "索尼亞",
      "title": "聖愚",
      "content": "……我向羅佳展示了那個世界。"
    },
    {
      "id": 69,
      "model": "소냐",
      "teller": "索尼亞",
      "title": "聖愚",
      "content": "那個令我著迷的理想的現實。"
    },
    {
      "id": 70,
      "model": "소냐",
      "teller": "索尼亞",
      "title": "聖愚",
      "content": "但是……"
    },
    {
      "id": 71,
      "model": "헤르만",
      "teller": "赫爾曼",
      "title": "N公司",
      "content": "我猜這並沒有贏得她的芳心。"
    },
    {
      "id": 72,
      "model": "소냐",
      "teller": "索尼亞",
      "title": "聖愚",
      "content": "看來你所建議的方法歸根結底還是錯了啊，赫爾曼。"
    },
    {
      "id": 73,
      "model": "소냐",
      "teller": "索尼亞",
      "title": "聖愚",
      "content": "她不是那種別人說幾句就能改變心意的人。"
    },
    {
      "id": 74,
      "model": "헤르만",
      "teller": "赫爾曼",
      "title": "N公司",
      "content": "所以你覺得這件事……很遺憾嗎？"
    },
    {
      "id": 75,
      "model": "소냐",
      "teller": "索尼亞",
      "title": "聖愚",
      "content": "嗯……"
    },
{
      "id": 76,
      "model": "소냐",
      "teller": "索尼亞",
      "title": "聖愚",
      "content": "我可能多少會希望她能像過去那樣跟隨著我。"
    },
    {
      "id": 77,
      "model": "소냐",
      "teller": "索尼亞",
      "title": "聖愚",
      "content": "但還是算了吧，我覺得，當我發現她還是跟以前一模一樣時，我真的鬆了口氣。"
    },
    {
      "id": 78,
      "model": "소냐",
      "teller": "索尼亞",
      "title": "聖愚",
      "content": "羅佳並不想要一個沒有任何缺陷的完美世界。"
    },
    {
      "id": 79,
      "model": "소냐",
      "teller": "索尼亞",
      "title": "聖愚",
      "content": "相反，她可能會覺得……"
    },
    {
      "id": 80,
      "model": "소냐",
      "teller": "索尼亞",
      "title": "聖愚",
      "content": "生活在這樣的世界裡會很無聊，因為這樣就沒法證明她是特別的了。"
    },
    {
      "id": 81,
      "model": "소냐",
      "teller": "索尼亞",
      "title": "聖愚",
      "content": "這就是我對她的印象。"
    },
    {
      "id": 82,
      "model": "헤르만",
      "teller": "赫爾曼",
      "title": "N公司",
      "content": "我原以為她是一個有美德、原則不可動搖的人……"
    },
    {
      "id": 83,
      "model": "헤르만",
      "teller": "赫爾曼",
      "title": "N公司",
      "content": "但聽過這些以後，我覺得她和你一樣也是個夢想家，不是嗎？"
    },
    {
      "id": 84,
      "model": "소냐",
      "teller": "索尼亞",
      "title": "聖愚",
      "content": "我敢肯定她還有很長的路要走。"
    },
    {
      "id": 85,
      "model": "소냐",
      "teller": "索尼亞",
      "title": "聖愚",
      "content": "……不過，她不會想承認這一點的。"
    },
    {
      "id": 86,
      "model": "헤르만",
      "teller": "赫爾曼",
      "title": "N公司",
      "content": "我懂你的意思。我會記住這點，以便將來考慮我們的行動方針。"
    },
    {
      "id": 87,
      "model": "소냐",
      "teller": "索尼亞",
      "title": "聖愚",
      "content": "你不訓我幾句嗎？因為我沒能完成你交給我的工作。"
    },
    {
      "id": 88,
      "model": "헤르만",
      "teller": "赫爾曼",
      "title": "N公司",
      "content": "訓斥你也不會讓金枝從我們腳底下長出來吧？"
    },
    {
      "id": 89,
      "model": "헤르만",
      "teller": "赫爾曼",
      "title": "N公司",
      "content": "沒關係的，比起金枝現在在哪裡……"
    },
    {
      "id": 90,
      "model": "헤르만",
      "teller": "赫爾曼",
      "title": "N公司",
      "content": "更重要的是到最後誰能拿到整束金枝。"
    }
  ]
}