{
  "dataList": [
    {
      "id": 0,
      "model": "싱클레어",
      "content": "那天是聖誕夜，鎮上充滿了鐘聲與歡笑。"
    },
    {
      "id": 1,
      "model": "싱클레어",
      "content": "在聖夜的祝福下，我本打算以自己的方式向家人懺悔。"
    },
    {
      "id": 2,
      "model": "싱클레어",
      "content": "儘管我犯下了偷取地下室的鑰匙這種愚蠢的錯誤，但我還是想重新做回他們的模範好兒子。"
    },
    {
      "id": 3,
      "model": "싱클레어",
      "content": "在那期間，我備受煎熬，並恐懼不已。我切實領悟到了自己所在的世界究竟是多麼地和平，多麼地令人滿足。"
    },
    {
      "id": 4,
      "model": "싱클레어",
      "content": "這樣一來……雖然家人們最初應該會受到一點驚嚇，但肯定很快就會歡迎我回到那個樂園的吧。"
    },
    {
      "id": 5,
      "model": "싱클레어",
      "content": "一定，是這樣的吧。"
    },
    {
      "id": 6,
      "model": "싱클레어",
      "content": "但是。"
    },
    {
      "id": 7,
      "model": "싱클레어",
      "content": "嗯……？"
    },
    {
      "id": 8,
      "model": "싱클레어",
      "content": "平日裡，我一站到正門前就會聽見前來迎接我的機器狗的叫聲，但如今，這個家只是被寂靜的夜色包裹著。"
    },
{
      "id": 9,
      "model": "싱클레어",
      "content": "而後，出現在我面前的，是一個已然墜毀的樂園。"
    },
    {
      "id": 10,
      "teller": "姐姐",
      "title": "我親愛的家人",
      "content": "辛克萊……快……逃……"
    },
    {
      "id": 11,
      "teller": "父親",
      "title": "我親愛的家人",
      "content": "辛……辛克……辛，辛，xinxinxin……"
    },
    {
      "id": 12,
      "model": "싱클레어",
      "content": "有人重擊了我父親的頭部。"
    },
    {
      "id": 13,
      "model": "싱클레어",
      "content": "是某個穿著生鏽的銀色盔甲的可疑人物。"
    },
    {
      "id": 14,
      "teller": "？？？",
      "title": "記憶中的那人",
      "content": "不是人類的東西居然會因為仰慕人性而胡亂發散虛假的感情。"
    },
    {
      "id": 15,
      "model": "학생크로머",
      "teller": "克羅默",
      "title": "學生？",
      "content": "別在意，圭多。是這些不淨的玩意兒的生存本能在作怪。"
    },
    {
      "id": 16,
      "model": "학생크로머",
      "teller": "克羅默",
      "title": "學生？",
      "content": "不……應該說，只是害怕被關機嗎。哈哈！"
    },
    {
      "id": 17,
      "model": "싱클레어",
      "content": "機械的碎片，血，和肉飛濺到空中，而後散落到地上。"
    },
    {
      "id": 18,
      "model": "학생크로머",
      "teller": "克羅默",
      "title": "學生？",
      "content": "辛克萊！你來了呀！！！"
    },
    {
      "id": 19,
      "model": "싱클레어",
      "content": "啊……啊……"
    },
    {
      "id": 20,
      "model": "싱클레어",
      "content": "克羅默拿著一把沾滿血肉的錘子靠了過來。"
    },
    {
      "id": 21,
      "model": "학생크로머",
      "teller": "克羅默",
      "title": "學生？",
      "content": "啊，這個啊？"
    },
    {
      "id": 22,
      "model": "학생크로머",
      "teller": "克羅默",
      "title": "學生？",
      "content": "我啊，從很久以前開始，就無法忍受和那些骯髒的傢伙沾上一丁點關係。"
    },
    {
      "id": 23,
      "model": "학생크로머",
      "teller": "克羅默",
      "title": "學生？",
      "content": "畢竟，我是愛著人類的博愛主義者啊！"
    },
    {
      "id": 24,
      "model": "학생크로머",
      "teller": "克羅默",
      "title": "學生？",
      "content": "但，如果那些不淨的傢伙有了孩子的話……"
    },
    {
      "id": 25,
      "model": "학생크로머",
      "teller": "克羅默",
      "title": "學生？",
      "content": "我該怎麼處置你呢，辛克萊？嗯？"
    },
    {
      "id": 26,
      "model": "싱클레어",
      "content": "我的腿已經脫力很久了。"
    },
    {
      "id": 27,
      "model": "싱클레어",
      "content": "嘴也是。感覺全身上下器官都不聽使喚。"
    },
    {
      "id": 28,
      "model": "싱클레어",
      "content": "克羅默的腳就在我的眼前。但我卻無論如何也抬不起頭。或許是因為直到她離我這麼近，我才終於開始感到害怕。我緊緊地閉上了雙眼。"
    },
    {
      "id": 29,
      "model": "싱클레어",
      "content": "一想到沾有父母和姐姐被打碎的肉片的鐵鎚即將向我砸來，我就無法抑制住內心的恐懼。"
    },
    {
      "id": 30,
      "model": "싱클레어",
      "content": "……"
    },
    {
      "id": 31,
      "model": "싱클레어",
      "content": "然而，什麼都沒有發生。"
    },
    {
      "id": 32,
      "model": "싱클레어",
      "content": "感到不可思議的我，戰戰兢兢地睜開眼、抬起頭來。"
    },
    {
      "id": 33,
      "model": "싱클레어",
      "content": "克羅默正盯著我。"
    },
    {
      "id": 34,
      "model": "싱클레어",
      "content": "就像曾幾何時，我坐在課桌前，而她向我搭話、告訴我她的名字那樣，克羅默露出了一個完美的笑容。"
    },
    {
      "id": 35,
      "model": "학생크로머",
      "teller": "克羅默",
      "title": "學生？",
      "content": "但你是我的英雄呢，辛克萊。"
    },
    {
      "id": 36,
      "model": "싱클레어",
      "content": "說著，她伸手從我的校服口袋中取出了一枚硬幣。"
    },
    {
      "id": 37,
      "model": "싱클레어",
      "content": "是她塞給我的兩枚硬幣中的一枚。"
    },
    {
      "id": 38,
      "model": "학생크로머",
      "teller": "克羅默",
      "title": "學生？",
      "content": "從這一刻開始，你就抱著我在你記憶中留下的無法磨滅的恐懼……對周圍的一切都疑神疑鬼，惴惴不安地活下去吧。"
    },
    {
      "id": 39,
      "model": "싱클레어",
      "content": "嗚……嗚……"
    },
    {
      "id": 40,
      "model": "학생크로머",
      "teller": "克羅默",
      "title": "學生？",
      "content": "然後，等時機到了……我就會呼喚你的。"
    },
    {
      "id": 41,
      "model": "학생크로머",
      "teller": "克羅默",
      "title": "學生？",
      "content": "喂！把這個孩子搬到安全的地方去！誰敢對他出手，我絕饒不了他！"
    },
    {
      "id": 42,
      "model": "싱클레어",
      "content": "在不斷襲來的耳鳴聲，靴子聲，以及眩暈感中……"
    },
    {
      "id": 43,
      "model": "싱클레어",
      "content": "我就這樣失去了意識。"
    }
  ]
}