{
  "dataList": [
    {
      "id": 0,
      "place": "無邊無際的屍山",
      "content": "罪人們精疲力竭，有幾人似乎已經沒有了氣息"
    },
    {
      "id": 1,
      "content": "但是克羅默依舊張揚著她的笑容，\n那隻如同宣告著死亡的手，慢慢地伸向辛克萊大衣的內口袋。"
    },
    {
      "id": 2,
      "model": "피묻은크로머",
      "teller": "克羅默",
      "title": "釘與錘",
      "content": "來吧，時機已到。辛克萊。"
    },
    {
      "id": 3,
      "model": "피묻은크로머",
      "teller": "克羅默",
      "title": "釘與錘",
      "content": "第二枚硬幣……這最後的機會我就收回了。"
    },
    {
      "id": 4,
      "model": "싱클레어",
      "content": "為什麼你……要對我做這種事……"
    },
    {
      "id": 5,
      "model": "싱클레어",
      "content": "為什麼……偏偏是我……"
    },
    {
      "id": 6,
      "model": "피묻은크로머",
      "teller": "克羅默",
      "title": "釘與錘",
      "content": "辛克萊，知道我為什麼就這麼老實地將地下室的鑰匙還給了你嗎？"
    },
    {
      "id": 7,
      "model": "피묻은크로머",
      "teller": "克羅默",
      "title": "釘與錘",
      "content": "那個啊，既不是已經找到了鑰匙，也不是因為複制了鑰匙。"
    },
    {
      "id": 8,
      "model": "피묻은크로머",
      "teller": "克羅默",
      "title": "釘與錘",
      "content": "因為，你就是我的鑰匙啊。"
    },
    {
      "id": 9,
      "model": "피묻은크로머",
      "teller": "克羅默",
      "title": "釘與錘",
      "content": "我啊，可是知道某種能夠窺視無窮可能的未來的方法。"
    },
    {
      "id": 10,
      "model": "피묻은크로머",
      "teller": "克羅默",
      "title": "釘與錘",
      "content": "在這之中，我看到了與你一同在都市中漫步著將散落在各地的異端全部一掃而空的未來。"
    },
    {
      "id": 11,
      "model": "피묻은크로머",
      "teller": "克羅默",
      "title": "釘與錘",
      "content": "儘管是在身邊淨是那群令人作嘔的義體異端的環境下長大成人的……"
    },
    {
      "id": 12,
      "model": "피묻은크로머",
      "teller": "克羅默",
      "title": "釘與錘",
      "content": "但是你依然表現出了對他們的反感。這不是很有意思嗎？"
    },
    {
      "id": 13,
      "model": "피묻은크로머",
      "teller": "克羅默",
      "title": "釘與錘",
      "content": "你用長戟將異端者們的腦袋貫穿！"
    },
    {
      "id": 14,
      "model": "싱클레어",
      "content": "別、別說那種謊……"
    },
    {
      "id": 15,
      "model": "피묻은크로머",
      "teller": "克羅默",
      "title": "釘與錘",
      "content": "而我再愉悅地將他們的腦袋砸碎！"
    },
    {
      "id": 16,
      "model": "싱클레어",
      "content": "閉嘴……！"
    },
    {
      "id": 17,
      "model": "피묻은크로머",
      "teller": "克羅默",
      "title": "釘與錘",
      "content": "哈哈哈…我看見的在那個世界裡的你，真的比世上任何人都自由與超然。"
    },
    {
      "id": 18,
      "model": "싱클레어",
      "content": "不對……"
    },
    {
      "id": 19,
      "model": "싱클레어",
      "content": "你騙人！！！"
    },
    {
      "id": 20,
      "model": "피묻은크로머",
      "teller": "克羅默",
      "title": "釘與錘",
      "content": "到底有沒有騙你……"
    },
    {
      "id": 21,
      "model": "피묻은크로머",
      "teller": "克羅默",
      "title": "釘與錘",
      "content": "唔呼。"
    },
    {
      "id": 22,
      "content": "突然，克羅默發出怪異的笑聲，同時停止了動作。"
    },
    {
      "id": 23,
      "model": "단테",
      "content": "<是金枝…！>"
    },
    {
      "id": 24,
      "content": "放置在祭壇上的金枝似乎與她發生了共鳴、\n光芒漸漸地四散開來。"
    },
    {
      "id": 25,
      "content": "隨後……"
    },
    {
      "id": 26,
      "model": "피묻은크로머",
      "teller": "克羅默",
      "title": "釘與錘",
      "content": "啊啊…！開始了…！\n終於，我最後的願望得以滿足的時刻到來了！"
    },
    {
      "id": 27,
      "content": "肉塊將她的下半身包裹了起來。"
    },
    {
      "id": 28,
      "content": "無數恐怖可憎的肉塊之中、難以分辨是手還是腿的肢體不斷蔓延增生出來。"
    },
    {
      "id": 29,
      "content": "宛如慾望與瘋狂的集合體一般……"
    },
    {
      "id": 30,
      "model": "변신크로머",
      "teller": "克羅默",
      "title": "釘與錘",
      "content": "來吧……辛克萊。"
    },
    {
      "id": 31,
      "model": "변신크로머",
      "teller": "克羅默",
      "title": "釘與錘",
      "content": "來試著把我殺死。"
    },
    {
      "id": 32,
      "model": "변신크로머",
      "teller": "克羅默",
      "title": "釘與錘",
      "content": "如果你能做到的話……喀喀。"
    }
  ]
}