{
  "dataList": [
    {
      "id": 0,
      "model": "싱클레어",
      "content": "背著雙親成功偷到了地下室的鑰匙後，同約好的一樣，我與克羅默匯合，來到了地下室。"
    },
    {
      "id": 1,
      "model": "싱클레어",
      "content": "克羅默領著我走向一條狹窄的通風管道。"
    },
    {
      "id": 2,
      "model": "싱클레어",
      "content": "我們在管道中匍匐前進，陰濕髮霉的臭味愈發強烈，管道內迴盪著老鼠竄來竄去的聲響。"
    },
    {
      "id": 3,
      "model": "싱클레어",
      "content": "衣服變得越來越臟，喉嚨變得越來越渴，想要回家的慾望也變得越來越強烈。"
    },
    {
      "id": 4,
      "model": "싱클레어",
      "content": "那個時刻，我突然注意到，周圍充斥著一股不同尋常的氣味。"
    },
    {
      "id": 5,
      "model": "학생크로머",
      "teller": "克羅默",
      "title": "學生",
      "content": "你也感覺到了吧？"
    },
    {
      "id": 6,
      "model": "싱클레어",
      "content": "我聽見克羅默對我低聲說道。"
    },
    {
      "id": 7,
      "model": "학생크로머",
      "teller": "克羅默",
      "title": "學生",
      "content": "前面肯定有什麼東西……！"
    },
{
      "id": 8,
      "model": "싱클레어",
      "content": "如果說還有反悔的機會的話，恐怕就是這一刻了。"
    },
    {
      "id": 9,
      "model": "싱클레어",
      "content": "或許我當時就應該勸阻她，用盡甜言蜜語挽留，並約好下次再見。"
    },
    {
      "id": 10,
      "model": "싱클레어",
      "content": "即便我知道，糖衣砲彈對她而言是行不通的。"
    },
    {
      "id": 11,
      "model": "싱클레어",
      "content": "然而那時的我，心中突然湧起了一股邪惡的好奇心。"
    },
    {
      "id": 12,
      "model": "싱클레어",
      "content": "我感覺自己有生以來，第一次和惡棍身處同一個世界。"
    },
    {
      "id": 13,
      "model": "싱클레어",
      "content": "究竟是為什麼呢。"
    },
    {
      "id": 14,
      "model": "싱클레어",
      "content": "我打消了折返的念頭。"
    },
    {
      "id": 15,
      "model": "싱클레어",
      "content": "同時，在心中隱約卻又切實地意識到，這已經是我最後的機會。"
    },
    {
      "id": 16,
      "model": "싱클레어",
      "content": "啊，那是一片令我絕對無法承受第二次的，極致恐怖的光景。"
    },
    {
      "id": 17,
      "model": "싱클레어",
      "content": "僅僅用“怪物”這個詞，真的足以簡單概括了嗎？"
    },
    {
      "id": 18,
      "model": "싱클레어",
      "content": "那看起來似乎是某種具有知性的存在，但若將其稱為人類，卻又大錯特錯。"
    },
    {
      "id": 19,
      "model": "싱클레어",
      "content": "嗚……啊……"
    },
    {
      "id": 20,
      "model": "싱클레어",
      "content": "在恐懼中掙扎的同時，我開始為踏入這個世界而後悔不已。"
    },
    {
      "id": 21,
      "model": "싱클레어",
      "content": "辛克萊，你真是個白痴，明明已經將最後的機會一腳踢開，卻又祈禱著能夠重獲一次。"
    },
    {
      "id": 22,
      "model": "싱클레어",
      "content": "伴隨著深深的悔恨，我確信自己至死都不會忘記這樣的場面。"
    },
    {
      "id": 23,
      "model": "싱클레어",
      "content": "克……勒默……我……必須得回去……"
    },
    {
      "id": 24,
      "model": "싱클레어",
      "content": "然而，克羅默與我不同。"
    },
    {
      "id": 25,
      "model": "싱클레어",
      "content": "她沉醉於眼前的這副光景，只是目不轉睛的凝視著，彷彿發現了自己一生中最美好的事物。"
    },
    {
      "id": 26,
      "model": "학생크로머",
      "teller": "克羅默",
      "title": "學生",
      "content": "……"
    },
    {
      "id": 27,
      "model": "싱클레어",
      "content": "我拋下似乎已經聽不見任何話語的克羅默，獨自朝出口爬去。"
    },
    {
      "id": 28,
      "model": "싱클레어",
      "content": "為什麼我家附近，會連接著那麼恐怖的地方呢。"
    },
    {
      "id": 29,
      "model": "싱클레어",
      "content": "為什麼克羅默會知道這些事情呢。"
    },
    {
      "id": 30,
      "model": "싱클레어",
      "content": "為什麼克羅默一點也不害怕呢。"
    },
    {
      "id": 31,
      "model": "싱클레어",
      "content": "在我的身後，隨風傳來克羅默那令人毛骨悚然的口哨聲。"
    },
    {
      "id": 32,
      "model": "싱클레어",
      "content": "第二天，克羅默若無其事地來到了學校。"
    },
    {
      "id": 33,
      "model": "학생크로머",
      "teller": "克羅默",
      "title": "學生",
      "content": "辛克萊，非常感謝你讓我見到了如此珍奇的東西。"
    },
    {
      "id": 34,
      "model": "학생크로머",
      "teller": "克羅默",
      "title": "學生",
      "content": "這是我的謝禮。"
    },
    {
      "id": 35,
      "model": "싱클레어",
      "content": "她這麼說著，往我的手中塞了兩枚來歷不明的硬幣。"
    },
    {
      "id": 36,
      "model": "학생크로머",
      "teller": "克羅默",
      "title": "學生",
      "content": "務必要一直帶著它們，知道了嗎？"
    },
{
      "id": 37,
      "model": "싱클레어",
      "content": "而我只能點點頭。"
    },
    {
      "id": 38,
      "model": "싱클레어",
      "content": "那之後的每一晚，管道那頭的光景就像惡夢一般縈繞在我的心頭。"
    },
    {
      "id": 39,
      "model": "싱클레어",
      "content": "我開始有意識地避開克羅默。"
    },
    {
      "id": 40,
      "model": "싱클레어",
      "content": "僅僅是看著她，我就能想像到自己被恐慌與驚懼吞沒的樣子。"
    },
    {
      "id": 41,
      "model": "싱클레어",
      "content": "但是，我還有必須要從克羅默那裡拿回來的東西。"
    },
    {
      "id": 42,
      "model": "싱클레어",
      "content": "地下室的鑰匙。"
    },
    {
      "id": 43,
      "model": "싱클레어",
      "content": "如果某一天，父母突然心血來潮要整理鑰匙，這件事立刻就會敗露。"
    },
    {
      "id": 44,
      "model": "싱클레어",
      "content": "我第一次背叛了身處於溫暖世界的雙親……"
    },
    {
      "id": 45,
      "model": "싱클레어",
      "content": "我因恐懼而顫抖，生怕自己被確信已經與他們所處的世界徹底分離。"
    },
    {
      "id": 46,
      "model": "싱클레어",
      "content": "克羅默……是不是差不多該還給我了？"
    },
    {
      "id": 47,
      "model": "학생크로머",
      "teller": "克羅默",
      "title": "學生",
      "content": "還什麼？"
    },
    {
      "id": 48,
      "model": "싱클레어",
      "content": "地下室的……鑰匙……"
    },
    {
      "id": 49,
      "model": "학생크로머",
      "teller": "克羅默",
      "title": "學生",
      "content": "……噗。"
    },
    {
      "id": 50,
      "model": "싱클레어",
      "content": "我鼓起勇氣的那一天。"
    },
    {
      "id": 51,
      "model": "싱클레어",
      "content": "克羅默突然大笑起來，像是聽到了什麼意想不到的事情。我驚恐的慢慢向後退去。"
    },
    {
      "id": 52,
      "model": "학생크로머",
      "teller": "克羅默",
      "title": "學生",
      "content": "啊哈哈哈！！！那麼戰戰兢兢地，我還以為要說什麼呢……"
    },
    {
      "id": 53,
      "model": "학생크로머",
      "teller": "克羅默",
      "title": "學生",
      "content": "行啊，還你啦。因為我們已經不需要這個鑰匙了，辛克萊。"
    },
    {
      "id": 54,
      "model": "학생크로머",
      "teller": "克羅默",
      "title": "學生",
      "content": "還有……"
    },
    {
      "id": 55,
      "model": "학생크로머",
      "teller": "克羅默",
      "title": "學生",
      "content": "你的願望一定會有結果的，辛克萊，你不想接受義體手術吧。"
    },
    {
      "id": 56,
      "model": "학생크로머",
      "teller": "克羅默",
      "title": "學生",
      "content": "還記得我們的約定嗎？你滿足了我的願望。這就是我的回禮。"
    },
    {
      "id": 57,
      "model": "싱클레어",
      "content": "我詛咒我的無知。當時的我沉溺於取回鑰匙的安心感中，完全沒有意識到克羅默在說些什麼。"
    },
    {
      "id": 58,
      "model": "싱클레어",
      "content": "關於克羅默所說的“我們”究竟指的是她和誰。"
    },
    {
      "id": 59,
      "model": "싱클레어",
      "content": "關於為什麼她說鑰匙已經沒有用了，我的願望究竟會以怎樣的方式實現。"
    },
    {
      "id": 60,
      "model": "싱클레어",
      "content": "我對於當時沒有選擇繼續追問的，那愚蠢的自己。"
    },
    {
      "id": 61,
      "model": "싱클레어",
      "content": "寄以無盡的悔恨與和詛咒。"
    }
  ]
}