{
  "dataList": [
    {
      "id": 0,
      "place": "教室",
      "model": "싱클레어",
      "content": "某一天，隔壁班上來了一個名叫“德米安”的轉校生。"
    },
    {
      "id": 1,
      "model": "싱클레어",
      "content": "雖說他總是被人群所簇擁著，"
    },
    {
      "id": 2,
      "model": "싱클레어",
      "content": "但實際上，我覺得他似乎不喜歡任何人。"
    },
    {
      "id": 3,
      "model": "싱클레어",
      "content": "在我看來，德米安就像漂浮在空中一樣，他的心並不在此處。"
    },
    {
      "id": 4,
      "model": "싱클레어",
      "content": "同樣，他看起來對我也沒什麼興趣。"
    },
    {
      "id": 5,
      "model": "싱클레어",
      "content": "一開始，是這樣的。"
    },
    {
      "id": 6,
      "model": "싱클레어",
      "content": "那一天，是無聊透頂的工學課。"
    },
    {
      "id": 7,
      "model": "싱클레어",
      "content": "我的視線逐漸逃離了黑板，不知不覺的飄向窗外。"
    },
    {
      "id": 8,
      "model": "싱클레어",
      "content": "透過窗戶，我看見他正在享受著散步的時光。"
    },
    {
      "id": 9,
      "model": "싱클레어",
      "content": "一如既往被朋友們簇擁著的他，臉上掛著一抹淡淡的微笑。"
    },
    {
      "id": 10,
      "model": "싱클레어",
      "content": "就連他的笑容也與其他同齡人有所不同。那是一張令人陌生的，成熟而又孤獨的笑臉。"
    },
    {
      "id": 11,
      "model": "싱클레어",
      "content": "沐浴在陽光下，他那樣笑著，靜靜地向上攏了攏頭髮"
    },
    {
      "id": 12,
      "model": "싱클레어",
      "content": "哎？"
    },
    {
      "id": 13,
      "model": "싱클레어",
      "content": "一瞬間，他的額頭上似乎閃現出一道不可思議的紅光。"
    },
    {
      "id": 14,
      "model": "싱클레어",
      "content": "是我看錯了嗎？也許只是那一刻的陽光太過刺眼了而已。"
    },
    {
      "id": 15,
      "model": "싱클레어",
      "content": "就在這時。"
    },
    {
      "id": 16,
      "model": "싱클레어",
      "content": "我感覺好像對上了他的目光。"
    },
    {
      "id": 17,
      "model": "학생데미안",
      "teller": "德米安",
      "title": "不可思議的轉校生",
      "content": "……"
    },
    {
      "id": 18,
      "model": "싱클레어",
      "content": "窗外依舊傳來孩子們的說笑聲，"
    },
    {
      "id": 19,
      "model": "싱클레어",
      "content": "感受到他的視線，我慌忙地收回目光，看向眼前的桌子。"
    },
    {
      "id": 20,
      "model": "싱클레어",
      "content": "這件奇妙的事情之後，德米安就開始經常找我親密的搭話了。"
    },
    {
      "id": 21,
      "model": "싱클레어",
      "content": "奇怪的是，只要是德米安來找我的日子，克羅默就不會來跟我問好。"
    },
    {
      "id": 22,
      "model": "싱클레어",
      "content": "但她還是會抓住每一個接近我的機會，反覆確認我是否忘記了我們的約定。"
    },
    {
      "id": 23,
      "place": "教室",
      "model": "학생데미안",
      "teller": "德米安",
      "title": "不可思議的轉校生",
      "content": "我時常會做夢，辛克萊。"
    },
    {
      "id": 24,
      "model": "학생데미안",
      "teller": "德米安",
      "title": "不可思議的轉校生",
      "content": "在夢中，我登上了一架很高很高的梯子。在上面，整片大地都一覽無餘。從巢到後巷，再到郊區，全部都能看到。"
    },
    {
      "id": 25,
      "model": "학생데미안",
      "teller": "德米安",
      "title": "不可思議的轉校生",
      "content": "而當我低頭俯瞰時，都市中所有的燈光都熄滅了，就像是迎來了萬物的終結。"
    },
    {
      "id": 26,
      "model": "학생데미안",
      "teller": "德米安",
      "title": "不可思議的轉校生",
      "content": "沒有任何動靜，唯有寂靜的死亡。"
    },
    {
      "id": 27,
      "model": "학생데미안",
      "teller": "德米安",
      "title": "不可思議的轉校生",
      "content": "啊，這便是死亡本身。"
    },
    {
      "id": 28,
      "model": "싱클레어",
      "content": "德米安，你去過郊區嗎？"
    },
    {
      "id": 29,
      "model": "싱클레어",
      "content": "我在恐懼中低聲詢問道。"
    },
    {
      "id": 30,
      "model": "싱클레어",
      "content": "因為郊區一個誰也不能去，誰都去不了的地方。"
    },
    {
      "id": 31,
      "model": "학생데미안",
      "teller": "德米安",
      "title": "不可思議的轉校生",
      "content": "辛克萊，這世界並不像人們所決定的那樣，劃分為該去和不該去的地方。"
    },
    {
      "id": 32,
      "model": "학생데미안",
      "teller": "德米安",
      "title": "不可思議的轉校生",
      "content": "你認為這座巢中存在著自由與愛嗎？相比之下，郊區反而比這裡要更加豐饒。"
    },
    {
      "id": 33,
      "model": "학생데미안",
      "teller": "德米安",
      "title": "不可思議的轉校生",
      "content": "我從很久之前就一直在思考一件事，我想答案也許就藏在郊區。"
    },
{
      "id": 34,
      "model": "싱클레어",
      "content": "在與德米安交流的時候，我感覺自己的靈魂似乎都變得更加成熟了。"
    },
    {
      "id": 35,
      "model": "싱클레어",
      "content": "然而，無論是我對於義體改造手術的恐懼，還是我與克羅默的奇妙關係，我都從未與他提起過。"
    },
    {
      "id": 36,
      "model": "싱클레어",
      "content": "儘管他似乎對我身上的許多事情都充滿了好奇，但我還是沒有與他分享這些秘密。"
    },
    {
      "id": 37,
      "model": "싱클레어",
      "content": "我實在羞於暴露出自己心中那份潛藏的恐懼。"
    },
    {
      "id": 38,
      "model": "싱클레어",
      "content": "就這樣，終於……"
    },
    {
      "id": 39,
      "model": "싱클레어",
      "content": "與克羅默約定的那天到了。"
    },
    {
      "id": 40,
      "model": "학생크로머",
      "teller": "克羅默",
      "title": "學生",
      "content": "辛克萊，能帶我參觀一下你家的地下室嗎？"
    },
    {
      "id": 41,
      "model": "싱클레어",
      "content": "她的話語響起得那樣突然，卻又像飄落的羽毛一般輕描淡寫。"
    },
    {
      "id": 42,
      "model": "싱클레어",
      "content": "她請求我的態度，就像希望我撿起掉在地上的橡皮擦一樣理所當然，我差點就要不假思索地答應了。"
    },
    {
      "id": 43,
      "model": "싱클레어",
      "content": "為、為什麼要去我家的地下室？"
    },
    {
      "id": 44,
      "model": "학생크로머",
      "teller": "克羅默",
      "title": "學生",
      "content": "如果我偶然聽到的傳聞沒錯，那麼那裡就連接著一個很厲害的地方。我有必須要去確認的東西。"
    },
    {
      "id": 45,
      "model": "싱클레어",
      "content": "但是我的父母……"
    },
    {
      "id": 46,
      "model": "싱클레어",
      "content": "“…可能會不太高興。 ”\n儘管是這麼想的……但就連這樣的話語，都會令我感到羞恥不已。我無論如何都沒能說出口。"
    },
    {
      "id": 47,
      "model": "학생크로머",
      "teller": "克羅默",
      "title": "學生",
      "content": "只要我能夠確認清楚，辛克萊。"
    },
    {
      "id": 48,
      "model": "학생크로머",
      "teller": "克羅默",
      "title": "學生",
      "content": "我向你保證，一定會遵守我們之間的約定。"
    },
    {
      "id": 49,
      "model": "학생크로머",
      "teller": "克羅默",
      "title": "學生",
      "content": "你只需要偷偷拿來地下室的鑰匙，帶路就交給我……"
    },
    {
      "id": 50,
      "model": "싱클레어",
      "content": "沒能注意到她的言語中暗含著某種既視感的我，最終緩緩點了點頭……"
    },
    {
      "id": 51,
      "model": "싱클레어",
      "content": "於是，邪惡的世界，自我家的中心誕生了。"
    }
  ]
}