{
  "dataList": [
    {
      "id": 0,
      "place": "11區 腦葉公司支部內某處",
      "teller": "？？？",
      "title": "？？？",
      "content": "真沒想到……你們不知不覺間……就已經在戰鬥中成長了這麼多。"
    },
    {
      "id": 1,
      "content": "從一旁的角落中傳出了微弱的聲音。"
    },
    {
      "id": 2,
      "model": "그레고르",
      "content": "索德……？"
    },
    {
      "id": 3,
      "content": "索德無力地倚在牆上。"
    },
    {
      "id": 4,
      "content": "渾身上下都遍布著被大罪撕咬出的傷痕。"
    },
    {
      "id": 5,
      "model": "이스마엘",
      "content": "沒事吧？你還站得起來嗎？"
    },
    {
      "id": 6,
      "content": "別說是站起來，索德恐怕就連開口都做不到。可哪怕這樣，她依舊斷斷續續地吐出了飽含痛苦的文字。"
    },
    {
      "id": 7,
      "model": "제복소드",
      "teller": "索德",
      "title": "LCCB",
      "content": "埃菲……怎麼樣了……？"
    },
    {
      "id": 8,
      "model": "제복소드",
      "teller": "索德",
      "title": "LCCB",
      "content": "他應該，還活著吧？你們……肯定在外面見到他了……"
    },
    {
      "id": 9,
      "content": "在索德絕望的追問下，誰也不忍心開口。"
    },
    {
      "id": 10,
      "content": "無論是誰也說不出，我們那時只遇到了遍體鱗傷的埃菲，最後也只能選擇幫他解脫。"
    },
    {
      "id": 11,
      "model": "홍루",
      "content": "……是啊，他還活的好好的。"
    },
    {
      "id": 12,
      "content": "鴻璐輕聲回答。"
    },
    {
      "id": 13,
      "content": "沒有其他罪人站出來指正他的錯誤。"
    },
    {
      "id": 14,
      "model": "오티스",
      "content": "閒聊時間到此為止。"
    },
    {
      "id": 15,
      "model": "오티스",
      "content": "那堆奇異的怪物又朝著我們爬過來了。"
    },
    {
      "id": 16,
      "content": "大罪朝我們湧來。"
    },
    {
      "id": 17,
      "content": "簡直像是我們的內疚化作了實體。"
    }
  ]
}