{
  "dataList": [
    {
      "id": 0,
      "place": "無盡的屍山",
      "content": "我望見屍體堆積出無邊無際的屍山。"
    },
    {
      "id": 1,
      "content": "審判官們一齊高舉雙手，猶如對神聖之物頂禮膜拜。"
    },
    {
      "id": 2,
      "content": "而站在屍堆頂峰的，是克羅默。"
    },
    {
      "id": 3,
      "content": "她向祭壇上的金枝伸出雙手，做出了祈禱般的姿勢。"
    },
    {
      "id": 4,
      "model": "파우스트",
      "content": "自我心道已經開啟。有人先我們一步，與金枝產生了共鳴。"
    },
    {
      "id": 5,
      "model": "그레고르",
      "content": "他們在搞什麼名堂？為什麼都把手舉著？"
    },
    {
      "id": 6,
      "model": "파우스트",
      "content": "……祈禱。"
    },
    {
      "id": -1,
      "model": "파우스트",
      "content": "어느 옛날엔… 신을 믿었던 시대가 있다고도 했죠."
    },
    {
      "id": -1,
      "model": "//효과음",
      "content": "딩동댕동 (학교 종소리)"
    },
    {
      "id": 7,
      "model": "이스마엘",
      "content": "……這是什麼聲音？"
    },
    {
      "id": 8,
      "model": "히스클리프",
      "content": "感覺很耳熟……光是聽到這旋律就莫名其妙地讓我有點頭痛，真叫人不爽……"
    },
    {
      "id": 9,
      "model": "그레고르",
      "content": "……是學校的鈴聲吧。貌似你還挺討厭上學啊。"
    },
    {
      "id": 10,
      "content": "互相開了開玩笑後，罪人間的氛圍也輕鬆了許多。"
    },
    {
      "id": 11,
      "content": "除了一個人。"
    },
    {
      "id": 12,
      "content": "這段“自我心道” 的原主人，仍舊充滿了不安。 "
    },
    {
      "id": 13,
      "model": "싱클레어",
      "content": "不、不要……我不想讓你們看到，我、我的記憶……"
    },
    {
      "id": 14,
      "content": "可是，他的意志完全無法左右領域的景象。"
    },
    {
      "id": 15,
      "model": "크로머",
      "teller": "克羅默",
      "title": "釘與錘",
      "content": "來，諸位！聽好了！"
    },
    {
      "id": 16,
      "model": "N사심문관1",
      "teller": "異端審判官1",
      "title": "釘與錘",
      "content": "執柄者已發話。"
    },
    {
      "id": 17,
      "model": "N사심문관2",
      "teller": "異端審判官2",
      "title": "釘與錘",
      "content": "執柄者已發話。"
    },
    {
      "id": 18,
      "model": "크로머",
      "teller": "克羅默",
      "title": "釘與錘",
      "content": "這些異端不僅要擾亂我們神聖的儀式，甚至還想奪走我們寶貴的祭品！"
    },
    {
      "id": 19,
      "model": "N사심문관1",
      "teller": "異端審判官1",
      "title": "釘與錘",
      "content": "何等骯髒，何等無恥。"
    },
    {
      "id": 20,
      "model": "N사심문관2",
      "teller": "異端審判官2",
      "title": "釘與錘",
      "content": "何等骯髒，何等無恥。"
    },
    {
      "id": 21,
      "model": "크로머",
      "teller": "克羅默",
      "title": "釘與錘",
      "content": "去吧！殺了他們！無須畏懼死亡！"
    },
    {
      "id": 22,
      "model": "크로머",
      "teller": "克羅默",
      "title": "釘與錘",
      "content": "只要有了這黃金的祭品，你們便能永無止境地復生！"
    },
    {
      "id": 23,
      "model": "N사심문관1",
      "teller": "異端審判官1",
      "title": "釘與錘",
      "content": "執柄者與吾等同在，吾等無所畏懼。"
    },
    {
      "id": 24,
      "model": "N사심문관2",
      "teller": "異端審判官2",
      "title": "釘與錘",
      "content": "執柄者與吾等同在，吾等無所畏懼。"
    },
    {
      "id": 25,
      "model": "크로머",
      "teller": "克羅默",
      "title": "釘與錘",
      "content": "然後……辛克萊。"
    },
    {
      "id": 26,
      "model": "크로머",
      "teller": "克羅默",
      "title": "釘與錘",
      "content": "快過來。快到我的手心裡來。"
    },
    {
      "id": 27,
      "model": "N사심문관1",
      "teller": "異端審判官1",
      "title": "釘與錘",
      "content": "侍奉執柄者乃無上榮譽。"
    },
    {
      "id": 28,
      "model": "N사심문관2",
      "teller": "異端審判官2",
      "title": "釘與錘",
      "content": "侍奉執柄者乃無上榮譽。"
    },
    {
      "id": 29,
      "model": "싱클레어",
      "content": "我，我……"
    },
    {
      "id": 30,
      "model": "크로머",
      "teller": "克羅默",
      "title": "釘與錘",
      "content": "辛克萊。"
    },
    {
      "id": 31,
      "model": "크로머",
      "teller": "克羅默",
      "title": "釘與錘",
      "content": "你把那枚硬幣帶來了吧？"
    },
    {
      "id": 32,
      "place": "嘈雜的教室",
      "model": "싱클레어",
      "content": "…同齡的孩子聚在一起的課間休息時間總是那麼嘈雜喧鬧。"
    },
    {
      "id": 33,
      "model": "싱클레어",
      "content": "大人們則遠遠地觀望著我們，彷彿覺得這是一幅溫馨的畫卷。"
    },
    {
      "id": 34,
      "model": "싱클레어",
      "content": "但大人們並不知道。"
    },
    {
      "id": 35,
      "model": "싱클레어",
      "content": "只要再靠近些看，和諧的交流就會撕下表皮，暴露出充滿嫉妒、虛榮、傲慢和算計的本質。"
    },
    {
      "id": 36,
      "model": "싱클레어",
      "content": "孩子們真的相當狡猾。"
    },
    {
      "id": 37,
      "teller": "記憶中的同學1",
      "title": "學生",
      "content": "我聽隔壁班的拉爾夫說，他父親會親自給他做雙臂手術。甚至還會用上沒公開的最新技術來著？"
    },
{
      "id": 38,
      "teller": "記憶中的同學2",
      "title": "學生",
      "content": "你們知不知道雜誌封面上的這個演員？我應該還沒和你們說過，她要來我媽媽的診所做義眼移植手術吧？找我媽媽做手術的人實在太多了，她甚至還和經紀人一起登門拜訪，說想把手術提前呢。"
    },
    {
      "id": 39,
      "model": "싱클레어",
      "content": "聽著同學們一個接一個說出浮誇的故事，我愈發坐如針氈。"
    },
    {
      "id": 40,
      "model": "싱클레어",
      "content": "我能說些什麼呢？他們看向我的期待的眼神隨時都可能轉為嘲笑和輕蔑。"
    },
    {
      "id": 41,
      "model": "싱클레어",
      "content": "雖、雖然是個秘密，但是…"
    },
    {
      "id": 42,
      "model": "싱클레어",
      "content": "我緊張地嚥下口水。"
    },
    {
      "id": 43,
      "model": "싱클레어",
      "content": "也許，其實根本沒有誰要求我也講一個故事。"
    },
    {
      "id": 44,
      "model": "싱클레어",
      "content": "但我卻無法逃避他們好奇的目光。"
    },
    {
      "id": 45,
      "model": "싱클레어",
      "content": "我很清楚，在他們將目光移開之後，我就會淪為一個無人問津的邊緣人。"
    },
    {
      "id": 46,
      "model": "싱클레어",
      "content": "我爸爸他……和P公司簽了合同。\n他們看了我爸爸開發的技術之後，答應會給他全力支持。"
    },
    {
      "id": 47,
      "model": "싱클레어",
      "content": "天哪，我到底是怎麼想的才會把這種事情說出去呢？"
    },
    {
      "id": 48,
      "model": "싱클레어",
      "content": "僅僅是因為不想遭到同學們的排擠，我便口不擇言地說出了不能說的秘密，最終釀成大禍。"
    },
    {
      "id": 49,
      "model": "싱클레어",
      "content": "或許我只是產生了某種幼稚的衝動，以及某種想在同齡人中出風頭的庸俗慾望。"
    },
    {
      "id": 50,
      "model": "싱클레어",
      "content": "“聽好，埃米爾，這是企業間的保密協議，你絕對不能向任何人透露。 ”\n父親的叮囑在我的腦中迴響，他嚴肅的面龐也彷彿還在我眼前。"
    },
    {
      "id": 51,
      "teller": "記憶中的同學1",
      "title": "學生",
      "content": "哇啊……那是真的嗎，辛克萊？"
    },
    {
      "id": 52,
      "teller": "記憶中的同學2",
      "title": "學生",
      "content": "P公司？你是說“世界之翼”？！哇……太羨慕了。"
    },
    {
      "id": 53,
      "model": "싱클레어",
      "content": "轉瞬之間，我就成了談話的中心。\n我能感受到班上其他同學朝我投來的熾熱目光。"
    },
    {
      "id": 54,
      "model": "싱클레어",
      "content": "我洋洋自得，受人景仰的感覺真的快意無比。"
    },
    {
      "id": 55,
      "model": "싱클레어",
      "content": "我想，我已經徹底被庸俗的虛榮心衝昏了頭腦。"
    },
    {
      "id": 56,
      "teller": "記憶中的同學1",
      "title": "學生",
      "content": "這麼看來辛克萊！你也馬上就要做義體手術了吧？"
    },
    {
      "id": 57,
      "model": "싱클레어",
      "content": "那…那是當然。說是要……給我裝最新型的。"
    },
    {
      "id": 58,
      "model": "싱클레어",
      "content": "但凡這些人稍微留意了我的表情……"
    },
    {
      "id": 59,
      "model": "싱클레어",
      "content": "一定就會意識到我對此有多不情願。"
    },
    {
      "id": 60,
      "model": "싱클레어",
      "content": "所幸，沒有人在意我的神色。"
    },
    {
      "id": 61,
      "model": "싱클레어",
      "content": "當課間休息結束，我再次孤身一人的時候，劇烈的罪惡感才向我襲來。"
    },
    {
      "id": 62,
      "model": "싱클레어",
      "content": "明明說好了要保守秘密……如果父親知道了該怎麼辦？"
    },
    {
      "id": 63,
      "model": "싱클레어",
      "content": "啊……"
    },
{
      "id": 64,
      "model": "싱클레어",
      "content": "鮮血不知何時從我的指尖滲出。"
    },
    {
      "id": 65,
      "model": "싱클레어",
      "content": "每當感到不安時就會咬手指甲的習慣終究惹了禍。"
    },
    {
      "id": 66,
      "model": "싱클레어",
      "content": "為了改掉這個習慣，我已經把指甲剪得短到不能再短……"
    },
    {
      "id": 67,
      "model": "싱클레어",
      "content": "但沒想到反而會咬到肉。"
    },
    {
      "id": 68,
      "model": "싱클레어",
      "content": "看著落在書桌上的血滴，我不禁想到。"
    },
    {
      "id": 69,
      "model": "싱클레어",
      "content": "畢業之後，我就要進行義體手術了……"
    },
    {
      "id": 70,
      "model": "싱클레어",
      "content": "如此一來，我就永遠不會有傷口，也永遠不會見血了。"
    },
    {
      "id": 71,
      "model": "싱클레어",
      "content": "不過，這真的……"
    },
    {
      "id": 72,
      "model": "학생크로머",
      "teller": "克羅默",
      "title": "學生",
      "content": "你……流血了。"
    },
    {
      "id": 73,
      "model": "싱클레어",
      "content": "伴隨著奇怪的口哨聲，一個嬌小的身影出現在我的課桌前。"
    },
    {
      "id": 74,
      "model": "싱클레어",
      "content": "向我搭話的，是頂多只能記起名字的那種沒怎麼溝通過的同級生。"
    },
    {
      "id": 75,
      "model": "싱클레어",
      "content": "一時之間，我只結結巴巴地作出回答。"
    },
    {
      "id": 76,
      "model": "싱클레어",
      "content": "什……你，說什麼？"
    },
    {
      "id": 77,
      "model": "학생크로머",
      "teller": "克羅默",
      "title": "學生",
      "content": "所以說，你剛剛說的……是真的嗎？"
    },
    {
      "id": 78,
      "model": "싱클레어",
      "content": "呃，嗯……是真的。"
    },
    {
      "id": 79,
      "model": "학생크로머",
      "teller": "克羅默",
      "title": "學生",
      "content": "原來如此。看來你的父親，真的很了不起。是吧？"
    },
    {
      "id": 80,
      "model": "싱클레어",
      "content": "嗯，嘛……確實。"
    },
    {
      "id": 81,
      "model": "싱클레어",
      "content": "意料之外的讚詞讓我感到羞愧。"
    },
    {
      "id": 82,
      "model": "싱클레어",
      "content": "彷彿父親的優秀也都是我的美德一樣。"
    },
    {
      "id": 83,
      "model": "학생크로머",
      "teller": "克羅默",
      "title": "學生",
      "content": "但是……你為什麼要擺出那麼一副表情？"
    },
    {
      "id": 84,
      "model": "싱클레어",
      "content": "什，什麼？"
    },
    {
      "id": 85,
      "model": "학생크로머",
      "teller": "克羅默",
      "title": "學生",
      "content": "你呀……心裡是這麼想的吧？"
    },
    {
      "id": 86,
      "model": "싱클레어",
      "content": "只見她隨後低下了頭，用只有我聽得到的聲音低語道。"
    },
    {
      "id": 87,
      "model": "학생크로머",
      "teller": "克羅默",
      "title": "學生",
      "content": "真骯髒。"
    },
    {
      "id": 88,
      "model": "싱클레어",
      "content": "我的眼睛睜大了。"
    },
    {
      "id": 89,
      "model": "싱클레어",
      "content": "不僅是震驚於她能看出我的真心話，"
    },
    {
      "id": 90,
      "model": "싱클레어",
      "content": "更是震驚於我費心掩蓋的秘密，居然會被陌生人一眼看穿。"
    },
    {
      "id": 91,
      "model": "싱클레어",
      "content": "你，你怎麼知道的？"
    },
    {
      "id": 92,
      "model": "싱클레어",
      "content": "明明當時只要矢口否認就能擺脫她的糾纏，可我卻犯了傻，只是一臉茫然地向她發問。"
    },
    {
      "id": 93,
      "model": "학생크로머",
      "teller": "克羅默",
      "title": "學生",
      "content": "噗，當然是因為……我和你一樣。"
    },
    {
      "id": 94,
      "model": "싱클레어",
      "content": "和……和我？"
    },
{
      "id": 95,
      "model": "학생크로머",
      "teller": "克羅默",
      "title": "學生",
      "content": "人，總是能從同類身上看到更多東西。"
    },
    {
      "id": 96,
      "model": "학생크로머",
      "teller": "克羅默",
      "title": "學生",
      "content": "很高興見到你。我是克羅默。"
    },
    {
      "id": 97,
      "model": "싱클레어",
      "content": "在那之後。"
    },
    {
      "id": 98,
      "model": "싱클레어",
      "content": "我和克羅默便成了無話不談的朋友。"
    }
  ]
}