{
  "dataList": [
    {
      "id": 0,
      "model": "학생데미안",
      "teller": "德米安",
      "title": "不可思議的轉校生",
      "content": "結果，你還是把鑰匙交給克羅默了。"
    },
    {
      "id": 1,
      "model": "싱클레어",
      "content": "為什麼你會知道？"
    },
    {
      "id": 2,
      "model": "싱클레어",
      "content": "德米安好像擁有知曉一切的力量，即便是那些深藏在心底的秘密也不例外。"
    },
    {
      "id": 3,
      "model": "싱클레어",
      "content": "有一天，當我問起他有關這項能力的事情時，他只是說，“如果你仔細觀察人類的話就能夠明白了”，但卻不願談論更多。"
    },
    {
      "id": 4,
      "model": "학생데미안",
      "teller": "德米安",
      "title": "不可思議的轉校生",
      "content": "辛克萊，從今往後，你可能會接連遇到更加艱難與痛苦的事。"
    },
    {
      "id": 5,
      "model": "학생데미안",
      "teller": "德米安",
      "title": "不可思議的轉校生",
      "content": "但你絕不可以放棄。"
    },
    {
      "id": 6,
      "model": "학생데미안",
      "teller": "德米安",
      "title": "不可思議的轉校生",
      "content": "因為歷經苦痛，將使你成長得更加美麗。"
    },
    {
      "id": 7,
      "model": "싱클레어",
      "content": "無論是多麼晦澀的話語，只要從德米安的口中說出來，都會變得令人信服。他就是擁有如此不可思議的力量。"
    },
    {
      "id": 8,
      "model": "싱클레어",
      "content": "聽到他的話，我便篤信自己會獲得成長，對於自己將有所作為這件事充滿了希望。"
    },
    {
      "id": 9,
      "model": "싱클레어",
      "content": "唔……但我還是不太明白啊，德米安。"
    },
    {
      "id": 10,
      "model": "학생데미안",
      "teller": "德米安",
      "title": "不可思議的轉校生",
      "content": "這就需要你自己去領悟了。如果你有了答案的話，就來告訴我一聲吧。"
    },
    {
      "id": 11,
      "model": "싱클레어",
      "content": "他的語氣明明是那麼溫柔，他的眼中也透露著笑意，但不知為何，我卻總有一種自己被驅使了的感覺。"
    },
    {
      "id": 12,
      "model": "싱클레어",
      "content": "他的雙眼一定蘊含著某種魔力。"
    },
    {
      "id": 13,
      "model": "싱클레어",
      "content": "只要對上視線，就會被抽走全部意志的魔力。"
    },
    {
      "id": 15,
      "model": "싱클레어",
      "content": "但是……"
    },
    {
      "id": 16,
      "model": "싱클레어",
      "content": "既然如此，為什麼他不曾提醒過我呢？"
    },
    {
      "id": 17,
      "model": "싱클레어",
      "content": "關於這件事，我至今仍在詢問自己。"
    }
  ]
}