{
  "dataList": [
    {
      "id": 0,
      "place": "無邊無際的屍山",
      "model": "크로머",
      "teller": "克羅默",
      "title": "釘與錘",
      "content": "怎麼樣，辛克萊？你在自己的心路歷程中找到答案了嗎？"
    },
    {
      "id": 1,
      "model": "싱클레어",
      "content": "……克羅默。"
    },
    {
      "id": 2,
      "model": "크로머",
      "teller": "克羅默",
      "title": "釘與錘",
      "content": "啊哈哈，別那樣盯著我啊。"
    },
    {
      "id": 3,
      "model": "크로머",
      "teller": "克羅默",
      "title": "釘與錘",
      "content": "時機尚未成熟……"
    },
    {
      "id": 4,
      "model": "크로머",
      "teller": "克羅默",
      "title": "釘與錘",
      "content": "我說不定會對你起殺心的。"
    },
    {
      "model": "크로머",
      "teller": "克羅默",
      "title": "釘與錘",
      "content": "呼……不行不行，要忍耐……可不能因為眼前的快樂而誤了更重要的事。"
    },
    {
      "id": 5,
      "model": "파우스트",
      "content": "辛克萊，回收開始共鳴的金枝的唯一方法是……"
    },
    {
      "id": 6,
      "model": "싱클레어",
      "content": "我知道。"
    },
    {
      "id": 7,
      "model": "싱클레어",
      "content": "……就算不是為了金枝。"
    },
    {
      "id": 8,
      "model": "싱클레어",
      "content": "我也會宰了那個婊子……把她的屍體撕成碎片。"
    },
    {
      "id": 9,
      "model": "크로머",
      "teller": "克羅默",
      "title": "釘與錘",
      "content": "噗…啊哈哈哈！！！"
    },
    {
      "id": 10,
      "model": "크로머",
      "teller": "克羅默",
      "title": "釘與錘",
      "content": "呵呵……啊，辛克萊……！你什麼時候學會了說這種話？真不像你，好奇怪，噗……"
    },
    {
      "id": 11,
      "model": "크로머",
      "teller": "克羅默",
      "title": "釘與錘",
      "content": "不過……也罷，你似乎交到了不少朋友嘛。"
    },
    {
      "id": 12,
      "model": "크로머",
      "teller": "克羅默",
      "title": "釘與錘",
      "content": "這次，你不會再逃跑了吧？"
    }
  ]
}