{
  "dataList": [
    {
      "id": 0,
      "place": "11區 腦葉公司支部內某處",
      "content": " 長釘自地板上拖曳而過，熟悉的不祥之聲再度在不遠處響起。"
    },
    {
      "id": 1,
      "model": "오티스",
      "content": "……經理，容我僭越，我建議您最好盡快在作戰條例中加入“確認敵人是否死亡”這一步驟。"
    },
    {
      "id": 2,
      "content": " 一想到他又一次死而復生，我便覺得毛骨悚然。"
    },
    {
      "id": 3,
      "model": "피묻은귀도",
      "teller": "圭多",
      "title": "釘與錘",
      "content": " 異端之人……必須誅殺。"
    },
    {
      "id": 4,
      "model": "단테",
      "content": "<你是什麼時候……>"
    },
    {
      "id": 5,
      "content": "圭多走向我們的速度比之前更慢，但他的目光依舊牢牢鎖死在我身上。"
    },
    {
      "id": 6,
      "model": "피묻은귀도",
      "teller": "圭多",
      "title": "釘與錘",
      "content": " 而……餘下之人……應得淨化。"
    },
    {
      "id": 7,
      "content": " 我必須快點回撥時鐘。"
    },
    {
      "id": 8,
      "content": "大半罪人都已非死即傷。"
    },
    {
      "id": 9,
      "content": "只憑毫無戰鬥力的我，以及連喘氣都費勁的索德兩人，根本沒辦法對付他。"
    },
    {
      "id": 10,
      "model": "제복소드",
      "teller": "索德",
      "title": "LCCB",
      "content": "請停下來……"
    },
    {
      "id": 11,
      "content": "就在這時，索德從懷中掏出槍。"
    },
    {
      "id": 12,
      "content": "然後將槍口對準了我。"
    },
    {
      "id": 13,
      "model": "제복소드",
      "teller": "索德",
      "title": "LCCB",
      "content": "請站在那裡……別動……"
    },
    {
      "id": 14,
      "model": "제복소드",
      "teller": "索德",
      "title": "LCCB",
      "content": "在你轉動時鐘的那一瞬間，我的槍……會先一步打穿你的頭……"
    },
    {
      "id": 15,
      "model": "단테",
      "content": "<索德……?>"
    },
    {
      "id": 16,
      "model": "제복소드",
      "teller": "索德",
      "title": "LCCB",
      "content": "別那樣……看我……我聽不懂你的話。但我可以告訴你為什麼。"
    },
    {
      "id": 17,
      "model": "제복소드",
      "teller": "索德",
      "title": "LCCB",
      "content": "他們答應……只要我跟他們合作除掉你……就讓埃菲活著回來……"
    },
    {
      "id": 18,
      "model": "피묻은귀도",
      "teller": "圭多",
      "title": "釘與錘",
      "content": "我浪費了太多時間……"
    },
    {
      "id": 19,
      "content": "圭多向前幾步，一把掐住了我的脖子。"
    },
    {
      "id": 20,
      "model": "단테",
      "content": "<嘎啊……咕……>"
    },
    {
      "id": 21,
      "content": "接著，他用另一隻手緊緊抓住我的頭，像是要把它捏碎。"
    },
    {
      "id": 22,
      "model": "단테",
      "content": "<呃嗯……>"
    },
    {
      "id": 23,
      "content": "我的腦袋咔嚓咔嚓地響個不停。"
    },
    {
      "id": 24,
      "content": "一想到他只要將手指按進去，我的腦袋就會徹底支離破碎，我就不由自主地感到恐懼。"
    },
    {
      "id": 25,
      "content": "就要這樣結束嗎？我就要這樣死去嗎？"
    },
    {
      "id": 26,
      "content": "如果……我是一名更稱職的經理，一切會不會有所不同？"
    },
    {
      "id": 27,
      "content": "我還記得希斯克利夫曾嚇唬我說，他真想知道要怎麼才能打開我的腦袋，好讓他看看裡面裝了什麼。"
    },
    {
      "id": 28,
      "content": "真是不走運，希斯克利夫。"
    },
    {
      "id": 29,
      "content": "你就要錯過這一精彩瞬間了……"
    },
    {
      "id": -1,
      "model": "//효과음",
      "content": "퍽"
    },
    {
      "id": 30,
      "content": "我聽到了。"
    },
    {
      "id": 31,
      "content": "某種東西破碎的聲音。"
    },
    {
      "id": 32,
      "content": "而幸運的是……"
    },
    {
      "id": 33,
      "model": "피묻은귀도",
      "teller": "圭多",
      "title": "釘與錘",
      "content": "呃啊……"
    },
    {
      "id": 34,
      "content": "那不是我腦袋破碎的聲音。"
    },
    {
      "id": 35,
      "model": "싱클레어",
      "content": "哈，呼……哈。"
    },
{
      "id": 36,
      "content": "圭多踉蹌了一下。"
    },
    {
      "id": 37,
      "content": "與他背後的長釘一同出現的，是大口喘氣的辛克萊。"
    },
    {
      "id": 38,
      "content": "直到剛才，他還意識不清地倒在地上——現在卻突然爆發出了巨大的力量。"
    },
    {
      "id": 39,
      "content": "如果不是他，我恐怕會葬身在圭多的魔掌之下……"
    },
    {
      "id": 40,
      "content": "但是，圭多並未被辛克萊的捨身一擊擊倒，他調整好呼吸，慢慢轉過身。"
    },
    {
      "id": 41,
      "model": "피묻은귀도",
      "teller": "圭多",
      "title": "釘與錘",
      "content": "是嗎……"
    },
    {
      "id": 42,
      "model": "피묻은귀도",
      "teller": "圭多",
      "title": "釘與錘",
      "content": "就連你，也是骯髒的異端嗎……"
    },
    {
      "id": 43,
      "model": "싱클레어",
      "content": "你們……都是精神病……都瘋了……"
    },
    {
      "id": 44,
      "model": "피묻은귀도",
      "teller": "圭多",
      "title": "釘與錘",
      "content": "執柄者曾言……"
    },
    {
      "id": 45,
      "model": "피묻은귀도",
      "teller": "圭多",
      "title": "釘與錘",
      "content": "汝亦有執柄者之資。"
    },
    {
      "id": 46,
      "model": "피묻은귀도",
      "teller": "圭多",
      "title": "釘與錘",
      "content": "只可惜……"
    },
    {
      "id": 47,
      "model": "피묻은귀도",
      "teller": "圭多",
      "title": "釘與錘",
      "content": "汝執握錯了方向。"
    },
    {
      "id": 48,
      "model": "단테",
      "content": "<辛克萊……快逃……我幫不上……你……>"
    },
    {
      "id": 49,
      "model": "싱클레어",
      "content": "不……我不會再逃了。"
    },
    {
      "id": 50,
      "model": "제복소드",
      "teller": "索德",
      "title": "LCCB",
      "content": "……答的好，辛克萊。"
    },
    {
      "id": -1,
      "model": "탕!"
    },
    {
      "id": 51,
      "content": "槍聲貫耳。"
    },
    {
      "id": 52,
      "content": "但子彈落在了圭多頭上。"
    },
    {
      "id": 53,
      "model": "피묻은귀도",
      "teller": "圭多",
      "title": "釘與錘",
      "content": "……"
    },
    {
      "id": 54,
      "model": "피묻은귀도",
      "teller": "圭多",
      "title": "釘與錘",
      "content": "汝等，自取滅亡之人……"
    },
    {
      "id": 55,
      "model": "피묻은귀도",
      "teller": "圭多",
      "title": "釘與錘",
      "content": "錘絕不會放過……"
    },
    {
      "id": 56,
      "content": "說完這些話後……"
    },
    {
      "id": 57,
      "content": "圭多轟然倒地，徹底失去了氣息。"
    },
    {
      "id": 58,
      "content": "在那個瞬間……"
    },
    {
      "id": 59,
      "content": "我聽到了手槍落地的聲音。"
    },
    {
      "id": 60,
      "model": "단테",
      "content": "<……索德。>"
    },
    {
      "id": 61,
      "model": "제복소드",
      "teller": "索德",
      "title": "LCCB",
      "content": "埃菲他果然……已經，死了吧？"
    },
    {
      "id": 62,
      "model": "제복소드",
      "teller": "索德",
      "title": "LCCB",
      "content": "你們這些人真的是。就算要騙我，至少也把謊話說的可信一點啊。"
    },
    {
      "id": 63,
      "model": "그레고르",
      "content": "……振作一點，索德，我們先離開這裡。你傷的不重……只要給你包紮一下……把血止住就好。"
    },
{
      "id": 64,
      "model": "이스마엘",
      "content": "對，我正好有止血帶……"
    },
    {
      "id": 65,
      "model": "제복소드",
      "teller": "索德",
      "title": "LCCB",
      "content": "別傻了，我連手指都抬不動了。"
    },
    {
      "id": 66,
      "model": "제복소드",
      "teller": "索德",
      "title": "LCCB",
      "content": "再說，那幫審判官肯定還會追上來吧？你們還得繼續朝下走。"
    },
    {
      "id": 67,
      "model": "제복소드",
      "teller": "索德",
      "title": "LCCB",
      "content": "我來拖住他們，你們先走。"
    },
    {
      "id": 68,
      "model": "싱클레어",
      "content": "為什麼，為什麼要這麼做……"
    },
    {
      "id": 69,
      "model": "이스마엘",
      "content": "你自己都說抬不動手指了。我怎麼還能讓你為我們殿後……不是嗎？"
    },
    {
      "id": 70,
      "model": "제복소드",
      "teller": "索德",
      "title": "LCCB",
      "content": "你們真是……像這種時候……明明只要點點頭，然後繼續上路就好了。"
    },
    {
      "id": 71,
      "model": "제복소드",
      "teller": "索德",
      "title": "LCCB",
      "content": "沒必要關心我這個自願留下的人吧？"
    },
    {
      "id": 72,
      "model": "싱클레어",
      "content": "但是……但是……"
    },
    {
      "id": 73,
      "model": "제복소드",
      "teller": "索德",
      "title": "LCCB",
      "content": " 啊……怎麼現在都亂成這樣了？我好不容易才說了帥氣的台詞。"
    },
    {
      "id": 74,
      "model": "제복소드",
      "teller": "索德",
      "title": "LCCB",
      "content": "浮士德，請你快點把這幾個大笨蛋帶走吧。"
    },
    {
      "id": 75,
      "model": "파우스트",
      "content": "我會代你向維吉里烏斯先生問好。"
    },
    {
      "id": 76,
      "model": "제복소드",
      "teller": "索德",
      "title": "LCCB",
      "content": "不用。"
    },
    {
      "id": 77,
      "model": "제복소드",
      "teller": "索德",
      "title": "LCCB",
      "content": "……只用轉告他，哪天來打個招呼就好了。你明白吧？"
    },
    {
      "id": 78,
      "model": "파우스트",
      "content": "……"
    },
    {
      "id": 79,
      "model": "파우스트",
      "content": "如您所願。"
    },
    {
      "id": 80,
      "content": "我們把奄奄一息的索德留下，繼續朝著下一區域邁進。"
    },
    {
      "id": 81,
      "content": "沉默在我們中停留許久。"
    }
  ]
}