{
  "dataList": [
    {
      "id": 0,
      "place": "無盡的屍山",
      "model": "싱클레어",
      "content": "德，德米安……"
    },
    {
      "id": 1,
      "model": "데미안",
      "teller": "德米安",
      "title": "？？？",
      "content": "你改變了自己的命運呢，辛克萊。"
    },
    {
      "id": 2,
      "model": "데미안",
      "teller": "德米安",
      "title": "？？？",
      "content": "雖不再是膽小鬼，卻也沒成為英雄，你果然還是無法完全拋下恐懼。"
    },
    {
      "id": 3,
      "model": "데미안",
      "teller": "德米安",
      "title": "？？？",
      "content": "我說過了吧？對某人心懷畏懼，也就是……"
    },
    {
      "id": 4,
      "model": "싱클레어",
      "content": "那人……擁有足以支配我的力量……"
    },
    {
      "id": 5,
      "model": "데미안",
      "teller": "德米安",
      "title": "？？？",
      "content": "沒錯，以及我……不喜歡你被別人馴化。"
    },
    {
      "id": 6,
      "model": "데미안",
      "teller": "德米安",
      "title": "？？？",
      "content": "所以我才把克羅默那女人抹除了。"
    },
    {
      "id": 7,
      "content": "名為德米安之人開始向前踱步，如將要旅行一般步履輕盈。"
    },
    {
      "id": 8,
      "model": "데미안",
      "teller": "德米安",
      "title": "？？？",
      "content": "不久後世界將迎來新生，只有極少數人能前往那個新世界。"
    },
    {
      "id": 9,
      "model": "데미안",
      "teller": "德米安",
      "title": "？？？",
      "content": "辛克萊，你是其中一人。"
    },
    {
      "id": 10,
      "content": "辛克萊沒能回答就失去了意識……"
    },
    {
      "id": 11,
      "content": "自稱德米安的人緩緩向我走來。"
    },
    {
      "id": 12,
      "model": "데미안",
      "teller": "德米安",
      "title": "？？？",
      "content": "克羅默……她曾試圖成為被眾人所崇拜的神明。辛克萊也差點成了她的墊腳石。"
    },
    {
      "id": 13,
      "model": "데미안",
      "teller": "德米安",
      "title": "？？？",
      "content": "但他必須破繭成蝶才行。"
    },
    {
      "id": 14,
      "model": "데미안",
      "teller": "德米安",
      "title": "？？？",
      "content": "克羅默可是相當努力了，她千方百計製作出了和辛克萊第一次失去硬幣時相同的情況。"
    },
    {
      "id": 15,
      "model": "데미안",
      "teller": "德米安",
      "title": "？？？",
      "content": "雖然離聖誕節還有段時間……"
    },
    {
      "id": 16,
      "model": "데미안",
      "teller": "德米安",
      "title": "？？？",
      "content": "費盡心思，最後卻做出了自己極其厭惡的“假貨”，很諷刺吧？"
    },
    {
      "id": 17,
      "model": "단테",
      "content": "<你在說什麼？你是什麼人？>"
    },
    {
      "id": 18,
      "model": "데미안",
      "teller": "德米安",
      "title": "？？？",
      "content": "很高興見到你，但丁。"
    },
    {
      "id": 19,
      "model": "데미안",
      "teller": "德米安",
      "title": "？？？",
      "content": "你這段時間都扮演著一位和辛克萊很親近的大人呢。"
    },
    {
      "id": 20,
      "model": "데미안",
      "teller": "德米安",
      "title": "？？？",
      "content": "至於我是誰……"
    },
    {
      "id": 21,
      "model": "데미안",
      "teller": "德米安",
      "title": "？？？",
      "content": "以及我在說些什麼，時機成熟後你自然會知道。"
    },
    {
      "id": 22,
      "model": "단테",
      "content": "<……？！>"
    },
    {
      "id": 23,
      "model": "데미안",
      "teller": "德米安",
      "title": "？？？",
      "content": "當辛克萊帶著內心的力量與信念振翅之時……"
    },
    {
      "id": 24,
      "model": "데미안",
      "teller": "德米安",
      "title": "？？？",
      "content": "嗯，那即是他和耀眼繁星合二為一的日子。"
    },
    {
      "id": 25,
      "model": "데미안",
      "teller": "德米安",
      "title": "？？？",
      "content": "……到那時我還會再回來。"
    },
    {
      "id": 26,
      "model": "데미안",
      "teller": "德米安",
      "title": "？？？",
      "content": "在那之前辛克萊就交給你了，但丁。"
    },
    {
      "id": 27,
      "model": "단테",
      "content": "<你……你能聽懂我的話嗎？>"
    },
    {
      "id": 28,
      "model": "데미안",
      "teller": "德米安",
      "title": "？？？",
      "content": "所有窸窣的響動我都了然於胸，你的自然也不例外，但丁。"
    },
    {
      "id": 29,
      "model": "데미안",
      "teller": "德米安",
      "title": "？？？",
      "content": "一如既往……"
    },
    {
      "id": 30,
      "model": "데미안",
      "teller": "德米安",
      "title": "？？？",
      "content": "最重要的事情，不可見，亦不可言。"
    },
    {
      "id": 31,
      "content": "圍著青色圍巾的少年不知何時消失不見……"
    },
    {
      "id": 32,
      "content": "屍山逐漸溶解崩壞。"
    },
    {
      "id": 33,
      "content": "血肉雜糅著滴落。"
    },
    {
      "id": 34,
      "content": "在那前方，是閃耀著溫暖光芒的金枝。"
    },
    {
      "id": 35,
      "content": "辛克萊的世界也漸漸溶解。"
    },
    {
      "id": 36,
      "content": "我拖著只剩上半身的身體艱難地爬向辛克萊。"
    },
    {
      "id": 37,
      "model": "싱클레어",
      "content": "……"
    },
    {
      "id": 38,
      "content": "他還有呼吸。"
    },
    {
      "id": 39,
      "content": "我也一樣，多虧這樣我才能撥動指針。"
    },
    {
      "id": 40,
      "content": "既然如此，我還不能太早放棄經理的職位。"
    },
    {
      "id": 41,
      "content": "臨死之際我領悟到了……"
    },
    {
      "id": 42,
      "content": "我必須成為更加明智的經理才行。"
    },
    {
      "id": 43,
      "content": "所以，我現在該說的是……"
    },
    {
      "id": 44,
      "model": "단테",
      "content": "<這也許是你的錯，辛克萊。>"
    },
    {
      "id": 45,
      "model": "단테",
      "content": "<但那又如何……誰都會犯錯，這次只不過是個小失誤。>"
    },
    {
      "id": 46,
      "model": "단테",
      "content": "<不要因此而作繭自縛。>"
    },
{
      "id": 47,
      "content": "我用融化的右手拍了拍他的背。"
    },
    {
      "id": 48,
      "content": "辛克萊沒有回應。"
    },
    {
      "id": 49,
      "content": "如果追究所有的失誤，那可就沒完沒了了。"
    },
    {
      "id": 50,
      "content": "我們每個人都懷著背負自身罪孽的決心登上了這輛巴士。"
    },
    {
      "id": 51,
      "content": "失去了頭和記憶，卻仍然擔任著經理的我也一樣。"
    },
    {
      "id": 52,
      "content": "……歸根結底，是我們自己的錯也說不定。"
    },
    {
      "id": 53,
      "content": "但如果被那事實埋沒的話，就再也無法往前邁進。"
    },
    {
      "id": 54,
      "teller": "？？？",
      "title": "？？？",
      "content": "……找到了！"
    },
    {
      "id": 55,
      "content": "在大家淒慘地分散一地的時候，我聽到了幾個人的腳步聲。"
    },
    {
      "id": 56,
      "content": "……應該是維吉里烏斯了解到情況，呼叫了外援小隊吧。"
    },
    {
      "id": 57,
      "teller": "？？？",
      "title": "LCCA",
      "content": "好像是這個人，要現在注射嗎？"
    },
    {
      "id": 58,
      "teller": "？？？",
      "title": "LCCA",
      "content": "只要他活著，其他人貌似就都能復活。務必全力修復他的身體。"
    },
    {
      "id": 59,
      "model": "단테",
      "content": "<咕……？！>"
    },
    {
      "id": 60,
      "content": "在肩膀上傳來刺痛後不久，從我融化的身體部位傳來奇怪的感覺。"
    },
    {
      "id": 61,
      "teller": "？？？",
      "title": "LCCA",
      "content": "那邊提供的HP安瓿針劑有三個，要全部注射嗎？"
    },
    {
      "id": 62,
      "teller": "？？？",
      "title": "LCCA",
      "content": "先觀察再生狀況，需要時再注射。"
    },
    {
      "id": 63,
      "teller": "？？？",
      "title": "LCCA",
      "content": "這群巴士上的混蛋們……能見到特色真是三生有幸啊，那位好像和K公司也有關係……"
    },
    {
      "id": 64,
      "teller": "？？？",
      "title": "LCCA",
      "content": "……來了，追……"
    },
    {
      "id": 65,
      "content": "圍在我周圍的人聲漸漸遠去。"
    },
    {
      "id": 66,
      "content": "混雜著辛克萊慘叫的哭聲慢慢低沉，隨後靜靜迴盪。"
    },
    {
      "id": 67,
      "content": "於是，我們的第三次作戰在陰鬱的氛圍中落幕了。"
    },
    {
      "id": 68
    },
    {
      "id": 69,
      "place": "梅菲斯托費勒斯 內部",
      "content": "雖然奪回了金枝，但我們輸了。"
    },
    {
      "id": 70,
      "content": "可大家都像沒意識到一樣，巴士裡反而比以往更有活力了。"
    },
    {
      "id": 71,
      "model": "베르길리우스",
      "content": "雞肉串是按著人數買的，但現在少了一些，能吱聲的就自己去找。"
    },
    {
      "id": 72,
      "model": "홍루",
      "content": "哇，好奇特的形狀，為什麼要把雞肉串起來呢？"
    },
    {
      "id": 73,
      "model": "이상",
      "content": "記得在我曾居住的地方……也有這食物。"
    },
    {
      "id": 74,
      "model": "카론",
      "content": "甜甜的味道，是梅菲會喜歡的味道。"
    },
    {
      "id": 75,
      "content": "卡戎似乎很高興地提高了車速。"
    },
    {
      "id": 76,
      "content": "卡戎又唱起聽慣了的歌，我好像能猜到她這次唱的是什麼。"
    },
    {
      "id": 77,
      "model": "그레고르",
      "content": "卡戎，離聖誕節還有一段時間吧？"
    },
{
      "id": 78,
      "model": "카론",
      "content": "請不要讓卡戎掃興，蟲男。"
    },
    {
      "id": 79,
      "model": "카론",
      "content": "卡戎覺得現在是聖誕節的氣氛，那就是。"
    },
    {
      "id": 80,
      "model": "그레고르",
      "content": "呃……不是，我也沒給你起綽號吧！"
    },
    {
      "id": 81,
      "model": "로쟈",
      "content": "那格雷格也喊“巴士小妹”怎麼樣~。你也是，怎麼總是被欺負呢。"
    },
    {
      "id": 82,
      "model": "그레고르",
      "content": "呃……"
    },
    {
      "id": 83,
      "model": "베르길리우스",
      "content": "……"
    },
    {
      "id": 84,
      "content": "沒吃難得買來的雞肉串，維吉里烏斯就這樣守望著這幅場景。"
    },
    {
      "id": 85,
      "content": "卡戎的歌又讓他平靜下來了吧。"
    },
    {
      "id": 86,
      "content": "他的話突然闖入我的耳中，“卡戎正在穿過隧道”。"
    },
    {
      "id": 87,
      "content": "於是我……"
    },
    {
      "id": 88,
      "content": "注視著和其他罪人呆在一起，臉上浮出笑容的辛克萊。"
    },
    {
      "id": 89,
      "model": "단테",
      "content": "<既然要穿過很長的隧道……>"
    },
    {
      "id": 90,
      "model": "단테",
      "content": "<那等早上再出發不也行嗎？>"
    },
    {
      "id": 91,
      "model": "베르길리우스",
      "content": "……"
    },
    {
      "id": 92,
      "model": "로쟈",
      "content": "哈哈！但丁，你在說什麼呢？來！你也吃雞肉串，啊~。"
    },
    {
      "id": 93,
      "model": "뫼르소",
      "content": "經理他沒有嘴。"
    },
    {
      "id": 94,
      "model": "오티스",
      "content": "經理大人是即使一言不發也能控制住局面的奇才，因此無須用嘴，請您將此牢記於心。"
    },
    {
      "id": 95,
      "model": "이스마엘",
      "content": "不是……你這麼信口開河難道不累嗎，奧提斯？"
    },
    {
      "id": 96,
      "model": "히스클리프",
      "content": "喂！這玩意兒還有嗎？怪好吃的。"
    },
    {
      "id": 97,
      "model": "료슈",
      "content": "嘿，蟲・男，借下打火機。"
    },
    {
      "id": 98,
      "model": "그레고르",
      "content": "……你以為省略著說我就不知道了嗎？"
    },
    {
      "id": 99,
      "content": "關於這次既成功也失敗的作戰，我也有想過和罪人們訴說這份微妙的心情……"
    },
    {
      "id": 100,
      "content": "但很快便放棄了。"
    },
    {
      "id": 101,
      "content": "我想起自己對辛克萊說過的話，“不要因現在的失敗作繭自縛”。"
    },
    {
      "id": 102,
      "content": "我暗自下定決心，要在下次作戰挽回。"
    },
    {
      "id": 103,
      "model": "돈키호테",
      "content": "喂，猩紅……不對，維吉里烏斯先生。"
    },
    {
      "id": 104,
      "model": "베르길리우스",
      "content": "怎麼了。"
    },
    {
      "id": 105,
      "model": "돈키호테",
      "content": "吾確信自己嚴格遵守規章行動了。"
    },
    {
      "id": 106,
      "model": "돈키호테",
      "content": "所以，吾……吃一串雞肉串也行吧？"
    },
    {
      "id": 107,
      "model": "베르길리우스",
      "content": "……隨便你。"
    },
    {
      "id": 108,
      "content": "熱鬧的巴士隨著堂吉訶德的歡呼聲迅速奔馳。"
    },
    {
      "id": 109,
      "content": "雖然話語無法傳達，但我相信我的想法會以某種方式傳達給大家。"
    },
    {
      "id": 110,
      "content": "……於是朝陽升起。"
    },
    {
      "id": 111
    }
  ]
}