{
  "dataList": [
    {
      "id": 0,
      "place": "11區 腦葉公司支部內某處",
      "model": "히스클리프",
      "content": "……你們聽到附近傳來好像是野獸爬行一樣的動靜了嗎？"
    },
    {
      "id": 1,
      "content": "周圍肯定有什麼東西在地板上來回刮擦移動。"
    },
    {
      "id": 2,
      "model": "침식직원1",
      "teller": "？？？",
      "title": "？？？",
      "content": "嗚……咕嗚嗚嗚……"
    },
    {
      "id": 3,
      "model": "그레고르",
      "content": "那也是異想體嗎？"
    },
    {
      "id": 4,
      "model": "이스마엘",
      "content": "看清楚了，那些不是異想體。看到那些紋章了嗎……"
    },
    {
      "id": 5,
      "content": "以實瑪利低聲對我們說道。"
    },
    {
      "id": 6,
      "content": "仔細一看，那些野獸的身體中鑲嵌著熟悉的紋章。那是在審判官身上才會有的東西。"
    },
    {
      "id": 7,
      "model": "파우스트",
      "content": "是E.G.O侵蝕。"
    },
    {
      "id": 8,
      "model": "그레고르",
      "content": "你是說那個噁心的狀態……？"
    },
    {
      "id": 9,
      "model": "이스마엘",
      "content": "好像在戰鬥中精神產生動搖的時候就會發生……簡直就像是被某種東西吞噬了一樣。"
    },
    {
      "id": 10,
      "model": "파우스트",
      "content": "雖然不太準確，但還算是個不錯的比喻。它的確會吞噬你的本質。"
    },
    {
      "id": 11,
      "model": "파우스트",
      "content": "……從觀察結果上來看，這裡與之前的樓層不同，並不完全是用於拷問義體使用者的地方。"
    },
    {
      "id": 12,
      "model": "파우스트",
      "content": "準確來說，這裡應該是強行讓自己被侵蝕的場所。"
    },
    {
      "id": 13,
      "model": "침식직원1",
      "teller": "被侵蝕的異端審判官",
      "title": "釘與錘",
      "content": "喔……嗚……啊……"
    },
    {
      "id": 14,
      "content": "望著那個搖搖晃晃向我走來的東西……"
    },
    {
      "id": 15,
      "content": "我心情複雜地嘆了口氣。"
    },
    {
      "id": 16,
      "content": "難道因為對我這種時鐘腦袋痛恨不已，就要變成比鐘錶更加醜陋的樣子活下去嗎？"
    },
    {
      "id": 17,
      "content": "主動拋棄自我，然後被別的什麼東西所取代……"
    },
    {
      "id": 18,
      "content": "就這樣，在抹除掉自我後才得到的金枝……"
    },
    {
      "id": 19,
      "content": "真的能夠為了他們的利益而使用嗎？"
    },
    {
      "id": 20,
      "content": "忽然間，一個想法就這樣闖進了我的腦海。"
    },
    {
      "id": 21,
      "content": "我並不知道金枝可能會引發什麼樣的後果，卻依然在搜尋著它……"
    },
    {
      "id": 22,
      "content": "……我和那些可悲的侵蝕者們，真的有什麼不同嗎？ "
    }
  ]
}