{
  "dataList": [
    {
      "id": 0,
      "place": "變得嘈雜起來的九人會",
      "model": "과거동백",
      "teller": "冬柏",
      "title": "九人會",
      "content": "……"
    },
    {
      "id": 1,
      "model": "과거동백",
      "teller": "冬柏",
      "title": "九人會",
      "content": "這次朗術會，靈之也沒來。"
    },
    {
      "id": 2,
      "model": "동랑",
      "teller": "東朗",
      "title": "K公司 糧食資源改良部門",
      "content": "我聽說他被翼正式聘請了。這大概是第二次了。"
    },
    {
      "id": 3,
      "model": "파우스트",
      "content": "知道是哪片翼嗎？"
    },
    {
      "id": 4,
      "model": "그레고르",
      "content": "沒有人知道。"
    },
    {
      "id": 5,
      "model": "동랑",
      "teller": "東朗",
      "title": "K公司 糧食資源改良部門",
      "content": "你為什麼這麼不開心？是你拒絕了和靈之哥一起離開啊，冬柏。"
    },
    {
      "id": 6,
      "model": "과거동백",
      "teller": "冬柏",
      "title": "九人會",
      "content": "……"
    },
    {
      "id": 7,
      "model": "동랑",
      "teller": "東朗",
      "title": "K公司 糧食資源改良部門",
      "content": "沒必要這麼執著於九這個數字。就算只有八個人，或是五個人，又怎麼樣？"
    },
    {
      "id": 8,
      "model": "로쟈",
      "content": "說起來，東朗……你準備在那個動物醫院玩多久？"
    },
    {
      "id": 9,
      "model": "로쟈",
      "content": "我之前在百忙之中抽出時間去看了看靈之哥的小組是什麼樣的……我見到的只有一堆孩子的玩具。"
    },
    {
      "id": 10,
      "model": "동랑",
      "teller": "東朗",
      "title": "K公司 糧食資源改良部門",
      "content": "哦，好久不見啊，訥人。很高興在這裡都能遇見同鄉。"
    },
    {
      "id": 11,
      "model": "동랑",
      "teller": "東朗",
      "title": "K公司 糧食資源改良部門",
      "content": "你來到T公司的時間比我們晚，但適應起來似乎比我們快。"
    },
    {
      "id": 12,
      "model": "동랑",
      "teller": "東朗",
      "title": "K公司 糧食資源改良部門",
      "content": "但是……你說那是小孩子的玩具……有點掃興。"
    },
    {
      "id": 13,
      "model": "동랑",
      "teller": "東朗",
      "title": "K公司 糧食資源改良部門",
      "content": "如果你知道動物和人一樣有痛覺，你就不會說這種話了。"
    },
    {
      "id": 14,
      "model": "로쟈",
      "content": "好吧……如果那些動物能用錢回饋我的善意，我就收回我說的話~"
    },
    {
      "id": 15,
      "model": "과거동백",
      "teller": "冬柏",
      "title": "九人會",
      "content": "訥人，你以為這是個低俗地拍賣技術的拍賣行嗎？"
    },
    {
      "id": 16,
      "model": "과거동백",
      "teller": "冬柏",
      "title": "九人會",
      "content": "幾個月前你都不屑於看我們一眼，說我們的朗術會已經落伍了……怎麼，你現在是又想來分一杯羹嗎？"
    },
    {
      "id": 17,
      "model": "동랑",
      "teller": "東朗",
      "title": "K公司 糧食資源改良部門",
      "content": "冬柏……"
    },
    {
      "id": 18,
      "model": "과거동백",
      "teller": "冬柏",
      "title": "九人會",
      "content": "別以為我是想保護你。我只是不想見到她的臉罷了。"
    },
    {
      "id": 19,
      "model": "과거동백",
      "teller": "冬柏",
      "title": "九人會",
      "content": "但是… 你為什麼對治療動物如此熱衷？ 他們又不是人。你打算怎樣維持生計？"
    },
    {
      "id": 20,
      "model": "동랑",
      "teller": "東朗",
      "title": "K公司 糧食資源改良部門",
      "content": "你很喜歡嘮叨。嗯，我猜我可以開一家雞肉餐廳？"
    },
    {
      "id": 21,
      "model": "과거동백",
      "teller": "冬柏",
      "title": "九人會",
      "content": "什麼？"
    },
    {
      "id": 22,
      "model": "동랑",
      "teller": "東朗",
      "title": "K公司 糧食資源改良部門",
      "content": "來，聽我說。我可以讓雞長出很多雞翅……然後再無痛的把它們切下來。"
    },
    {
      "id": 23,
      "model": "동랑",
      "teller": "東朗",
      "title": "K公司 糧食資源改良部門",
      "content": "它們只需要一雙翅膀便可以飛翔。這樣，人類就有更多肉可以吃了，而雞也不吃虧。"
    },
    {
      "id": 24,
      "model": "과거동백",
      "teller": "冬柏",
      "title": "九人會",
      "content": "什麼……"
    },
    {
      "id": 25,
      "model": "이상",
      "content": "你準備給這些雞取什麼名字？"
    },
    {
      "id": 26,
      "model": "동랑",
      "teller": "東朗",
      "title": "K公司 糧食資源改良部門",
      "content": "讓我想想，胖胖雞怎麼樣？"
    },
    {
      "id": 27,
      "model": "과거동백",
      "teller": "冬柏",
      "title": "九人會",
      "content": "東朗，永遠不要再給任何東西取名了。知道了嗎？"
    },
    {
      "id": 28,
      "model": "이상",
      "content": "在那時，我好像聽到了一個微弱的聲音。"
    },
    {
      "id": 29,
      "model": "이상",
      "content": "咔擦一聲。"
    },
    {
      "id": 30,
      "model": "이상",
      "content": "即便我清楚一點點的裂痕也會帶來什麼樣的後果，我還是選擇視若無睹……"
    },
    {
      "id": 31,
      "model": "이상",
      "content": "也許我只是想假裝沒聽見這個聲音……"
    },
    {
      "id": 32,
      "model": "이상",
      "content": "我天真的認為，只要斜著觀察一切就足矣、就足夠深刻、就能夠感到自滿……"
    },
    {
      "id": 33,
      "model": "이상",
      "content": "我意識到的太晚了。"
    },
    {
      "id": 34,
      "model": "동랑",
      "teller": "東朗",
      "title": "K公司 糧食資源改良部門",
      "content": "你知道嗎，冬柏？"
    },
    {
      "id": 35,
      "model": "동랑",
      "teller": "東朗",
      "title": "K公司 糧食資源改良部門",
      "content": "你的話也並不怎麼使人安心。"
    },
    {
      "id": 36,
      "model": "동랑",
      "teller": "東朗",
      "title": "K公司 糧食資源改良部門",
      "content": "訥人的話讓我有了很大的領悟。"
    },
    {
      "id": 37,
      "model": "동랑",
      "teller": "東朗",
      "title": "K公司 糧食資源改良部門",
      "content": "不管你怎麼努力……如果技術沒有實際用途……就沒有人會多看它一眼。"
    }
  ]
}