{
  "dataList": [
    {
      "id": 0,
      "place": "一無所有的九人會",
      "model": "이상",
      "content": "九人會的崩裂粉碎了一切，我周圍的一切也隨之戛然而止。"
    },
    {
      "id": 1,
      "model": "이상",
      "content": "停滯意味著停止關心他人……也就意味著冷漠。"
    },
    {
      "id": 2,
      "model": "이상",
      "content": "換言之……"
    },
    {
      "id": 3,
      "model": "이상",
      "content": "意味著我即便承受風吹日曬，任人踐踏，也無所謂了。"
    },
    {
      "id": 4,
      "model": "이상",
      "content": "但在那時，有人抓住了我的手臂。"
    },
    {
      "id": 5,
      "model": "과거구보",
      "teller": "仇甫",
      "title": "？？？",
      "content": "你能忍受T公司的技術部門員工把你帶走？像你一樣的人？你瘋了嗎？李箱？"
    },
    {
      "id": 6,
      "model": "과거구보",
      "teller": "仇甫",
      "title": "？？？",
      "content": "你必須跟我走。"
    },
    {
      "id": 7,
      "model": "이상",
      "content": "除了點頭我還能做什麼？"
    },
    {
      "id": 8,
      "model": "이상",
      "content": "如果他告訴我，我應當被技術部門的員工帶走，我也會點頭的。"
    },
    {
      "id": 9,
      "model": "이상",
      "content": "如果他告訴我，我應當把鏡子技術丟進概念焚化爐，我也會照做的。"
    },
    {
      "id": 10,
      "model": "이상",
      "content": "如果他告訴我，我應當躲在原地，裝作自己什麼都不知道，我也會這麼做的。"
    },
    {
      "id": 11,
      "model": "이상",
      "content": "九人之中有多少人倖免於難……"
    },
    {
      "id": 12,
      "model": "이상",
      "content": "我不知道。"
    }
  ]
}