{
  "dataList": [
    {
      "id": 0,
      "place": "N公司的四方形房間",
      "model": "홍루",
      "content": "你的朋友仇甫想用鏡子做什麼？"
    },
    {
      "id": 1,
      "model": "이상",
      "content": "N公司具體想要做什麼……我也不知道。我沒有問。"
    },
    {
      "id": 2,
      "model": "이상",
      "content": "但是……"
    },
    {
      "id": 3,
      "model": "헤르만",
      "teller": "赫爾曼",
      "title": "N公司",
      "content": "這裡怎麼樣？住得舒服嗎？有好好吃飯嗎？"
    },
    {
      "id": 4,
      "model": "이상",
      "content": "……"
    },
    {
      "id": 5,
      "model": "구보",
      "teller": "仇甫",
      "title": "N公司",
      "content": "我都說了，他是個沉默寡言的人。"
    },
    {
      "id": 6,
      "model": "헤르만",
      "teller": "赫爾曼",
      "title": "N公司",
      "content": "你還知道破壞鏡子與玻璃中的世界……破壞一切世界的可能性的方法嗎？"
    },
    {
      "id": 7,
      "model": "이상",
      "content": "我……"
    },
    {
      "id": 8,
      "model": "헤르만",
      "teller": "赫爾曼",
      "title": "N公司",
      "content": "你當然會說你不知道。我在命令你研究這個課題。"
    },
    {
      "id": 9,
      "model": "헤르만",
      "teller": "赫爾曼",
      "title": "N公司",
      "content": "即便你說你不想這麼做，我還有很多辦法。"
    },
    {
      "id": 10,
      "model": "헤르만",
      "teller": "赫爾曼",
      "title": "N公司",
      "content": "我只是覺得看在你朋友的份上，我應該至少禮貌的詢問一下你。"
    },
    {
      "id": 11,
      "model": "헤르만",
      "teller": "赫爾曼",
      "title": "N公司",
      "content": "啊，就當是我們三人間的小秘密吧。"
    },
    {
      "id": 12,
      "model": "헤르만",
      "teller": "赫爾曼",
      "title": "N公司",
      "content": "……他們兩個人還是不願意重新加入九人會嗎？不管發生什麼，亞細亞似乎都不在意，但這兩個人有些棘手。"
    },
    {
      "id": 13,
      "model": "구보",
      "teller": "仇甫",
      "title": "N公司",
      "content": "不需要擔心。他們很快就會做出決定的。"
    },
    {
      "id": 14,
      "model": "구보",
      "teller": "仇甫",
      "title": "N公司",
      "content": "在此創立的新九人會，會比之前的要強大吧。因為這不是由別人，而是由赫爾曼大人所創立的。"
    },
    {
      "id": 15,
      "model": "구보",
      "teller": "仇甫",
      "title": "N公司",
      "content": "為什麼，就算沒有東朗和冬柏，你還是不加入我們？"
    },
    {
      "id": 16,
      "model": "구보",
      "teller": "仇甫",
      "title": "N公司",
      "content": "……你難道看不出來，只有你表明態度之後我才能安心嗎？"
    },
    {
      "id": 17,
      "model": "이상",
      "content": "我的態度未曾改變。"
    },
    {
      "id": 18,
      "model": "구보",
      "teller": "仇甫",
      "title": "N公司",
      "content": "……"
    },
    {
      "id": 19,
      "model": "상이",
      "teller": "箱李",
      "title": "研心",
      "content": "……破壞鏡之世界嗎？看來仇甫和赫爾曼也認真起來了。"
    },
    {
      "id": 20,
      "model": "이상",
      "content": "你是對的。只要他們下定決心去做，這件事就一定會實現。"
    },
    {
      "id": 21,
      "model": "이상",
      "content": "而我……便會給他他想要的東西……"
    },
    {
      "id": 22,
      "model": "이상",
      "content": "但是……"
    },
    {
      "id": 23,
      "model": "이상",
      "content": "我並不想你因此就此消逝。"
    },
    {
      "id": 24,
      "model": "이상",
      "content": "你必須在仇甫也毀掉你之前飛離這裡。"
    },
    {
      "id": 25,
      "model": "상이",
      "teller": "箱李",
      "title": "研心",
      "content": "……那你呢？"
    },
    {
      "id": 26,
      "model": "이상",
      "content": "你還不明白嗎？我已經沒有任何手段了。我沒有你那樣的翅膀，自然也無法飛行。"
    },
    {
      "id": 27,
      "model": "이상",
      "content": "我沒有什麼怨言。如果我閉嘴照他們所說的去做，他們至少會放過我。"
    },
    {
      "id": 28,
      "model": "이상",
      "content": "就像我說的那樣，我只剩下……鏡子外的你了。"
    },
    {
      "id": 29,
      "model": "상이",
      "teller": "箱李",
      "title": "研心",
      "content": "……當你失去了什麼，你難道不應該考慮用些新東西來那個填補空缺嗎？"
    },
    {
      "id": 30,
      "model": "이상",
      "content": "真是個奇怪的問題。這就是我的整個世界，我要怎麼設法填滿它？"
    },
    {
      "id": 31,
      "model": "이상",
      "content": "在那之後，有一段時間，你都不會在我面前現身。"
    },
    {
      "id": 32,
      "model": "이상",
      "content": "我有時會想知道。"
    },
    {
      "id": 33,
      "model": "이상",
      "content": "我才是那個說出了這就是我的全部的人，所以為什麼你擺出了一副失去一切的樣子？"
    },
    {
      "id": 34,
      "model": "이스마엘",
      "content": "聽起來很像鏡子裡的李箱……"
    },
    {
      "id": 35,
      "model": "이스마엘",
      "content": "想要把他留在這個地方。告訴他外面不安全，他應該留在這裡……"
    },
    {
      "id": 36,
      "model": "싱클레어",
      "content": "但，為什麼他會做出這種……"
    },
    {
      "id": 37,
      "model": "T사기술청1",
      "teller": "3級徵收人員",
      "title": "T公司",
      "content": "我們是來收繳非法組織九人會創造的技術的。"
    },
    {
      "id": 38,
      "model": "T사기술청1",
      "teller": "3級徵收人員",
      "title": "T公司",
      "content": "取出你們的時鐘然後表明你們的身份。"
    },
    {
      "id": 39,
      "model": "단테",
      "content": "<那些科技部門的員工一直追到了這裡？>"
    },
    {
      "id": 40,
      "model": "뫼르소",
      "content": "T公司的技術廳員工不可能跑去N公司。"
    },
    {
      "id": 41,
      "model": "뫼르소",
      "content": "這意味著，這是嘗試侵入自我心道的外來物質。"
    }
  ]
}