{
  "dataList": [
    {
      "id": 0,
      "place": "綻放的九人會",
      "model": "이스마엘",
      "content": "氣氛很和諧。"
    },
    {
      "id": 1,
      "model": "동랑",
      "teller": "東朗",
      "title": "K公司 糧食資源改良部門",
      "content": "最近事情還算不錯。感覺我們幾乎像是在旅行一樣。我們曾以為在離開家鄉尋找新的去處後，一切都會好起來的，但，唉……"
    },
    {
      "id": 2,
      "model": "동랑",
      "teller": "東朗",
      "title": "K公司 糧食資源改良部門",
      "content": "歸根結底，人類社會之間沒什麼太大不同。"
    },
    {
      "id": 3,
      "model": "오티스",
      "content": "今天……我在集市上看到了可疑的東西。"
    },
    {
      "id": 4,
      "model": "동랑",
      "teller": "東朗",
      "title": "K公司 糧食資源改良部門",
      "content": "這讓我開始好奇了。是什麼呢，三和？"
    },
    {
      "id": 5,
      "model": "오티스",
      "content": "這個發明。這不是你在九人會裡面做的嗎，甲龍？"
    },
    {
      "id": 6,
      "model": "히스클리프",
      "content": "這……確實。但是，我是說……沒必要去搜查集市之類的，對吧？是、是信任與信念將我們九人會聯繫起來的，不是嗎？"
    },
    {
      "id": 7,
      "model": "오티스",
      "content": "看來你已經把九人會的九戒律忘了。"
    },
    {
      "id": 8,
      "model": "료슈",
      "content": "（九.九.律。噗。還挺酷。）"
    },
    {
      "id": 9,
      "model": "싱클레어",
      "content": "（良秀！不按照劇本說話會有麻煩的！）"
    },
    {
      "id": 10,
      "model": "히스클리프",
      "content": "嘖……我知道。他們逼著我把這玩意背的滾瓜爛熟，你覺得我會忘？"
    },
    {
      "id": 11,
      "model": "히스클리프",
      "content": "任何在九人會內部所產生的技術都不該流通到外界。千萬注意，可別被金錢的味道迷了眼。"
    },
    {
      "id": 12,
      "model": "히스클리프",
      "content": "但……我們被告知，如果我們在接下來的六天內沒付上實驗室的租金，我們的一切財產都將被沒收。我們該怎麼辦？"
    },
    {
      "id": 13,
      "model": "히스클리프",
      "content": "我們必須要做點什麼。在工廠賺的錢才剛夠我們糊口。"
    },
    {
      "id": 14,
      "model": "히스클리프",
      "content": "我們從S公司過來的時候，除了研究的熱情以外一無所有！告訴我，我們到底拿什麼交房租。"
    },
    {
      "id": 15,
      "model": "뫼르소",
      "content": "這個觀點沒錯。介於我們是從另一地區來的移民，稅收於我們而言更重。"
    },
    {
      "id": 16,
      "model": "뫼르소",
      "content": "實際上，他們所要求的金額是我們無法定期支付的。"
    },
    {
      "id": 17,
      "model": "이상",
      "content": "……我可以支付這筆費用。所以我建議，讓這事就這麼過去吧。"
    },
    {
      "id": 18,
      "model": "과거동백",
      "teller": "冬柏",
      "title": "九人會",
      "content": "等等，為什麼以前沒人告訴過我這事？被查封？你從一開始就知道嗎，靈芝？我想聽你自己說。"
    },
    {
      "id": 19,
      "model": "오티스",
      "content": "我理解你很不高興，但要注意你對靈之兄弟怎麼說話的，冬柏。"
    },
    {
      "id": 20,
      "model": "홍루",
      "content": "我沒事，三和。"
    },
    {
      "id": 21,
      "model": "홍루",
      "content": "冬柏，我本想等事情解決後再告訴你。在面對和九人會相關的事情時，我覺得你會是第一個為此暴怒的。"
    },
    {
      "id": 22,
      "model": "홍루",
      "content": "還有李箱。我對你的提議非常感激，但我不可能接受它。"
    },
    {
      "id": 23,
      "model": "이상",
      "content": "這不會使我困擾，積累財富於我而言毫無意義。我反而該督促你把它花在九人會身上。"
    },
    {
      "id": 24,
      "model": "이스마엘",
      "content": "嗯？等下，李箱！你原來這麼有錢嗎？"
    },
    {
      "id": 25,
      "model": "동랑",
      "teller": "東朗",
      "title": "K公司 糧食資源改良部門",
      "content": "哈哈，你該好好背下你自己的台詞，對吧？"
    },
    {
      "id": 26,
      "model": "동랑",
      "teller": "東朗",
      "title": "K公司 糧食資源改良部門",
      "content": "敵人又要打過來了。"
    },
    {
      "id": 27,
      "model": "히스클리프",
      "content": "看看是誰像個蠢蛋一樣鬼混，結果連紙上的詞兒都沒讀懂。"
    },
    {
      "id": 28,
      "model": "이스마엘",
      "content": "哈……"
    }
  ]
}