{
  "dataList": [
    {
      "id": 0,
      "place": "綻放的九人會",
      "model": "이상",
      "content": "自我們上次交談以來，我希望一切安好。"
    },
    {
      "id": 2,
      "model": "이상",
      "content": "外面花朵盛開，時不時能聽到鳥兒的鳴叫。"
    },
    {
      "id": 3,
      "model": "이상",
      "content": "儘管花香飄逸自如，但當它們混合在一起的時候，便變成了一種尤其甜美的香味。"
    },
    {
      "id": 4,
      "model": "이상",
      "content": "不知道你有沒有聞過。"
    },
    {
      "id": 5,
      "model": "홍루",
      "content": "我常常為東柏臉上的憂鬱而感到擔憂。"
    },
    {
      "id": 6,
      "model": "홍루",
      "content": "但看到她在朗術會上一直帶著笑容，也讓我感到高興。"
    },
    {
      "id": 7,
      "model": "홍루",
      "content": "把無法展現給我們的笑顏，轉而展現給技術，這不是更好嗎？"
    },
    {
      "id": 8,
      "model": "과거동백",
      "teller": "冬柏",
      "title": "九人會",
      "content": "……好吧，看你怎麼想。"
    },
    {
      "id": 9,
      "model": "홍루",
      "content": "李箱。"
    },
    {
      "id": 10,
      "model": "홍루",
      "content": "你在想什麼？"
    },
    {
      "id": 11,
      "model": "홍루",
      "content": "我總是捉摸不透你的表情所代表的含義。這讓我總是在好奇你在想什麼。"
    },
    {
      "id": 12,
      "model": "이상",
      "content": "那些我曾拋諸腦後的人也問過一樣的問題。"
    },
    {
      "id": 13,
      "model": "이상",
      "content": "但是，因為我的口才不足以簡明的回答這個問題，而這個使人疲倦而迷惑的問題也不好清楚的總結……"
    },
    {
      "id": 14,
      "model": "이상",
      "content": "一張白紙便代表了我的答案。"
    },
    {
      "id": 15,
      "model": "이상",
      "content": "……你知道那是什麼:"
    },
    {
      "id": 16,
      "model": "이상",
      "content": "什麼都不是。"
    },
    {
      "id": 17,
      "model": "이상",
      "content": "其實，並不是沒什麼。"
    },
    {
      "id": 18,
      "model": "이상",
      "content": "碧空如洗，我想擁抱這個蔥鬱的世界，看它在我那掙扎的心房裡播下茁壯的種子。"
    },
    {
      "id": 19,
      "model": "홍루",
      "content": "我的表演怎麼樣？"
    },
    {
      "id": 20,
      "model": "이상",
      "content": "……"
    },
    {
      "id": 21,
      "model": "이상",
      "content": "靈之哥是一位善良的人。他不會輕易怨恨或責怪任何人。"
    },
    {
      "id": 22,
      "model": "이상",
      "content": "在這一點上，你跟他很像。"
    }
  ]
}