{
  "dataList": [
    {
      "id": 0,
      "place": "逐漸枯萎的九人會",
      "model": "이상",
      "content": "九人之中，一片凋零。"
    },
    {
      "id": 1,
      "model": "이상",
      "content": "那些像以前一樣滿臉純真和欽佩進行研究的人已然收攏了花蕾。"
    },
    {
      "id": 2,
      "model": "이상",
      "content": "取而代之的是，陌生的聲音。"
    },
    {
      "id": 3,
      "model": "이상",
      "content": "整齊的腳步聲，代表了身份的發條聲，還有沉重，低沉的聲音。"
    },
    {
      "id": 4,
      "model": "오티스",
      "content": "為什麼……為什麼你告訴了他們九人會的位置，雅能？"
    },
    {
      "id": 5,
      "model": "싱클레어",
      "content": "……任何人都會做出同樣的選擇。"
    },
    {
      "id": 6,
      "model": "싱클레어",
      "content": "他們說如果我不洩露技術的來源……我就會被遣返回S公司。"
    },
    {
      "id": 7,
      "model": "과거동백",
      "teller": "冬柏",
      "title": "九人會",
      "content": "如果你不能忍受回到家鄉孤獨終老，那你就早該咬舌自盡了！"
    },
    {
      "id": 8,
      "model": "이스마엘",
      "content": "這-這些人幹嘛要把我拖走？"
    },
    {
      "id": 9,
      "model": "이스마엘",
      "content": "為什麼不放棄自己的技術是一種罪過？"
    },
    {
      "id": 10,
      "model": "이스마엘",
      "content": "我的技術毫無價值！是你自己說的，靈之！救我！我不想走！"
    },
    {
      "id": 11,
      "model": "홍루",
      "content": "……"
    },
    {
      "id": 12,
      "model": "홍루",
      "content": "不管我們怎麼想……都只有一種辦法。"
    },
    {
      "id": 13,
      "model": "홍루",
      "content": "我回去之後一切就都結束了。如果我交出玻璃窗……"
    },
    {
      "id": 14,
      "model": "과거동백",
      "teller": "冬柏",
      "title": "九人會",
      "content": "如果你被發現了，我們九人會就全完了。當那項技術落入他們手中，天知道他們會拿它來幹什麼？"
    },
    {
      "id": 15,
      "model": "이상",
      "content": "環繞在空氣中的的絕望之聲沒有改變任何事情。"
    },
    {
      "id": 16,
      "model": "이상",
      "content": "然後，便是那些拒絕交出他們的技術的人……"
    },
    {
      "id": 17,
      "model": "뫼르소",
      "content": "我知道會輪到我的。"
    },
    {
      "id": 18,
      "model": "뫼르소",
      "content": "而且……我不認為我們會再次相會了。"
    },
    {
      "id": 19,
      "model": "이상",
      "content": "那些冷靜的被帶走的人……"
    },
    {
      "id": 20,
      "model": "그레고르",
      "content": "我已經厭倦這種躲躲藏藏的生活了。"
    },
    {
      "id": 21,
      "model": "그레고르",
      "content": "我要走我自己的路。希望我們再也不會相會。"
    },
    {
      "id": 22,
      "model": "이상",
      "content": "那些自己離開的人……"
    },
    {
      "id": 23,
      "model": "파우스트",
      "content": "我遇到了一個像大海一樣的孩子。"
    },
    {
      "id": 24,
      "model": "파우스트",
      "content": "它跟玻璃窗……或是鏡子都不一樣，但我喜歡那些在海洋的潮汐和波浪中反射出來的東西。"
    },
    {
      "id": 25,
      "model": "파우스트",
      "content": "我不知道水有多深，所以我決定跟著它走。"
    },
    {
      "id": 26,
      "model": "이상",
      "content": "還有那些永遠消失，只留下一些不可知的的臨別言。"
    },
    {
      "id": 27,
      "model": "이상",
      "content": "就像這樣……嚴冬已至。"
    },
    {
      "id": 28,
      "model": "이스마엘",
      "content": "……"
    },
    {
      "id": 29,
      "model": "이스마엘",
      "content": "真是一段痛苦的經歷。就好像我真的是九人會的一員一樣……"
    },
    {
      "id": 30,
      "model": "파우스트",
      "content": "我們在與他們的記憶同步，所以我們當然會被他們的痕跡所影響。"
    }
  ]
}