{
  "dataList": [
    {
      "id": 0,
      "content": "不久之後……"
    },
    {
      "id": 1,
      "place": "K公司研究所",
      "content": "由於東朗死亡，所有協議的權力都失效了。"
    },
    {
      "id": 2,
      "content": "於是讓給我們金枝的唯一條件變為……"
    },
    {
      "id": 3,
      "model": "알폰소",
      "teller": "阿方索",
      "title": "K公司",
      "content": "不過從結果來說也不算差。但也不能說是好就是了。"
    },
    {
      "id": 4,
      "model": "알폰소",
      "teller": "阿方索",
      "title": "K公司",
      "content": "介於恐怖組織的首領——是叫冬柏對吧？已經死掉了，組織的瓦解也是遲早的事。那麼關於剩下的問題……"
    },
    {
      "id": 5,
      "model": "알폰소",
      "teller": "阿方索",
      "title": "K公司",
      "content": "這樣處理如何？"
    },
    {
      "id": 6,
      "model": "알폰소",
      "teller": "阿方索",
      "title": "K公司",
      "content": "今天，在K公司發生的所有事件全部都是由東朗這名抱有反社會傾向的精神異常職員……"
    },
    {
      "id": 7,
      "model": "알폰소",
      "teller": "阿方索",
      "title": "K公司",
      "content": "為了不正當地攫取個人利益以及權力而獨自引發的。對吧？"
    },
    {
      "id": 8,
      "model": "이스마엘",
      "content": "……這樣就好嗎？雖然他對我們來說是敵人……但對你來說是職員吧？"
    },
    {
      "id": 9,
      "model": "알폰소",
      "teller": "阿方索",
      "title": "K公司",
      "content": "嗯……告別的話剛才已經通過電話告訴他了。他還挺可愛的。"
    },
    {
      "id": 10,
      "model": "알폰소",
      "teller": "阿方索",
      "title": "K公司",
      "content": "你是邊獄公司的執行經理……但丁對吧？你作為經理而言有點過於任人擺佈了。"
    },
    {
      "id": 11,
      "model": "알폰소",
      "teller": "阿方索",
      "title": "K公司",
      "content": "將來也想當領導者的話最好記住，發生問題的時候應該盡快將其扼殺在搖籃中。"
    },
    {
      "id": 12,
      "model": "알폰소",
      "teller": "阿方索",
      "title": "K公司",
      "content": "越快越好。"
    },
    {
      "id": 13,
      "model": "단테",
      "content": "<吃屎吧妳。>"
    },
    {
      "id": 14,
      "model": "단테",
      "content": "<委託し協會將施倫妮滅口的就是妳吧？>"
    },
    {
      "id": 15,
      "model": "파우스트",
      "content": "……他說知道了。"
    },
    {
      "id": 16,
      "model": "알폰소",
      "teller": "阿方索",
      "title": "K公司",
      "content": "……呼，本來還想著你完全就是個半吊子，果然經理還是經理啊。"
    },
    {
      "id": 17,
      "model": "알폰소",
      "teller": "阿方索",
      "title": "K公司",
      "content": "啊，還有一件事。"
    },
    {
      "id": 18,
      "model": "알폰소",
      "teller": "阿方索",
      "title": "K公司",
      "content": "我不是很懂為什麼事情複雜到我們K公司的奇點會被人接觸的程度……"
    },
    {
      "id": 19,
      "model": "알폰소",
      "teller": "阿方索",
      "title": "K公司",
      "content": "落淚之物……"
    },
    {
      "id": 20,
      "model": "알폰소",
      "teller": "阿方索",
      "title": "K公司",
      "content": "是絕對不能對外公開的我們K公司的奇點，也是機密情報。"
    },
    {
      "id": 21,
      "model": "파우스트",
      "content": "邊獄公司不會向外部洩露在探索中獲得的機密情報。如果您希望的話我們可以簽訂相關的合同……"
    },
    {
      "id": 22,
      "model": "알폰소",
      "teller": "阿方索",
      "title": "K公司",
      "content": "哈，哈。明明剛才你們簽過的合同才變成白紙，現在還在說這種話。"
    },
    {
      "id": 23,
      "model": "알폰소",
      "teller": "阿方索",
      "title": "K公司",
      "content": "那種破紙可當不了抵押。"
    },
    {
      "id": 24,
      "model": "알폰소",
      "teller": "阿方索",
      "title": "K公司",
      "content": "你們去辦記憶消除手續吧。"
    },
    {
      "id": 25,
      "model": "료슈",
      "content": "切·脖。要是對我的記憶出手就不留餘地地砍了你。"
    },
    {
      "id": 26,
      "model": "베르길리우스",
      "content": "……就這麼辦吧。"
    },
    {
      "id": 27,
      "model": "료슈",
      "content": "你這混……"
    },
    {
      "id": 28,
      "model": "알폰소",
      "teller": "阿方索",
      "title": "K公司",
      "content": "嘛啊，反正你們也會忘掉就稍微訂正一下吧……"
    },
    {
      "id": 29,
      "model": "알폰소",
      "teller": "阿方索",
      "title": "K公司",
      "content": "你們看到的落淚之物並不是本體，而是孩子。"
    },
    {
      "id": 30,
      "model": "알폰소",
      "teller": "阿方索",
      "title": "K公司",
      "content": "那個重要的本體……肯定不能交給來路不明的研究者吧？"
    },
    {
      "id": 31,
      "model": "알폰소",
      "teller": "阿方索",
      "title": "K公司",
      "content": "如果你們把那種寒酸的東西誤認成我們翼的驕傲的話，我會傷心的。"
    },
    {
      "id": 32,
      "model": "알폰소",
      "teller": "阿方索",
      "title": "K公司",
      "content": "……啊，反正你們也沒機會思考這個問題了。"
    },
    {
      "id": 33,
      "content": "良秀帶有殺氣的威嚇看來也漸漸褪去了……"
    },
    {
      "id": 34,
      "content": "在K公司的高級員工和看上去像是收尾人的人們粗暴的引導下，我們執行了記憶消除手續，罪人們關於流淚之物的記憶被全部抹除了。"
    },
    {
      "id": 35,
      "content": "伴隨著敬請期待在此之後眼淚會被如何使用的，阿方索最後的話一起……"
    },
    {
      "id": 36,
      "content": "雖然罪人們還記得在實驗室中看到了某種東西，但那到底是什麼，眼淚是以怎樣的方法收集起來的，以及HP彈是被怎樣生產出來的，已經沒有人記得了。"
    },
    {
      "id": 37
    },
    {
      "id": 38,
      "place": "梅菲斯託費勒斯 內部",
      "model": "단테",
      "content": "<話說李箱……>"
    },
    {
      "id": 39,
      "model": "단테",
      "content": "<你之前想要飛往何處？>"
    },
    {
      "id": 40,
      "model": "이상",
      "content": "只是讓我感到舒適的地方就好。"
    },
    {
      "id": 41,
      "model": "단테",
      "content": "<那現在呢？>"
    },
    {
      "id": 42,
      "model": "이상",
      "content": "……嗯。我不做評價。"
    },
    {
      "id": 43,
      "content": "但是他們也有不知道的事情……"
    },
    {
      "id": 44,
      "content": "雖然不知道理由，但記憶消除對我並不起作用。"
    },
    {
      "id": 45,
      "content": "這是否意味著，就像我回溯時針就能恢復傷口一般，也有辦法恢復罪人們的記憶？ "
    },
    {
      "id": 46,
      "content": "雖有這般思緒掠過腦海……"
    },
    {
      "id": 47,
      "content": "但還不知道方法，而且到底能否做到也是未知數。"
    },
    {
      "id": 48,
      "content": "但是。"
    },
    {
      "id": 49,
      "content": "我還保留著本應被消去的記憶這件事情本身，一定是十分重要的……我決定對此保持沉默。"
    },
    {
      "id": 50,
      "model": "이상",
      "content": "不過經理，只有這點我要說出來。"
    },
    {
      "id": 51,
      "model": "이상",
      "content": "從現在起……我決定直面我的殘餘物。"
    },
    {
      "id": 52,
      "model": "이상",
      "content": "所謂的殘餘物，便是九人會所殘餘的過錯，也是我所殘餘的罪。"
    },
    {
      "id": 53,
      "model": "이상",
      "content": "因此如有必要，我會盡我所能地抵抗。"
    },
    {
      "id": 54,
      "model": "이상",
      "content": "縱使狂風呼嘯……我也不會動搖傾倒。"
    },
    {
      "id": 55,
      "model": "이상",
      "content": "比起側目和滲入……"
    },
    {
      "id": 56,
      "model": "이상",
      "content": "我會去往我想去的地方。"
    },
    {
      "id": 57,
      "model": "이상",
      "content": "你會幫我嗎，但丁？"
    },
    {
      "id": 58,
      "model": "단테",
      "content": "<……>"
    },
    {
      "id": 59,
      "model": "단테",
      "content": "<當然。>"
    },
    {
      "id": 60,
      "content": "沒錯。就算記憶被剜去，紮根在內心深處的意志不會被侵蝕。"
    },
    {
      "id": 61,
      "content": "那麼我又僅剩有什麼樣的意志呢？"
    },
    {
      "id": 62,
      "content": "我應記憶多少內容，又應觀望到何種程度？"
    },
    {
      "id": 63,
      "content": "我思考著，望向對面的維吉爾。"
    },
    {
      "id": 64,
      "model": "베르길리우스",
      "content": "……或許記憶一切，守望一切也是執行經理的工作之一。"
    },
    {
      "id": 65,
      "model": "단테",
      "content": "<你聽到我說的話了嗎？>"
    },
    {
      "id": 66,
      "model": "파우스트",
      "content": "但丁在問你有沒有聽到他的話。"
    },
    {
      "id": 67,
      "model": "베르길리우스",
      "content": "……我連滴答聲都沒聽見，你剛剛說了什麼嗎。"
    },
    {
      "id": 68,
      "model": "베르길리우스",
      "content": "我當然沒聽見，但丁經理。只是隨口一說。因為你的表情看上去就是那樣。"
    },
    {
      "id": 69,
      "content": "我有表情嗎……？"
    },
    {
      "id": 70
    },
    {
      "id": 71,
      "place": "K公司某處的實驗室",
      "model": "알폰소",
      "teller": "阿方索",
      "title": "K公司",
      "content": "淚流不止的原因，最初是由於感激。"
    },
    {
      "id": 72,
      "model": "알폰소",
      "teller": "阿方索",
      "title": "K公司",
      "content": "你的願望，以及我們的願望……"
    },
    {
      "id": 73,
      "model": "알폰소",
      "teller": "阿方索",
      "title": "K公司",
      "content": "我們正一如既往地，在盡力實現……"
    },
    {
      "id": 74
    },
    {
      "id": 75,
      "place": " ",
      "model": "이상",
      "content": "<color=#d4e1e8>是否安好？</color>"
    },
    {
      "id": 76,
      "model": "이상",
      "content": "<color=#d4e1e8>每次看向鏡面，我都會不自覺問候。</color>"
    },
    {
      "id": 77,
      "model": "이상",
      "content": "<color=#d4e1e8>雖然所謂問候，應當是彼此交換才最為自然……</color>"
    },
    {
      "id": 78,
      "model": "이상",
      "content": "<color=#d4e1e8>但僅是在某時某日得以傳達，便已足夠。</color>"
    },
    {
      "id": 79,
      "model": "이상",
      "content": "<color=#d4e1e8>我已經決定，此後不再停滯不前。</color>"
    },
    {
      "id": 80,
      "model": "이상",
      "content": "<color=#d4e1e8>即使最後，一切未曾轉變……</color>"
    },
    {
      "id": 81,
      "model": "이상",
      "content": "<color=#d4e1e8>我亦是，未轉變者。</color>"
    },
    {
      "id": 82,
      "model": "이상",
      "content": "<color=#d4e1e8>不必太過擔心。我身邊有了新的友人。</color>"
    },
    {
      "id": 83,
      "model": "이상",
      "content": "<color=#d4e1e8>不論他們想法如何……我早已將他們認定為友人。</color>"
    },
    {
      "id": 84,
      "model": "이상",
      "content": "<color=#d4e1e8>就此……</color>"
    },
    {
      "id": 85,
      "model": "이상",
      "content": "<color=#d4e1e8>附註。</color>"
    },
    {
      "id": 86,
      "model": "이상",
      "content": "<color=#d4e1e8>願你們一生平安。</color>"
    },
    {
      "id": 87,
      "model": "이상",
      "content": "<color=#d4e1e8>以上，李箱啟。</color>"
    },
    {
      "id": 88
    },
    {
      "id": 89
    },
    {
      "id": 90,
      "place": "K巢的小巷",
      "model": "단테",
      "content": "<大家在吃的方面真的很認真。>"
    },
    {
      "id": 91,
      "model": "단테",
      "content": "<為什麼每次聚餐他們的心情都會這麼好呢？>"
    },
    {
      "id": 92,
      "content": "我走出餐館想要呼吸一會新鮮空氣。"
    },
    {
      "id": 93,
      "model": "데미안",
      "teller": "德米安",
      "title": "？？？",
      "content": "……"
    },
    {
      "id": 94,
      "model": "단테",
      "content": "<你……我都沒注意到你來了……你在這待了多久了？>"
    },
    {
      "id": 95,
      "model": "데미안",
      "teller": "德米安",
      "title": "？？？",
      "content": "我說過，我會再來見你的。"
    },
    {
      "id": 96,
      "model": "데미안",
      "teller": "德米安",
      "title": "？？？",
      "content": "為何人類不滿足於觀望？"
    },
    {
      "id": 97,
      "model": "데미안",
      "teller": "德米安",
      "title": "？？？",
      "content": "僅是遠眺欣賞，嗅其芬芳，享受那一刻便已足夠，但他們將其留存在視野中並滋生了貪婪與痴迷，吞噬了自己。"
    },
    {
      "id": 98,
      "model": "데미안",
      "teller": "德米安",
      "title": "？？？",
      "content": "一開始製作鏡子，不也是為了娛樂嗎？"
    },
    {
      "id": 99,
      "model": "데미안",
      "teller": "德米安",
      "title": "？？？","content": "舉例來說，假設有一個糖果袋裡裝有成千上百種味道的糖果。"
    },
    {
      "id": 100,
      "model": "데미안",
      "teller": "德米安",
      "title": "？？？",
      "content": "但又有誰會去想這種事呢？"
    },
    {
      "id": 101,
      "model": "데미안",
      "teller": "德米安",
      "title": "？？？",
      "content": "如果把手伸進那個或許有無限糖果的糖果袋，有辦法拿到自己沒有的東西的話，所有人都可以很公平地品嚐到所有口味的糖果……"
    },
    {
      "id": 102,
      "model": "데미안",
      "teller": "德米安",
      "title": "？？？",
      "content": "如果根據大人們所製定的規則來看，這不會被認為是盜竊。"
    },
    {
      "id": 103,
      "model": "데미안",
      "teller": "德米安",
      "title": "？？？",
      "content": "但那實際上是他們從我這裡將東西奪走了。"
    },
    {
      "id": 104,
      "model": "단테",
      "content": "<……>"
    },
    {
      "id": 105,
      "model": "데미안",
      "teller": "德米安",
      "title": "？？？",
      "content": "天空中也有很多星星，但不是所有的星星都是一模一樣的。可能從別人的視角來看，那些星星也不過是在發光的集合體。"
    },
    {
      "id": 106,
      "model": "데미안",
      "teller": "德米安",
      "title": "？？？",
      "content": "但有人看到了那璀璨閃耀之美，將星星搬來……"
    },
    {
      "id": 107,
      "model": "데미안",
      "teller": "德米安",
      "title": "？？？",
      "content": "掛在高處讓所有人都看得見，照亮黑暗。"
    },
    {
      "id": 108,
      "model": "데미안",
      "teller": "德米安",
      "title": "？？？",
      "content": "所有人都會為此高興的吧。"
    },
    {
      "id": 109,
      "model": "데미안",
      "teller": "德米安",
      "title": "？？？",
      "content": "好了，那這裡開始就有一個問題。"
    },
    {
      "id": 110,
      "model": "데미안",
      "teller": "德米安",
      "title": "？？？",
      "content": "自我被奪取後的自己的，那顆必須永遠照亮黑暗的星星將會變得如何？"
    },
    {
      "id": 111,
      "model": "단테",
      "content": "<我……>"
    },
    {
      "id": 112,
      "model": "데미안",
      "teller": "德米安",
      "title": "？？？",
      "content": "你朋友所使用的鏡子也一樣。那也是一項殘酷的技術。"
    },
    {
      "id": 113,
      "model": "데미안",
      "teller": "德米安",
      "title": "？？？",
      "content": "我不急於聽到你的回答。之後可以的話能給我畫一匹羊嗎？"
    },
    {
      "id": 114,
      "model": "데미안",
      "teller": "德米安",
      "title": "？？？",
      "content": "或許現在你還想不起來……但你應該能畫得出來。"
    },
    {
      "id": 115,
      "content": "正當我想說什麼的時候，他只是留下了某種寂靜後邊消失了。"
    },
    {
      "id": 116,
      "content": "像是回到了自己本應回到的地方一般，哪裡都找不到他的身影。我甚至都忘記了我要回答什麼。"
    },
    {
      "id": 117
    },
    {
      "id": 118
    }
  ]
}