{
  "dataList": [
    {
      "id": 0,
      "place": "郊區之外",
      "teller": "沒有名字的男孩",
      "title": "？？？",
      "content": "真安靜啊。"
    },
    {
      "id": 1,
      "teller": "沒有名字的男孩",
      "title": "？？？",
      "content": "跟郊區差太多了……"
    },
    {
      "id": 2,
      "teller": "斯蒂芬妮",
      "title": "？？？",
      "content": "你說得對。郊區之外的世界也曾是這樣一個，美好而寧靜的世外桃源嗎？"
    },
    {
      "id": 3,
      "teller": "沒有名字的男孩",
      "title": "？？？",
      "content": "是的，我想這就是大家對其都閉口不談的原因吧。"
    },
    {
      "id": 4,
      "teller": "斯蒂芬妮",
      "title": "？？？",
      "content": "對了，你……知道一個有關住在郊區之外的東西的故事嗎？據說，那裡住著一個……可以為誠心之人實現願望的東西。想聽聽看嗎？"
    },
    {
      "id": 5,
      "teller": "沒有名字的男孩",
      "title": "？？？",
      "content": "好啊，我一直很期待你講的故事。"
    },
    {
      "id": 6,
      "teller": "斯蒂芬妮",
      "title": "？？？",
      "content": "可以等一下下嗎？我之前在那邊看到了一些很酷的東西。"
    },
    {
      "id": 7,
      "teller": "沒有名字的男孩",
      "title": "？？？",
      "content": "……"
    },
    {
      "id": 8,
      "teller": "沒有名字的男孩",
      "title": "？？？",
      "content": "當我們仰望天空……我們所見的只是一撮昏暗的光。"
    },
    {
      "id": 9,
      "teller": "沒有名字的男孩",
      "title": "？？？",
      "content": "但在這裡……"
    },
    {
      "id": 10,
      "teller": "沒有名字的男孩",
      "title": "？？？",
      "content": "我能看到孤獨地俯視著我們的星星。"
    },
    {
      "id": 11,
      "teller": "沒有名字的男孩",
      "title": "？？？",
      "content": "從這裡看到的城市充斥著痛苦和絕望的呼喊……"
    },
    {
      "id": 12,
      "teller": "沒有名字的男孩",
      "title": "？？？",
      "content": "我寧可……在天空中孤獨地俯視著人們，並與他們一同流淚……"
    },
    {
      "id": 13
    },
    {
      "id": 14,
      "teller": "斯蒂芬妮",
      "title": "？？？",
      "content": "抱歉我來晚了一點，下面有些我從未見過的花，我想也許我們可以一邊聞著花香，一邊聽我講這個故事……"
    },
    {
      "id": 15,
      "teller": "斯蒂芬妮",
      "title": "？？？",
      "content": "……"
    },
    {
      "id": 16,
      "teller": "斯蒂芬妮",
      "title": "？？？",
      "content": "我明白了，你的願望……終於實現了？"
    },
    {
      "id": 17,
      "teller": "斯蒂芬妮",
      "title": "？？？",
      "content": "從今天開始，哪怕夜空的一角不再升起一捧星辰……"
    },
    {
      "id": 18,
      "teller": "斯蒂芬妮",
      "title": "？？？",
      "content": "那些星星也同樣會照亮大地的黑暗……"
    },
    {
      "id": 19,
      "teller": "斯蒂芬妮",
      "title": "？？？",
      "content": "一切都會沒事的。"
    },
    {
      "id": 20,
      "content": " "
    },
    {
      "id": 21,
      "place": "綻放的九人會",
      "model": "싱클레어",
      "content": "剛剛那是什麼？似乎是個很久以前的故事。"
    },
    {
      "id": 22,
      "model": "파우스트",
      "content": "當金枝在失去控制的情況下生成自我心道……它們便會混入一些雜質。"
    },
    {
      "id": 23,
      "model": "파우스트",
      "content": "K公司的奇點： “落淚之物”的眼淚。"
    },
    {
      "id": 24,
      "model": "그레고르",
      "content": "嗯……死人都被復活開始攻擊我們了。"
    },
    {
      "id": 25,
      "model": "파우스트",
      "content": "是的，它們似乎跟……崩潰的經歷有關。"
    },
    {
      "id": 26,
      "model": "홍루",
      "content": "也就是說，那個 “落淚之物”的精神也被共鳴進來了？"
    },
    {
      "id": 27,
      "model": "싱클레어",
      "content": "也就是說……那個 “落淚之物”……跟人類沒有區別……"
    },
    {
      "id": 28,
      "model": "파우스트",
      "content": "但丁，在這個世界裡……有許多人想要找到星星。"
    }
  ]
}