{
  "dataList": [
    {
      "id": 0,
      "model": "동랑",
      "teller": "東朗",
      "title": "K公司 糧食資源改良部門",
      "content": "是啊。我一定正走向死亡吧。"
    },
    {
      "id": 1,
      "model": "동랑",
      "teller": "東朗",
      "title": "K公司 糧食資源改良部門",
      "content": "在如此和平的地方……"
    },
    {
      "id": 2
    },
    {
      "id": 3,
      "model": "동랑",
      "teller": "東朗",
      "title": "K公司 糧食資源改良部門",
      "content": "……什麼。"
    },
    {
      "id": 4,
      "model": "동랑",
      "teller": "東朗",
      "title": "K公司 糧食資源改良部門",
      "content": "哈，哈哈……"
    },
    {
      "id": 5,
      "model": "동랑",
      "teller": "東朗",
      "title": "K公司 糧食資源改良部門",
      "content": "真的。果然不會認得我。"
    },
    {
      "id": 6,
      "model": "동랑",
      "teller": "東朗",
      "title": "K公司 糧食資源改良部門",
      "content": "即使現在滿是穀殼，我也知道……"
    },
    {
      "id": 7,
      "model": "동랑",
      "teller": "東朗",
      "title": "K公司 糧食資源改良部門",
      "content": "很快了。很快……我的技術會將我填滿。"
    },
    {
      "id": 8,
      "model": "동랑",
      "teller": "東朗",
      "title": "K公司 糧食資源改良部門",
      "content": "再次召集成員……挑選秘書……要做的事情還堆積如山。"
    },
    {
      "id": 9,
      "model": "동랑",
      "teller": "東朗",
      "title": "K公司 糧食資源改良部門",
      "content": "所以……我應該再也不需要你了。"
    },
    {
      "id": 10,
      "place": "K公司某處的實驗室",
      "model": "알폰소",
      "teller": "阿方索",
      "title": "K公司",
      "content": "東朗？你想讓我等到什麼時候？"
    },
    {
      "id": 11,
      "model": "동랑",
      "teller": "東朗",
      "title": "K公司 糧食資源改良部門",
      "content": "啊，非常抱歉。只是想起了些留在故鄉的東西……"
    },
    {
      "id": 12,
      "model": "동랑",
      "teller": "東朗",
      "title": "K公司 糧食資源改良部門",
      "content": "我至今才注意到，現在不是去想那些被留下的東西，而且應該思考之後會獲得的。"
    },
    {
      "id": 13,
      "model": "알폰소",
      "teller": "阿方索",
      "title": "K公司",
      "content": "誰都有一時犯傻的時候。"
    },
    {
      "id": 14,
      "model": "알폰소",
      "teller": "阿方索",
      "title": "K公司",
      "content": "所以……你知道能讓眼淚一直流的方法嗎？"
    },
    {
      "id": 15,
      "model": "동랑",
      "teller": "東朗",
      "title": "K公司 糧食資源改良部門",
      "content": "為了收集指定的量而去拷問別人……再用眼淚治療……隨後繼續拷問……"
    },
    {
      "id": 16,
      "model": "동랑",
      "teller": "東朗",
      "title": "K公司 糧食資源改良部門",
      "content": "那樣就是在浪費眼淚。"
    },
    {
      "id": 17,
      "model": "알폰소",
      "teller": "阿方索",
      "title": "K公司",
      "content": "所以我們才從各種翼和後巷的組織那裡接收影像。"
    },
    {
      "id": 18,
      "model": "동랑",
      "teller": "東朗",
      "title": "K公司 糧食資源改良部門",
      "content": "這種視聽飼料的價格不也越來越高了嗎？"
    },
    {
      "id": 19,
      "model": "동랑",
      "teller": "東朗",
      "title": "K公司 糧食資源改良部門",
      "content": "其他勢力應該也隱隱約約有所察覺。雖然肯定不知道我們K公司是怎麼使用這些影像的。"
    },
    {
      "id": 20,
      "teller": "瘋掉的部下",
      "title": "K公司",
      "content": "呼……呵呵……呼呼……"
    },
    {
      "id": 21,
      "teller": "瘋掉的部下",
      "title": "K公司",
      "content": "這次可以……折斷手指嗎？"
    },
    {
      "id": 22,
      "model": "동랑",
      "teller": "東朗",
      "title": "K公司 糧食資源改良部門",
      "content": "看看。被你綁在這裡的部下也已經瘋了了。"
    },
    {
      "id": 23,
      "model": "동랑",
      "teller": "東朗",
      "title": "K公司 糧食資源改良部門",
      "content": "……"
    },
    {
      "id": 24,
      "model": "뒤틀린다친동랑",
      "teller": "否定一切的東朗",
      "title": "K公司 糧食資源改良部門",
      "content": "不能閉上眼。"
    },
    {
      "id": 25,
      "model": "뒤틀린다친동랑",
      "teller": "否定一切的東朗",
      "title": "K公司 糧食資源改良部門",
      "content": "卡門小姐……我還是覺得不對。道路依然在延伸，我終於能看清自己要走的路。"
    },
    {
      "id": 26,
      "model": "이상",
      "content": "東朗……徘徊再三……你還是決定回到這條路嗎？"
    },
    {
      "id": 27,
      "model": "뒤틀린다친동랑",
      "teller": "否定一切的東朗",
      "title": "K公司 糧食資源改良部門",
      "content": "當我注視著那眼睛……我完全感受不到往日所具有的惻隱之心了。"
    },
    {
      "id": 28,
      "model": "뒤틀린다친동랑",
      "teller": "否定一切的東朗",
      "title": "K公司 糧食資源改良部門",
      "content": "取而代之的是……看到了嗎？這是基於九人會有名的玻璃窗如水蛭一般汲取其技術而製作出的贗品……現在它已經成為一面讓K公司的奇點名聲不斷升高的旗幟。"
    },
    {
      "id": 29,
      "model": "이상",
      "content": "……是，清晰可見。"
    },
    {
      "id": 30,
      "model": "뒤틀린다친동랑",
      "teller": "否定一切的東朗",
      "title": "K公司 糧食資源改良部門",
      "content": "靈之哥離開了，冬柏也回到花的簇擁中永眠……"
    },
    {
      "id": 31,
      "model": "뒤틀린다친동랑",
      "teller": "否定一切的東朗",
      "title": "K公司 糧食資源改良部門",
      "content": "剩下的只有寄生於靈之的玻璃中猶如突變一樣出現的……"
    },
    {
      "id": 32,
      "model": "뒤틀린다친동랑",
      "teller": "否定一切的東朗",
      "title": "K公司 糧食資源改良部門",
      "content": "我仿製出的那一事無成的玻璃。"
    },
    {
      "id": 33,
      "model": "뒤틀린다친동랑",
      "teller": "否定一切的東朗",
      "title": "K公司 糧食資源改良部門",
      "content": "不能改變世界的技術又有什麼意義。"
    },
    {
      "id": 34,
      "model": "뒤틀린다친동랑",
      "teller": "否定一切的東朗",
      "title": "綻放E.G.O::歸田",
      "content": "所以你也讓自己的心停下吧。替你的悲傷與痛苦流淚，是它的職責。"
    }
  ]
}