{
  "dataList": [
    {
      "id": 0,
      "place": "K公司某處的實驗室",
      "model": "이상",
      "content": "即便我很確定我已離開了。"
    },
    {
      "id": 1,
      "model": "이상",
      "content": "……但我實際上仍停留在那純白的方塊裡。"
    },
    {
      "id": 2,
      "model": "이상",
      "content": "萬事萬物，現如今都排列成一連串的點，帶不來一點刺激和興奮。"
    },
    {
      "id": 3,
      "model": "이상",
      "content": "我是應該繼續跟從這毫無意義的漫步，用它來耗盡我的人生嗎？"
    },
    {
      "id": 4,
      "model": "이상",
      "content": "我們都不過是永遠地被剪去了羽翼的雛鳥。"
    },
    {
      "id": 5,
      "model": "싱클레어",
      "content": "李箱先生，您站的地方……"
    },
    {
      "id": 6,
      "model": "홍루",
      "content": "但丁。"
    },
    {
      "id": 7,
      "model": "홍루",
      "content": "即便我僅僅是口頭轉述了靈之的字句……但我是這麼理解的。"
    },
    {
      "id": 8,
      "model": "홍루",
      "content": "也許，李箱所著的這些書信……並不單是為了那鏡中的李箱一人。"
    },
    {
      "id": 9,
      "model": "홍루",
      "content": "那些是致他過去、現在和未來，所有與他相連之人的書信。"
    },
    {
      "id": 10,
      "model": "단테",
      "content": "<你是說，也包括我們……>"
    },
    {
      "id": 11,
      "model": "홍루",
      "content": "我想，這一路以來，李箱其實都在尋求幫助。"
    },
    {
      "id": 12,
      "model": "단테",
      "content": "<李箱……>"
    },
    {
      "id": 13,
      "model": "단테",
      "content": "<離開N公司之前，你在想些什麼？>"
    },
    {
      "id": 14,
      "model": "이상",
      "content": "當我離開仇甫時……"
    },
    {
      "id": 15,
      "model": "이상",
      "content": "星星都暗淡無光，讓漆黑籠罩天際，我覺得自己彷若殘廢。"
    },
    {
      "id": 16,
      "model": "이상",
      "content": "但是……"
    },
    {
      "id": 17,
      "model": "이상",
      "content": "我突然覺得也許有某個地方，能讓失去翅膀、一瘸一拐的我繼續生活下去。"
    },
    {
      "id": 18,
      "model": "이상",
      "content": "希望的絲線不能再脆弱，但我依然緊緊握住這一微小的可能性。"
    },
    {
      "id": 19,
      "model": "동백",
      "teller": "冬柏",
      "title": "？？？",
      "content": "我們在……至少我在看到你的鏡的時候，發現了我們身上沒有的東西。"
    },
    {
      "id": 20,
      "model": "동백",
      "teller": "冬柏",
      "title": "？？？",
      "content": "所以只是遠遠地看見，所以我只能眺望。"
    },
    {
      "id": 21,
      "model": "동백",
      "teller": "冬柏",
      "title": "？？？",
      "content": "所以我不得不安於現實。"
    },
    {
      "id": 22,
      "model": "동백",
      "teller": "冬柏",
      "title": "？？？",
      "content": "就像我一邊看著煙火一邊幻想著星星一般。"
    },
    {
      "id": 23,
      "model": "동백",
      "teller": "冬柏",
      "title": "？？？",
      "content": "但是鏡是……"
    },
    {
      "id": 24,
      "model": "동백",
      "teller": "冬柏",
      "title": "？？？",
      "content": "展示可能性的技術。所以……明白嗎？沒有去羨慕鏡中景象的必要。"
    },
    {
      "id": 25,
      "model": "동백",
      "teller": "冬柏",
      "title": "？？？",
      "content": "你注視著的……是你自身擁有的可能性。"
    },
    {
      "id": 26,
      "model": "동백",
      "teller": "冬柏",
      "title": "？？？",
      "content": "你從最開始便擁有著。"
    },
    {
      "id": 27,
      "model": "동백",
      "teller": "冬柏",
      "title": "？？？",
      "content": "那雙將可能性變為現實的翅膀。"
    },
    {
      "id": 28,
      "model": "동백",
      "teller": "冬柏",
      "title": "？？？",
      "content": "……這是我一直想和你說的話。"
    },
    {
      "id": 29,
      "model": "이상",
      "content": "……"
    },
    {
      "id": 30,
      "model": "파우스트",
      "teller": "？？？",
      "title": "？？？",
      "content": "最初的罪人，李箱。等你好久了。"
    },
    {
      "id": 31,
      "model": "파우스트",
      "teller": "？？？",
      "title": "？？？",
      "content": "如果你加入邊獄公司……"
    },
    {
      "id": 32,
      "model": "파우스트",
      "teller": "？？？",
      "title": "？？？",
      "content": "我會幫你取回那被撕裂而破碎的雙翼。"
    },
    {
      "id": 33,
      "model": "파우스트",
      "teller": "？？？",
      "title": "？？？",
      "content": "然後……"
    },
    {
      "id": 34,
      "model": "이상",
      "content": "……"
    },
    {
      "id": 35,
      "model": "상이",
      "teller": "箱李",
      "title": "研心",
      "content": "怎麼樣？"
    },
    {
      "id": 36,
      "model": "이상",
      "content": "我……"
    },
    {
      "id": 37,
      "model": "이상",
      "content": "我沒有將那些破裂的碎片再度拾起的才能。"
    },
    {
      "id": 38,
      "model": "이상",
      "content": "但是，那些閃耀的目光……並非虛假。"
    },
    {
      "id": 39,
      "model": "상이",
      "teller": "箱李",
      "title": "研心",
      "content": "我們曲折的道路大概會徘徊於不幸之中吧"
    },
    {
      "id": 40,
      "model": "상이",
      "teller": "箱李",
      "title": "研心",
      "content": "被當作緣分的東西總有一天會散盡，越是重要的事物越是會變得粉碎，刺穿你本就柔軟的心。"
    },
    {
      "id": 41,
      "model": "이상",
      "content": "……我已經明白了。"
    },
    {
      "id": 42,
      "model": "이상",
      "content": "正因如此，萬物都如同虛無般不過存在於剎那間。"
    },
    {
      "id": 43,
      "model": "단테",
      "content": "<李箱，你為什麼做出了鏡子？>"
    },
    {
      "id": 44,
      "model": "이상",
      "content": "……"
    },
    {
      "id": 45,
      "model": "이상",
      "content": "我……"
    },
    {
      "id": 46,
      "model": "이상",
      "content": "從未為了賦予價值而去創造技術。"
    },
    {
      "id": 47,
      "model": "이상",
      "content": "我也知道自己沒有回到過去的才能。"
    },
    {
      "id": 48,
      "model": "이상",
      "content": "只是……"
    },
    {
      "id": 49,
      "model": "상이",
      "teller": "箱李",
      "title": "研心",
      "content": "你擁有的那面鏡……"
    },
    {
      "id": 50,
      "model": "이상",
      "content": "我稱其為研心。"
    },
    {
      "id": 51,
      "model": "상이",
      "teller": "箱李",
      "title": "研心",
      "content": "研心（研尋），哈……"
    },
    {
      "id": 52,
      "model": "이상",
      "content": "這是打磨的技術……打磨內心，使其綻放光芒。"
    },
    {
      "id": 53,
      "model": "상이",
      "teller": "箱李",
      "title": "研心",
      "content": "這樣啊。看來所有的李箱對於研究都十分投入啊。"
    },
    {
      "id": 54,
      "model": "이상",
      "content": "我以為我已經失去了翅膀，不再擁有它們。"
    },
    {
      "id": 55,
      "model": "이상",
      "content": "我以為我一直所執著於研究，只是可憐地撫摸著曾有翅膀的關節……"
    },
    {
      "id": 56,
      "model": "이상",
      "content": "但我相信現在我已經知曉了鏡真實的名字。"
    },
    {
      "id": 57,
      "model": "이상",
      "content": "研心（連心）。"
    },
    {
      "id": 58,
      "model": "이상",
      "content": "這是連接心與心的橋樑。"
    },
    {
      "id": 59,
      "model": "이상",
      "content": "為了不懈地扇動翅膀活下去，而做出了鏡。"
    },
    {
      "id": 60,
      "model": "이상",
      "content": "就算墜落也無妨，仍期望著能再一次向天空飛翔。"
    },
    {
      "id": 61,
      "model": "이상",
      "content": "總有一天會迎來注定的絕望……但正因如此……無論在何處……也一定要活下去。"
    },
    {
      "id": 62,
      "model": "이상",
      "content": "在或者不在翼中……並不是什麼重要的事。"
    },
    {
      "id": 63,
      "model": "상이",
      "teller": "箱李",
      "title": "研心",
      "content": "……"
    },
    {
      "id": 64,
      "model": "상이",
      "teller": "箱李",
      "title": "研心",
      "content": "所有的李箱都擁有著出類拔萃的才能。同時所有的李箱都是無知的。"
    },
    {
      "id": 65,
      "model": "상이",
      "teller": "箱李",
      "title": "研心",
      "content": "在所有李箱身上都能看見翅膀，但只有一個李箱能夠飛翔。"
    },
    {
      "id": 66,
      "model": "이상",
      "content": "那樣的話……"
    },
    {
      "id": 67,
      "model": "상이",
      "teller": "箱李",
      "title": "研心",
      "content": "雖然鏡中的李箱和鏡外的李箱是相反的……但他們也有相似之處。"
    },
    {
      "id": 68,
      "model": "상이",
      "teller": "箱李",
      "title": "研心",
      "content": "那正是你所看到的……那絢爛輝煌的翅膀。"
    },
    {
      "id": 69,
      "model": "상이",
      "teller": "箱李",
      "title": "研心",
      "content": "那是我的翅膀，也是映於鏡中的你的翅膀。"
    },
    {
      "id": 70,
      "model": "상이",
      "teller": "箱李",
      "title": "研心",
      "content": "我為什麼這麼想？……這不是理所當然嗎。鏡子會映出自己的模樣。"
    },
    {
      "id": 71,
      "model": "상이",
      "teller": "箱李",
      "title": "研尋",
      "content": "如果你在我身上看到了翅膀，那麼翅膀也長在你身上…它們當然屬於你。"
    },
    {
      "id": 72,
      "model": "상이",
      "teller": "箱李",
      "title": "研尋",
      "content": "那麼，現在試著蹬離地面，展翅高飛吧。"
    },
    {
      "id": 73,
      "model": "이상",
      "content": "我所希望的只有……"
    },
    {
      "id": 74,
      "model": "이상",
      "content": "再一次……"
    },
    {
      "id": 75,
      "model": "이상",
      "content": "渴望飛翔。"
    }
  ]
}