{
  "dataList": [
    {
      "id": 0,
      "place": "逐漸枯萎的九人會",
      "model": "T사기술청2",
      "teller": "4級徵收人員",
      "title": "T公司",
      "content": "九人會的領袖，靈之和他的玻璃窗技術在哪裡？"
    },
    {
      "id": 1,
      "model": "과거동백",
      "teller": "冬柏",
      "title": "九人會",
      "content": "……"
    },
    {
      "id": 2,
      "model": "T사기술청2",
      "teller": "4級徵收人員",
      "title": "T公司",
      "content": "這是你為錯用你的時間所付出的代價。"
    },
    {
      "id": 3,
      "model": "T사기술청2",
      "teller": "4級徵收人員",
      "title": "T公司",
      "content": "打開地下室的門。"
    },
    {
      "id": 4,
      "model": "과거동백",
      "teller": "冬柏",
      "title": "九人會",
      "content": "他們怎麼知道地下室的存在的……"
    },
    {
      "id": 5,
      "model": "과거동백",
      "teller": "冬柏",
      "title": "九人會",
      "content": "有人背叛了九人會。"
    },
    {
      "id": 6,
      "model": "과거동백",
      "teller": "冬柏",
      "title": "九人會",
      "content": "甲龍昨天就消失了……一定是他。"
    },
    {
      "id": 7,
      "model": "오티스",
      "content": "這都不重要了，冬柏。我們得趕緊逃跑。"
    },
    {
      "id": 8,
      "model": "과거동백",
      "teller": "冬柏",
      "title": "九人會",
      "content": "…… 伙計們，為什麼不最後看一次煙花表演呢？ 從遠處看，煙花可是一朵相當美麗的花朵。"
    },
    {
      "id": 9,
      "model": "오티스",
      "content": "冬柏，你是準備……"
    },
    {
      "id": 10,
      "model": "과거동백",
      "teller": "冬柏",
      "title": "九人會",
      "content": "讓我最後再問一次。我們之中沒有叛徒，對吧？"
    },
    {
      "id": 11,
      "model": "이상",
      "content": "沒有任何疑問。"
    },
    {
      "id": 12,
      "model": "오티스",
      "content": "你這個問題相當荒謬。"
    },
    {
      "id": 13,
      "model": "동랑",
      "teller": "東朗",
      "title": "K公司 糧食資源改良部門",
      "content": "……"
    },
    {
      "id": 14,
      "model": "동랑",
      "teller": "東朗",
      "title": "K公司 糧食資源改良部門",
      "content": "……是我，冬柏。是我背叛了九人會。"
    },
    {
      "id": 15,
      "model": "과거동백",
      "teller": "冬柏",
      "title": "九人會",
      "content": "……"
    },
    {
      "id": 16,
      "content": "隨著爆炸聲響起，我看到最後的景象便是冬柏燒焦了一半的臉……"
    },
    {
      "id": 17,
      "content": "以及……"
    },
    {
      "id": 18,
      "content": "我們的九人會，在無色的火焰中燃燒殆盡。"
    },
    {
      "id": 19,
      "place": "一無所有的九人會",
      "model": "이상",
      "content": "……"
    },
    {
      "id": 20,
      "model": "이상",
      "content": "不對，東朗。你從來都沒跟冬柏坦白過。"
    },
    {
      "id": 21,
      "model": "이상",
      "content": "冬柏……一直都不知道。這就是她為什麼一直在懷疑著我們，因為她知道一定是我們當中的一人。"
    },
    {
      "id": 22,
      "place": "放映室",
      "model": "동랑",
      "teller": "東朗",
      "title": "K公司 糧食資源改良部門",
      "content": "是我，冬柏，是我告的密。"
    },
    {
      "id": 23,
      "model": "동백에고각성중_찔림",
      "teller": "冬柏",
      "title": "九人會",
      "content": "我就知道……一定是……！！！你……你……你個該死的叛徒！！！！"
    },
    {
      "id": 24,
      "place": "一無所有的九人會",
      "model": "이상",
      "content": "於是，奄奄一息的冬柏眼中染上了怒火……"
    },
    {
      "id": 25,
      "model": "이상",
      "content": "而那虛弱的E.G.O也隨之破損開裂，散落成花瓣。"
    },
    {
      "id": 26,
      "model": "동랑",
      "teller": "東朗",
      "title": "K公司 糧食資源改良部門",
      "content": "……你知道嗎，李箱？"
    },
    {
      "id": 27,
      "model": "동랑",
      "teller": "東朗",
      "title": "K公司 糧食資源改良部門",
      "content": "如果你的前門傳來響亮的滴答聲，那就說明T公司的技術辦公室人員已經到來。"
    },
    {
      "id": 28,
      "model": "동랑",
      "teller": "東朗",
      "title": "K公司 糧食資源改良部門",
      "content": "我們之中的大多數人一定被他們拜訪過。 那是一次難忘的體驗。 但是，我知道你不可能有過這種體驗，因為作為一名熟練的建築師，你一定被T公司的恩典所護佑著。"
    },
    {
      "id": 29,
      "model": "동랑",
      "teller": "東朗",
      "title": "K公司 糧食資源改良部門",
      "content": "第一次拜訪，往往安靜而突然。大多數人都會被這些不速之客攪得心煩意亂……但是他們心中還是對作為九人會的一員抱有自豪與信念。"
    },
    {
      "id": 30,
      "model": "동랑",
      "teller": "東朗",
      "title": "K公司 糧食資源改良部門",
      "content": "他們也知道這一點。他們同時也知道，這第一次拜訪，烙下了他們可能隨時回來的恐懼。"
    },
    {
      "id": 31,
      "model": "동랑",
      "teller": "東朗",
      "title": "K公司 糧食資源改良部門",
      "content": "第二次拜訪，情況就變了。他們知道我的時間從何而來，又去向何方。"
    },
    {
      "id": 32,
      "model": "동랑",
      "teller": "東朗",
      "title": "K公司 糧食資源改良部門",
      "content": "他們了解了我的過去，現在，與未來。我的所有慾望和弱點，都掌握在了他們手中。"
    },
    {
      "id": 33,
      "model": "동랑",
      "teller": "東朗",
      "title": "K公司 糧食資源改良部門",
      "content": "你的選擇會是如何？在那種情況下，你會做出與我不同的選擇嗎？"
    },
    {
      "id": 34,
      "model": "동랑",
      "teller": "東朗",
      "title": "K公司 糧食資源改良部門",
      "content": "而且……你敢肯定你會那麼做嗎？"
    },
    {
      "id": 35,
      "model": "T사기술청1",
      "teller": "2級徵收人員",
      "title": "T公司",
      "content": "有機體。"
    },
    {
      "id": 36,
      "model": "동랑",
      "teller": "東朗",
      "title": "K公司 糧食資源改良部門",
      "content": "……"
    },
    {
      "id": 37,
      "place": "T巢道路某處",
      "model": "T사기술청1",
      "teller": "2級徵收人員",
      "title": "T公司",
      "content": "其中，聽說您對動物的治療與再生特別感興趣，對嗎？"
    },
    {
      "id": 38,
      "model": "T사기술청1",
      "teller": "2級徵收人員",
      "title": "T公司",
      "content": "你知道K公司，一個最近與我們達成合作的翼嗎？它是新生的翼之一，他們的巢佈滿翠光。"
    },
    {
      "id": 39,
      "model": "T사기술청1",
      "teller": "2級徵收人員",
      "title": "T公司",
      "content": "他們似乎表明了對你的技術的興趣。"
    },
    {
      "id": 40,
      "model": "동랑",
      "teller": "東朗",
      "title": "K公司 糧食資源改良部門",
      "content": "……"
    },
    {
      "id": 41,
      "model": "T사기술청1",
      "teller": "2級徵收人員",
      "title": "T公司",
      "content": "……我想你明白，這個機會並不是每個人都會有的。"
    },
    {
      "id": 42,
      "place": "一無所有的九人會",
      "model": "이상",
      "content": "所以，你在那裡達成了你的願望嗎？東朗？"
    },
    {
      "id": 43,
      "model": "동랑",
      "teller": "東朗",
      "title": "K公司 糧食資源改良部門",
      "content": "……"
    }
  ]
}