{
  "dataList": [
    {
      "id": 0,
      "model": "이상",
      "content": "過久的沉默將流逝的時間掩蓋。"
    },
    {
      "id": 1,
      "model": "이상",
      "content": "在此期間，我的時間不過是個附屬。"
    },
    {
      "id": 2,
      "model": "이상",
      "content": "在這被漆成純白的四方形中，唯有兩名訪客。"
    },
    {
      "id": 3,
      "place": "N公司的四方形房間",
      "model": "이상",
      "content": "順便一提... 一位是四方形內的四方形的來訪者，而另一位則是四方形內的四方形內的四方形的來訪者者。"
    },
    {
      "id": 4,
      "model": "구보",
      "teller": "仇甫",
      "title": "N公司",
      "content": "就在這盡情研究吧。"
    },
    {
      "id": 5,
      "model": "구보",
      "teller": "仇甫",
      "title": "N公司",
      "content": "你如此鍾愛的鏡像技術。"
    },
    {
      "id": 6,
      "model": "구보",
      "teller": "仇甫",
      "title": "N公司",
      "content": "每天進食和攝取營養劑，別忘了。"
    },
    {
      "id": 7,
      "model": "이상",
      "content": "再也沒有對著鏡子感到開心的人了，也不再是遊戲了……"
    },
    {
      "id": 8,
      "model": "이상",
      "content": "即便如此，我仍放不下鏡子的理由是……"
    },
    {
      "id": 9,
      "model": "상이",
      "teller": "箱李",
      "title": "研心",
      "content": "最近就算是和仇甫也不說話了。一整天都抓著鏡子不放。"
    },
    {
      "id": 10,
      "model": "상이",
      "teller": "箱李",
      "title": "研心",
      "content": "他也只是默默看著你的背影走了。表情不怎麼開心。"
    },
    {
      "id": 11,
      "model": "이상",
      "content": "無所謂。我更希望和你面對面交談。"
    },
    {
      "id": 12,
      "model": "이상",
      "content": "即使我背對著你，你也不會背過身去。"
    },
    {
      "id": 13,
      "model": "상이",
      "teller": "箱李",
      "title": "研心",
      "content": "李箱，仇甫是從心底重視著你的。你明白嗎？"
    },
    {
      "id": 14,
      "model": "상이",
      "teller": "箱李",
      "title": "研心",
      "content": "仇甫雖然是最後加入九人會的，卻受你的影響最多。"
    },
    {
      "id": 15,
      "model": "이상",
      "content": "並不是那樣。仇甫最珍惜的人……是他自己。"
    },
    {
      "id": 16,
      "model": "이상",
      "content": "只是在尋找能讓自己出人頭地的事物時，恰好映入眼簾的是我。"
    },
    {
      "id": 17,
      "model": "상이",
      "teller": "箱李",
      "title": "研心",
      "content": "那就……讓他那麼做吧。只要你還站在他身邊，你也能閃閃發光。"
    },
    {
      "id": 18,
      "model": "상이",
      "teller": "箱李",
      "title": "研心",
      "content": "聽說N公司的董事正要帶領你、仇甫和亞細亞組建新的九人會。"
    },
    {
      "id": 19,
      "model": "이상",
      "content": "那種從根源上改變了的集團，我無法稱之為九人會。只是借了名字，總有一天要歸還吧。"
    },
    {
      "id": 20,
      "model": "이상",
      "content": "……外面的世界如何？你有翅膀，所以你想去哪都可以。"
    },
    {
      "id": 21,
      "model": "상이",
      "teller": "箱李",
      "title": "研心",
      "content": "外界……哈。每次都是同樣的令人疲倦的事情。 世界總是朝著同一個潮流流動。"
    },
    {
      "id": 22,
      "model": "상이",
      "teller": "箱李",
      "title": "研心",
      "content": "難道不是這樣嗎？有著如此深厚羈絆的九人會也分崩離析……"
    },
    {
      "id": 23,
      "model": "상이",
      "teller": "箱李",
      "title": "研心",
      "content": "每時每刻都歡欣鼓舞或是絕望是沒有意義的。"
    },
    {
      "id": 24,
      "model": "상이",
      "teller": "箱李",
      "title": "研心",
      "content": "所以我想讓你留在這裡。做一個能和我交談的人。"
    }
  ]
}