{
  "dataList": [
    {
      "id": 0,
      "place": "綻放的九人會",
      "model": "홍루",
      "content": "我今天把你們叫來，是因為……"
    },
    {
      "id": 1,
      "model": "홍루",
      "content": "我想展示一些我所製作的有趣的東西。"
    },
    {
      "id": 2,
      "model": "과거동백",
      "teller": "冬柏",
      "title": "九人會",
      "content": "咳咳……"
    },
    {
      "id": 3,
      "model": "과거동백",
      "teller": "冬柏",
      "title": "九人會",
      "content": "靈之……這是什麼？"
    },
    {
      "id": 4,
      "model": "홍루",
      "content": "……"
    },
    {
      "id": 5,
      "model": "홍루",
      "content": "有太多短暫的事物很快就會枯萎，你不這麼認為嗎？"
    },
    {
      "id": 6,
      "model": "홍루",
      "content": "  蝴蝶只是想輕輕飛翔，但被因此判處死刑……實在是非常不幸。"
    },
    {
      "id": 7,
      "model": "과거동백",
      "teller": "冬柏",
      "title": "九人會",
      "content": "你……是把它……復活了嗎？我以為首腦的條約已經禁止了這種技術……"
    },
    {
      "id": 8,
      "model": "이상",
      "content": "不。雖然屍體沒有動彈，但有什麼東西被覆寫上去了。"
    },
    {
      "id": 9,
      "model": "홍루",
      "content": "的確。更準確的來說，是玻璃窗。"
    },
    {
      "id": 10,
      "model": "홍루",
      "content": "在窗口內，蝴蝶可以自由活動。"
    },
    {
      "id": 11,
      "model": "홍루",
      "content": "即便它的翅膀被池塘所沾濕，即便被某人拽在手中而化為灰燼，即便它因為缺少花朵而乾枯……"
    },
    {
      "id": 12,
      "model": "홍루",
      "content": "蝴蝶不會停息。而終於……在遙遠的未來……"
    },
    {
      "id": 13,
      "model": "파우스트",
      "content": "它將跨越大海。"
    },
    {
      "id": 14,
      "model": "파우스트",
      "content": "那樣的話，蝴蝶是不是就不會再害怕大海了？"
    },
    {
      "id": 15,
      "model": "동랑",
      "teller": "東朗",
      "title": "K公司 糧食資源改良部門",
      "content": "太棒了，靈之。這種等級的技術用途是無窮無盡的。"
    },
    {
      "id": 16,
      "model": "과거동백",
      "teller": "冬柏",
      "title": "九人會",
      "content": "靈之……你確定，這項技術只是為了朗術會才研發的？"
    },
    {
      "id": 17,
      "model": "홍루",
      "content": "什麼意思？"
    },
    {
      "id": 18,
      "model": "과거동백",
      "teller": "冬柏",
      "title": "九人會",
      "content": "一個我們在完成各自一天的工作後，抽出時間向大家展示我們作為愛好創造的發明並分享大家的想法的集會……"
    },
    {
      "id": 19,
      "model": "과거동백",
      "teller": "冬柏",
      "title": "九人會",
      "content": "這不就是我們九人會的朗術會的意義和浪漫嗎？"
    },
    {
      "id": 20,
      "model": "과거동백",
      "teller": "冬柏",
      "title": "九人會",
      "content": "但這……這看起來不僅僅是一種愛好。"
    },
    {
      "id": 21,
      "model": "과거동백",
      "teller": "冬柏",
      "title": "九人會",
      "content": "你是不是還沒有……從當時的事情中恢復過來？"
    },
    {
      "id": 22,
      "model": "홍루",
      "content": "……冬柏……你原來是，這樣想的啊……"
    },
    {
      "id": 23,
      "model": "홍루",
      "content": "我也想知道你是怎麼想的，李箱。"
    },
    {
      "id": 24,
      "model": "이상",
      "content": "……"
    },
    {
      "id": 25,
      "model": "이상",
      "content": "正如東朗所言，這無疑是一個偉大的新發現。"
    },
    {
      "id": 26,
      "model": "이상",
      "content": "但是……"
    },
    {
      "id": 27,
      "model": "이상",
      "content": "如果窗戶上結了霜……"
    },
    {
      "id": 28,
      "model": "이상",
      "content": "反射出來的物體也會變得模糊。"
    },
    {
      "id": 29,
      "model": "이상",
      "content": "因此，這扇玻璃窗的邊框……需要造得更結實、更端正。"
    },
    {
      "id": 30,
      "model": "홍루",
      "content": "……"
    },
    {
      "id": 31,
      "model": "홍루",
      "content": "李箱，你一眼就洞察出了它的本質。"
    },
    {
      "id": 32,
      "model": "홍루",
      "content": "而且就我來說……我想不出辦法做到這一點。所以，不如這樣？"
    },
    {
      "id": 33,
      "model": "홍루",
      "content": "李箱，試試用你的方法重新創造它。"
    },
    {
      "id": 34,
      "model": "이상",
      "content": "我的方法……"
    },
    {
      "id": 35,
      "model": "홍루",
      "content": "沒錯。下次朗術會上。"
    },
    {
      "id": 36,
      "model": "이상",
      "content": "讓我……來負責一個像玻璃窗這樣的珍貴技術……真的可以嗎？"
    },
    {
      "id": 37,
      "model": "홍루",
      "content": "你理解錯了。我提出這個方案的原因就是，它很珍貴。"
    }
  ]
}