{
  "dataList": [
    {
      "id": 0,
      "model": "스테파네트",
      "teller": "斯蒂芬妮",
      "title": "？？？",
      "content": "真是個淒美的故事，對吧？"
    },
    {
      "id": 1,
      "model": "스테파네트",
      "teller": "斯蒂芬妮",
      "title": "？？？",
      "content": "如果世界上所有的故事都是幸福的，天空便也許不再需要星星了。"
    },
    {
      "id": 2,
      "model": "스테파네트",
      "teller": "斯蒂芬妮",
      "title": "？？？",
      "content": "因為星星自孤獨和黑暗中孕育而出。"
    },
    {
      "id": 3,
      "model": "스테파네트",
      "teller": "斯蒂芬妮",
      "title": "？？？",
      "content": "這就是為什麼你喜歡我的故事。"
    },
    {
      "id": 4,
      "model": "스테파네트",
      "teller": "斯蒂芬妮",
      "title": "？？？",
      "content": "……"
    },
    {
      "id": 5,
      "model": "스테파네트",
      "teller": "斯蒂芬妮",
      "title": "？？？",
      "content": "我會告訴你更多關於其他世界的故事。"
    },
    {
      "id": 6,
      "model": "스테파네트",
      "teller": "斯蒂芬妮",
      "title": "？？？",
      "content": "所以請代我和其他人，哭泣。"
    }
  ]
}