{
  "dataList": [
    {
      "id": 0,
      "model": "다친에고동랑",
      "teller": "東朗",
      "title": "綻放E.G.O::歸田",
      "content": "李……箱……"
    },
    {
      "id": 1,
      "model": "이상",
      "content": "……"
    },
    {
      "id": 2,
      "model": "이상",
      "content": "<color=#d4e1e8>記得那個春日。</color>"
    },
    {
      "id": 3,
      "model": "이상",
      "content": "<color=#d4e1e8>星，自我們眼中升起。</color>"
    },
    {
      "id": 4,
      "model": "이상",
      "content": "……"
    },
    {
      "id": 5,
      "model": "다친에고동랑",
      "teller": "東朗",
      "title": "綻放E.G.O::歸田",
      "content": "……"
    },
    {
      "id": 6,
      "model": "다친에고동랑",
      "teller": "東朗",
      "title": "綻放E.G.O::歸田",
      "content": "閃閃發光。"
    },
    {
      "id": 7,
      "model": "다친에고동랑",
      "teller": "東朗",
      "title": "綻放E.G.O::歸田",
      "content": "就像你的翅膀一樣...閃耀著光芒。"
    },
    {
      "id": 8,
      "model": "다친에고동랑",
      "teller": "東朗",
      "title": "綻放E.G.O::歸田",
      "content": "我......在九人會的陰影下......"
    },
    {
      "id": 9,
      "model": "다친에고동랑",
      "teller": "東朗",
      "title": "綻放E.G.O::歸田",
      "content": "雖然一直想逃出......"
    },
    {
      "id": 10,
      "model": "다친에고동랑",
      "teller": "東朗",
      "title": "綻放E.G.O::歸田",
      "content": "但到頭來......在最後的最後擁抱我的......還是這片陰影。"
    }
  ]
}