{
  "dataList": [
    {
      "id": 0,
      "place": "N公司的四方形房間",
      "model": "이상",
      "content": "有一天，你回來了……嘴裡說著我聽不懂的話。"
    },
    {
      "id": 1,
      "model": "상이",
      "teller": "箱李",
      "title": "研心",
      "content": "李箱。當仇甫帶著藍色營養劑回來的時候……把它含在嘴裡，不要馬上吞下去。"
    },
    {
      "id": 2,
      "model": "상이",
      "teller": "箱李",
      "title": "研心",
      "content": "大概三天之後……你就能看到很多你之前看不到的東西。"
    },
    {
      "id": 3,
      "model": "상이",
      "teller": "箱李",
      "title": "研心",
      "content": "當那天到來的時候，你有兩個選擇。"
    },
    {
      "id": 4,
      "model": "상이",
      "teller": "箱李",
      "title": "研心",
      "content": "第一個選項，是一次性把所有的營養劑都吃下去。"
    },
    {
      "id": 5,
      "model": "상이",
      "teller": "箱李",
      "title": "研心",
      "content": "然後你會陷入沉睡。 但是當你醒來時，一切都會恢復正常。 你將一輩子致力於研究鏡像技術，有時還會陪我聊聊天，一切如常。"
    },
    {
      "id": 6,
      "model": "상이",
      "teller": "箱李",
      "title": "研心",
      "content": "第二個選項是……離開這個地方。"
    },
    {
      "id": 7,
      "model": "이상",
      "content": "我沒有翅膀。我要如何離開？"
    },
    {
      "id": 8,
      "model": "상이",
      "teller": "箱李",
      "title": "研心",
      "content": "一隻雞也許沒法飛翔，但這並不意味著牠們會停止振翅。"
    },
    {
      "id": 9,
      "model": "상이",
      "teller": "箱李",
      "title": "研心",
      "content": "牠會……掙扎不休。"
    },
    {
      "id": 10,
      "model": "이상",
      "content": "你讓我困惑。現在……我應該去哪？我既沒有家鄉，也沒有人在等我歸來了。"
    },
    {
      "id": 11,
      "model": "상이",
      "teller": "箱李",
      "title": "研心",
      "content": "想簡單一點。如果沒有家鄉，那你就一直走，走到你沒法再走了，並把你停下的地方定為你的新家鄉。"
    },
    {
      "id": 12,
      "model": "이상",
      "content": "正如你所說，我沒有服用藍色營養劑。"
    },
    {
      "id": 13,
      "place": "N公司的一條走廊。",
      "model": "이상",
      "content": "當我沒有服用營養劑之後，一些一直都很模糊的東西清晰的刻在了我的視網膜上。"
    },
    {
      "id": 14,
      "model": "이상",
      "content": "我的房間不是封閉的。它一直都是開放的，並且我有去任何地方的自由。"
    },
    {
      "id": 15,
      "model": "이상",
      "content": "我走在狹長的走廊上，看到了我的鏡子是如何被使用的。"
    },
    {
      "id": 16,
      "model": "이상",
      "content": "之後，一股強烈的疲倦開始襲來。"
    },
    {
      "id": 17,
      "model": "이상",
      "content": "如果我吞下了那些營養劑然後去睡覺，一切都會好起來的。"
    },
    {
      "id": 18,
      "model": "이상",
      "content": "我一直想相信，仇甫和我之間只是有什麼誤會。"
    },
    {
      "id": 19,
      "model": "이상",
      "content": "但……"
    },
    {
      "id": 20,
      "model": "이상",
      "content": "我走出了白色的四角形。"
    }
  ]
}