{
  "dataList": [
    {
      "id": 0,
      "place": "銀鳳家炸雞酒吧 廚房",
      "model": "뒤틀린주인카운트1",
      "teller": "銀鳳家炸雞酒吧 店長",
      "title": "銀鳳家炸雞酒吧",
      "content": "……"
    },
    {
      "id": 1,
      "model": "히스클리프",
      "content": "……這數字是啥？"
    },
    {
      "id": 2,
      "model": "이상",
      "content": "這應該是在提示我們，總共五個機會裡，已經消耗掉了兩個……"
    },
    {
      "id": 3,
      "model": "단테",
      "content": "<事已至此，要不我們分成各個組再準備一次料理吧？>"
    },
    {
      "id": 4,
      "content": "於是乎……"
    },
    {
      "id": 5,
      "content": "邊獄公司的料理大戰開始了……"
    },
    {
      "id": 6,
      "model": "그레고르요리사",
      "content": "咳咳，要不我們來決定下人選吧。反正肯定會再失敗就是了……"
    },
    {
      "id": 7,
      "model": "그레고르요리사",
      "content": "鴻璐先生你……或許之前下過廚房？"
    },
    {
      "id": 8,
      "model": "돈키호테",
      "content": "咳……！"
    },
    {
      "id": 9,
      "model": "홍루",
      "content": "嗯……我的房間裡沒有廚房那種東西呢。不過我小時候倒是經常偷偷溜進我家二樓的餐廳找零食。"
    },
    {
      "id": 10,
      "model": "돈키호테",
      "content": "咳咳！！"
    },
    {
      "id": 11,
      "model": "그레고르요리사",
      "content": "呃，下一個，李箱先生……"
    },
    {
      "id": 12,
      "model": "히스클리프",
      "content": "幾天前咱們喝了過期的牛奶後不是只有他看上去沒事兒嗎？"
    },
    {
      "id": 13,
      "model": "이상",
      "content": "唔唔唔嗯……那繚繞的味道仍舊瀰漫在我的肺部深處。"
    },
    {
      "id": 14,
      "model": "돈키호테",
      "content": "咳哼！！！！"
    },
    {
      "id": 15,
      "model": "그레고르요리사",
      "content": "堂吉訶德，從剛才開始你的喉嚨就看起來不太舒服啊？"
    },
    {
      "id": 16,
      "model": "돈키호테",
      "content": "有什麼能交給我幫忙的嗎？！"
    },
    {
      "id": 17,
      "content": "堂吉訶德把雙手背在身後，露出羞澀的表情。"
    },
    {
      "id": 18,
      "model": "그레고르요리사",
      "content": "堂吉訶德……現在不是小孩子玩鬧的時間。"
    },
    {
      "id": 19,
      "model": "돈키호테",
      "content": "我才不是小孩！再說，明明那邊的小組裡連辛克萊都可以烹飪，為什麼這裡什麼都不讓我幹啊！"
    },
    {
      "id": 20,
      "model": "그레고르요리사",
      "content": "嗯？"
    },
    {
      "id": 21,
      "model": "오티스",
      "content": "雞切得太不均勻了。必須切得更加乾淨利落點。身體保持挺直！"
    },
    {
      "id": 22,
      "model": "싱클레어",
      "content": "好，好的……！"
    },
    {
      "id": 23,
      "model": "로쟈",
      "content": "小傢伙~味道是不是太淡了？我想嚐嚐更甜一點的呢~"
    },
    {
      "id": 24,
      "model": "싱클레어",
      "content": "啊，甜一點是嗎？砂糖在……在哪裡來著……"
    },
    {
      "id": 25,
      "model": "파우스트",
      "content": "浮士德分析認為，火力應該再強一點。"
    },
    {
      "id": 26,
      "model": "료슈요리사",
      "content": "糟糕透頂，從菜刀的使用方法開始就錯得一塌糊塗。"
    },
    {
      "id": 27,
      "model": "이스마엘",
      "content": "各位，能不能別光站在一邊講風涼話，來幫下忙？"
    },
    {
      "id": 28,
      "model": "그레고르요리사",
      "content": "嗯……至少可以相信辛克萊的味覺……畢竟是富家子弟，某種程度上對味道十分挑剔吧……"
    },
    {
      "id": 29,
      "model": "히스클리프",
      "content": "等下，為啥沒人讓我幫忙料理啊？快看，我煎個蛋啥的還是能……"
    },
    {
      "id": 30,
      "model": "히스클리프",
      "content": "可惡！為啥這個破煎鍋這麼燙？！燙死老子了！"
    },
    {
      "id": 31,
      "content": "希斯克利夫將煎鍋丟到牆上，它立刻變得四分五裂，其他人一起欣賞著這一戲劇性的場景。"
    },
    {
      "id": 32,
      "model": "뫼르소",
      "content": "這個餐廳……散發著至少有140天沒有清掃過的臭味。"
    },
    {
      "id": 33,
      "model": "뫼르소",
      "content": "比起在這，出去做料理在衛生上應當更加安全。"
    },
    {
      "id": 34,
      "model": "돈키호테",
      "content": "請讓我也來做料理！！！"
    },
    {
      "id": 35,
      "model": "뒤틀린닭1",
      "teller": "生雞",
      "title": "扭曲之物",
      "content": "咕咕咕咕咕！！！"
    },
    {
      "id": 36,
      "model": "단테",
      "content": "<“竟敢把廚房弄得這麼亂！不可饒恕啊啊啊！ ”>"
    },
    {
      "id": 37,
      "model": "그레고르요리사",
      "content": "……"
    },
    {
      "id": 38,
      "model": "단테",
      "content": "<呃，我覺得它應該是這個意思……>"
    },
    {
      "id": 39,
      "model": "그레고르요리사",
      "content": "……好，加油吧，格里高爾。你能行的……"
    }
  ]
}