{
  "dataList": [
    {
      "id": 0,
      "model": "뒤틀린주인카운트2",
      "teller": "銀鳳家炸雞酒吧 店長",
      "title": "銀鳳家炸雞酒吧",
      "content": "……"
    },
    {
      "id": 1,
      "model": "돈키호테",
      "content": "不對，這到底是怎麼回事？！他甚至連一口都還沒吃，數字就已經下降了？！"
    },
    {
      "id": 2,
      "model": "단테",
      "content": "<他說僅僅是聽到你們所說的內容食慾就大大下降，甚至連評估的價值都沒有……>"
    },
    {
      "id": 3,
      "model": "그레고르요리사",
      "content": "和店長本來發出的聲音相比，是不是多了幾個音節？"
    },
    {
      "id": 4,
      "model": "돈키호테",
      "content": "確實如此！請撤回剛才的評價！！"
    },
    {
      "id": 5,
      "model": "단테",
      "content": "<等，等一下！我先問你們一個問題！>"
    },
    {
      "id": 6,
      "model": "단테",
      "content": "<你們之中有人嚐過這東西嗎？>"
    },
    {
      "id": 7,
      "model": "그레고르요리사",
      "content": "……"
    },
    {
      "id": 8,
      "model": "이상",
      "content": "……"
    },
    {
      "id": 9,
      "model": "히스클리프",
      "content": "……"
    },
    {
      "id": 10,
      "model": "돈키호테",
      "content": "……"
    },
    {
      "id": 11,
      "model": "단테",
      "content": "<說是讓人試吃料理，但製作者自己都不吃算怎麼回事啊，我們是在努力取悅這裡的人哎！>"
    },
    {
      "id": 12,
      "model": "히스클리프",
      "content": "呃……鐘錶頭，難得說了正經話啊。誰要來吃？"
    },
    {
      "id": 13,
      "content": "空氣中瀰漫著比戰鬥開始前還要殺機四伏的氣氛。"
    },
    {
      "id": 14,
      "model": "이상",
      "content": "……不要用這種眼神看著我……"
    },
    {
      "id": 15,
      "model": "돈키호테",
      "content": "吾願獻身！若犧牲可令恢復世間之扭曲恢復原狀……！"
    },
    {
      "id": 16,
      "content": "堂吉訶德一臉悲壯地閉上眼睛。"
    },
    {
      "id": 17,
      "model": "히스클리프",
      "content": "媽的！不管了，誰都好快點把它給吃了！"
    },
    {
      "id": 18,
      "content": "希斯克利夫從盤子裡抓了一塊，塞進了離他最近的人嘴裡……"
    },
    {
      "id": 19,
      "model": "뫼르소",
      "content": "……"
    },
    {
      "id": 20,
      "content": "面對突如其來的味覺考驗，默爾索僵立在原地，一動不動。"
    },
    {
      "id": 21,
      "model": "단테",
      "content": "<他是不是當場去世了？>"
    },
    {
      "id": 22,
      "model": "돈키호테",
      "content": "以名譽起誓，這次吾真的什麼都沒有做。如果維吉里烏斯老爺追究起責任的話……"
    },
    {
      "id": 23,
      "content": "默爾索緩緩把頭轉向希斯克利夫。"
    },
    {
      "id": 24,
      "model": "뫼르소",
      "content": "整……"
    },
    {
      "id": 25,
      "model": "히스클리프",
      "content": "整……什麼？"
    },
    {
      "id": 26,
      "model": "뫼르소",
      "content": "整體上調味太過份散不協調；雞肉沒有用合適的火候烹熟，沒能完全去除雞肉的腥味和雜味；醬汁過於黏稠，雞肉味道寡淡；刀工隨意且不整齊，擺槃無法勾起食用者的食慾。"
    },
    {
      "id": 27,
      "model": "히스클리프",
      "content": "哈……你是不是已經瘋了？你想說的就是這些嗎？"
    },
    {
      "id": 28,
      "model": "뫼르소",
      "content": "不。"
    },
    {
      "id": 29,
      "model": "뫼르소",
      "content": "我還沒有說完。"
    },
    {
      "id": 30,
      "model": "뫼르소",
      "content": "調味和香料簡直一團糟，吃到嘴裡還不如一塊石膏。你因為砂糖不夠而加入了兩勺半黃油作為調料，而這些讓口味直接落入了下水道。"
    },
    {
      "id": 31,
      "model": "돈키호테",
      "content": "對……對……對不起……"
    },
    {
      "id": 32,
      "model": "뫼르소",
      "content": "李箱，如同你的名字一樣，料理被你搞成了破滅的理想，它讓我的口腔感受到了死亡，你打算讓我得胃潰瘍，還是想讓我變遺像？我要就此離場，以上。"
    },
    {
      "id": 33,
      "model": "이상",
      "content": "……我無可辯解。"
    },
    {
      "id": 34,
      "model": "히스클리프",
      "content": "等一下，那傢伙……是被什麼東西附身了嗎？"
    },
    {
      "id": 35,
      "model": "뫼르소",
      "content": "對大多數人而言，我說的話越詳細，就越無法抓住核心觀點。"
    },
    {
      "id": 36,
      "model": "뫼르소",
      "content": "因此，至今為止我一直刻意不讓自己的言辭過於冗長。"
    },
    {
      "id": 37,
      "model": "뫼르소",
      "content": "此外……"
    },
    {
      "id": 38,
      "model": "홍루",
      "content": "那麼，下一個就讓默爾索先生來做料理吧！"
    },
{
      "id": 39,
      "content": "鴻璐在批判輪到自己之前，拍了拍手迅速轉換了話題。"
    },
    {
      "id": 40,
      "model": "홍루",
      "content": "我們會在你需要的各方面協助你的！"
    },
    {
      "id": 41,
      "model": "뫼르소",
      "content": "……我不喜歡有助手協助。"
    },
    {
      "id": 42,
      "model": "돈키호테",
      "content": "不用擔心！我們不會讓你失望的！"
    },
    {
      "id": 43,
      "content": "堂吉訶德擼起袖子，大聲喊道。"
    },
    {
      "id": 44,
      "model": "뫼르소",
      "content": "嗯……雖然烹飪不是我的專業領域，但如果你們堅持的話，我很樂意試一試。"
    },
    {
      "id": 45,
      "model": "단테",
      "content": "<讓，讓我們來看看良秀隊表現如何？>"
    },
    {
      "id": 46,
      "content": "在格里高爾隊狀況百出的時候，良秀隊的氣氛卻變得異常緊張。"
    },
    {
      "id": 47,
      "model": "싱클레어",
      "content": "但，但是……"
    },
    {
      "id": 48,
      "model": "싱클레어",
      "content": "味道又鹹又淡，甜又不甜，又嫩又脆的料理，到底要怎麼做啊！"
    },
    {
      "id": 49,
      "content": "辛克萊怒不可遏地大聲抱怨著，一把扔下了穿在身上的圍裙。"
    },
    {
      "id": 50,
      "model": "싱클레어",
      "content": "我做不到！索性按以實瑪利小姐說的那樣，和希斯克利夫先生掰手腕獲勝也許還更容易點！"
    },
    {
      "id": 51,
      "model": "이스마엘",
      "content": "那，那隻是玩笑話……"
    },
    {
      "id": 52,
      "model": "파우스트",
      "content": "按照概率計算的話，這就和辛克萊先生身高一周長五厘米一樣是無稽之——"
    },
    {
      "id": 53,
      "model": "싱클레어",
      "content": "煩死了！都是一回事啦！！！"
    },
    {
      "id": 54,
      "model": "오티스",
      "content": "連這種程度的批評都抱怨個不停，真是懦弱得可笑啊。"
    },
    {
      "id": 55,
      "model": "싱클레어",
      "content": "要是這麼有自信的話……奧提斯小姐您來做怎麼樣？"
    },
    {
      "id": 56,
      "content": "儘管他反駁的相當勇敢，但他的眼睛卻是一直緊閉著的。"
    },
    {
      "id": 57,
      "model": "오티스",
      "content": "……真沒辦法。"
    },
    {
      "id": 58,
      "model": "오티스요리사",
      "content": "躲開，殘兵敗將。結果還是得我出馬啊。"
    },
    {
      "id": 59,
      "content": "不知什麼時候，格里高爾戴著的廚師帽被交給了默爾索。"
    },
    {
      "id": 60,
      "content": "在默爾索的指示下，廚房裡的眾人開始了有條不紊的工作。"
    },
    {
      "id": 61,
      "model": "돈키호테",
      "content": "默爾索！快看！我把這個切成了可愛的星星形狀……"
    },
    {
      "id": 62,
      "model": "뫼르소요리사",
      "content": "馬鈴薯必須準確地切成正方形，才能使每面均勻受熱直至完全熟透。"
    },
    {
      "id": 63,
      "model": "돈키호테",
      "content": "但是……！！"
    },
    {
      "id": 64,
      "model": "뫼르소요리사",
      "content": "正方形。五厘米。"
    },
    {
      "id": 65,
      "model": "돈키호테",
      "content": "……"
    },
    {
      "id": 66,
      "content": "繼承廚師長衣缽的默爾索比任何時候都充滿領袖氣質。"
    },
    {
      "id": 67,
      "model": "그레고르",
      "content": "又不是什麼大事，雞肉料理終究也只是雞肉料理罷了。"
    },
    {
      "id": 68,
      "model": "그레고르",
      "content": "所謂失去的菜譜，其實不就是“一勺真心、三勺努力”之類的嗎？"
    },
    {
      "id": 69,
      "model": "홍루",
      "content": "哦~馬鈴薯原來是這樣做成菜的啊~"
    },
    {
      "id": 70,
      "model": "히스클리프",
      "content": "怎麼……你以為烤馬鈴薯是直接從田裡挖出來的嗎？"
    },
    {
      "id": 71,
      "model": "홍루",
      "content": "你以為我是笨蛋嗎……！"
    },
    {
      "id": 72,
      "model": "홍루",
      "content": "時候一到，成熟的馬鈴薯就會從樹上掉下來，這種程度的事我還是知道的。"
    },
    {
      "id": 73,
      "model": "히스클리프",
      "content": "……"
    },
    {
      "id": 74,
      "model": "홍루",
      "content": "噗，我是開玩笑的啦，希斯克利夫先生。"
    },
    {
      "id": 75,
      "model": "홍루",
      "content": "咦？為什麼突然拿起松肉錘……"
    },
    {
      "id": 76,
      "model": "이상",
      "content": "馬鈴薯上開著清爽的小花。啊，即使在這不毛之地，花蕾也終將會綻放。"
    },
    {
      "id": 77,
      "model": "뫼르소요리사",
      "content": "這意味著馬鈴薯有毒，必須立刻清除。堂吉訶德，把它們收走。"
    },
    {
      "id": 78,
      "model": "돈키호테",
      "content": "明白！！！"
    },
    {
      "id": 79,
      "model": "이상",
      "content": "啊……不，不可以……"
    },
    {
      "id": 80,
      "model": "이상",
      "content": "燒焦之物亦有其自身的意義。當事物的本質保持不變時，所謂“燒焦”的狀態，也可能只是基於人類定義的一個虛構的概念。"
    },
    {
      "id": 81,
      "model": "뫼르소요리사",
      "content": "所謂“燒焦”，是指長時間暴露在高溫中表面出現一定顏色變化，並產生煙味這種現象。"
    },
    {
      "id": 82,
      "model": "뫼르소요리사",
      "content": "而且這一個連裡面都徹底燒焦了。如果長期食用，可能會產生身體不適反應，因此扔掉才是正確做法。"
    },
{
      "id": 83,
      "model": "이상",
      "content": "真是惆悵……"
    },
    {
      "id": 84,
      "content": "默爾索變成了一位冷酷嚴苛的廚師，而李箱則完全派不上什麼用場。"
    },
    {
      "id": 85,
      "content": "希斯克利夫在以驚人的速度削著馬鈴薯皮。"
    },
    {
      "id": 86,
      "model": "히스클리프",
      "content": "別跟我說話。會打擾我集中注意力。"
    },
    {
      "id": 87,
      "model": "히스클리프",
      "content": "刀什麼的太奢侈了。真正的貧民，用一個鐵勺就能剝掉所有馬鈴薯皮。"
    },
    {
      "id": 88,
      "model": "뫼르소요리사",
      "content": "……"
    },
    {
      "id": 89,
      "model": "뫼르소요리사",
      "content": "合格了。從斜向切這一點可以看出不錯的技巧，給你加分。"
    },
    {
      "id": 90,
      "model": "히스클리프",
      "content": "好耶！！！！"
    },
    {
      "id": 91,
      "model": "오티스요리사",
      "content": "好好看著，你需要加入多種多樣的食材。你就是因為偏食所以才長不高的。"
    },
    {
      "id": 92,
      "model": "싱클레어",
      "content": "我……我還在成長期……！"
    },
    {
      "id": 93,
      "model": "싱클레어",
      "content": "……大概。"
    },
    {
      "id": 94,
      "model": "오티스요리사",
      "content": "而且，因為營養攝入不均，你的頭髮才會那麼白吧。"
    },
    {
      "id": 95,
      "model": "파우스트",
      "content": "浮士德……本來就……"
    },
    {
      "id": 96,
      "model": "오티스요리사",
      "content": "你的手如此粗糙，也都是因為偏食。"
    },
    {
      "id": 97,
      "model": "이스마엘",
      "content": "啊？這只是因為我長時間在船上工作而已！"
    },
    {
      "id": 98,
      "model": "로쟈",
      "content": "奧提斯小姐！我呢？我怎麼樣？"
    },
    {
      "id": 99,
      "model": "오티스요리사",
      "content": "在我忙的時候不要大聲喧嘩！你太不穩重了！"
    }
  ]
}