{
  "dataList": [
    {
      "id": 0,
      "model": "단테",
      "content": "<嗯……>"
    },
    {
      "id": 1,
      "model": "단테",
      "content": "<誰能來告訴我一下這是什麼食物嗎？>"
    },
    {
      "id": 2,
      "model": "돈키호테",
      "content": "這很簡單！"
    },
    {
      "id": 3,
      "model": "돈키호테",
      "content": "經理老爺！巧克力這種東西不是非常美味嗎？所以我把它放進去了。"
    },
    {
      "id": 4,
      "model": "돈키호테",
      "content": "而且我不喜歡馬鈴薯，所以替換成了相似形狀的橙子。"
    },
    {
      "id": 5,
      "model": "히스클리프",
      "content": "哈？我還說是誰擅自把馬鈴薯都拿出來了，原來是你這呆頭鵝，真不知說你什麼好。"
    },
    {
      "id": 6,
      "model": "단테",
      "content": "<另外，為什麼這些雞會被如此殘忍地撕成碎片呢？>"
    },
    {
      "id": 7,
      "model": "이상",
      "content": "在我居住的城鎮，是用手把雞肉撕成細絲來吃的。稱得上珍饈的除此再無別物。"
    },
    {
      "id": 8,
      "model": "단테",
      "content": "<這黑色的是什麼？為什麼木炭會在平底鍋裡……>"
    },
    {
      "id": 9,
      "model": "히스클리프",
      "content": "話說回來，一個連嘴都沒有的傢伙，總是在一個勁兒地吹毛求疵。你能吃這個嗎？"
    },
    {
      "id": 10,
      "model": "뒤틀린주인카운트1",
      "teller": "銀鳳家炸雞酒吧 店長",
      "title": "銀鳳家炸雞酒吧",
      "content": "……"
    },
    {
      "id": 11,
      "model": "뒤틀린주인카운트2",
      "teller": "銀鳳家炸雞酒吧 店長",
      "title": "銀鳳家炸雞酒吧",
      "content": "咯咯！"
    },
    {
      "id": 12,
      "content": "在扭曲店長那急促而有力的命令下，雞群一起向著我們逼近。"
    }
  ]
}