{
  "dataList": [
    {
      "id": 0,
      "content": "這件事，發生在那次毫無結果的問答剛好一周後。"
    },
    {
      "id": 1,
      "model": "단테",
      "content": "<我批準罪人結束工作。>"
    },
    {
      "id": 2,
      "model": "파우스트",
      "content": "謝謝，從現在開始，你們最多有12個小時可供睡眠和休息，時間可能會有所變動。祝各位有個美好的夜晚。"
    },
    {
      "id": 3,
      "content": "浮士德一如既往給出相同的指示。像往常那樣，罪人們也紛紛伸著懶腰，呻吟著回應。"
    },
    {
      "id": 4,
      "model": "히스클리프",
      "content": "……"
    },
    {
      "id": 5,
      "content": "不過這次，有一名罪人像是凸出的腫瘤般一反常態。"
    },
    {
      "id": 6,
      "model": "이스마엘",
      "content": "……這次又怎麼了？"
    },
    {
      "id": 7,
      "model": "로쟈",
      "content": "沒事啦，以實~他這樣鬧彆扭又不是一天兩天了，對吧？"
    },
    {
      "id": 8,
      "model": "로쟈",
      "content": "希斯~你可一定要消了氣再回房間，好嗎？我每次都被你房間裡傳來轟隆隆的打雷聲吵得睡不著覺呢~"
    },
    {
      "id": 9,
      "content": "……罪人們的房間，也是他們的住所、私人空間與牢房，據說能夠反映出他們的心境。"
    },
    {
      "id": 10,
      "content": "每個房間的地板、壁紙以及整體氛圍都是根據罪人的個性塑造而成的，而透過另一面牆上的窗戶看到的景色，貌似也會根據他們的心境和情感而產生不同的變化。"
    },
    {
      "id": 11,
      "content": "話雖如此，我所能見到的一切也不過是遠遠透過窗戶看到的那一小部分，所以並不清楚所有的細節。"
    },
    {
      "id": 12,
      "content": "……希斯克利夫所進入的房間有時會——實際上，是相當頻繁地，發出雷電與風暴交織的呼嘯聲。"
    },
    {
      "id": 13,
      "model": "히스클리프",
      "content": "……嘖。"
    },
    {
      "id": 14,
      "content": "通常而言，他會用“我憑啥這麼幹？ ”之類的話來回擊，但現在他只是咂了咂嘴。"
    },
    {
      "id": 15,
      "content": "我猜是他不想爭論了。"
    },
    {
      "id": 16,
      "content": "幸虧如此，他就這麼站著不動，皺著眉頭凝視著走廊，直到所有其他罪人（準確來說除了浮士德）都走進他們的房間。也許他是在用這種方式來緩解壓力吧。"
    },
    {
      "id": 17,
      "model": "히스클리프",
      "content": "……哦嚯？"
    },
    {
      "id": 18,
      "content": "而這，也成為了此次事件的導火索。"
    },
    {
      "id": 19,
      "model": "히스클리프",
      "content": "……嗯？喂，這麼看來遠處那邊也有很多門？"
    },
    {
      "id": 20,
      "content": "希斯克利夫所指的方向與我一周前所指的完全相同。"
    },
    {
      "id": 21,
      "content": "那些門佇立在“禁止越界”的封鎖線之後。"
    },
    {
      "id": 22,
      "model": "파우스트",
      "content": "希斯克利夫，我建議你不要越過走廊的必要活動範圍。"
    },
{
      "id": 23,
      "model": "히스클리프",
      "content": "哈，這話聽起來就更可疑了。"
    },
    {
      "id": 24,
      "model": "파우스트",
      "content": "你最好聽浮士德的話，那沒什麼可疑的東西。"
    },
    {
      "id": 25,
      "model": "히스클리프",
      "content": "咋，你是把寶藏之類的東西藏在裡面了？"
    },
    {
      "id": 26,
      "content": "浮士德無可奉告的態度足以激起他的好奇心……"
    },
    {
      "id": 27,
      "model": "파우스트",
      "content": "希斯克利夫，不要那麼做，你會為此後悔的。"
    },
    {
      "id": 28,
      "model": "히스클리프",
      "content": "……眨眼間變得情緒化了很多嘛，萬事通小姐。"
    },
    {
      "id": 29,
      "model": "히스클리프",
      "content": "就好像……你確實在那裡藏著什麼東西！"
    },
    {
      "id": 30,
      "content": "我們還沒來得及阻止，他就一頭扎進了黑暗之中。"
    },
    {
      "id": 31,
      "model": "파우스트",
      "content": "……！"
    },
    {
      "id": 32,
      "model": "단테",
      "content": "<那裡面……>"
    },
    {
      "id": 33,
      "content": "正當我要理所當然的向浮士德詢問時……"
    },
    {
      "id": 34,
      "model": "히스클리프",
      "content": "咕啊啊啊啊啊啊啊？！！"
    },
    {
      "id": 35,
      "content": "希斯克利夫的慘叫聲從漆黑的走廊深處傳來。"
    },
    {
      "id": 36,
      "model": "파우스트",
      "content": "但丁，從現在起請抓住我的左手，然後和我一同跑起來。"
    },
    {
      "id": 37,
      "model": "단테",
      "content": "<嗯，嗯？>"
    },
    {
      "id": 38,
      "model": "파우스트",
      "content": "我一個人沒法及時把他拉出來。如果速度不夠快的話，就連我自己也會被吞噬的。"
    },
    {
      "id": 39,
      "content": "在我理解她所說的話之前，浮士德就已經朝著希斯克利夫消失的方向跑去。"
    },
    {
      "id": 40,
      "model": "단테",
      "content": "<啊…該死！一，一起走啊！>"
    },
    {
      "id": 41,
      "content": "我們跨過了那條線，並沿著走廊不斷深入，很快就來到了一處三岔路口。"
    },
    {
      "id": 42,
      "model": "단테",
      "content": "<好像從中間方向傳來了悲鳴……>"
    },
    {
      "id": 43,
      "content": "但是，沒有絲毫的猶豫，浮士德牽著我的手衝進了左邊的走廊。"
    },
    {
      "id": 44,
      "model": "단테",
      "content": "<浮，浮士德！我知道很急……但不該是這條路嗎？剛才是在中間這條路上聽到了希斯克利夫的聲音……>"
    },
    {
      "id": 45,
      "model": "파우스트",
      "content": "我知道。"
    },
    {
      "id": 46,
      "content": "也不知道她知道了什麼，浮士德只是默默地奔跑著。"
    },
    {
      "id": 47,
      "content": "在下一個岔路口，浮士德選擇了右邊。"
    },
    {
      "id": 48,
      "content": "緊接著，她便進入了那條走廊左側的第五道門。"
    },
    {
      "id": 49,
      "model": "단테",
      "content": "<這是……什麼啊?>"
    },
{
      "id": 50,
      "content": "就在我進去的時候，另一條走廊映入眼簾。"
    },
    {
      "id": 51,
      "content": "它的盡頭……如同一座懸崖。"
    },
    {
      "id": 52,
      "content": "更準確地說，我能感受到某種引力，正嘗試將我們拖入走廊盡頭的深淵。"
    },
    {
      "id": 53,
      "model": "단테",
      "content": "<希斯克利夫！！>"
    },
    {
      "id": 54,
      "content": "然後我看到了他，他在走廊中央用盡全力向我們爬來。"
    },
    {
      "id": 55,
      "content": "就好像他鬆手的那一刻就會墜落下去……"
    },
    {
      "id": 56,
      "model": "히스클리프",
      "content": "什麼……這都他媽什麼東西……還有這個地方……！"
    },
    {
      "id": 57,
      "content": "儘管看不見任何東西，但是我感覺到希斯克利夫身後的黑暗中分明有什麼東西存在。"
    },
    {
      "id": 58,
      "model": "단테",
      "content": "<浮士德，那後面的是……>"
    },
    {
      "id": 59,
      "model": "파우스트",
      "content": "但丁，請緊緊握住這扇門的把手。也請您緊緊抓住我的手。"
    },
    {
      "id": 60,
      "content": "緊緊地抓著我的手，她慢慢靠近了希斯克利夫。"
    },
    {
      "id": 61,
      "model": "단테",
      "content": "<這走廊……是沒有傾斜的，沒錯吧？到底為什麼會有一種被掛在懸崖上的感覺啊？>"
    },
    {
      "id": 62,
      "model": "파우스트",
      "content": "那……顯然是因為我們在“長廊”裡。但丁，不要鬆手。"
    },
    {
      "id": 63,
      "content": "浮士德如此回答道，並用另一隻手抽出了雙手劍。"
    },
    {
      "id": 64,
      "model": "파우스트",
      "content": "希斯克利夫，請抓住這個。"
    },
    {
      "id": 65,
      "model": "히스클리프",
      "content": "你瘋了嗎？！要我抓上去的話，我的手會被那把大劍給割斷的！"
    },
    {
      "id": 66,
      "model": "파우스트",
      "content": "……比起你將在那下面遭受的痛苦，你會更喜歡手掌上的深傷口的。"
    },
    {
      "id": 67,
      "content": "在錯愕之中，希斯克利夫看了看那把劍，接著又看了看他身後的黑暗……"
    },
    {
      "id": 68,
      "model": "히스클리프",
      "content": "媽的……咳，咕啊啊……！"
    },
    {
      "id": 69,
      "model": "파우스트",
      "content": "但丁，請您全力拖拽。"
    },
    {
      "id": 70,
      "model": "단테",
      "content": "<……好，好的！>"
    },
    {
      "id": 71,
      "model": "히스클리프",
      "content": "呃呃，咳呃呃……"
    },
    {
      "id": 72,
      "model": "단테",
      "content": "<哈，哈啊……>"
    },
    {
      "id": 73,
      "content": "就在我們把希斯克利夫拉上來的時候……"
    },
    {
      "id": 74,
      "content": "不，我不確定我們把他“拉上來”的說法是否準確，但儘管如此……浮士德提起他的雙腿，抬著他已失去知覺的身體跑了起來，她說我們需要通過我們來時的路回去。"
    },
    {
      "id": 75,
      "content": "我也配合著她。由她領路，我支著希斯克利夫的胳膊跟在後面，防止他的頭被拖在地板上。"
    },
    {
      "id": 76,
      "content": "過了一會兒……"
    },
    {
      "id": 77,
      "model": "파우스트",
      "content": "……呼。他在更深處迷失方向之前就變成了這樣，應該說是不幸中的萬幸。"
    },
    {
      "id": 78,
      "model": "파우스트",
      "content": "但丁，得請您轉動時鐘了。"
    },
    {
      "id": 79,
      "model": "단테",
      "content": "<希斯克利夫……他沒事吧？>"
    },
    {
      "id": 80,
      "model": "파우스트",
      "content": "應該會有很嚴重的精神損傷。就這樣瘋掉的話會對業務造成較大阻礙。"
    },
    {
      "id": 81,
      "model": "단테",
      "content": "<哈……>"
    },
    {
      "id": 82,
      "content": "我別無選擇。"
    },
    {
      "id": 83,
      "content": "　"
    },
    {
      "id": 84,
      "model": "파우스트",
      "content": "辛苦了，但丁。我為因此縮短那本不充裕的休息時間而感到可惜……"
    },
    {
      "id": 85,
      "model": "단테",
      "content": "<浮士德。那裡面到底有什麼？又通向哪裡？>"
    },
    {
      "id": 86,
      "model": "단테",
      "content": "<現在總該告訴我了吧？畢竟都……見到了那種東西。>"
    },
    {
      "id": 87,
      "content": "這是理所當然的疑問。到底是什麼東西在那裡面，希斯克利夫又是被什麼東西所追逐。"
    },
    {
      "id": 88,
      "content": "還有……"
    },
    {
      "id": 89,
      "content": "為什麼那東西既沒有向我們露出真面目，也沒有追到希斯克利夫就直接消失了。"
    },
    {
      "id": 90,
      "content": "雖然我好奇到快要瘋了……"
    },
    {
      "id": 91,
      "model": "파우스트",
      "content": "……"
    },
    {
      "id": 92,
      "model": "파우스트",
      "content": "就如我一開始所說，浮士德所能說的事情是有所限制的。"
    },
    {
      "id": 93,
      "content": "……沒錯，說實話我並沒有期待什麼。"
    },
    {
      "id": 94,
      "model": "료슈",
      "content": "長廊，懂·自·懂。"
    },
    {
      "id": 95,
      "content": "良秀嘴裡叼著一支香菸，從我與浮士德兩人之間走過。她一定是在我們執行救援任務時離開房間的。"
    },
    {
      "id": 96,
      "model": "파우스트",
      "content": "但是。"
    },
    {
      "id": 97,
      "content": "浮士德就像剛剛無人經過也無事發生一般繼續說道。"
    },
    {
      "id": 98,
      "model": "단테",
      "content": "<啊？>"
    },
    {
      "id": 99,
      "model": "파우스트",
      "content": "鑑於您成功阻止了將會導致巴士部門產生空位的突發情況。"
    },
    {
      "id": 100,
      "model": "파우스트",
      "content": "雖然……說不上是獎勵，但我覺得為了今後的事情著想，告訴您一兩件事倒也不壞。"
    },
    {
      "id": 101,
      "model": "단테",
      "content": "<哦哦……可，可以！>"
    },
    {
      "id": 102,
      "content": "意料之外的進展讓我不禁搓起手來。好了，這下她會說些什麼……"
    },
    {
      "id": 103,
      "model": "파우스트",
      "content": "……但丁，在尋覓一條未曾踏足過的路時，您會怎麼做呢？"
    },
    {
      "id": 104,
      "model": "단테",
      "content": "<嗯？那當然是……翻開地圖找路吧？>"
    },
    {
      "id": 105,
      "model": "파우스트",
      "content": "是的。以及就算沒有地圖，您的腦中也會產生類似於地圖的表象。"
    },
{
      "id": 106,
      "model": "파우스트",
      "content": "如此一來，地圖之中……就會存在確切的起點與終點。在返回時，您就會摸索著這些進行返程。"
    },
    {
      "id": 107,
      "content": "這是無需回答的理所當然之事。我只點了點頭。"
    },
    {
      "id": 108,
      "model": "파우스트",
      "content": "……希望這樣的回答能讓事情變得足夠明了。"
    },
    {
      "id": 109,
      "model": "단테",
      "content": "<嗯?>"
    },
    {
      "id": 110,
      "model": "파우스트",
      "content": "因此，尤其是當你打開一扇門的時候，你應當牢記你在走廊中的起始位置。"
    },
    {
      "id": 111,
      "content": "突然結束的解釋讓我目瞪口呆，我突然想要說些什麼。"
    },
    {
      "id": 112,
      "model": "파우스트",
      "content": "現在，浮士德已經累了。那就此告辭……"
    },
    {
      "id": 113,
      "content": "但我還沒來得及說出嘴邊的話，她就走進門內，只給我剩下一個謎團。"
    },
    {
      "id": 114,
      "model": "단테",
      "content": "<就知道會這樣……>"
    },
    {
      "id": 115,
      "content": "我沮喪地嘆了口氣，但那可悲的時針卻無法捲起一點微風。"
    },
    {
      "id": 116,
      "content": "一如既往，我還是無能為力……"
    },
    {
      "id": 117,
      "content": "我所能做的就是啟動這個電子筆記本，把我收集的這些信息碎片拼湊記錄起來。"
    }
  ]
}