{
  "dataList": [
    {
      "id": 0,
      "place": "銀鳳炸雞酒吧 廚房",
      "content": "良秀與格里高爾之間翻騰著殺氣。"
    },
    {
      "id": 1,
      "content": "不是……殺氣難道也是做料理的一部分嗎……？"
    },
    {
      "id": 2,
      "model": "료슈",
      "content": "你要拿出哪種食譜？反正也不就是類似於罐頭料理的東西？"
    },
    {
      "id": 3,
      "model": "그레고르",
      "content": "可沒有能贏過生存料理的食譜哦。"
    },
    {
      "id": 4,
      "model": "료슈",
      "content": "喂，黃毛！把雞拿過來。"
    },
    {
      "id": 5,
      "model": "싱클레어",
      "content": "什麼？好的……！"
    },
    {
      "id": 6,
      "model": "그레고르",
      "content": "李箱先生！不好意思，能請你幫我把這個罐頭打開嗎？"
    },
    {
      "id": 7,
      "model": "이상",
      "content": "如你所願。"
    },
    {
      "id": 8,
      "content": "廚房裡的烹調畫面與聲響簡直有模有樣。"
    },
    {
      "id": 9,
      "content": "我聽到刀切在砧板上發出的聲音，湯汁沸騰的聲音……"
    },
    {
      "id": 10,
      "content": "……以及點菸的聲音。"
    },
    {
      "id": 11,
      "model": "단테",
      "content": "<……欸？為什麼會有點菸的聲音！？>"
    },
    {
      "id": 12,
      "model": "그렉료슈",
      "teller": "格里高爾&良秀",
      "title": "廚師",
      "content": "……"
    },
    {
      "id": 13,
      "content": "兩人一言不發。"
    },
    {
      "id": 14,
      "content": "以及，不出意外，只有格里高爾這邊傳來了掐滅菸頭的聲音。"
    }
  ]
}