{
  "dataList": [
    {
      "id": 0,
      "place": "銀鳳炸雞酒吧",
      "model": "단테",
      "content": "<要想解決扭曲現象該怎麼做？>"
    },
    {
      "id": 1,
      "model": "파우스트",
      "content": "這很簡單。"
    },
    {
      "id": 2,
      "content": "浮士德好像有著用“這很簡單”來開始說明的習慣。"
    },
    {
      "id": 3,
      "model": "파우스트",
      "content": "只要打開扭曲的心結就可以。"
    },
    {
      "id": 4,
      "model": "파우스트",
      "content": "得讓它解除警戒並展露內心才行。"
    },
    {
      "id": 5,
      "model": "료슈",
      "content": "原來如此。是要取出肩胛骨？還是胸骨？"
    },
    {
      "id": 6,
      "model": "파우스트",
      "content": "嗯，“直接”展露內心的方法……倒也是一種有趣的方式。"
    },
    {
      "id": 7,
      "model": "단테",
      "content": "<首，首先……還是應該先去“銀鳳炸雞”附近了解下情況比較好。>"
    },
    {
      "id": 8,
      "model": "싱클레어",
      "content": "呃呃…生雞們在四處亂轉。這對衛生環境可不好……"
    },
    {
      "id": 9,
      "model": "단테",
      "content": "<好像跟剛才黏在人們頭上的東西長得一模一樣。>"
    },
    {
      "id": 10,
      "model": "단테",
      "content": "<雖然還不知道它們到底是什麼，但還是不要貿然靠近……>"
    },
    {
      "id": 11,
      "content": "不過我忘記了，罪人們八成把我的話看得比路邊的鴿子叫聲還微不足道。"
    },
    {
      "id": 12,
      "model": "뒤틀린닭1",
      "teller": "生雞",
      "title": "扭曲之物",
      "content": "嘰咿咿！"
    },
    {
      "id": 13,
      "model": "히스클리프",
      "content": "所以說，只要把這些雞全收拾掉就可以在那家店終生享用炸雞，是吧？"
    },
    {
      "id": 14,
      "model": "료슈",
      "content": "可愛。全・切。"
    },
    {
      "id": 15,
      "model": "단테",
      "content": "<……>"
    },
    {
      "id": 16,
      "model": "단테",
      "content": "<答案！是全都切掉的意思！>"
    },
    {
      "id": 17,
      "model": "이스마엘",
      "content": "……呵。"
    },
    {
      "id": 18,
      "model": "료슈",
      "content": "點頭。"
    },
    {
      "id": 19,
      "content": "受到攻擊的生雞們就這樣撲面而來……"
    },
    {
      "id": 20,
      "model": "싱클레어",
      "content": "希斯克利夫先生？！？！"
    },
    {
      "id": 21,
      "content": "希斯克利夫的頭就這樣被吞掉了。"
    },
    {
      "id": 22,
      "model": "히스클리프요리사",
      "teller": "希斯克利夫？",
      "title": "扭曲之物?",
      "content": "……"
    },
    {
      "id": 23,
      "model": "단테",
      "content": "<……希斯克利夫？！！>"
    },
    {
      "id": 24,
      "model": "히스클리프요리사",
      "teller": "希斯克利夫?",
      "title": "扭曲之物?",
      "content": "……"
    },
    {
      "id": 25,
      "content": "帶著生雞腦袋的希斯克利夫一言不發的佇立著……"
    },
    {
      "id": 26,
      "content": "場面十分恐怖。"
    },
    {
      "id": 27,
      "model": "이스마엘",
      "content": "我覺得現在的希斯克利夫先生更好一些哦？看起來還更理性了一些。"
    },
    {
      "id": 28,
      "model": "로쟈",
      "content": "怎，怎麼辦啊但丁？快轉動時鐘啊！"
    },
    {
      "id": 29,
      "model": "단테",
      "content": "<但，但是……>"
    },
    {
      "id": 30,
      "content": "當然可以轉動時鐘。但是……"
    },
    {
      "id": 31,
      "model": "단테",
      "content": "<如果轉動時鐘之後那個雞頭轉移到我頭上該怎麼辦啊？>"
    },
    {
      "id": 32,
      "model": "료슈",
      "content": "那・那。"
    },
    {
      "id": 33,
      "model": "싱클레어",
      "content": "那就那樣嗎？！"
    },
    {
      "id": 34,
      "model": "료슈",
      "content": "鐘錶頭和雞頭還能有什麼差異，真不知道你在猶豫什麼。"
    },
    {
      "id": 35,
      "content": "好像真心關心希斯克利夫的人只有辛克萊。"
    },
    {
      "id": 36,
      "model": "싱클레어",
      "content": "希斯克利夫先生！你還好嗎？"
    },
    {
      "id": 37,
      "model": "히스클리프요리사",
      "teller": "希斯克利夫?",
      "title": "扭曲之物?",
      "content": "嘰……嘰……"
    },
    {
      "id": 38,
      "model": "로쟈",
      "content": "這樣，如果雞頭弄不下來，就這樣把他當做我們的吉祥物怎麼樣？"
    },
    {
      "id": 39,
      "model": "단테",
      "content": "<羅佳為什麼老是執著於吉祥物啊……？>"
    },
    {
      "id": 40,
      "model": "히스클리프요리사",
      "teller": "希斯克利夫?",
      "title": "扭曲之物?",
      "content": "嘰……嗷……"
    },
    {
      "id": 41,
      "model": "돈키호테",
      "content": "噢噢噢噢噢！看看這個！希斯克利夫正在和其他的雞們對話！"
    },
    {
      "id": 42,
      "model": "뒤틀린손님2",
      "teller": "雞頭人",
      "title": "扭曲之物",
      "content": "喔嘰！喔喔嘰嘰。喔咯咯咯！"
    },
    {
      "id": 43,
      "model": "히스클리프요리사",
      "teller": "希斯克利夫?",
      "title": "扭曲之物?",
      "content": "喔咯咯，咯咯咯、喔嘰……"
    },
    {
      "id": 44,
      "model": "홍루",
      "content": "呼呼，話匣子被打開了呢，希斯克利夫先生。"
    },
{
      "id": 45,
      "model": "파우스트",
      "content": "比起說是希斯克利夫先生在進行對話，倒不如說是套在他頭上的雞在借他的身體說話。"
    },
    {
      "id": 46,
      "model": "돈키호테",
      "content": "嗚嗚……吾不喜歡。吾還打算以後跟希斯克利夫先生一起扮演“燃燒夕陽的收尾人”的來著，如果戴著雞頭就算出了也只會被嘲笑的啊……"
    },
    {
      "id": 47,
      "content": "圍觀群眾在逐漸增加，我們打算把希斯克利夫強制轉移到銀鳳炸雞酒吧之中。"
    },
    {
      "id": 48,
      "place": "銀鳳炸雞酒吧",
      "model": "히스클리프요리사",
      "teller": "希斯克利夫?",
      "title": "扭曲之物?",
      "content": "嘰……嘰……"
    },
    {
      "id": 49,
      "model": "오티스",
      "content": "這個雞頭真是看不去了。看我讓你重新振作精神。"
    },
    {
      "id": 50,
      "content": "只見奧提斯單手抓住了希斯克利夫的生雞腦袋，另一隻手無情地用力抽了起來。"
    },
    {
      "id": 51,
      "content": "打耳光……"
    },
    {
      "id": 52,
      "model": "히스클리프요리사",
      "teller": "希斯克利夫?",
      "title": "扭曲之物?",
      "content": "嘰……嘰喔……"
    },
    {
      "id": 53,
      "model": "뫼르소",
      "content": "……這動靜趕得上審問敵軍俘虜了。"
    },
    {
      "id": 54,
      "model": "오티스",
      "content": "看不出要恢復神智的跡象。別無他法了。得把雞頭整個拔下來。。"
    },
    {
      "id": 55,
      "model": "로쟈",
      "content": "這樣拔蘿蔔似的真的沒問題嗎？萬一把臉皮剝下來可怎麼辦啊！"
    },
    {
      "id": 56,
      "model": "오티스",
      "content": "不用慌。就算臉皮被剝掉，有經理在這裡就沒關係。"
    },
    {
      "id": 57,
      "model": "단테",
      "content": "<不是…有關係，奧提斯，這真的有關……>"
    },
    {
      "id": 58,
      "content": "但是奧提斯開始全力拉希斯克利夫的生雞腦袋了。"
    },
    {
      "id": 59,
      "model": "히스클리프요리사",
      "teller": "希斯克利夫?",
      "title": "扭曲之物?",
      "content": "嘰咿咿嘰咿咿咿！！！"
    },
    {
      "id": 60,
      "model": "단테",
      "content": "<雖說聽到了啵的一聲…但是不會吧？嗯？>"
    },
    {
      "id": 61,
      "model": "히스클리프",
      "content": "咳、咳……嘔……"
    },
{
      "id": 62,
      "model": "오티스",
      "content": "清醒了嗎？"
    },
    {
      "id": 63,
      "model": "히스클리프",
      "content": "呃……我嘴裡為什麼會有奇怪的醬汁…"
    },
    {
      "id": 64,
      "model": "로쟈",
      "content": "希斯…你一直在嘟囔著一些奇怪的話，還和雞群認真地對話來著。記得嗎？"
    },
    {
      "id": 65,
      "model": "히스클리프",
      "content": "這、這麼看來……好像確實是有些什麼對話進到了我的腦袋裡……"
    },
    {
      "id": 66,
      "model": "히스클리프",
      "content": "說，說什麼來著……遺失了什麼食譜……"
    },
    {
      "id": 67,
      "model": "히스클리프",
      "content": "那是能讓客人們聚起來的秘方，但是丟了之後……客人們就逐漸不見踪影……"
    },
    {
      "id": 68,
      "model": "히스클리프",
      "content": "然後主人突然變得神神叨叨，開始感染我們……"
    },
    {
      "id": 69,
      "model": "이스마엘",
      "content": "噗，你剛剛是和雞群自稱“我們”了嗎？"
    },
    {
      "id": 70,
      "model": "히스클리프",
      "content": "……媽的，獵頭雞的影響還沒有……我腦袋裡亂七八糟的。"
    },
    {
      "id": 71,
      "model": "싱클레어",
      "content": "它們的名字叫獵頭雞……？"
    },
    {
      "id": 72,
      "model": "단테",
      "content": "<如果扭曲的出現是食譜的遺失所導致……>"
    },
    {
      "id": 73,
      "model": "단테",
      "content": "<是不是只要我們重現一遍那個食譜就行？>"
    },
    {
      "id": 74,
      "model": "파우스트",
      "content": "看來已經接近了正確答案。"
    },
    {
      "id": 75,
      "model": "파우스트",
      "content": "雖然對於扭曲現象的情報並不多，但是……善惡……不，當心靈支離破碎的時候就會發生扭曲。"
    },
    {
      "id": 76,
      "model": "단테",
      "content": "<總感覺是因為本想說明何為善惡但嫌麻煩才改口為心靈的……>"
    },
    {
      "id": 77,
      "model": "파우스트",
      "content": "比如說，鴻璐先生在都市的生活中，肯定會有著自認為絕對不會發生改變的信念。"
    },
    {
      "id": 78,
      "model": "파우스트",
      "content": "或者是支撐自己生活下去的希望之類的一些東西。"
    },
    {
      "id": 79,
      "model": "홍루",
      "content": "…嗯。"
    },
    {
      "id": 80,
      "model": "파우스트",
      "content": "如果那個東西在一瞬間崩塌，造成讓人放棄“自我”的巨大打擊，心靈就會破碎。"
    },
    {
      "id": 81,
      "model": "홍루",
      "content": "……啊，應該有那種可能。"
    },
    {
      "id": 82,
      "model": "히스클리프",
      "content": "風光無限的少爺在人生中遇到的最大打擊，撐死了也不過就是零花錢被搶吧？"
    },
    {
      "id": 83,
      "model": "홍루",
      "content": "不是啊，我根本就沒有領過零花錢。想花的時候就能花，沒有必要非得去領嘛。"
    },
    {
      "id": 84,
      "model": "로쟈",
      "content": "啊？那到底是什麼？"
    },
    {
      "id": 85,
      "model": "홍루",
      "content": "嗯……我覺得自己是知道的，但是一時半會兒想不起來。"
    },
    {
      "id": 86,
      "model": "파우스트",
      "content": "所以，整理下來的話……"
    },
    {
      "id": 87,
      "model": "파우스트",
      "content": "扭曲現象，是由於只有當事人才知曉的不明原因的心理打擊才會發生的現象。"
    },
    {
      "id": 88,
      "model": "파우스트",
      "content": "也可以說是壘起堅固心靈壁壘的狀態。"
    },
    {
      "id": 89,
      "model": "파우스트",
      "content": "要通過扭曲所期望的方式推倒這面牆。"
    },
    {
      "id": 90,
      "model": "그레고르",
      "content": "就此而言，這扭曲所期望的方式……"
    },
    {
      "id": 91,
      "model": "그레고르",
      "content": "……就是“雞料理”，沒錯。"
    },
    {
      "id": 92,
      "content": "格里高爾露出自信滿滿的神色，向前邁出一步，說道。"
    },
    {
      "id": 93,
      "model": "그레고르",
      "content": "我曾在戰場上多次收集剩下的食物給戰友們做罐頭料理。"
    },
    {
      "id": 94,
      "model": "그레고르",
      "content": "那些遭受創傷的軍人們也全都流著感動的淚水一起吃著那些食物。"
    },
    {
      "id": 95,
      "model": "료슈",
      "content": "哼。"
    },
    {
      "id": 96,
      "model": "그레고르",
      "content": "……剛剛是誰在嗤笑來著……我沒有聽錯吧？"
    },
    {
      "id": 97,
      "model": "료슈",
      "content": "可笑。區區毛・蟲怎敢談論料理？你這傢伙，還不如用那鉗子烤漢堡肉更好一些。"
    },
    {
      "id": 98,
      "model": "홍루",
      "content": "哇~格里高爾先生要是開店的話就要成為鉗老闆了！"
    },
    {
      "id": 99,
      "model": "그레고르",
      "content": "……良秀，剛剛那是毛頭蟲子的意思吧？但是被叫做鉗老闆還挺不錯的……嗯？腦袋突然……"
    },
    {
      "id": 100,
      "model": "료슈",
      "content": "所謂料理，就要遵從舌與刀的指示。"
    },
    {
      "id": 101,
      "model": "료슈",
      "content": "在戰場上胡亂搞來吃的食物，能有著被稱為真正的料理的價值嗎？"
    },
    {
      "id": 102,
      "model": "로쟈",
      "content": "哦~剛剛有名台詞出現！"
    },
    {
      "id": 103,
      "model": "싱클레어",
      "content": "甚至良秀小姐都沒有縮略著說！"
    },
{
      "id": 104,
      "model": "그레고르",
      "content": "咳，雖然這話很有道理，但從那個人嘴裡說出來聽著還是很不爽……"
    },
    {
      "id": 105,
      "model": "그레고르",
      "content": "不對，但是你有做過料理的經驗嗎，良秀？"
    },
    {
      "id": 106,
      "model": "료슈",
      "content": "當然。我做過你這沒用的傢伙想都不敢想的境界的料理。"
    },
    {
      "id": 107,
      "model": "그레고르",
      "content": "真是讓人越來越火大……"
    },
    {
      "id": 108,
      "model": "로쟈",
      "content": "這樣的話……我站良秀這邊！"
    },
    {
      "id": 109,
      "model": "그레고르",
      "content": "為什麼突然要分隊？"
    },
    {
      "id": 110,
      "model": "로쟈",
      "content": "啊哈哈，這不是很有趣嗎~"
    },
    {
      "id": 111,
      "model": "그레고르",
      "content": "那麼你如此自然的站在良秀那邊的理由是？"
    },
    {
      "id": 112,
      "model": "로쟈",
      "content": "格雷格，我們最近走得太近了。今天就稍微製造些隔閡吧。"
    },
    {
      "id": 113,
      "content": "清醒過來的希斯克利夫靠走到格里高爾身邊，開口說道。"
    },
    {
      "id": 114,
      "model": "히스클리프",
      "content": "所以只要把這傢伙幹得稀碎就算贏，是這樣吧？"
    },
    {
      "id": 115,
      "model": "그레고르",
      "content": "不對不對，不是說要幹碎……"
    },
    {
      "id": 116,
      "model": "오티스",
      "content": "難道說你給手下們吃了罐頭？真是軍人之恥。作為參考我是速食食品派。"
    },
    {
      "id": 117,
      "model": "그레고르",
      "content": "明明只是口味不同而已啊！"
    },
    {
      "id": 118,
      "model": "이스마엘",
      "content": "真是幼稚。當真想要為了這種事情分幫結派嗎？"
    },
    {
      "id": 119,
      "model": "로쟈",
      "content": "所以所以？以實是哪邊的？如果說非要在格雷格或良秀之中選一名作為罪人們的飲食擔當員的話……？"
    },
    {
      "id": 120,
      "model": "그레고르",
      "content": "別耍花招啊。以實瑪利的想法一開始就跟我很合得來。"
    },
    {
      "id": 121,
      "content": "但是與格里高爾所確信的相反，以實瑪利表情尷尬，且猶豫不決。"
    },
    {
      "id": 122,
      "model": "그레고르",
      "content": "以，以實瑪利……？"
    },
    {
      "id": 123,
      "model": "이스마엘",
      "content": "格里高爾先生的罐頭料理……我已經在船上吃膩了……"
    },
    {
      "id": 124,
      "model": "그레고르",
      "content": "為什麼不看著我的眼睛，以實瑪利？嗯？"
    },
    {
      "id": 125,
      "content": "以實瑪利十分緩慢地向後走去，站在了良秀身邊。"
    },
    {
      "id": 126,
      "content": "她仍然沒能回應格里高爾的目光。"
    },
    {
      "id": 127,
      "model": "그레고르",
      "content": "……"
    },
    {
      "id": 128,
      "model": "료슈",
      "content": "呼。"
    },
    {
      "id": 129,
      "content": "雖然本來就不怎麼堅固……但我能感覺到這是兩人之間那一點點信任的紐帶慘遭破壞的瞬間。"
    },
    {
      "id": 130,
      "content": "堂吉訶德不知何時已經貼在了格里高爾身後，她的面色十分陰沉。"
    },
    {
      "id": 131,
      "model": "돈키호테",
      "content": "說，說起來之前在巴士上吃雞肉串的時候……吾，就看到了……她做了什麼……"
    },
    {
      "id": 132,
      "model": "그레고르",
      "content": "她對雞肉串做了什麼？"
    },
{
      "id": 133,
      "model": "돈키호테",
      "content": "那，那種行徑……根本，就不可言狀……"
    },
    {
      "id": 134,
      "model": "료슈",
      "content": "啊，你看到了那個？呵呵，那是獨屬於我的能夠激發雞肉串終極美味的秘法…"
    },
    {
      "id": 135,
      "content": "堂吉訶德渾身都在發抖。"
    },
    {
      "id": 136,
      "content": "緊接著鴻璐兩眼放光地跑到了格里高爾身邊。"
    },
    {
      "id": 137,
      "model": "홍루",
      "content": "呼呼，人生在世偶爾也該吃一遍寵物們的飼料一樣的食物，不是嗎？我會為格里高爾先生加油的！"
    },
    {
      "id": 138,
      "model": "그레고르",
      "content": "好，好啊。真是謝謝你啊，鴻璐……"
    },
    {
      "id": 139,
      "content": "鴻璐和顏悅色地站到了格里高爾身後。"
    },
    {
      "id": 140,
      "model": "그레고르",
      "content": "浮士德！你總該可以做出比任何人都合理的選擇吧？"
    },
    {
      "id": 141,
      "model": "파우스트",
      "content": "或許吧，浮士德……也樂於進行各種冒險。"
    },
    {
      "id": 142,
      "content": "浮士德說著些意味深長的話語站到了良秀的身後。"
    },
    {
      "id": 143,
      "model": "싱클레어",
      "content": "我無法理解……為什麼要在我們之間分派別？"
    },
    {
      "id": 144,
      "model": "료슈",
      "content": "喂，現・輕・話・晚。要麼選一條生路要麼就滾蛋。"
    },
    {
      "id": 145,
      "model": "싱클레어",
      "content": "現，現在說這些輕鬆話已經晚了嗎……！那，那麼……"
    },
    {
      "id": 146,
      "model": "단테",
      "content": "<辛克萊……到如今不已經是良秀的靈魂伴侶了嗎？>"
    },
    {
      "id": 147,
      "content": "良秀毫不留情的一句話便讓辛克萊躊躇著站在了良秀的身後。"
    },
    {
      "id": 148,
      "model": "그레고르",
      "content": "哪有用威脅的方式帶走人的？這是犯規啊！"
    },
    {
      "id": 149,
      "model": "이상",
      "content": "……"
    },
    {
      "id": 150,
      "model": "이상",
      "content": "我不做選擇，但憑差遣。"
    },
    {
      "id": 151,
      "model": "료슈",
      "content": "這個不需要。拿去吧。"
    },
    {
      "id": 152,
      "model": "이상",
      "content": "……"
    },
    {
      "id": 153,
      "content": "李箱原地不動，被自動分配到了格里高爾的隊伍之中。"
    },
    {
      "id": 154,
      "content": "最後默爾索靜靜地站到了格里高爾身後。"
    },
    {
      "id": 155,
      "model": "그레고르",
      "content": "默，默爾索……"
    },
    {
      "id": 156,
      "model": "그레고르",
      "content": "我真心被感動到了。儘管我們平時並沒有太多交情，但還是這樣過來支持我……"
    },
    {
      "id": 157,
      "model": "뫼르소",
      "content": "我只是認為前往人數較少的一方有助於正確的均衡。"
    },
    {
      "id": 158,
      "content": "說不定有人會說，在那一瞬間，自己目睹了積聚在格里高爾眼中的淚水。"
    },
    {
      "id": 159,
      "content": "由於找不到適當的地方做菜，我們來到了銀鳳炸雞酒吧的廚房。"
    },
{
      "id": 160,
      "content": "儘管由於雞群的肆虐與長時間的閒置使得廚房一團糟，"
    },
    {
      "id": 161,
      "content": "良秀和格里高爾一腳踢開地上的鍋碗瓢盆，在廚房中就位了。"
    },
    {
      "id": 162,
      "model": "단테",
      "content": "<等下，在別人的餐廳裡這麼做也沒關係嗎？>"
    },
    {
      "id": 163,
      "model": "료슈",
      "content": "區區遲・要・完・餐，管他作甚。"
    },
    {
      "id": 164,
      "model": "싱클레어",
      "content": "遲早要完蛋的餐廳嗎？！"
    },
    {
      "id": 165,
      "model": "그레고르",
      "content": "沒錯。我們的目標不說是要解決扭曲嗎？"
    },
    {
      "id": 166,
      "model": "뒤틀린닭1",
      "teller": "生雞",
      "title": "扭曲之物",
      "content": "咕咕咕咕！！！"
    },
    {
      "id": 167,
      "content": "雖然由於突如其來的入侵者們，憤怒的雞群正威脅性的扇動著翅膀……"
    },
    {
      "id": 168,
      "model": "그렉료슈",
      "teller": "格里高爾&良秀",
      "title": "罪人們",
      "content": "膽敢妨礙我的就都斬（捅）掉！"
    },
    {
      "id": 169,
      "model": "단테",
      "content": "<這倆人反而是現在看起來更合得來……>"
    }
  ]
}