{
  "dataList": [
    {
      "id": 0,
      "model": "파우스트",
      "content": "……但丁？"
    },
    {
      "id": 1,
      "content": "梅菲斯托費勒斯並不是一天到晚都在運行。卡戎是人，梅菲斯特也只是引擎。也就是說每個人都需要休息。"
    },
    {
      "id": 2,
      "model": "단테",
      "content": "<還沒睡嗎，浮士德？>"
    },
    {
      "id": 3,
      "model": "파우스트",
      "content": "還有幾件事需要檢查。引擎在運行中遭到了粗暴的對待，因此需要在休息時善加維護。"
    },
    {
      "id": 4,
      "content": "正如她所說，浮士德並沒有像往常一樣拿著她的雙手劍，取而代之的是一些輕型工具和一個小型機械裝置。"
    },
    {
      "id": 5,
      "model": "단테",
      "content": "<辛苦了。>"
    },
    {
      "id": 6,
      "model": "파우스트",
      "content": "這種程度不算辛苦。相反，看著浮士德的鉅作被如此濫用而久疏維護，這才更加痛苦。"
    },
    {
      "id": 7,
      "content": "浮士德微微一笑……"
    },
    {
      "id": 8,
      "model": "파우스트",
      "content": "您最喜歡這部分的更新嗎？"
    },
    {
      "id": 9,
      "content": "當我坐在那裡擺弄設備時，浮士德低頭看向了我。"
    },
    {
      "id": 10,
      "model": "단테",
      "content": "<啊……這個？>"
    },
    {
      "id": 11,
      "model": "파우스트",
      "content": "是的，平時好像沒見你這麼頻繁擺弄過什麼東西。"
    },
    {
      "id": 12,
      "model": "단테",
      "content": "<沒什麼特別的……就是多了個必要功能。>"
    },
    {
      "id": 13,
      "content": "每當浮士德為了例行維護而要求休息時，我手中的“LCB-PDA”也會收到定期更新。"
    },
    {
      "id": 14,
      "content": "更新偶爾會追加額外的功能，這次是……"
    },
    {
      "id": 15,
      "model": "파우스트",
      "content": "……筆記？這個設備到現在才有這個功能？"
    },
    {
      "id": 16,
      "model": "단테",
      "content": "<是啊，是挺讓人驚訝的。>"
    },
    {
      "id": 17,
      "model": "단테",
      "content": "<……你不知道嗎？我還以為你無所不知呢，浮士德。>"
    },
    {
      "id": 18,
      "model": "파우스트",
      "content": "浮士德只知曉浮士德所知的一切。"
    },
    {
      "id": 19,
      "model": "파우스트",
      "content": "不好意思，稍等一下。"
    },
    {
      "id": 20,
      "content": "浮士德悄悄地看向了我的屏幕。"
    },
    {
      "id": 21,
      "model": "파우스트",
      "content": "但丁，你是想寫一部百科全書嗎？"
    },
    {
      "id": 22,
      "model": "단테",
      "content": "<我在想……你們一直都在用些我不知道的詞，像是“收尾人”、“翼”之類的……>"
    },
    {
      "id": 23,
      "model": "단테",
      "content": "<可能按照你們的標準，這些都是日常用語，但是……>"
    },
    {
      "id": 24,
      "model": "파우스트",
      "content": "我理解。我想你已經失去了對都市的所有記憶。"
    },
    {
      "id": 25,
      "model": "단테",
      "content": "<對，所以我想把能記錄的都記錄下來。>"
    },
    {
      "id": 26,
      "model": "단테",
      "content": "<順便把之前寫在紙面上的也一點點寫進去……>"
    },
    {
      "id": 27,
      "content": "我脖子上的這個鐘隨時可能被換成一個別的什麼頭。如果真是那樣，我現在的這些記憶可不一定能保留下來。"
    },
    {
      "id": 28,
      "content": "因此，必須要有適當的備份。"
    },
    {
      "id": 29,
      "content": "這樣，我就不會再度遺忘了。"
    }
  ]
}