{
  "dataList": [
    {
      "id": 0,
      "place": "銀鳳炸雞酒吧",
      "model": "은봉치킨",
      "teller": "銀鳳炸雞酒吧 店長",
      "title": "銀鳳炸雞酒吧",
      "content": "……經營這家餐廳期間，我忘記了一些重要的事情……"
    },
    {
      "id": 1,
      "model": "은봉치킨",
      "teller": "銀鳳炸雞酒吧 店長",
      "title": "銀鳳炸雞酒吧",
      "content": "是啊，我想做的雞肉……"
    },
    {
      "id": 2,
      "model": "은봉치킨",
      "teller": "銀鳳炸雞酒吧 店長",
      "title": "銀鳳炸雞酒吧",
      "content": "是連我的媽媽也能夠覺得吃得享受且美味的雞肉。"
    },
    {
      "id": 3,
      "model": "은봉치킨",
      "teller": "銀鳳炸雞酒吧 店長",
      "title": "銀鳳炸雞酒吧",
      "content": "這是為了取悅她極其挑剔的味蕾……"
    },
    {
      "id": 4,
      "model": "은봉치킨",
      "teller": "銀鳳炸雞酒吧 店長",
      "title": "銀鳳炸雞酒吧",
      "content": "……"
    },
    {
      "id": 5,
      "model": "은봉치킨",
      "teller": "銀鳳炸雞酒吧 店長",
      "title": "銀鳳炸雞酒吧",
      "content": "不……"
    },
    {
      "id": 6,
      "model": "은봉치킨",
      "teller": "銀鳳炸雞酒吧 店長",
      "title": "銀鳳炸雞酒吧",
      "content": "我一直都知道。"
    },
    {
      "id": 7,
      "model": "은봉치킨",
      "teller": "銀鳳炸雞酒吧 店長",
      "title": "銀鳳炸雞酒吧",
      "content": "我媽媽不吃雞肉的真正原因是……"
    },
    {
      "id": 8,
      "model": "은봉치킨",
      "teller": "銀鳳炸雞酒吧 店長",
      "title": "銀鳳炸雞酒吧",
      "content": "因為我們沒錢養家糊口……"
    },
    {
      "id": 9,
      "model": "은봉치킨",
      "teller": "銀鳳炸雞酒吧 店長",
      "title": "銀鳳炸雞酒吧",
      "content": "這就是為什麼……我們家總是存著一堆代金券……十張即可兌換一隻免費雞的代金券……"
    },
    {
      "id": 10,
      "model": "은봉치킨",
      "teller": "銀鳳炸雞酒吧 店長",
      "title": "銀鳳炸雞酒吧",
      "content": "我媽媽為了我一直在收集它們……"
    },
    {
      "id": 11,
      "model": "은봉치킨",
      "teller": "銀鳳炸雞酒吧 店長",
      "title": "銀鳳炸雞酒吧",
      "content": "換來一隻只自己不吃卻給我吃的雞……"
    },
    {
      "id": 12,
      "model": "은봉치킨",
      "teller": "銀鳳炸雞酒吧 店長",
      "title": "銀鳳炸雞酒吧",
      "content": "……"
    },
    {
      "id": 13,
      "model": "은봉치킨",
      "teller": "銀鳳炸雞酒吧 店長",
      "title": "銀鳳炸雞酒吧",
      "content": "嗯？"
    },
    {
      "id": 14,
      "model": "은봉치킨",
      "teller": "銀鳳炸雞酒吧 店長",
      "title": "銀鳳炸雞酒吧",
      "content": "啊。"
    },
    {
      "id": 15,
      "model": "은봉치킨",
      "teller": "銀鳳炸雞酒吧 店長",
      "title": "銀鳳炸雞酒吧",
      "content": "這些是披薩代金券。"
    },
    {
      "id": 16,
      "teller": "店長媽媽",
      "title": "銀鳳炸雞酒吧",
      "content": "你看，兒子……"
    },
    {
      "id": 17,
      "teller": "店長媽媽",
      "title": "銀鳳炸雞酒吧",
      "content": "媽媽更喜歡披薩……"
    },
    {
      "id": 18,
      "model": "은봉치킨",
      "teller": "銀鳳炸雞酒吧 店長",
      "title": "銀鳳炸雞酒吧",
      "content": "啊……我的頭……"
    },
    {
      "id": 19,
      "model": "단테",
      "content": "<他變回正常樣子了。>"
    },
    {
      "id": 20,
      "model": "오티스",
      "content": "這是個明智的計劃。胡蘿蔔加大棒。這是在軍事行動中經常使用的一種有效戰術。"
    },
{
      "id": 21,
      "model": "이스마엘",
      "content": "那……是個計劃？我看不出那跟你平時進行的先下手為強的人身攻擊有什麼不同……"
    },
    {
      "id": 22,
      "model": "오티스",
      "content": "手法很巧妙，這個菜——呃不，年輕人能夠意識到暗示。幹得好。"
    },
    {
      "id": 23,
      "model": "싱클레어",
      "content": "謝，謝謝你，奧提斯隊長！"
    },
    {
      "id": 24,
      "model": "단테",
      "content": "<你剛才是想說“菜鳥”，是不？>"
    },
    {
      "id": 25,
      "model": "은봉치킨",
      "teller": "銀鳳炸雞酒吧 店長",
      "title": "銀鳳炸雞酒吧",
      "content": "我對您感激不盡。我想我已經準備好重新開始了。"
    },
    {
      "id": 26,
      "model": "은봉치킨",
      "teller": "銀鳳炸雞酒吧 店長",
      "title": "銀鳳炸雞酒吧",
      "content": "我並不需要什麼食譜……只要我能記得，我是為了那些關心我的人下廚……即使它的形狀……像披薩一樣……我的顧客仍然會感謝這些發自內心的服務。"
    },
    {
      "id": 27,
      "model": "히스클리프",
      "content": "喂，你的競爭對手答應我們人手一張炸雞終生免費券，你能給我們點什麼？"
    },
    {
      "id": 28,
      "model": "로쟈",
      "content": "我還以為我現在可以享用各種不同風味的雞腿了……"
    },
    {
      "id": 29,
      "model": "은봉치킨",
      "teller": "銀鳳炸雞酒吧 店長",
      "title": "銀鳳炸雞酒吧",
      "content": "……"
    },
    {
      "id": 30,
      "model": "은봉치킨",
      "teller": "銀鳳炸雞酒吧 店長",
      "title": "銀鳳炸雞酒吧",
      "content": "雖然這算不上什麼，但還請收下這個……"
    },
    {
      "id": 31,
      "content": "銀鳳炸雞酒吧的店長給了我們一個包裝好的盒子。"
    },
    {
      "id": 32,
      "model": "은봉치킨",
      "teller": "銀鳳炸雞酒吧 店長",
      "title": "銀鳳炸雞酒吧",
      "content": "這可是無價之寶，世上再也找不出第二個來了……"
    },
    {
      "id": 33,
      "model": "돈키호테",
      "content": "我們真的能收下這麼珍貴的東西嗎？"
    },
    {
      "id": 34,
      "model": "은봉치킨",
      "teller": "銀鳳炸雞酒吧 店長",
      "title": "銀鳳炸雞酒吧",
      "content": "沒有您的幫助，我也沒法讓我的餐廳重新開張……所以還請把它當作我的謝禮。"
    },
    {
      "id": 35,
      "place": "梅菲斯托費勒斯 內部",
      "model": "돈키호테",
      "content": "……因此我們解決了扭曲，為自己贏得了這份戰利品！"
    },
    {
      "id": 36,
      "model": "베르길리우스",
      "content": "……"
    },
    {
      "id": 37,
      "model": "돈키호테",
      "content": "請講，請講！也許您已經被我們的光榮事蹟驚訝到說不出話來了？"
    },
    {
      "id": 38,
      "model": "베르길리우스",
      "content": "從你說到“我們進到了銀鳳裡”開始我就沒再聽故事了。"
    },
    {
      "id": 39,
      "model": "돈키호테",
      "content": "那也就是說你完全沒在聽啊！"
    },
    {
      "id": 40,
      "model": "베르길리우스",
      "content": "當浮士德的報告能夠告訴我所有細節時，我為什麼還要聽你的連篇廢話呢？"
    },
    {
      "id": 41,
      "model": "로쟈",
      "content": "來這邊，小堂。忘了他，讓我們一起打開盒子吧，嘿嘿嘿。"
    },
    {
      "id": 42,
      "model": "로쟈",
      "content": "我想知道裡面會有什麼~"
    },
    {
      "id": 43,
      "content": "被充滿期待的罪人們包圍著，盒子的蓋子被揭開了……"
    },
    {
      "id": 44,
      "model": "은봉치킨",
      "teller": "銀鳳炸雞酒吧 店長",
      "title": "銀鳳炸雞酒吧",
      "content": "這是小鳳，我們店裡唯一的吉祥物玩偶。我製作了它並希望有一天它能夠派上用場，我很高興能把它當作感激的謝禮送給你們。^0^/"
    },
    {
      "id": 45,
      "model": "로쟈",
      "content": "這……不，不該是這樣的。也許他在玩偶的肚子裡藏了什麼東西？"
    },
    {
      "id": 46,
      "model": "단테",
      "content": "<他看起來不像是會準備那種驚喜的人……>"
    },
    {
      "id": 47,
      "model": "그레고르",
      "content": "他可能是想處理掉它，就正好塞給我們了。"
    },
    {
      "id": 48,
      "model": "히스클리프",
      "content": "讓我們把這玩意扔進那個什麼焚燒爐裡吧。"
    },
    {
      "id": 49,
      "content": "一隻手輕輕地拉住了被希斯克利夫暴怒地抓著的玩偶。"
    },
    {
      "id": 50,
      "model": "카론",
      "content": "卡戎喜歡這個乘客。"
    },
    {
      "id": 51,
      "model": "히스클리프",
      "content": "這玩意有什麼好喜歡的——"
    },
    {
      "id": 52,
      "model": "카론",
      "content": "它除了眼睛什麼都沒有。"
    },
    {
      "id": 53,
      "model": "카론",
      "content": "這點我喜歡。"
    },
    {
      "id": 54,
      "model": "베르길리우스",
      "content": "……好了，就這樣吧。留著這個玩偶吧。"
    },
{
      "id": 55,
      "model": "뫼르소",
      "content": "分析錯誤，畢竟這個玩偶還有著軀幹和四肢。"
    },
    {
      "id": 56,
      "content": "就這樣，代替炸雞終生免費券的雞玩偶也在巴士上有了其一席之地……"
    },
    {
      "id": 57,
      "model": "삼조",
      "teller": "三朝",
      "title": "K公司 糧食資源改良部門？",
      "content": "是，東朗首席。扭曲已被解決，由我親眼見證過了。"
    },
    {
      "id": 58,
      "place": "菩薩雞",
      "model": "삼조",
      "teller": "三朝",
      "title": "K公司 糧食資源改良部門？",
      "content": "他們雖然一開始看起來不是很可靠，是的……但我認為與他們進行接觸交流是沒問題的。是，我現在就把他們帶去。"
    },
    {
      "id": 59,
      "model": "보살치킨",
      "teller": "菩薩雞經理",
      "title": "菩薩雞",
      "content": "現……現在是什麼情況？"
    },
    {
      "id": 60,
      "model": "삼조",
      "teller": "三朝",
      "title": "K公司 糧食資源改良部門？",
      "content": "我……不喜歡缺乏主語的句子。"
    },
    {
      "id": 61,
      "model": "보살치킨",
      "teller": "菩薩雞經理",
      "title": "菩薩雞",
      "content": "一旦那家餐廳重新開張，我就會失去我的顧客們……那我就不能完成業績了，而且……"
    },
    {
      "id": 62,
      "model": "삼조",
      "teller": "三朝",
      "title": "K公司 糧食資源改良部門？",
      "content": "當你把你偷來的那份食譜扔進概念焚化爐的那一刻，你就該開始尋找繼續苟活下去的方式了。"
    },
    {
      "id": 63,
      "model": "삼조",
      "teller": "三朝",
      "title": "K公司 糧食資源改良部門？",
      "content": "你難道沒聽說過，“盜其物，應不驚其主”嗎？"
    },
    {
      "id": 64,
      "model": "보살치킨",
      "teller": "菩薩雞經理",
      "title": "菩薩雞",
      "content": "我……我什麼也不知道啊……我不……"
    },
    {
      "id": 65,
      "model": "삼조",
      "teller": "三朝",
      "title": "K公司 糧食資源改良部門？",
      "content": "你當然不知道，這是我剛編的，下次給我記牢了。"
    },
    {
      "id": 66,
      "model": "삼조",
      "teller": "三朝",
      "title": "K公司 糧食資源改良部門？",
      "content": "我會再來看你的。"
    },
    {
      "id": 67,
      "model": "삼조",
      "teller": "三朝",
      "title": "K公司 糧食資源改良部門？",
      "content": "現在我要去接待些訪客。"
    },
    {
      "id": 68,
      "content": "不久後，我們就被捲入了一場規模空前的混亂之中……"
    }
  ]
}