{
  "dataList": [
    {
      "id": 0,
      "place": "銀鳳的炸雞酒吧 廚房",
      "content": "我長久凝視著格里高爾端出的料理。"
    },
    {
      "id": 1,
      "model": "단테",
      "content": "<格里高爾，這是，呃，什麼東西？>"
    },
    {
      "id": 2,
      "model": "그레고르요리사",
      "content": "或許我應該說是……戰時求生口糧之類的？"
    },
    {
      "id": 3,
      "model": "단테",
      "content": "<他們在軍隊……真的吃這種東西嗎？>"
    },
    {
      "id": 4,
      "model": "그레고르요리사",
      "content": "經理兄，你之前不是說你失憶了嗎？你什麼時候對食物的鑑賞變得如此細膩的？"
    },
    {
      "id": 5,
      "content": "格里高爾一改往日的鎮定，用稍顯尖刻的語氣掩飾著他的緊張。"
    },
    {
      "id": 6,
      "content": "我又看向良秀端出的料理。"
    },
    {
      "id": 7,
      "content": "有一種在鑑賞前沿藝術品的錯覺。"
    },
    {
      "id": 8,
      "content": "我無法理解它的含義。"
    },
    {
      "id": 9,
      "model": "단테",
      "content": "<……>"
    },
    {
      "id": 10,
      "model": "단테",
      "content": "<良秀，你沒有把我們的目標和暗殺扭曲的店長搞混吧？>"
    },
    {
      "id": 11,
      "model": "료슈요리사",
      "content": "閉・鐘。"
    },
    {
      "id": 12,
      "model": "싱클레어",
      "content": "她的意思好像是閉嘴，鐘錶……"
    },
    {
      "id": 13,
      "content": "希斯克利夫和默爾索一起抓住了銀鳳家炸雞酒吧的店長，並把他按在了椅子上。"
    },
    {
      "id": 14,
      "content": "我們先把良秀的料理餵給他。"
    },
    {
      "id": 15,
      "model": "뒤틀린주인",
      "teller": "銀鳳家炸雞酒吧 店長",
      "title": "銀鳳家炸雞酒吧",
      "content": "咯……呃……呵……"
    },
    {
      "id": 16,
      "model": "파우스트",
      "content": "扭曲語言的解讀是一件非常困難的事。如果要研究重複模式和音調的話，我少說要花上七十個小時破譯才行。"
    },
    {
      "id": 17,
      "model": "싱클레어",
      "content": "什麼？這段時間我們不可能是一直在做炸雞吧！"
    },
    {
      "id": 18,
      "model": "단테",
      "content": "<等等……！>"
    },
    {
      "id": 19,
      "model": "단테",
      "content": "<我好像可以在腦海中直接聽到店長的聲音。>"
    },
    {
      "id": 20,
      "model": "파우스트",
      "content": "嗯，非常有趣。可能是我們所收集到的金枝與但丁的頭部產生共鳴所帶來的影響。"
    },
    {
      "id": 21,
      "content": "呃……我想我剛剛被告知了什麼不得了的事情，但店長的尖叫使我無法集中注意力……"
    },
    {
      "id": 22,
      "model": "뒤틀린주인",
      "teller": "銀鳳家炸雞酒吧 店長",
      "title": "銀鳳家炸雞酒吧",
      "content": "唔……喔……啊……"
    },
    {
      "id": 23,
      "model": "료슈요리사",
      "content": "他在說什麼？"
    },
    {
      "id": 24,
      "model": "단테",
      "content": "<“好像在我的嘴裡開了場葬禮……”>"
    },
    {
      "id": 25,
      "model": "뒤틀린주인",
      "teller": "銀鳳家炸雞酒吧 店長",
      "title": "銀鳳家炸雞酒吧",
      "content": "嘎……喔……喔……"
    },
    {
      "id": 26,
      "model": "단테",
      "content": "<他還問……“這道菜的主題是不是雞群末日”。>"
    },
    {
      "id": 27,
      "model": "료슈요리사",
      "content": "好……今天我一定要把你的鐘錶腦袋扯下來。"
    },
    {
      "id": 28,
      "model": "단테",
      "content": "<我只是個傳話的啊！>"
    },
    {
      "id": 29,
      "model": "료슈요리사",
      "content": "那你倆就一起去見閻王吧。"
    },
    {
      "id": 30,
      "model": "그레고르요리사",
      "content": "太自負了吧？良秀。有自信是一件好事，但它不能與老練的經驗相提並論。"
    },
    {
      "id": 31,
      "model": "그레고르요리사",
      "content": "那麼，輪到我了。來，把嘴張大。"
    },
    {
      "id": 32,
      "model": "뒤틀린주인",
      "teller": "銀鳳家炸雞酒吧 店長",
      "title": "銀鳳家炸雞酒吧",
      "content": "咯……喔……唔……"
    },
    {
      "id": 33,
      "model": "단테",
      "content": "<……>"
    },
    {
      "id": 34,
      "model": "그레고르요리사",
      "content": "啊，這次終於要敞開心扉了嗎？"
    },
    {
      "id": 35,
      "model": "단테",
      "content": "<他說……“這難道是從店門口的廚餘垃圾堆裡撿來的嗎”>"
    },
    {
      "id": 36,
      "model": "그레고르요리사",
      "content": "……"
    },
    {
      "id": 37,
      "model": "단테",
      "content": "<看起來你們雙方都失敗了……>"
    },
    {
      "id": 38,
      "content": "店長和扭曲的生雞們嘶吼著向我們靠近。"
    },
    {
      "id": 39,
      "content": "彷彿在宣洩那尚未表達完的憤怒……"
    }
  ]
}