{
  "dataList": [
    {
      "id": 0,
      "place": "菩薩雞前",
      "model": "그레고르",
      "content": "那麼，既然突發事件已經解決了，我們就回歸正題吧。這位不知來頭的四眼老哥？"
    },
    {
      "id": 1,
      "model": "삼조",
      "teller": "？？？",
      "title": "？？？",
      "content": "我有異議，同為戴眼鏡的人，被你這樣稱呼會讓我很心寒。"
    },
    {
      "id": 2,
      "model": "그레고르",
      "content": "這，說得也是……那什麼，抱歉啊。"
    },
    {
      "id": 3,
      "model": "뫼르소",
      "content": "像身份這種基本個人信息，通過死亡報告就能輕鬆確認。"
    },
    {
      "id": 4,
      "model": "삼조",
      "teller": "三朝",
      "title": "？？？",
      "content": "……啊，原來我還沒自我介紹。這是我的名片。本人名叫三朝。"
    },
    {
      "id": 5,
      "content": "不顧身邊氣氛正逐漸變得險惡的事實，他立刻把方方正正的名片遞了過來。"
    },
    {
      "id": 6,
      "model": "히스클리프",
      "content": "從屬於K巢糧……糧食資源改良部門研究所……"
    },
    {
      "id": 7,
      "model": "히스클리프",
      "content": "……"
    },
    {
      "id": 8,
      "model": "히스클리프",
      "content": "哈！你以為把挺像那麼回事的詞語一股腦並起來就能忽悠到我？"
    },
    {
      "id": 9,
      "model": "삼조",
      "teller": "三朝",
      "title": "K公司 糧食資源改良部門",
      "content": "當然。我很擅長說服對方。你們只需要冷靜下來聽我說話就行。"
    },
    {
      "id": 10,
      "model": "삼조",
      "teller": "三朝",
      "title": "K公司 糧食資源改良部門",
      "content": "剛剛的戰鬥中，各位戰鬥的身姿令我印象深刻。"
    },
    {
      "id": 11,
      "model": "삼조",
      "teller": "三朝",
      "title": "K公司 糧食資源改良部門",
      "content": "尤其是，那即使目睹了同伴斷氣也不曾停止攻擊敵人的英姿。不僅如此，甚至還有幾位用手指著同伴屍體嘲笑他們。"
    },
    {
      "id": 12,
      "model": "오티스",
      "content": "呵，只要是拖後腿的人，就算是自己人我也不會放在心上的。"
    },
    {
      "id": 13,
      "content": "奧提斯毫不掩飾自滿的神色，說出了絕不算是稱讚的回答。"
    },
    {
      "id": 14,
      "model": "삼조",
      "teller": "三朝",
      "title": "K公司 糧食資源改良部門",
      "content": "正如諸位所見，來源不明的雞群佔領了這家店，造成的損失非同尋常。"
    },
    {
      "id": 15,
      "model": "히스클리프",
      "content": "……然後呢？"
    },
    {
      "id": 16,
      "model": "삼조",
      "teller": "三朝",
      "title": "K公司 糧食資源改良部門",
      "content": "社長也一直熟睡著，直到剛剛才甦醒。"
    },
    {
      "id": 17,
      "content": "一個滿臉憔悴的人搖搖晃晃地向我們走來，看樣子直到剛才為止都在熟睡似乎不是謊話。"
    },
    {
      "id": 18,
      "model": "삼조",
      "teller": "三朝",
      "title": "K公司 糧食資源改良部門",
      "content": "您請說。"
    },
    {
      "id": 19,
      "model": "보살치킨",
      "teller": "菩薩雞 經理",
      "title": "菩薩雞",
      "content": "呃，那，那個……我家炸雞店是幾個月之前，在一家叫“銀鳳炸雞酒吧”的店對面開張的。"
    },
    {
      "id": 20,
      "model": "보살치킨",
      "teller": "菩薩雞 經理",
      "title": "菩薩雞",
      "content": "因為本炸雞店所用的雞都是品種優秀，分量超值，味道絕讚，“銀鳳炸雞酒吧”的客人都被本店吸引走也是理所當然。"
    },
    {
      "id": 21,
      "model": "보살치킨",
      "teller": "菩薩雞 經理",
      "title": "菩薩雞",
      "content": "然而“銀鳳炸雞酒吧”的店長似乎是被這事實給刺激到了，也有可能是為了和本店同歸於盡……突然開始重複一些詭異的舉動。"
    },
    {
      "id": 22,
      "model": "그레고르",
      "content": "所以，不就是競爭對手間相互牽制——"
    },
    {
      "id": 23,
      "content": "像是呼應著社長的委屈，街對面傳來了人群的慘叫。"
    },
    {
      "id": 24,
      "teller": "巢中居民",
      "title": "K公司",
      "content": "咿啊啊！！！那是什麼！！！！"
    },
    {
      "id": 25,
      "model": "뒤틀린주인",
      "teller": "銀鳳炸雞酒吧 店長？",
      "title": "銀鳳炸雞酒吧？",
      "content": "咕、咕、咯……"
    },
    {
      "id": 26,
      "content": "“銀鳳炸雞酒吧”的店長一邊嘟囔著什麼，一邊揮舞手臂，之後就像是受到了什麼命令一樣……"
    },
    {
      "id": 27,
      "content": "雞群……開始襲擊人群。"
    },
    {
      "id": 28,
      "model": "이스마엘",
      "content": "……怎麼回事？那是在指揮雞群嗎？"
    },
    {
      "id": 29,
      "model": "그레고르",
      "content": "這可不是簡單的舉止怪異啊。心中到底是懷有多大的怨氣，才會變成那樣……？"
    },
    {
      "id": 30,
      "model": "보살치킨",
      "teller": "菩薩雞 經理",
      "title": "菩薩雞",
      "content": "那些像是接受過生物改造的雞群莫名其妙入侵到店內，大肆破壞店裡的東西……"
    },
    {
      "id": 31,
      "place": "銀鳳家炸雞酒吧 店前",
      "model": "보살치킨",
      "teller": "菩薩雞 經理",
      "title": "菩薩雞",
      "content": "如你們所見，現在把雞戴在頭上的人越來越多……再這樣下去本店將遭受極大的經濟損失……"
    },
    {
      "id": 32,
      "model": "삼조",
      "teller": "三朝",
      "title": "K公司 糧食資源改良部門",
      "content": "以上。"
    },
    {
      "id": 33,
      "model": "이상",
      "content": "嗯……"
    },
    {
      "id": 34,
      "model": "삼조",
      "teller": "三朝",
      "title": "K公司 糧食資源改良部門",
      "content": "真是催人淚下的故事。請問各位能否出手幫忙解決這次事件？"
    },
    {
      "id": 35,
      "model": "단테",
      "content": "<李箱，你剛剛是被驚到了嗎？>"
    },
    {
      "id": 36,
      "model": "이상",
      "content": "唔……"
    },
    {
      "id": 37,
      "model": "히스클리프",
      "content": "再怎麼說我們也不可能接受一個炸雞店的——"
    },
{
      "id": 38,
      "model": "삼조",
      "teller": "三朝",
      "title": "K公司 糧食資源改良部門",
      "content": "終生免費券。"
    },
    {
      "id": 39,
      "model": "삼조",
      "teller": "三朝",
      "title": "K公司 糧食資源改良部門",
      "content": "如果能夠解決店家的委託，我們會特別為各位獻上終生享受這家店鋪炸雞的特權。"
    },
    {
      "id": 40,
      "model": "보살치킨",
      "teller": "菩薩雞 經理",
      "title": "菩薩雞 ",
      "content": "終生免費券！？本店並沒有這種——"
    },
    {
      "id": 41,
      "model": "삼조",
      "teller": "三朝",
      "title": "K公司 糧食資源改良部門",
      "content": "試吃的炸雞也已經為各位準備好了。"
    },
    {
      "id": 42,
      "model": "보살치킨",
      "teller": "菩薩雞 經理",
      "title": "菩薩雞",
      "content": "啊啊？！"
    },
    {
      "id": 43,
      "content": "也不知道是什麼時候準備好的，三朝開始親自分發炸雞。"
    },
    {
      "id": 44,
      "model": "삼조",
      "teller": "三朝",
      "title": "K公司 糧食資源改良部門",
      "content": "來，請按順序排隊領取。我按雞的品種為各位分好了類，請自由挑選。據說不同品種的雞優質的部位也不相同，香味也十分豐富。"
    },
    {
      "id": 45,
      "model": "돈키호테",
      "content": "呼姆……只能選擇一種口味嗎？明明每種都令人垂涎欲滴……"
    },
    {
      "id": 46,
      "model": "삼조",
      "teller": "三朝",
      "title": "K公司 糧食資源改良部門",
      "content": "其他口味就留到以後享用如何？只要有了“終身免費券”，各位就無需煩惱了。"
    },
    {
      "id": 47,
      "model": "돈키호테",
      "content": "哦哦……如此一來吾便沒有異議了……"
    },
    {
      "id": 48,
      "content": "似乎大多數罪人都已經被他巧妙的話術及試吃的炸雞所誘惑了。"
    },
    {
      "id": 49,
      "model": "삼조",
      "teller": "三朝",
      "title": "K公司 糧食資源改良部門",
      "content": "您意下如何？"
    },
    {
      "id": 50,
      "model": "히스클리프",
      "content": "……"
    },
    {
      "id": 51,
      "content": "希斯克利夫第一次被人說到啞口無言。"
    },
    {
      "id": 52,
      "model": "히스클리프",
      "content": "嘖……這委託也不壞……"
    },
    {
      "id": 53,
      "model": "이스마엘",
      "content": "話說……我們的目的不是找什麼黃金雞腿，而是找金枝吧？什麼時候——"
    },
    {
      "id": 54,
      "model": "히스클리프",
      "content": "你沒聽人說話嗎？能讓我們一輩子都吃到這樣酥酥脆脆的炸雞誒！"
    },
    {
      "id": 55,
      "model": "로쟈",
      "content": "沒有個數限制吧？能吃一輩子對吧？也能打包帶走的吧？"
    },
    {
      "id": 56,
      "model": "로쟈",
      "content": "哈啊，這會讓我想起以前的事情啊。不管有沒有人知道~火腿嘭嘭家剛出爐的炸雞也是美味至極。"
    },
    {
      "id": 57,
      "model": "히스클리프",
      "content": "我知道。因為在賺到錢的時候我偶爾會和幫派成員一起去那裡吃飯。"
    },
    {
      "id": 58,
      "model": "이스마엘",
      "content": "哈，浮士德小姐，請你快說說。應該有什麼公司的守則或者條例吧。"
    },
    {
      "id": 59,
      "content": "浮士德正獨自思考著什麼。"
    },
    {
      "id": 60,
      "model": "파우스트",
      "content": "這樣吧，我們接受委託。"
    },
    {
      "id": 61,
      "model": "이스마엘",
      "content": "哈啊！？"
    },
    {
      "id": 62,
      "content": "我也是第一次見到如此驚訝的以實瑪利。"
    },
    {
      "id": 63,
      "model": "이스마엘",
      "content": "不是，浮士德小姐，難道……你也有哪根筋搭錯了？"
    },
    {
      "id": 64,
      "model": "그레고르",
      "content": "以實瑪利，再怎麼也不能這麼說……"
    },
    {
      "id": 65,
      "model": "파우스트",
      "content": "誰知道呢。因為浮士德的大腦一直不太正常。"
    },
    {
      "id": 66,
      "model": "히스클리프",
      "content": "哈哈！大家好久沒這麼意氣相投了，對吧？"
    },
    {
      "id": 67,
      "model": "단테",
      "content": "<浮士德……你認真的？你要為了吃炸雞而接受委託嗎？>"
    },
    {
      "id": 68,
      "model": "파우스트",
      "content": "正確來說……是為了解決“扭曲現象”，但丁。"
    },
    {
      "id": 69,
      "model": "단테",
      "content": "<扭曲現象？>"
    },
    {
      "id": 70,
      "model": "홍루",
      "content": "扭曲……那是什麼？"
    },
    {
      "id": 71,
      "model": "파우스트",
      "content": "大多數人都不知道吧。畢竟雖然在都市各處都有發生，但從未被公之於眾。"
    },
    {
      "id": 72,
      "model": "홍루",
      "content": "啊啊……"
    },
    {
      "id": 73,
      "model": "뫼르소",
      "content": "我知道那一般是人變化成難以被稱呼為“人類”的形態的一種現象。原因不明，變化形態也多種多樣。"
    },
    {
      "id": 74,
      "model": "홍루",
      "content": "唔……僅靠說明實在是難以理解。就是像異想體那樣的生物嗎？"
    },
    {
      "id": 75,
      "model": "뫼르소",
      "content": "不是，扭曲不會像異想體一樣變成卵，而是會被徹底了結。"
    },
    {
      "id": 76,
      "model": "뫼르소",
      "content": "以前，我看到過幾次。"
    },
    {
      "id": 77,
      "model": "파우스트",
      "content": "在公司內存在專門諮詢扭曲現象的，名為LCD的收尾人部門。\n雖然是小規模的部門，但也代表這現象值得關注。"
    },
    {
      "id": 78,
      "model": "단테",
      "content": "<也就是說，那個叫銀鳳的店主就是，那個，成為了扭曲是嗎？>"
    },
    {
      "id": 79,
      "model": "파우스트",
      "content": "是的。人單純發瘋，是不會突然獲得指揮雞群的能力的。"
    },
    {
      "id": 80,
      "model": "단테",
      "content": "<這樣啊……>"
    },
    {
      "id": 81,
      "model": "이스마엘",
      "content": "果然是這樣？呼……浮士德小姐是真的有點嚇到我了，我差點以為自己不得不振作起來帶領大家了。"
    },
    {
      "id": 82,
      "model": "그레고르",
      "content": "以實瑪利，所以你之前才一直緊緊握著武器嗎……？"
    },
    {
      "id": 83,
      "model": "돈키호테",
      "content": "正是如此！在出現傷亡之前應當由吾等上前！嚼嚼。"
    },
{
      "id": 84,
      "model": "로쟈",
      "content": "欸？小不點~你嘴邊沾了醬汁！"
    },
    {
      "id": 85,
      "content": "我看著羅佳幫堂吉訶德擦嘴的樣子。"
    },
    {
      "id": 86,
      "model": "삼조",
      "teller": "三朝",
      "title": "K公司 糧食資源改良部門",
      "content": "那麼，就當是委託已受理，本人將靜候各位的聯絡。"
    }
  ]
}