{
  "dataList": [
    {
      "id": 0,
      "place": "過去的銀鳳炸雞酒吧",
      "model": "단테",
      "content": "<我看到了從未見過的景象！>"
    },
    {
      "id": 1,
      "model": "단테",
      "content": "<這些肯定是店長的回憶。>"
    },
    {
      "id": 2,
      "model": "파우스트",
      "content": "這可能是他受到衝擊後而失去的部分記憶。"
    },
    {
      "id": 3,
      "model": "보살치킨",
      "teller": "菩薩雞經理",
      "title": "菩薩雞",
      "content": "呼……終於找到了。我原以為他會把他的絕密食譜給鎖起來，沒想到他居然拿這東西當架子用……！"
    },
    {
      "id": 4,
      "model": "은봉치킨",
      "teller": "銀鳳炸雞酒吧 店長",
      "title": "銀鳳炸雞酒吧",
      "content": "這，這不是我餐廳的食譜嗎？你怎麼拿到它的？"
    },
    {
      "id": 5,
      "model": "보살치킨",
      "teller": "菩薩雞經理",
      "title": "菩薩雞",
      "content": "我派了個間諜。你真以為會有那種拿著最低薪資，還願意提早一個小時來餐廳幫忙做準備工作的兼職工嗎？"
    },
    {
      "id": 6,
      "model": "은봉치킨",
      "teller": "銀鳳炸雞酒吧 店長",
      "title": "銀鳳炸雞酒吧",
      "content": "但，為什麼，為什麼你要這麼做……！"
    },
    {
      "id": 7,
      "model": "보살치킨",
      "teller": "菩薩雞經理",
      "title": "菩薩雞",
      "content": "我別無選擇！如果我沒法達到總部要求的銷售配額，我的餐廳就要倒閉了！"
    },
    {
      "id": 8,
      "model": "은봉치킨",
      "teller": "銀鳳炸雞酒吧 店長",
      "title": "銀鳳炸雞酒吧",
      "content": "食譜……食譜還在我的腦海裡！兩勺糖！一勺半醬油，還有蒜末……"
    },
    {
      "id": 9,
      "model": "보살치킨",
      "teller": "菩薩雞經理",
      "title": "菩薩雞",
      "content": "沒用的，我要把這東西扔進概念焚化爐裡。所有關於這份食譜的踪跡都將消失的無影無踪，包括你腦海中的記憶。"
    },
    {
      "id": 10,
      "model": "은봉치킨",
      "teller": "銀鳳炸雞酒吧 店長",
      "title": "銀鳳炸雞酒吧",
      "content": "不————！"
    },
    {
      "id": 11,
      "model": "은봉치킨",
      "teller": "銀鳳炸雞酒吧 店長",
      "title": "銀鳳炸雞酒吧",
      "content": "兩勺糖！一勺半醬油……"
    },
    {
      "id": 12,
      "model": "보살치킨",
      "teller": "菩薩雞經理",
      "title": "菩薩雞",
      "content": "我早就說過……當我第一次警告你的時候，你就該把餐廳給關了！"
    },
    {
      "id": 13,
      "model": "은봉치킨",
      "teller": "銀鳳炸雞酒吧 店長",
      "title": "銀鳳炸雞酒吧",
      "content": "糖，糖……是糖嗎？我什麼都記不得了……"
    },
    {
      "id": 14,
      "place": "銀鳳炸雞酒吧",
      "model": "료슈",
      "content": "我從一開始就對那傢伙沒什麼好感。從看到牆上被貼了禁・入・建・報的時候我就知道他不是什麼好東西。"
    },
    {
      "id": 15,
      "model": "이스마엘",
      "content": "如果食譜已經被扔進了概念焚化爐裡……那也就說明那份食譜已經不復存在了。"
    },
    {
      "id": 16,
      "model": "그레고르",
      "content": "什麼是概念焚化爐啊……"
    },
    {
      "id": 17,
      "model": "그레고르",
      "content": "……算了，以實瑪利。你的表情告訴我，我不會想知道那是什麼的。"
    },
    {
      "id": 18,
      "model": "이스마엘",
      "content": "那是什麼？"
    },
    {
      "id": 19,
      "model": "이상",
      "content": "概念焚化爐就是……"
    },
    {
      "id": 20,
      "model": "이상",
      "content": "一種永久刪除某項技術的可靠手段。"
    },
    {
      "id": 21,
      "model": "이상",
      "content": "例如……它有能力使浮士德女士變得就像是從來都沒有創造出梅菲斯托費勒斯一樣。"
    },
    {
      "id": 22,
      "model": "홍루",
      "content": "難道它能回溯時間嗎？"
    },
    {
      "id": 23,
      "model": "이상",
      "content": "不，不算是。它只是……消失了，就好像大腦中從來都沒有過相關的構想似的。"
    },
    {
      "id": 24,
      "model": "이상",
      "content": "所有關於這項技術的文件、照片、以及最微小的組成部分，甚至連浮士德女士對它的記憶都將被模糊並抹去。"
    },
    {
      "id": 25,
      "model": "파우스트",
      "content": "焚化的效度和範圍，取決於產品的價值。"
    },
    {
      "id": 26,
      "model": "뒤틀린주인",
      "teller": "銀鳳炸雞酒吧 店長",
      "title": "銀鳳炸雞酒吧",
      "content": "就是這樣……！我不記得這個調味汁是用胡椒還是醬油做的了……我該放多少糖或者多少鹽……我腦海裡什麼都不剩了！我的顧客也都把它的味道給忘完了！"
    },
    {
      "id": 27,
      "model": "뒤틀린주인",
      "teller": "銀鳳炸雞酒吧 店長",
      "title": "銀鳳炸雞酒吧",
      "content": "這方面的嘗試都毫無意義……！一切都完了……"
    },
    {
      "id": 28,
      "model": "오티스",
      "content": "哼，你真是軟弱啊。銀鳳？你應該把那個俗氣名字給去了，給你的餐廳起個更好的名稱。"
    },
    {
      "id": 29,
      "model": "뒤틀린주인",
      "teller": "銀鳳炸雞酒吧 店長",
      "title": "銀鳳炸雞酒吧",
      "content": "銀鳳是我媽媽的名字……"
    },
    {
      "id": 30,
      "model": "싱클레어",
      "content": "哦……"
    },
    {
      "id": 31,
      "model": "료슈",
      "content": "話・太・過"
    },
    {
      "id": 32,
      "model": "오티스",
      "content": "……俗氣一點也蘊含著親切的溫暖。"
    },
    {
      "id": 33,
      "model": "오티스",
      "content": "但問題仍然在於你的意志太過薄弱！"
    },
    {
      "id": 34,
      "model": "단테",
      "content": "<不過……你為什麼這麼渴望開始戰鬥……>"
    },
    {
      "id": 35,
      "model": "오티스",
      "content": "來吧！讓我來糾正你那無能的態度！"
    }
  ]
}