{
  "dataList": [
    {
      "id": 0,
      "teller": "驚慌失措的同事",
      "title": "LCCB",
      "content": "前方敵人接近！100米！"
    },
    {
      "id": 1,
      "teller": "焦躁不安的同事",
      "title": "LCCB",
      "content": "“可惡……已經沒有子彈了……”"
    },
    {
      "id": 2,
      "content": "這顯然是任誰看來都十萬火急的情況。用黑色衣物包裹著全身的孩子們，因為想不出應對敵人的方法而驚慌失措。"
    },
    {
      "id": 3,
      "teller": "焦躁不安的同事",
      "title": "LCCB",
      "content": "媽的……真不該想著為公司節省開支而少帶子彈的！"
    },
    {
      "id": 4,
      "teller": "驚慌失措的同事",
      "title": "LCCB",
      "content": "明明就算那樣人事的評價也不會變好，到底為什麼要做這種……啊。"
    },
    {
      "id": 5,
      "content": "孩子瞠目結舌。因為不管怎麼扣動扳機，都不再有子彈飛出去了。"
    },
    {
      "id": 6,
      "teller": "驚慌失措的同事",
      "title": "LCCB",
      "content": "……25米。"
    },
    {
      "id": 7,
      "teller": "焦躁不安的同事",
      "title": "LCCB",
      "content": "到此為止了嗎……"
    },
    {
      "id": 8,
      "content": "就在這時，他們的救世主飄揚著晚霞色的頭髮登場了。"
    },
    {
      "id": 9,
      "model": "이스마엘",
      "title": "LCCB 係長",
      "content": "請放心，這之後由我來解決。"
    },
    {
      "id": 10,
      "teller": "驚慌失措的同事",
      "title": "LCCB",
      "content": "……以實瑪利小姐！"
    },
    {
      "id": 11,
      "content": "舉著巨大盾牌的孩子用堅定的眼神瞪著敵人，"
    },
    {
      "id": 12,
      "model": "이스마엘",
      "title": "LCCB 係長",
      "content": "這裡是以實瑪利，於作戰區域BA21匯合，將會協助友軍清理耗子。完畢。"
    },
    {
      "id": 13,
      "content": "她的槍口射出的火光，宛如救世的聖光。"
    },
    {
      "id": 14,
      "model": "이스마엘",
      "title": "LCCB 係長",
      "content": "啊……我們有雄厚的資金支持，以後還請不要再提出類似於節省LCC的彈藥的愚蠢建議。"
    },
    {
      "id": 15,
      "content": "……標誌性的嚴厲毒舌也如影隨形。"
    }
  ]
}