{
  "dataList": [
    {
      "id": 0,
      "model": "료슈",
      "teller": "良秀",
      "title": "23區後巷",
      "content": "啊，你醒了。"
    },
    {
      "id": 1,
      "content": "那孩子淡淡地說道。"
    },
    {
      "id": 2,
      "content": "如果不是周遭那開膛破肚的景象，這可能會被誤認為對剛從甜蜜夢鄉中醒來的人的親切問候。"
    },
    {
      "id": 3,
      "model": "료슈",
      "teller": "良秀",
      "title": "23區後巷",
      "content": "幸好你醒得及時。處理結束時要是你心跳過慢的話，可是會影響味道的。"
    },
    {
      "id": 4,
      "content": "那孩子看著躺在地板上發出輕微嘎吱聲的人。"
    },
    {
      "id": 5,
      "content": "這可憐的傢伙躺在地板上扭動掙扎，無法接受自己落入這樣的險境。"
    },
    {
      "id": 6,
      "model": "료슈",
      "teller": "良秀",
      "title": "23區後巷",
      "content": "喂，不要亂動。嘖，我早跟幫廚講過了要把肉裡的水分榨乾。"
    },
    {
      "id": 7,
      "content": "啪。"
    },
    {
      "id": 8,
      "content": "孩子拍了拍那傢伙的臉頰，嘴裡吐出冷酷無情的話語。"
    },
    {
      "id": 9,
      "model": "료슈",
      "teller": "良秀",
      "title": "23區後巷",
      "content": "我可受不了藝術素材隨意佔據主題。安靜，要是你不想被折・肢的話。"
    },
    {
      "id": 10,
      "content": "儘管受害者並不知道那是“折斷四肢”的意思……"
    },
    {
      "id": 11,
      "content": "不過他很快就明白只有乖乖聽話才能活命。"
    },
    {
      "id": 12,
      "model": "료슈",
      "teller": "良秀",
      "title": "23區後巷",
      "content": "這是你的乖・聽・獎。"
    },
    {
      "id": 13,
      "content": "扎入。"
    },
    {
      "id": 14,
      "content": "那孩子用她一直擺弄著的注射器扎入受害者體內。"
    },
    {
      "id": 15,
      "model": "료슈",
      "teller": "良秀",
      "title": "23區後巷",
      "content": "這一管昂貴的麻醉注射器可是混合了各式各樣的調味劑，能把你變成後巷最棒的，一頓佳餚……和一門藝術。"
    },
    {
      "id": 16,
      "content": "那孩子一直在胡亂地描述她口中的藝術，令人難以理解……"
    },
    {
      "id": 17,
      "content": "要知道，23區後巷可是被眾人稱為“味之巷”。"
    },
    {
      "id": 18,
      "content": "對，就坐落於W公司所在的巢周圍。"
    },
    {
      "id": 19,
      "content": "此地盛行追求美食的文化，居民們以食為天，以美為先。"
    },
    {
      "id": 20,
      "content": "同時也是8大主廚和都其林指南這些與烹飪藝術密切相關之人的誕生地。"
    },
    {
      "id": 21,
      "content": "這孩子想要成為著名的8大主廚之一，用人類————通常被稱作烹飪藝術的巔峰之作，作為主要食材。"
    },
    {
      "id": 22,
      "content": "為此，那孩子在這裡開設了一家餐館，取名為良・派……使用簡寫是那孩子一直以來的喜好。"
    },
    {
      "id": 23,
      "content": "猜得到，那孩子出售肉派。她的肉派在美食家們的口中贏得了良好口碑。"
    },
    {
      "id": 24,
      "model": "료슈",
      "teller": "良秀",
      "title": "23區後巷",
      "content": "現在……有沒有覺得你正在失去知覺？"
    },
    {
      "id": 25,
      "content": "那孩子一邊檢查著她的刀，一邊愉快的看著她的受害者。"
    },
    {
      "id": 26,
      "model": "료슈",
      "teller": "良秀",
      "title": "23區後巷",
      "content": "你最好是塊好料。我快要受不了那個又慢又蠢，手法生疏的幫廚格里高爾了。"
    },
    {
      "id": 27,
      "content": "那孩子咂著嘴，開始抱怨起來。"
    },
    {
      "id": 28,
      "content": "說著她多麼討厭她的幫廚做事慢慢吞吞，老是帶給她劣質食材，用鈍刃切壞貨品等等……"
    },
    {
      "id": 29,
      "model": "료슈",
      "teller": "良秀",
      "title": "23區後巷",
      "content": "行了，隨便吧，我一當上8大主廚就炒了他。"
    },
    {
      "id": 30,
      "content": "那孩子還在抱怨，而受害者的眼皮開始下垂。"
    },
    {
      "id": 31,
      "content": "為什麼她會如此惱怒，之後在他身上會發生什麼……他的意識逐漸模糊遠去，神智逐漸消失。"
    },
    {
      "id": 32,
      "model": "료슈",
      "teller": "良秀",
      "title": "23區後巷",
      "content": "嗯，還是回到正題上來。"
    },
    {
      "id": 33,
      "model": "료슈",
      "teller": "良秀",
      "title": "23區後巷",
      "content": "現在……笑一個吧。你馬上就是這件藝術品的中心了。"
    },
    {
      "id": 34,
      "content": "看著受害者，那孩子舉起了她的刀。"
    },
    {
      "id": 35,
      "content": "刀子上流著的血形似一個笑臉，應該只是個偶然吧？"
    },
    {
      "id": 36,
      "content": "……根本不需要懷疑，從她臉上就能得到答案。"
    }
  ]
}