{
  "dataList": [
    {
      "id": 0,
      "model": "싱클레어",
      "title": "劍契組 殺手",
      "content": "究竟哪邊的我才是真正的我呢……"
    },
    {
      "id": 1,
      "content": "孩子畏懼著自己。"
    },
    {
      "id": 2,
      "content": "他無法遏制自身的變化，也欠缺下定決心的勇氣。"
    },
    {
      "id": 3,
      "content": "或許他只是個發瘋了的殺人狂呢？孩子抱著那般層層思緒，各種想法令他頭暈目眩。"
    },
    {
      "id": 4,
      "content": "孩子所遇到的劍契組的人們稱讚說那種性情最為適合劍契組、接近於一個真正的殺手……"
    },
    {
      "id": 5,
      "content": "但那也只是在孩子自己期望如此的時候，才能作為稱讚的話語發揮出作用的東西吧。"
    },
    {
      "id": 6,
      "content": "相比於帶來的鼓勵的效果，那孩子反倒把那些話語當作負擔。"
    },
    {
      "id": 7,
      "content": "所以現在，他也仍在快樂與不安的夾縫間徬徨，尋求著落腳之處。"
    },
    {
      "id": 8,
      "model": "싱클레어",
      "title": "劍契組 殺手",
      "content": "月亮真亮啊……"
    },
    {
      "id": 9,
      "content": "孩子嘆了口氣，望向空中。"
    },
    {
      "id": 10,
      "content": "因為獨自望向月亮時，心中能稍稍感到安慰。"
    }
  ]
}