{
  "dataList": [
    {
      "id": 0,
      "model": "돈키호테",
      "teller": "堂吉訶德",
      "title": "N公司 中錘",
      "content": "“吾將與汝立下誓約……”"
    },
    {
      "id": 1,
      "content": "在這孩子穿上那套血跡斑斑的盔甲前，她就有著一個夢想。"
    },
    {
      "id": 2,
      "content": "如果都市的某處存在裁判所的話，她想揮舞審判的鐵鎚……如同法官的木槌一般來伸張正義。"
    },
    {
      "id": 3,
      "model": "돈키호테",
      "teller": "堂吉訶德",
      "title": "N公司 中錘",
      "content": "用尖釘去引導裝上醜惡義體的不潔之物……"
    },
    {
      "id": 4,
      "content": "這孩子在集中閱讀文章這方面也有很大的才能。"
    },
    {
      "id": 5,
      "content": "但同時，這孩子也養成了如果不在看什麼東西就說個不停的毛病……"
    },
    {
      "id": 6,
      "model": "돈키호테",
      "teller": "堂吉訶德",
      "title": "N公司 中錘",
      "content": "啊哈。所以我們以尖釘將那些惡人貫穿，是為執柄者執行正義鋪設道路……嘻嘻。"
    },
    {
      "id": 7,
      "content": "孩子的眼睛隨著那聲音閃閃發光。雖然只是有些渾濁，但不管怎麼說都散發著光芒。"
    },
    {
      "id": 8,
      "teller": "嚴肅的異端審判官",
      "title": "N公司 大錘",
      "content": "休息時間結束了。所有中錘和小錘，按以往的隊形集合。"
    },
    {
      "id": 9,
      "model": "돈키호테",
      "teller": "堂吉訶德",
      "title": "N公司 中錘",
      "content": "今天的休息時間也很充實……在休息的時候也能聆聽執柄者的話語，不得不說是最棒的福利。"
    },
    {
      "id": 10,
      "content": "孩子把比自己身體還大的錘子靠在地板上，臉上帶著輕鬆的表情站了起來。"
    },
    {
      "id": 11,
      "teller": "嚴肅的異端審判官",
      "title": "N公司 大錘",
      "content": "第三錘，前進至兩巷前。把他們清理乾淨。"
    },
    {
      "id": 12,
      "model": "돈키호테",
      "teller": "堂吉訶德",
      "title": "N公司 中錘",
      "content": "吾定能回應大家的期待！正義定將降臨！"
    },
    {
      "id": 13,
      "content": "即使是體格最為強壯的錘們，也會在接連不斷的“淨化”中逐漸感到疲憊，但這孩子卻沒有流露出一絲倦意。"
    },
    {
      "id": 14,
      "content": "反而，隨著話語的結束，她以超乎尋常的速度衝了出去。"
    },
    {
      "id": 15,
      "teller": "嚴肅的異端審判官",
      "title": "N公司 大錘",
      "content": "……是她嗎？傳言中那個一次都沒碰過罐頭配給的錘。"
    },
    {
      "id": 16,
      "teller": "穩重的異端審判官",
      "title": "N公司 大錘",
      "content": "你知道更厲害的嗎？自小錘時期以來，她就從來沒有受過一次“教育”。"
    },
    {
      "id": 17,
      "teller": "嚴肅的異端審判官",
      "title": "N公司 大錘",
      "content": "……那還真讓人驚訝。"
    },
    {
      "id": 18,
      "content": "看著那孩子奔向遠方時身後掠起的煙塵，兩名錘子進行著這樣的對話。"
    },
    {
      "id": 19,
      "teller": "嚴肅的異端審判官",
      "title": "N公司 大錘",
      "content": "此等忠誠確實是美德，但……她很獨特。"
    },
    {
      "id": 20,
      "teller": "穩重的異端審判官",
      "title": "N公司 大錘",
      "content": "別提了。你知道她為什麼在休息時不脫下長靴嗎？"
    },
    {
      "id": 21,
      "teller": "嚴肅的異端審判官",
      "title": "N公司 大錘",
      "content": "你是說，傳聞是真的嗎？……因為在盔甲裡穿著運動鞋，所以嫌麻煩不脫下來的……"
    },
    {
      "id": 22,
      "teller": "穩重的異端審判官",
      "title": "N公司 大錘",
      "content": "她說那雙鞋子是她要與之一同實現正義的同志什麼的。執柄者並沒有因此讓我處罰她，所以我也沒在意就是了。"
    },
    {
      "id": 23,
      "content": "這之後，他們就沒什麼話題可聊了。"
    },
    {
      "id": 24,
      "content": "他們第一次見到這樣未曾受過教育，也沒有吃過罐裝經驗，卻如此沉迷於教義的新人。大概是都被震撼到了。"
    },
    {
      "id": 25,
      "content": "他們應該慶幸自己只是被這點事震撼。"
    },
    {
      "id": 26,
      "model": "돈키호테",
      "teller": "堂吉訶德",
      "title": "N公司 中錘",
      "content": "呼哈哈哈哈！哈哈哈！！"
    },
    {
      "id": 27,
      "content": "因為，如果要直面這孩子的話，他們大概連震撼的力氣都不剩了。"
    },
    {
      "id": 28,
      "teller": "被抓住的義體人",
      "title": "？？？",
      "content": "救，救命。"
    },
    {
      "id": 29,
      "model": "돈키호테",
      "teller": "堂吉訶德",
      "title": "N公司 中錘",
      "content": "連心臟都沒有的空罐頭還會講話啊！啊哈哈！"
    },
    {
      "id": 30,
      "content": "肢體破碎的聲響，巨大的錘子穿過空氣的聲響。"
    },
    {
      "id": 31,
      "teller": "受驚嚇的義體人",
      "title": "？？？",
      "content": "我，我可以把這個部件取下來的。我可以—"
    },
    {
      "id": 32,
      "content": "創傷和裂傷，以及破裂傷和跌打傷。"
    },
    {
      "id": 33,
      "model": "돈키호테",
      "teller": "堂吉訶德",
      "title": "N公司 中錘",
      "content": "吾絕不輕信惡人的話語！"
    },
    {
      "id": 34,
      "teller": "受驚嚇的義體人",
      "title": "？？？",
      "content": "我……？為什麼，啊—"
    },
    {
      "id": 35,
      "model": "돈키호테",
      "teller": "堂吉訶德",
      "title": "N公司 中錘",
      "content": "審判！"
    },
    {
      "id": 36,
      "content": "彷彿世界上所有傷口和噪音都集中在這個空間內。"
    },
    {
      "id": 37,
      "content": "慘絕人寰，一定是最貼切的形容詞。"
    },
    {
      "id": 38,
      "content": "人們說，最可怕的人是永遠相信自己是正確的那類人……"
    },
    {
      "id": 39,
      "content": "嗯，大概也有道理吧。"
    },
    {
      "id": 40,
      "content": "可能這孩子，只是相信著自己渴望相信的事情而已。"
    }
  ]
}