{
  "dataList": [
    {
      "id": 0,
      "content": "那是硝煙瀰漫的空間。"
    },
    {
      "id": 1,
      "content": "雖然空間寬廣，天空也足夠開闊。"
    },
    {
      "id": 2,
      "content": "但鐵鏽味與塵土的氣味令肺部滿是痛苦，粗亂且短粗的呼吸反复模糊視野。"
    },
    {
      "id": 3,
      "content": "鞋子踩踏在地板上的聲音，拳頭毆打著腹部，肋骨，面部，胸腔。那不論何處都能穿來被刺入的聲響的地獄。"
    },
    {
      "id": 4,
      "content": "以及難以計數的我，我，與我。"
    },
    {
      "id": 5,
      "content": "那裡被稱為孵化室。"
    },
    {
      "id": 6,
      "content": "為了成為R公司的戰鬥員，任何人都需要經歷那孵化室。"
    },
    {
      "id": 7,
      "content": "在那之中是無數的自己。如同被關入昏暗壺中的毒蟲一般，為了在其中活下來，需要和無數的自己戰鬥。"
    },
    {
      "id": 8,
      "content": "那能夠在短時間內獲得戰鬥經驗，並且篩選出最優秀的一個。"
    },
    {
      "id": 9,
      "content": "因此，原型是誰毫無意義。"
    },
    {
      "id": 10,
      "content": "因為最終，複製體中最為優秀的那人將會成為“我”。"
    },
    {
      "id": 11,
      "content": "於是花費時間選拔出的我，經由他們得以孵化。"
    },
    {
      "id": 12,
      "content": "為了驅動龐大的外骨骼裝甲而接受適應手術後，得到了與我相配的裝甲。"
    },
    {
      "id": 13,
      "content": "即使離開了孵化室，也不代表一切已經結束。"
    },
    {
      "id": 14,
      "content": "那龐大的裝甲在不斷吸收生物的能量。"
    },
    {
      "id": 15,
      "content": "所謂的適應手術，是將我的能量轉換入裝甲。我所屬的隊伍將其作為理所當然的事情並加以接納。"
    },
    {
      "id": 16,
      "content": "沒有輕鬆的工作。裝甲中的同事與我都不斷地訴苦。"
    },
    {
      "id": 17,
      "content": "但我們自掏腰包補充咖啡因和糖分，或許是寧願將這裝甲當做小事，也想避免回到那個可怖的孵化室。"
    },
    {
      "id": 18,
      "content": "如果沒有在戰鬥中取得符合預期的成果，就會再次被帶進孵化室……"
    },
    {
      "id": 19,
      "content": "會變成我、我、與我互為敵人的，漫無止境的戰鬥。"
    },
    {
      "id": 20,
      "content": "與拿著厚重武器的其他同事不同，我一直使用著硬化腕刀的理由也一樣。"
    },
    {
      "id": 21,
      "content": "因為我……是憑此存活下來的。"
    }
  ]
}