{
  "dataList": [
    {
      "id": 0,
      "model": "로쟈",
      "title": "黑雲會 組員",
      "content": "來吧，大叔。我知道你在那個保險箱裡面放了多少錢。"
    },
    {
      "id": 1,
      "content": "這個孩子得意地說著，那笑容中流露出一股尖銳的玩世不恭的神氣。"
    },
    {
      "id": 2,
      "content": "黑雲會和其他幫派之間沒有太大區別。"
    },
    {
      "id": 3,
      "content": "他們每日的工作就是以交他們所稱的“保護費”為由，在後巷中敲詐各個家庭和企業，榨取著他們的每一分錢。"
    },
    {
      "id": 4,
      "content": "奇怪的是，比起其他地方，這個孩子對於這裡卻顯得異常苛刻。"
    },
    {
      "id": 5,
      "content": "也許是她在其他什麼地方聽說這個男人是個吝嗇的守財奴，認為他的錢可以餵飽自己飢餓的手下吧。"
    },
    {
      "id": 6,
      "content": "她看上去隨時都能揪住他的領子把他的頭砍下來，但是有什麼在阻止她這樣做。"
    },
    {
      "id": 7,
      "content": "她大概是不想惹上麻煩，因為在幫派中未經授權的行為是被嚴厲禁止的。"
    },
    {
      "id": 8,
      "content": "哦，這個男人可真幸運啊。看起來有個嚮導的到來吸引了她的注意力。"
    },
    {
      "id": 9,
      "model": "료슈",
      "title": "黑雲會 若眾",
      "content": "羅佳，有好事了。終於可以擺脫這些卑劣的任務了。"
    },
    {
      "id": 10,
      "model": "로쟈",
      "title": "黑雲會 組員",
      "content": "……嘛，意思是有好消息對吧？"
    },
    {
      "id": 11,
      "content": "喜歡毫無意義地縮略詞彙的嚮導揚起嘴角點了點頭，點燃香菸補充道："
    },
    {
      "id": 12,
      "model": "료슈",
      "title": "黑雲會 若眾",
      "content": "我們要同劍契的人共舞一曲了。"
    }
  ]
}