{
  "dataList": [
    {
      "id": 0,
      "content": "不論晝夜，那孩子總是在這玻璃管內度過。"
    },
    {
      "id": 1,
      "content": "為了讓這個孩子始終保持K公司規定的“最穩定的狀態”。"
    },
    {
      "id": 2,
      "content": "他的肉體一直在這裡沉睡，彷若委身於棺材之中。"
    },
    {
      "id": 3,
      "content": "直至，外界把那孩子喚醒。"
    },
    {
      "id": 4,
      "model": "홍루",
      "teller": "鴻璐",
      "title": "K公司 3級摘除人員",
      "content": "啊~今天也辛苦啦~剛剛來過的那幾位，是去吃午飯了嗎？"
    },
    {
      "id": 5,
      "teller": "摘除監管人員",
      "title": "K公司",
      "content": "……"
    },
    {
      "id": 6,
      "model": "홍루",
      "teller": "鴻璐",
      "title": "K公司 3級摘除人員",
      "content": "您吃了嗎？今天都吃了些什麼？"
    },
    {
      "id": 7,
      "teller": "摘除監管人員",
      "title": "K公司",
      "content": "……"
    },
    {
      "id": 8,
      "model": "홍루",
      "teller": "鴻璐",
      "title": "K公司 3級摘除人員",
      "content": "對吃的話題不感興趣嗎？那麼……"
    },
    {
      "id": 9,
      "teller": "摘除監管人員",
      "title": "K公司",
      "content": "你每天都這麼喋喋不休的，不累嗎？"
    },
    {
      "id": 10,
      "model": "홍루",
      "teller": "鴻璐",
      "title": "K公司 3級摘除人員",
      "content": "啊~你終於能和我目光相對著說話啦~"
    },
    {
      "id": 11,
      "content": "研究員突然有點後悔按下按鈕叫醒他。"
    },
    {
      "id": 12,
      "content": "K公司內被稱為摘除人員的職員中，3級員工在無需部署時，總是在玻璃管中生活。"
    },
    {
      "id": 13,
      "content": "3級員工與其他員工相比更常使用過量的安瓿，為提高對安瓿的適應性，他們被強制在玻璃管中生活。因為安瓿配置哪怕只有稍許誤差，也有可能使他們走向崩解。"
    },
    {
      "id": 14,
      "teller": "摘除監管人員",
      "title": "K公司",
      "content": "剛被叫醒就能像這樣說個不停……又不是簡單的睡醒，這可是解除假死狀態啊。"
    },
    {
      "id": 15,
      "model": "홍루",
      "teller": "鴻璐",
      "title": "K公司 3級摘除人員",
      "content": "嗯~我猜你一旦習慣了，那就習慣了。"
    },
    {
      "id": 16,
      "content": "正如他們所述，這種睡眠跟我們正常理解的“睡眠”不同。他們的意識機能會被完全中止。"
    },
    {
      "id": 17,
      "content": "因為就算是在夢中改變的潛意識，也有導致崩解的風險。"
    },
    {
      "id": 18,
      "content": "但，這孩子似乎沒有被其後遺症所影響——他反而看起來神清氣爽。"
    },
    {
      "id": 19,
      "model": "홍루",
      "teller": "鴻璐",
      "title": "K公司 3級摘除人員",
      "content": "哈哈，我可沒法想出去、就出去。如果我太無聊了該怎麼辦？"
    },
    {
      "id": 20,
      "teller": "摘除監管人員",
      "title": "K公司",
      "content": "說真的……你為什麼要來當摘除人員呢。要是你的安瓿適性很差，就可以去其他部門了。"
    },
    {
      "id": 21,
      "model": "홍루",
      "teller": "鴻璐",
      "title": "K公司 3級摘除人員",
      "content": "嗯~我不會這麼說。因為是我奶奶把我送到這裡的。"
    },
    {
      "id": 22,
      "teller": "摘除監管人員",
      "title": "K公司",
      "content": "你奶奶？"
    },
    {
      "id": 23,
      "model": "홍루",
      "teller": "鴻璐",
      "title": "K公司 3級摘除人員",
      "content": "對啊~她告訴我多去看看這座都市，學習一下這個世界是如何運轉的。"
    },
    {
      "id": 24,
      "teller": "摘除監管人員",
      "title": "K公司",
      "content": "所以簡單來說……你是靠裙帶關係才得到這份工作的？而你的……祖母是個有權有勢的人。不過摘除人員這個工作……真的值得你運用關係嗎？"
    },
    {
      "id": 25,
      "content": "這孩子沒有笑，而是噗噗地吐了些氣泡。"
    },
    {
      "id": 26,
      "content": "對話的研究員慌忙抬頭查看發生了什麼事，但這孩子只是閉著眼睛地笑著。"
    },
    {
      "id": 27,
      "teller": "摘除監管人員",
      "title": "K公司",
      "content": "你嚇到我了……"
    },
    {
      "id": 28,
      "model": "홍루",
      "teller": "鴻璐",
      "title": "K公司 3級摘除人員",
      "content": "呼呼，我只是覺得很好玩所以才笑的。"
    },
    {
      "id": 29,
      "model": "홍루",
      "teller": "鴻璐",
      "title": "K公司 3級摘除人員",
      "content": "嗯~我並不知道奶奶的想法，而且我也不在意~"
    },
    {
      "id": 30,
      "model": "홍루",
      "teller": "鴻璐",
      "title": "K公司 3級摘除人員",
      "content": "但我覺得，嘗試一下這種工作也不壞。"
    },
    {
      "id": 31,
      "teller": "摘除監管人員",
      "title": "K公司",
      "content": "······"
    },
    {
      "id": 32,
      "content": "研究員表情複雜地看著那個孩子，手腕上響起了警報。"
    },
    {
      "id": 33,
      "teller": "摘除監管人員",
      "title": "K公司",
      "content": "這下你就不會無聊了。準備部署。"
    },
    {
      "id": 34,
      "model": "홍루",
      "teller": "鴻璐",
      "title": "K公司 3級摘除人員",
      "content": "啊哈！我就知道！"
    },
    {
      "id": 35,
      "content": "這孩子……"
    },
    {
      "id": 36,
      "content": "不消片刻就來到了部署指令下達的地點。"
    },
    {
      "id": 37,
      "model": "홍루",
      "teller": "鴻璐",
      "title": "K公司 3級摘除人員",
      "content": "好……現在開始摘除。"
    },
    {
      "id": 38,
      "content": "那孩子揮舞著他的武器，沖向了敵人。"
    },
    {
      "id": 39,
      "content": "作為一名正在工作的人員，他看起來格外幸福。"
    },
    {
      "id": 40,
      "content": "就像是，為新體驗而感到興奮一樣。"
    }
  ]
}