{
  "dataList": [
    {
      "id": 0,
      "content": "喃喃低語微弱地迴盪在狹小的房間中。"
    },
    {
      "id": 1,
      "content": "燭光搖曳，孩子指尖那滲著紅墨的毛筆也隨之輕顫。"
    },
    {
      "id": 2,
      "content": "孩子不停不休寫著黃底紅字的符咒。"
    },
    {
      "id": 3,
      "content": "他只是飽含著對某人的願望與怨恨，到處都寫滿了複雜難解的咒文而已。"
    },
    {
      "id": 4,
      "content": "孩子是在何處學過咒術嗎？"
    },
    {
      "id": 5,
      "content": "不是那樣吧。"
    },
    {
      "id": 6,
      "content": "那麼，是孩子所屬的團體……“技術解放聯盟”，教會他如何書寫符咒的嗎？"
    },
    {
      "id": 7,
      "content": "也不是那樣吧。"
    },
    {
      "id": 8,
      "content": "又或許，他是否正在製作一種蘊含尖端技術的紙張，用來助推研究所的恐怖行動？"
    },
    {
      "id": 9,
      "content": "不，也不是那樣吧。"
    },
    {
      "id": 10,
      "content": "孩子只是藉用了舊L公司地下留存的E.G.O，並用它戰鬥了幾次。僅此而已。"
    },
    {
      "id": 11,
      "content": "但是，孩子似乎對符咒和咒術十分著迷。"
    },
    {
      "id": 12,
      "content": "他並非單純佩戴著E.G.O，也並非將它作為道具使用。"
    },
    {
      "id": 13,
      "content": "他就像是變成了E.G.O……或是異想體本身一樣，這讓他在使用時就如被附身般，按照其想法行動。"
    },
    {
      "id": 14,
      "content": "沒錯。大部分E.G.O都會嘗試侵蝕使用者。"
    },
    {
      "id": 15,
      "content": "不是有這樣的話嗎？如果你隨意模仿他人的話語與行動，最終會將自己變得和那人並無二致。"
    },
    {
      "id": 16,
      "content": "然後，若你一直將他人的思想作為道具使用，被它同化也不過是自然而然的事情。"
    },
    {
      "id": 17,
      "content": "你會忘記自己本身……就好像被奪走自我一樣。"
    },
    {
      "id": 18,
      "content": "在孩子被進一步侵蝕之前，讓其他人把他的E.G.O脫下來會比較好，但孩子所屬的組織看見他展現出的優秀適配度和取得的成績，似乎不會這麼簡單地讓他脫掉的。"
    }
  ]
}