{
  "dataList": [
    {
      "id": 0,
      "content": "同伴們死了。"
    },
    {
      "id": 1,
      "content": "三個，五個？又或者是六個人也說不定。"
    },
    {
      "id": 2,
      "content": "不論幾個人，都無所謂了。"
    },
    {
      "id": 3,
      "content": "就因為都市中不斷冒出的那些新技術，大家都死了。"
    },
    {
      "id": 4,
      "content": "有的人是因為失業而挨餓，有的人是身體被分解粉碎。除此之外，就是成為了技術的零件，甚至都不會被當做人類對待。"
    },
    {
      "id": 5,
      "content": "大家都曾經是爽直的傢伙。連和我這樣的人都能好好相處，我打心底覺得感激。"
    },
    {
      "id": 6,
      "content": "……當然，我沒表現出來過。"
    },
    {
      "id": 7,
      "content": "我運氣很好。"
    },
    {
      "id": 8,
      "content": "起碼我沒被一股腦湧來的技術浪潮給吞進去。"
    },
    {
      "id": 9,
      "content": "雖然我像逃跑似的離開了，但還是接受了像後巷裡飄蕩的破傘一樣的我……"
    },
    {
      "id": 10,
      "content": "果然這緣分對我而言太奢侈了。"
    },
    {
      "id": 11,
      "content": "結果大家，都像是被水浸濕的紙一樣破碎消失了。"
    },
    {
      "id": 12,
      "content": "而只能旁觀一切的那份後悔和屈辱，讓我幾乎氣的發瘋。"
    },
    {
      "id": 13,
      "content": "說不定真的和他們說的一樣，如果沒有技術這種東西。"
    },
    {
      "id": 14,
      "content": "我現在就能和那群沒死的傢伙一起在後巷的酒館裡盡情嬉笑了吧。"
    },
    {
      "id": 15,
      "content": "於是我這次才徹底地，真正地下定決心，要把一切徹底破壞後再回去。"
    },
    {
      "id": 16,
      "content": "為了讓人享受的才製造的技術和科學，最終卻殺了人。我覺得這種東西從一開始就不該存在。"
    },
    {
      "id": 17,
      "content": "倖存下來的我們，把曾經站在技術的頂端卻墜落腐爛的翼的屍體刨出，披上了我們曾經無比痛恨的技術的產物——E.G.O。"
    },
    {
      "id": 18,
      "content": "不過，所謂技術也擁有心嗎。我一穿上這東西，寒冷而黑暗的情感就席捲而來。"
    },
    {
      "id": 19,
      "content": "毫不停息的憂鬱感在心頭徘徊。但同時，我也覺得那和我很像。"
    },
    {
      "id": 20,
      "content": "也許，就和那天的我一樣……它也是被某個朋友趕走後拋棄了。"
    },
    {
      "id": 21,
      "content": "這麼一想，哈。好像有點戰鬥的慾望了。"
    },
    {
      "id": 22,
      "content": "我有種能把守著那些該死的技術的混帳全都收拾掉，讓他們沉進水裡，再也看不到明天的太陽的感覺。"
    },
    {
      "id": 23,
      "content": "雖然這樣也不能讓同伴們回來。"
    },
    {
      "id": 24,
      "content": "至少可以減少和我們有一樣遭遇的人。"
    },
    {
      "id": 25,
      "content": "但是……"
    },
    {
      "id": 26,
      "content": "就算一切都解決了，我發現自己最後還是獨自一人。"
    },
    {
      "id": 27,
      "content": "最後還是在陰暗潮濕的後巷裡游盪……"
    },
    {
      "id": 28,
      "content": "因為不在那裡就無法入眠。"
    },
    {
      "id": 29,
      "content": "媽的，結果我最後也會因為被這叫E.G.O的技術排斥而完蛋嗎。"
    },
    {
      "id": 30,
      "content": "一點都不好笑。"
    },
    {
      "id": 31,
      "content": "……無所謂了。想也想不出答案。"
    },
    {
      "id": 32,
      "content": "反正只要把這裡的事情做完，我就能堂堂正正回去了……"
    },
    {
      "id": 33,
      "content": "只要能創造出新的世界……就能再……"
    },
    {
      "id": 34,
      "content": "你也快到一邊去。別無緣無故地關心我。"
    },
    {
      "id": 35,
      "content": "現在，我再也沒有朋友了。"
    }
  ]
}