{
  "dataList": [
    {
      "id": 0,
      "teller": "已經厭煩的隊友",
      "title": "W公司",
      "content": "你看看他，什麼時候都一聲不吭，只是埋頭做自己應該做的事情。你要是有他……"
    },
    {
      "id": 1,
      "content": "“有他一半好”，這孩子一定是想這樣結尾的，但最後他閉上了嘴。"
    },
    {
      "id": 2,
      "content": "他們換了個話題。"
    },
    {
      "id": 3,
      "teller": "已經厭煩的隊友",
      "title": "W公司",
      "content": "不，也別拿他當榜樣。說實話，看著也不太好。"
    },
    {
      "id": 4,
      "content": "不論如何……"
    },
    {
      "id": 5,
      "content": "那孩子一言不發地專注於自己的工作。"
    },
    {
      "id": 6,
      "content": "那個個子很高、眼神冷漠的孩子一臉淡然，彷彿自己不是周遭談論的對象一般，儘管他的耳朵既沒有被堵上，也沒有失聰。"
    },
    {
      "id": 7,
      "teller": "已經厭煩的隊友",
      "title": "W公司",
      "content": "……喂，你好歹說兩句。"
    },
    {
      "id": 8,
      "content": "他的無動於衷似乎很是讓這抱怨連篇的孩子困擾。這時他，這個高個子孩子，終於回頭盯著他開口了。"
    },
    {
      "id": 9,
      "model": "뫼르소",
      "title": "W公司 清掃人員",
      "content": "我不認為自己有義務回覆。"
    },
    {
      "id": 10,
      "teller": "已經厭煩的隊友",
      "title": "W公司",
      "content": "就是，拜託老兄……你真的打算在別人對你評頭論足的時候就這麼坐著？"
    },
    {
      "id": 11,
      "model": "뫼르소",
      "title": "W公司 清掃人員",
      "content": "只要對我沒有直接損害就行。"
    },
    {
      "id": 12,
      "content": "留下這句話，他就回去工作了。"
    },
    {
      "id": 13,
      "content": "大吐苦水的孩子一直用冰冷的眼神盯著他……"
    },
    {
      "id": 14,
      "content": "然而他絲毫不為所動。"
    }
  ]
}