{
  "dataList": [
    {
      "id": 0,
      "model": "이상",
      "teller": "李箱",
      "title": "技術解放聯盟",
      "content": "所以……這是入侵者？"
    },
    {
      "id": 1,
      "content": "孩子的聲音相當乾燥。"
    },
    {
      "id": 2,
      "content": "他的表情和聲音無動於衷，就這樣低頭看著那個人從他眼前被帶走。"
    },
    {
      "id": 3,
      "teller": "勤勞的隊員",
      "title": "技術解放聯盟",
      "content": "沒錯。他們可能在嘗試偷走設施的腦啡肽……單獨來到了支部的地下。"
    },
    {
      "id": 4,
      "model": "이상",
      "teller": "李箱",
      "title": "技術解放聯盟",
      "content": "……我明白了，你可以走了。"
    },
    {
      "id": 5,
      "content": "也許他是那孩子的下屬。把被綁著胳膊的人拖進房間的成員向孩子鞠了一躬，然後便離開了。"
    },
    {
      "id": 6,
      "model": "이상",
      "teller": "李箱",
      "title": "技術解放聯盟",
      "content": "現在……你可以開始說話了。為什麼你要去那裡？"
    },
    {
      "id": 7,
      "content": "當扇子合上後，被抓到的人便開始為自己進行辯護。"
    },
    {
      "id": 8,
      "teller": "被抓住的小偷",
      "title": "？？？",
      "content": "你，你是他們的老大嗎？"
    },
    {
      "id": 9,
      "model": "이상",
      "teller": "李箱",
      "title": "技術解放聯盟",
      "content": "……目前姑且算是這樣。"
    },
    {
      "id": 10,
      "teller": "被抓住的小偷",
      "title": "？？？",
      "content": "不是……你們也沒買下那座支部，我也是冒著生命危險下來賺錢的，稍微分享點都覺得可惜嗎？"
    },
    {
      "id": 11,
      "content": "孩子的表情似乎變得更加無所謂。看上去也像是不理解那人說的話。"
    },
    {
      "id": 12,
      "model": "이상",
      "teller": "李箱",
      "title": "技術解放聯盟",
      "content": "或許你有所誤解……"
    },
    {
      "id": 13,
      "teller": "被抓住的小偷",
      "title": "？？？",
      "content": "有什麼誤解！既然你們連這麼個光鮮亮麗的實驗室都建起來了……算了，反正這裡應該也沒剩下什麼能給我裝進口袋的腦啡肽。"
    },
    {
      "id": 14,
      "model": "이상",
      "teller": "李箱",
      "title": "技術解放聯盟",
      "content": "這裡，並非為收集腦啡肽而建立的設施……"
    },
    {
      "id": 15,
      "teller": "被抓住的小偷",
      "title": "？？？",
      "content": "那該是什麼！"
    },
    {
      "id": 16,
      "content": "唰。"
    },
    {
      "id": 17,
      "content": "孩子像是不願再聽一樣，一把將扇子展開。"
    },
    {
      "id": 18,
      "content": "先前還滿懷不滿說著話的那人，也被開扇聲和刺鼻的香氣所震懾，一下把話咽了回去。"
    },
    {
      "id": 19,
      "teller": "被抓住的小偷",
      "title": "？？？",
      "content": "幹，幹什麼。仔細一看你，長得可真奇怪。頭上還開著花……"
    },
    {
      "id": 20,
      "model": "이상",
      "teller": "李箱",
      "title": "技術解放聯盟",
      "content": "這是……盛放之物。"
    },
    {
      "id": 21,
      "model": "이상",
      "teller": "李箱",
      "title": "技術解放聯盟",
      "content": "曾幾何時……我心中試圖喚回的鄉愁，凝聚成此種形態。"
    },
    {
      "id": 22,
      "content": "面對那人困惑的表情，孩子起身緩步接近。"
    },
    {
      "id": 23,
      "teller": "被抓住的小偷",
      "title": "？？？",
      "content": "噫，別，別過來！"
    },
    {
      "id": 24,
      "model": "이상",
      "teller": "李箱",
      "title": "技術解放聯盟",
      "content": "無需恐懼。你，先前說過自己賭上了性命？"
    },
    {
      "id": 25,
      "content": "孩子看上去並沒有任何攻擊的想法。不如說他似乎在眺望著遙遠的，渺遠的某處。"
    },
    {
      "id": 26,
      "model": "이상",
      "teller": "李箱",
      "title": "技術解放聯盟",
      "content": "你最近……是否見過真正的花？"
    },
    {
      "id": 27,
      "content": "……我認為……應當沒有直接見過。雖然人造花已經看過太多。"
    },
    {
      "id": 28,
      "model": "이상",
      "teller": "李箱",
      "title": "技術解放聯盟",
      "content": "是……最後技術，奪走了我們曾經以之為樂，為之歡笑的事物。"
    },
    {
      "id": 29,
      "model": "이상",
      "teller": "李箱",
      "title": "技術解放聯盟",
      "content": "終有一天……將會失去。為追求方便與快捷，而忽視比技術更為重要的東西。"
    },
    {
      "id": 30,
      "model": "이상",
      "teller": "李箱",
      "title": "技術解放聯盟",
      "content": "若是沒有所謂技術，你如今也不會這樣四處盜竊腦啡肽吧？"
    },
    {
      "id": 31,
      "content": "孩子的話令被拖著的那人睜大眼睛，似乎十分困惑。"
    },
    {
      "id": 32,
      "teller": "被抓住的小偷",
      "title": "？？？",
      "content": "不，但是……"
    },
    {
      "id": 33,
      "teller": "被抓住的小偷",
      "title": "？？？",
      "content": "如果連技術都沒了，我的命也壓根得不到保障……吧？"
    },
    {
      "id": 34,
      "teller": "被抓住的小偷",
      "title": "？？？",
      "content": "雖然價格高得離譜，但是多虧了K公司出品的那個安瓶還是安瓿的，我才撿回了一條命。"
    },
    {
      "id": 35,
      "model": "이상",
      "teller": "李箱",
      "title": "技術解放聯盟",
      "content": "……"
    },
    {
      "id": 36,
      "content": "孩子一時失語，隨後像是想起了什麼……"
    },
    {
      "id": 37,
      "model": "이상",
      "teller": "李箱",
      "title": "技術解放聯盟",
      "content": "是，你所說亦是正解。"
    },
    {
      "id": 38,
      "content": "他笑著回答。"
    },
    {
      "id": 39,
      "teller": "被抓住的小偷",
      "title": "？？？",
      "content": "啊？"
    },
    {
      "id": 40,
      "model": "이상",
      "teller": "李箱",
      "title": "技術解放聯盟",
      "content": "不知原因，但我已經自詡為這些人的領導者之一……但我的目標與他們略有不同。"
    },
    {
      "id": 41,
      "model": "이상",
      "teller": "李箱",
      "title": "技術解放聯盟",
      "content": "當第一朵人造花卉被製作之時，當第一束煙火被研製之時……"
    },
    {
      "id": 42,
      "model": "이상",
      "teller": "李箱",
      "title": "技術解放聯盟",
      "content": "這些曾經從未存在的事物首次出現在世上時，只會感到純粹的歡愉與喜悅。"
    },
    {
      "id": 43,
      "model": "이상",
      "teller": "李箱",
      "title": "技術解放聯盟",
      "content": "你是否也想品味這種滋味？"
    },
    {
      "id": 44,
      "teller": "被抓住的小偷",
      "title": "？？？",
      "content": "……你，腦袋有問題嗎？ "
    },
    {
      "id": 45,
      "model": "이상",
      "teller": "李箱",
      "title": "技術解放聯盟",
      "content": "或許你所說也是一種正解。而……"
    },
    {
      "id": 46,
      "model": "이상",
      "teller": "李箱",
      "title": "技術解放聯盟",
      "content": "我認為那條道路絢麗無比。因而，每當浮現出那想法，我內心的綻放便比任何時候都更為繁盛。"
    },
    {
      "id": 47,
      "content": "那孩子的心是堅定且清晰的。"
    },
    {
      "id": 48,
      "content": "似乎不論是誰，都無法使其折損。"
    }
  ]
}