{
  "dataList": [
    {
      "id": 0,
      "content": "那孩子一無所有，她已經失去了太多。"
    },
    {
      "id": 1,
      "content": "失去了右眼、失去了同伴、失去了工作、失去了信賴。除此之外，還有無數的失去之物在頭腦中盤旋。"
    },
    {
      "id": 2,
      "model": "파우스트",
      "title": "腦葉公司 倖存者",
      "content": "工作已完成，即將返回。"
    },
    {
      "id": 3,
      "content": "那孩子簡潔地報告道，說完，她就把發信機放進了口袋。"
    },
    {
      "id": 4,
      "content": "被那孩子的獨眼所俯視的世界是……"
    },
    {
      "id": 5,
      "content": "一具斷成了兩截的遺體，倒在都市後巷冰冷的地面上。一盞或許是年久失修的藍燈，明滅不定的光芒將此處照亮。"
    },
    {
      "id": 6,
      "model": "파우스트",
      "title": "腦葉公司 倖存者",
      "content": "你知道嗎？"
    },
    {
      "id": 7,
      "content": "那孩子提出了一個無從應答的問題。"
    },
    {
      "id": 8,
      "content": "儘管這樣問了，那孩子卻不曾期待過回答，她繼續說了下去。"
    },
    {
      "id": 9,
      "model": "파우스트",
      "title": "腦葉公司 倖存者",
      "content": "浮士德何時才能被承認？"
    },
    {
      "id": 10,
      "content": "無論是誰——哪怕是一隻隨處可見的蟲子——都沒有聽到她充滿渴求的聲音。"
    },
    {
      "id": 11,
      "model": "파우스트",
      "title": "腦葉公司 倖存者",
      "content": "要到何時，曾屬於折斷之翼的員工的事實才會被遺忘？"
    },
    {
      "id": 12,
      "content": "如果說，她還有一樣東西沒有失去，那便是在舊L公司的……沒錯，那正是我的孩子們曾在之地。還未喪失的，只有她曾為那個地方效力的事實。"
    },
    {
      "id": 13,
      "model": "파우스트",
      "title": "腦葉公司 倖存者",
      "content": "必須從那個活地獄裡活著回來的理由，真的存在嗎？"
    },
    {
      "id": 14,
      "model": "파우스트",
      "title": "腦葉公司 倖存者",
      "content": "還有什麼地方需要我嗎？"
    },
    {
      "id": 15,
      "model": "파우스트",
      "title": "腦葉公司 倖存者",
      "content": "被掩埋的空間裡還有其他的倖存者嗎？那明亮的夜晚與漆黑的白晝有什麼意義嗎？"
    },
    {
      "id": 16,
      "content": "那孩子輕輕地嘆了一口氣。"
    },
    {
      "id": 17,
      "model": "파우스트",
      "title": "腦葉公司 倖存者",
      "content": "浮士德，一無所知。"
    },
    {
      "id": 18,
      "content": "那聲嘆息還沒來得及填滿後巷的角落，就已經模糊地消散了。"
    }
  ]
}