{
  "dataList": [
    {
      "id": 0,
      "model": "그레고르",
      "title": "六協會 6科",
      "content": "不公平？老兄，我倒有些好奇。到底哪裡不公平了？"
    },
    {
      "id": 1,
      "content": "那孩子將被他攥住領口的人輕輕扔向一邊，隨後蹲下與說了那句話的人對視。"
    },
    {
      "id": 2,
      "teller": "痛苦的混混",
      "title": "？？？",
      "content": "呃呃……說到底，拳頭會竄出焰火這事就很奇怪吧？"
    },
    {
      "id": 3,
      "model": "그레고르",
      "title": "六協會 6科",
      "content": "明明連都市裡最平平無奇的收尾人都在工坊中獲取武器，你卻覺得這種事奇怪？"
    },
    {
      "id": 4,
      "model": "그레고르",
      "title": "六協會 6科",
      "content": "還有，我在收拾你們的時候也沒有使用火焰魔法吧。抱怨啥？"
    },
    {
      "id": 5,
      "teller": "痛苦的混混",
      "title": "？？？",
      "content": "什麼鬼魔法……"
    },
    {
      "id": 6,
      "model": "그레고르",
      "title": "六協會 6科",
      "content": "老兄……單純是因為你太弱了。所以你為什麼要和路過的大叔找茬？嗯？"
    },
    {
      "id": 7,
      "teller": "痛苦的混混",
      "title": "？？？",
      "content": "對！問題就在那裡！"
    },
    {
      "id": 8,
      "content": "重新戴好眼鏡的那孩子“嗯？ ”地變換了表情。"
    },
    {
      "id": 9,
      "teller": "痛苦的混混",
      "title": "？？？",
      "content": "所以說油膩的中年大叔！撂倒8個年紀輕輕的人，像話嗎！"
    },
    {
      "id": 10,
      "model": "그레고르",
      "title": "六協會 6科",
      "content": "中年大叔……"
    },
    {
      "id": 11,
      "content": "那孩子眉頭微皺了一下，但很快又舒展開。"
    },
    {
      "id": 12,
      "content": "反正，那孩子一路走來也不只是一兩次被這麼說了。"
    },
    {
      "id": 13,
      "model": "그레고르",
      "title": "六協會 6科",
      "content": "飽經風霜……還有飽經風霜這種褒義詞啊，年輕人。嗯？"
    },
    {
      "id": 14,
      "teller": "痛苦的混混",
      "title": "？？？",
      "content": "而，而且你不就是個矬子！"
    },
    {
      "id": 15,
      "model": "그레고르",
      "title": "六協會 6科",
      "content": "矬子……"
    },
    {
      "id": 16,
      "teller": "痛苦的混混",
      "title": "？？？",
      "content": "邋遢得跟乞丐窩裡爬來的似的！"
    },
    {
      "id": 17,
      "model": "그레고르",
      "title": "六協會 6科",
      "content": "不是……我哪有……"
    },
    {
      "id": 18,
      "teller": "痛苦的混混",
      "title": "？？？",
      "content": "不，你有！你那鬚子都捲成一個窩了，腦袋都能養鳥了！你——"
    },
    {
      "id": 19,
      "content": "砰。"
    },
    {
      "id": 20,
      "content": "那孩子向躺在地上的人揮出的拳頭上燃起了熊熊的火焰，將那人的頭髮燒的劈啪作響。"
    },
    {
      "id": 21,
      "content": "那孩子從口袋裡掏出略微有些彎曲的菸頭叼入嘴中，把拳頭對在了菸頭上。"
    },
    {
      "id": 22,
      "model": "그레고르",
      "title": "六協會 6科",
      "content": "哎……至少不用翻箱倒櫃找打火機，還蠻方便的。"
    }
  ]
}