{
  "dataList": [
    {
      "id": 0,
      "content": "這並非我所期待的那般。"
    },
    {
      "id": 1,
      "content": "我並未想到自己將要做這種事。"
    },
    {
      "id": 2,
      "content": "我只是……想要做得更好。"
    },
    {
      "id": 3,
      "content": "只是凱瑟琳那日的話語，依舊不斷地刺痛著我的心……"
    },
    {
      "id": 4,
      "content": "明明只是一邊發誓著再也不回去，一邊跑了出來。"
    },
    {
      "id": 5,
      "teller": "領頭的異端審判官",
      "title": "N公司 大錘",
      "content": "這些就足夠了。我們折回。"
    },
    {
      "id": 6,
      "content": "我是怎麼被捲進這些事情的來著？"
    },
    {
      "id": 7,
      "teller": "領頭的異端審判官",
      "title": "N公司 大錘",
      "content": "你，那邊的小錘。"
    },
    {
      "id": 8,
      "model": "히스클리프",
      "teller": "希斯克利夫",
      "title": "N公司 小錘",
      "content": "……啊！收到！"
    },
    {
      "id": 9,
      "teller": "領頭的異端審判官",
      "title": "N公司 大錘",
      "content": "沒聽到我們要折回了嗎？跟上。"
    },
    {
      "id": 10,
      "content": "那怪異的長釘到底是怎麼回事？"
    },
    {
      "id": 11,
      "content": "那中間有一根透明的針筒，在穿刺人體時就會逐漸被什麼東西填滿。"
    },
    {
      "id": 12,
      "content": "就像是人類的……"
    },
    {
      "id": 13,
      "teller": "領頭的異端審判官",
      "title": "N公司 大錘",
      "content": "你正被什麼雜念所佔據？"
    },
    {
      "id": 14,
      "model": "히스클리프",
      "teller": "希斯克利夫",
      "title": "N公司 小錘",
      "content": "沒，沒什麼。"
    },
    {
      "id": 15,
      "teller": "領頭的異端審判官",
      "title": "N公司 大錘",
      "content": "你應該提前清空一切雜念，為今日的儀式備好純淨不染的腦海。"
    },
    {
      "id": 16,
      "content": "嘖……那該死的儀式！"
    },
    {
      "id": 17,
      "content": "他們又要逼我把那些書中晦澀難懂的俳句印在腦子裡。"
    },
    {
      "id": 18,
      "content": "然後，他們還要一直把那些罐頭裡的白粥一樣的東西餵給我……"
    },
    {
      "id": 19,
      "content": "每當此刻……舊時的記憶就那樣逐漸模糊……"
    },
    {
      "id": 20,
      "teller": "領頭的異端審判官",
      "title": "N公司 大錘",
      "content": "口號。異端。"
    },
    {
      "id": 21,
      "model": "히스클리프",
      "teller": "希斯克利夫",
      "title": "N公司 小錘",
      "content": "必將淨化。"
    },
    {
      "id": 22,
      "content": "哈？"
    },
    {
      "id": 23,
      "content": "我剛剛……說了什麼？"
    }
  ]
}