{
  "dataList": [
    {
      "id": 0,
      "content": "那孩子抿了一口紅茶，微微合著眼。"
    },
    {
      "id": 1,
      "content": "這是暫時的歇息，以及她對於過去某些時刻的回憶。"
    },
    {
      "id": 2,
      "content": "自她加入協會以來已有一年，這期間真的發生了許多事情。"
    },
    {
      "id": 3,
      "content": "作為收尾人參與任務並經歷戰鬥……"
    },
    {
      "id": 4,
      "content": "主動傷害他人，亦被他人所傷。"
    },
    {
      "id": 5,
      "content": "這並不意味著這孩子資質平平。倒不如說，如果沒有能力的話，誰又能登上這個位置呢？"
    },
    {
      "id": 6,
      "content": "明悟了管理並領導他人對她來說竟更加合適，這對她而言應該是件好事吧。"
    },
    {
      "id": 7,
      "content": "儘管有人在背後對她指指點點說只不過是個微不足道的末端6科科長罷了……"
    },
    {
      "id": 8,
      "model": "오티스",
      "teller": "奧提斯",
      "title": "Seven協會 6科 科長",
      "content": "嗯？"
    },
    {
      "id": 9,
      "content": "明明這孩子的目標不是止步於此，與“故事的結尾就僅此而已嗎？ ”類似的話語簡直與找茬無異。"
    },
    {
      "id": 10,
      "model": "오티스",
      "teller": "奧提斯",
      "title": "Seven協會 6科 科長",
      "content": "這些數值……有些異常。"
    },
    {
      "id": 11,
      "content": "這孩子的眸中有精光閃過。那道光並非來自她鼻樑上架起的眼鏡，而是源於她的雙眼。"
    },
    {
      "id": 12,
      "model": "오티스",
      "teller": "奧提斯",
      "title": "Seven協會 6科 科長",
      "content": "是我，你在附近嗎？"
    },
    {
      "id": 13,
      "content": "這孩子提起電話並撥號的動作如行雲流水般自然。"
    },
    {
      "id": 14,
      "model": "오티스",
      "teller": "奧提斯",
      "title": "Seven協會 6科 科長",
      "content": "外勤……嗯，我想是的。上面沒有要求嗎？"
    },
    {
      "id": 15,
      "content": "又有另一位收尾人的聲音從聽筒中滲了出來。"
    },
    {
      "id": 16,
      "content": "那是為這孩子精準的猜測而吃驚的聲音。"
    },
    {
      "id": 17,
      "model": "오티스",
      "teller": "奧提斯",
      "title": "Seven協會 6科 科長",
      "content": "這也不是頭一兩天的事了。大約一個小時左右的話……你就應該完成手頭的事務了吧，不是嗎？"
    },
    {
      "id": 18,
      "content": "這孩子斜著眼，掃視著擺在桌子上的數份文件。"
    },
    {
      "id": 19,
      "content": "異常的業務費用支出，在同一現場數次呼叫不同人員的情況。"
    },
    {
      "id": 20,
      "content": "一個場景正在浮現於這孩子的腦海中。"
    },
    {
      "id": 21,
      "model": "오티스",
      "teller": "奧提斯",
      "title": "Seven協會 6科 科長",
      "content": "了解了，那麼在那個事務完成之後隨即到6科訓練場報到。"
    },
    {
      "id": 22,
      "content": "這孩子……需要有人能同她一起檢討那個場景。"
    },
    {
      "id": 23,
      "content": "那個她一直關注著的人。"
    },
    {
      "id": 24,
      "model": "오티스",
      "teller": "奧提斯",
      "title": "Seven協會 6科 科長",
      "content": "嗯，把那個人帶過來吧。"
    }
  ]
}