{
  "dataList": [
    {
      "id": 0,
      "teller": "愚蠢的幫派成員",
      "title": "？？？",
      "content": "哈啊，哈……逮到你了！混帳小子！把身上東西都給老子交出來！"
    },
    {
      "id": 1,
      "content": "那孩子前腳剛被逼入了死胡同，緊隨其後的追擊者後腳便堵在了巷口。"
    },
    {
      "id": 2,
      "content": "追擊者改用雙手握住長劍，緩慢地調整著呼吸的樣子，彷彿隨時都會把這孩子劈成兩半一般。"
    },
    {
      "id": 3,
      "teller": "愚蠢的幫派成員",
      "title": "？？？",
      "content": "沒……沒地兒跑了吧。哈，別再白費體力了……"
    },
    {
      "id": 4,
      "content": "正當追擊者說著話時。"
    },
    {
      "id": 5,
      "teller": "愚蠢的幫派成員",
      "title": "？？？",
      "content": "喂！你這小子又要往哪……"
    },
    {
      "id": 6,
      "content": "孩子隨著哐當聲消失在右側。"
    },
    {
      "id": 7,
      "content": "一個後巷幫派成員模樣的追擊者罵罵咧咧地緩步走向那孩子消失的巷子深處。"
    },
    {
      "id": 8,
      "content": "一扇遍布著暗紅鏽跡的鐵門。那孩子一定是藏進了這裡。"
    },
    {
      "id": 9,
      "teller": "愚蠢的幫派成員",
      "title": "？？？",
      "content": "媽的……你是不是想著逃入狹窄的室內長劍就使不上勁了？"
    },
    {
      "id": 10,
      "content": "追擊者嗤嗤冷笑著將劍插回腰間，又拔出一把更短的劍。"
    },
    {
      "id": 11,
      "teller": "愚蠢的幫派成員",
      "title": "？？？",
      "content": "蠢貨，我一直隨身帶著兩把劍可是有道理的……嘿嘿。"
    },
    {
      "id": 12,
      "content": "追擊者獰笑著進了門。"
    },
    {
      "id": 13,
      "content": "然而，這卻是一個他完全始料未及的陷阱。"
    },
    {
      "id": 14,
      "model": "그레고르",
      "teller": "格里高爾",
      "title": "23區後巷",
      "content": "抓到……你嘍。"
    },
    {
      "id": 15,
      "teller": "愚蠢的幫派成員",
      "title": "？？？",
      "content": "什？！"
    },
    {
      "id": 16,
      "content": "那個孩子的身影明明已無跡可尋，現在卻突然從自己身後浮現。"
    },
    {
      "id": 17,
      "content": "令他難以置信。"
    },
    {
      "id": 18,
      "teller": "愚蠢的幫派成員",
      "title": "？？？",
      "content": "你、你是怎麼……"
    },
    {
      "id": 19,
      "model": "그레고르",
      "teller": "格里高爾",
      "title": "23區後巷",
      "content": "你的劍長也好短也罷……凡是摸進我“工坊”裡頭的食材，未曾有能活著出去的。"
    },
    {
      "id": 20,
      "teller": "愚蠢的幫派成員",
      "title": "？？？",
      "content": "食、食材……？"
    },
    {
      "id": 21,
      "model": "그레고르",
      "teller": "格里高爾",
      "title": "23區後巷",
      "content": "對，你呀……上當嘍。這算是產地直供了。"
    },
    {
      "id": 22,
      "content": "陰險的追擊者這才幡然醒悟。"
    },
    {
      "id": 23,
      "content": "他追了那個孩子一路……最終竟闖進了味之巷的一間食材倉庫。"
    },
    {
      "id": 24,
      "model": "그레고르",
      "teller": "格里高爾",
      "title": "23區後巷",
      "content": "所以你為什麼要挑釁普通的路人啊……就算我一開始對你沒想法，也會讓我想看看你的肉質新不新鮮了啊。"
    },
    {
      "id": 25,
      "teller": "愚蠢的幫派成員",
      "title": "？？？",
      "content": "那，那這裡豈不是……良秀的大肉……"
    },
{
      "id": 26,
      "model": "그레고르",
      "teller": "格里高爾",
      "title": "23區後巷",
      "content": "呼……沒錯。是良・派。雖然我不怎麼喜歡這店名。"
    },
    {
      "id": 27,
      "content": "追擊者……或是強盜。無論如何，現在都淪為了可悲的犧牲品，用夾雜著恐懼的聲音喃喃自語。"
    },
    {
      "id": 28,
      "content": "哪怕他是對周邊尚不熟悉的新晉幫派成員，也至少曾有耳聞。23區後巷的街道上到處都是用人肉製作派的店鋪。"
    },
    {
      "id": 29,
      "model": "그레고르",
      "teller": "格里高爾",
      "title": "23區後巷",
      "content": "嘶……因為是那傢伙開的店，所以店上寫著她的名倒也沒什麼錯……"
    },
    {
      "id": 30,
      "model": "그레고르",
      "teller": "格里高爾",
      "title": "23區後巷",
      "content": "但我怎麼想也想不通不叫作良秀的大肉派，而是叫良・派的這件事。"
    },
    {
      "id": 31,
      "model": "그레고르",
      "teller": "格里高爾",
      "title": "23區後巷",
      "content": "由於我晚來一步才被一邊敲著後腦勺挨著罵一邊學習料理……哈啊，就算都忍下來了，唯獨那起名審美是無論如何也沒法理解啊。"
    },
    {
      "id": 32,
      "model": "그레고르",
      "teller": "格里高爾",
      "title": "23區後巷",
      "content": "喂，你也這麼想吧？從獲取食材到分解和處理可都是我在幹，讓我來改善下店鋪名字總可以吧？"
    },
    {
      "id": 33,
      "content": "老舊中式菜刀的刀背敲了敲。"
    },
    {
      "id": 34,
      "content": "一邊觸碰著緊張至極的犧牲品的肩膀，孩子傾訴著不滿。"
    },
    {
      "id": 35,
      "teller": "愚蠢的幫派成員",
      "title": "？？？",
      "content": "當，當然了！先生您的意見理應得到反映才對！"
    },
    {
      "id": 36,
      "model": "그레고르",
      "teller": "格里高爾",
      "title": "23區後巷",
      "content": "哦喲，可別這樣。剛才還這傢伙那傢伙的……突然叫先生搞得我起了一身雞皮疙瘩。"
    },
    {
      "id": 37,
      "teller": "格里高爾",
      "title": "？？？",
      "content": "對，對不起！"
    },
    {
      "id": 38,
      "model": "그레고르",
      "teller": "格里高爾",
      "title": "23區後巷",
      "content": "……不用感到抱歉。就算這樣也不會放你走的。"
    },
    {
      "id": 39,
      "teller": "愚蠢的幫派成員",
      "title": "？？？",
      "content": "先，先生！您這麼厲害，就應該把那個在上頭出盡風頭的傢伙殺了再取而代之啊！我，我來幫……"
    },
    {
      "id": 40,
      "model": "그레고르",
      "teller": "格里高爾",
      "title": "23區後巷",
      "content": "喔……那可真是個不錯的主意啊？"
    },
    {
      "id": 41,
      "teller": "愚蠢的幫派成員",
      "title": "？？？",
      "content": "真的嗎？那麼只要把我……把我放出去……！"
    },
    {
      "id": 42,
      "model": "그레고르",
      "teller": "格里高爾",
      "title": "23區後巷",
      "content": "哎呀真是，你好煩啊。"
    },
    {
      "id": 43,
      "content": "以此句為結尾，隨後房間內只剩下了砍切的聲音。"
    },
    {
      "id": 44,
      "model": "그레고르",
      "teller": "格里高爾",
      "title": "23區後巷",
      "content": "那啥……挺感謝你看好我的，老兄。但就算這樣我現在也還做不出良秀廚師長那種水平的餡餅啊。"
    },
    {
      "id": 45,
      "content": "手上處理著餡料的孩子繼續喃喃自語道。"
    },
    {
      "id": 46,
      "content": "即便已經沒了聽眾。"
    },
    {
      "id": 47,
      "model": "그레고르",
      "teller": "格里高爾",
      "title": "23區後巷",
      "content": "雖然她總是煩我，還動不動就威脅我說要解僱我，令人火大……但她是個值得學習的好廚師……我暫時還是得乖乖聽她的話。至少當下。"
    },
    {
      "id": 48,
      "model": "그레고르",
      "teller": "格里高爾",
      "title": "23區後巷",
      "content": "所以別太難過，老兄。如果你是個著名大廚的話，我興許還會猶豫一下。呵。"
    },
    {
      "id": 49,
      "content": "如果時過境遷，他又會打算怎麼做呢。雖然孩子的內心十分令人好奇……"
    },
    {
      "id": 50,
      "content": "不過，那倒也不像是和平到想讓人對其感到好奇的場面。對吧？"
    }
  ]
}