{
  "dataList": [
    {
      "id": 0,
      "model": "파우스트",
      "title": "W公司 清掃人員",
      "content": "[22:32:40] \n[WARP，或者說次元移動……]"
    },
    {
      "id": 1,
      "model": "파우스트",
      "title": "W公司 清掃人員",
      "content": "[23:02:11]\n[……二十三點零二分，浮士德……繼第十六號記錄之後。]"
    },
    {
      "id": 2,
      "model": "파우스트",
      "title": "W公司 清掃人員",
      "content": "[23:02:15]\n[實際上，W公司的奇點建立在極度複雜的利益網絡之上。]"
    },
    {
      "id": 3,
      "model": "파우스트",
      "title": "W公司 清掃人員",
      "content": "[23:02:33] \n[通過購買未能成為翼的奇點科技，僅僅是將目標扔進指定的“次元”之中。]"
    },
    {
      "id": 4,
      "model": "파우스트",
      "title": "W公司 清掃人員",
      "content": "[23:02:59]\n[雖然對W公司奇點的真面目仍然沒有把握……不過，將四處流傳的謠言收集整理，總結歸納之後……]"
    },
    {
      "id": 5,
      "model": "파우스트",
      "title": "W公司 清掃人員",
      "content": "[23:02:59]\n[（梳頭聲）我覺得，那可能酷似於計算機的“撤銷”功能。]"
    },
    {
      "id": 6,
      "model": "파우스트",
      "title": "W公司 清掃人員",
      "content": "[23:03:13] \n[換句話說他們所擁有的技術，只要保存著事物過去的形態就可以隨心所欲地對其進行還原。]"
    },
    {
      "id": 7,
      "model": "파우스트",
      "title": "W公司 清掃人員",
      "content": "[23:03:21] \n[結果上由於乘客們會覺得一眨眼就到站了，所以說不定也沒有關係。]"
    },
    {
      "id": 8,
      "model": "파우스트",
      "title": "W公司 清掃人員",
      "content": "[23:03:30]\n[哈……我，浮士德認為我們這樣的清掃人員進行的“清掃”流程並不合理。]"
    },
    {
      "id": 9,
      "model": "파우스트",
      "title": "W公司 清掃人員",
      "content": "[23:03:48] \n[不過，不可逆的行為只要經過幾個奇點的處理就會變為可逆現象的事實又令人頗有興致。]"
    },
    {
      "id": 10,
      "model": "파우스트",
      "title": "W公司 清掃人員",
      "content": "[23:04:02] \n[……即將結束錄音。]"
    },
    {
      "id": 11,
      "model": "파우스트",
      "title": "W公司 清掃人員",
      "content": "[23:04:33] \n[雖然總是三番五次提到這句話，但這些分析並不是為了公益。]"
    },
    {
      "id": 12,
      "model": "파우스트",
      "title": "W公司 清掃人員",
      "content": "[23:04:41] \n[我，浮士德……]"
    },
    {
      "id": 13,
      "model": "파우스트",
      "title": "W公司 清掃人員",
      "content": "[23:04:58]\n[只是……想要知曉都市的全部而已。]"
    },
    {
      "id": 14,
      "model": "파우스트",
      "title": "W公司 清掃人員",
      "content": "[23:05:00] \n[……二十三時零五分，浮士德，結束錄音。]"
    }
  ]
}