{
  "dataList": [
    {
      "id": 0,
      "content": "在小巷某處的一家牛肉麵館裡……"
    },
    {
      "id": 1,
      "content": "孩子一個人坐在桌前，正津津有味地吃著午餐。"
    },
    {
      "id": 2,
      "content": "雖說她並不忌諱和其他人打交道，但並不特別熱衷於此是這孩子的特點之一。"
    },
    {
      "id": 3,
      "content": "雖說六協會的收尾人們經常熱熱鬧鬧地聚一大群人吃飯，但這孩子的氛圍卻和她的同事們不太一樣。"
    },
    {
      "id": 4,
      "content": "雖然孩子願意的話也可以融入那樣吵鬧的人群，但她看起來更享受一個人進食。"
    },
    {
      "id": 5,
      "model": "이스마엘",
      "teller": "以實瑪利",
      "title": "六協會 4科",
      "content": "……呼，燙。我接個電話。"
    },
    {
      "id": 6,
      "model": "이스마엘",
      "teller": "以實瑪利",
      "title": "六協會 4科",
      "content": "現在嗎……？我現在在吃飯，能不能等一下再……"
    },
    {
      "id": 7,
      "model": "이스마엘",
      "teller": "以實瑪利",
      "title": "六協會 4科",
      "content": "我知道了……"
    },
    {
      "id": 8,
      "content": "是的，也許是因為工作的關係。"
    },
    {
      "id": 9,
      "teller": "親切的餐館老闆",
      "title": "牛肉麵館",
      "content": "哎呀，又沒吃完就要走了嗎？"
    },
    {
      "id": 10,
      "model": "이스마엘",
      "teller": "以實瑪利",
      "title": "六協會 4科",
      "content": "啊……對不起。還是像往常一樣，拜託了。"
    },
    {
      "id": 11,
      "teller": "親切的餐館老闆",
      "title": "牛肉麵館",
      "content": "打包之後保存起來嗎？沒問題~"
    },
    {
      "id": 12,
      "content": "看上去孩子已經不止有一兩次沒吃完飯就被電話叫出去了。"
    },
    {
      "id": 13,
      "model": "이스마엘",
      "teller": "以實瑪利",
      "title": "六協會 4科",
      "content": "好的，我出來了。在哪個方位？"
    },
    {
      "id": 14,
      "model": "이스마엘",
      "teller": "以實瑪利",
      "title": "六協會 4科",
      "content": "哈啊……還有啊。我之前也請求過，我和其他人糾葛在一起就已經很累了，只有用餐時間這件事，能不能給我保障一下。"
    },
    {
      "id": 15,
      "model": "이스마엘",
      "teller": "以實瑪利",
      "title": "六協會 4科",
      "content": "……不是！我回去之後面就全坨了啊！能吃的東西只有餃子，這像話嗎？"
    },
    {
      "id": 16,
      "model": "이스마엘",
      "teller": "以實瑪利",
      "title": "六協會 4科",
      "content": "啊？！用U公司的現狀保存包裝？你知道那東西有多貴嗎？"
    },
    {
      "id": 17,
      "model": "이스마엘",
      "teller": "以實瑪利",
      "title": "六協會 4科",
      "content": "夠了！我要掛了。"
    },
    {
      "id": 18,
      "content": "孩子煩躁地切斷了通話。"
    },
    {
      "id": 19,
      "model": "이스마엘",
      "teller": "以實瑪利",
      "title": "六協會 4科",
      "content": "哈……逗我呢不是，我還以為今天有空就點了份大碗的。"
    },
    {
      "id": 20,
      "model": "이스마엘",
      "teller": "以實瑪利",
      "title": "六協會 4科",
      "content": "……他們一直對我說，我是他們唯一信任能夠勝任這些工作的人，我還能說什麼呢？"
    },
    {
      "id": 21,
      "content": "那孩子在六協會南部4科的同事之中技藝精湛，特別擅長迅速拉近距離進行近距離擊打，這使她在獨自面對成群的敵人時表現得更加出色。"
    },
    {
      "id": 22,
      "content": "不過……換而言之，這可能意味著她的天賦與六協會在協同進攻方面的專攻不太契合。"
    },
    {
      "id": 23,
      "content": "如果她是個善於交際的人，她就不必因為吃飯時間的不同，所以在吃飯時為了趕上他們本該同時開始的任務而放棄她的美餐了吧？"
    },
    {
      "id": 24,
      "teller": "不足掛齒的幫派成員",
      "title": "？？？",
      "content": "唔！呃！"
    },
    {
      "id": 25,
      "model": "이스마엘",
      "teller": "以實瑪利",
      "title": "六協會 4科",
      "content": "下一個。"
    },
    {
      "id": 26,
      "content": "那孩子就這樣打倒了一個又一個敵人，臉上流露著一絲憤怒。"
    },
    {
      "id": 27,
      "teller": "驚慌失措的幫派成員",
      "title": "？？？",
      "content": "嘁，我捅不穿這傢伙的衣服！"
    },
    {
      "id": 28,
      "teller": "驚慌失措的幫派成員",
      "title": "？？？",
      "content": "啊！"
    },
    {
      "id": 29,
      "model": "이스마엘",
      "teller": "以實瑪利",
      "title": "六協會 4科",
      "content": "哈，想刺穿協會配備的衣服，那樣的東西遠遠不夠。"
    },
    {
      "id": 30,
      "content": "她速度快得驚人，讓周圍的同僚都瞠目結舌，以破竹之勢，瞬間將敵陣夷為平地。"
    },
    {
      "id": 31,
      "teller": "心驚膽寒的幫派成員",
      "title": "？？？",
      "content": "你，你個……"
    },
    {
      "id": 32,
      "content": "然後，當敵人的餘孽在這孩子麵前逡巡不前時……"
    },
    {
      "id": 33,
      "content": "那孩子擺擺手嘲弄道："
    },
    {
      "id": 34,
      "model": "이스마엘",
      "teller": "以實瑪利",
      "title": "六協會 4科",
      "content": "全都一起上吧。我的面都坨了讓我很不爽啊。"
    }
  ]
}