{
  "dataList": [
    {
      "id": 0,
      "model": "오티스",
      "title": "劍契組 封口人",
      "content": "最重要的部分是對腰部出擊，你的步伐必須像閃電一樣快……"
    },
    {
      "id": 1,
      "model": "오티스",
      "title": "劍契組 封口人",
      "content": "你曾經這麼向我說過。"
    },
    {
      "id": 2,
      "content": "這孩子沙啞的獨白——或者說對話——是對她的刀說的。"
    },
    {
      "id": 3,
      "model": "오티스",
      "title": "劍契組 封口人",
      "content": "多麼具有諷刺意味，你在你的學生的劍下喪命，被你教給她的技能打倒。"
    },
    {
      "id": 4,
      "content": "雖然有一位師傅傳授了劍術，但這個人也不一定是劍契的一員。"
    },
    {
      "id": 5,
      "content": "一群無法無天的劍客隨心所欲地揮舞著他們的武器，他們過於無序，甚至都不能簡單地稱為 \"自由\"。"
    },
    {
      "id": 6,
      "content": "如果一定要找一個詞把他們聯繫在一起，那就是 \"生存\"。"
    },
    {
      "id": 7,
      "content": "他們選擇以劍為生。"
    },
    {
      "id": 8,
      "content": "並且，任何阻礙他們生存的人都會被毫不留情的報以利刃，這是大多數劍契成員的共有特點。"
    },
    {
      "id": 9,
      "model": "오티스",
      "title": "劍契組 封口人",
      "content": "或許，我也應該走上這條路？"
    },
    {
      "id": 10,
      "content": "她已經決定不會為她殺死自己師傅的那一天抱有太大的遺憾。畢竟，砍掉阻擋她前進的障礙是正確的做法。"
    },
    {
      "id": 11,
      "content": "那是她順應著的更大的潮流。"
    },
    {
      "id": 12,
      "content": "因此，她下定決心這次也要無怨無悔地順其自然。"
    },
    {
      "id": 13,
      "model": "오티스",
      "title": "劍契組 封口人",
      "content": "……如果有障礙，我將把它們盡數斬斷。"
    },
    {
      "id": 14,
      "content": "孩子的眼睛裡閃爍著堅定的光芒。"
    }
  ]
}