{
  "dataList": [
    {
      "id": 0,
      "model": "파우스트",
      "teller": "浮士德",
      "title": "執柄者",
      "content": "辛克萊"
    },
    {
      "id": 1,
      "content": "一道輕柔的聲音籠罩了這個空間。"
    },
    {
      "id": 2,
      "model": "파우스트",
      "teller": "浮士德",
      "title": "執柄者",
      "content": "看這邊，辛克萊。"
    },
    {
      "id": 3,
      "content": "這聲音像是要包裹他，甚至，像是還要層層盤繞那般。"
    },
    {
      "id": 4,
      "content": "然而。"
    },
    {
      "id": 5,
      "model": "파우스트",
      "teller": "浮士德",
      "title": "執柄者",
      "content": "咯咯……哈哈哈！這難道不是一幅絕景嗎？"
    },
    {
      "id": 6,
      "content": "那孩子身旁的人發出了彷彿要徹底扭曲空氣的笑聲，如同兩塊鋒利的金屬片相互摩擦又彈開的，令人毛骨悚然的尖嘯。"
    },
    {
      "id": 7,
      "content": "仔細打量周圍的區域後……"
    },
    {
      "id": 8,
      "content": "你便可以看到，這四周被刀鋒般的熊熊烈焰所包圍。"
    },
    {
      "id": 9,
      "model": "파우스트",
      "teller": "浮士德",
      "title": "執柄者",
      "content": "感覺如何，辛克萊？目睹這烈火包圍一切的景色，感覺如何！"
    },
    {
      "id": 10,
      "content": "她的聲音甚至可以說是瘋狂，而她譏諷的笑容要比她周圍的火焰更加扭曲。"
    },
    {
      "id": 11,
      "model": "싱클레어",
      "teller": "辛克萊",
      "title": "準執柄者",
      "content": "……啊。"
    },
    {
      "id": 12,
      "content": "就在這時，那孩子張開了嘴。"
    },
    {
      "id": 13,
      "content": "他的嘴唇在顫抖，肺部不停發出喘息聲。"
    },
    {
      "id": 14,
      "content": "這是出於恐懼嗎？的確，看起來就是如此。"
    },
    {
      "id": 15,
      "content": "毫無疑問，這孩子一定曾擁有過那所謂“機會”。"
    },
    {
      "id": 16,
      "content": "他本可以憑自己的力量打破那卵殼般的桎梏，從而自己掌握自己的人生道路。 "
    },
    {
      "id": 17,
      "content": "但是……"
    },
    {
      "id": 18,
      "model": "싱클레어",
      "teller": "辛克萊",
      "title": "準執柄者",
      "content": "這真美麗啊……浮士德。這些污穢噁心的東西受到淨化的樣子看起來真是美麗。"
    },
    {
      "id": 19,
      "content": "借助他人的力量破殼而出，是一種幾乎無法拒絕的便捷。"
    },
    {
      "id": 20,
      "content": "即便他們並不是你的母鳥……"
    },
    {
      "id": 21,
      "content": "即便他們緊緊掌握又肆意操縱著你前進的道路……"
    },
    {
      "id": 22,
      "content": "令人不安卻又好似溫暖的火焰，偽裝成一團帶來寬慰的篝火，引誘著你放下戒備與力量。"
    },
    {
      "id": 23,
      "model": "싱클레어",
      "teller": "辛克萊",
      "title": "準執柄者",
      "content": "為什麼我沒能早些放下，浮士德？"
    },
    {
      "id": 24,
      "model": "싱클레어",
      "teller": "辛克萊",
      "title": "準執柄者",
      "content": "已然有如此清晰的答案擺在面前，又何必再絞盡腦汁的思考下去。"
    },
    {
      "id": 25,
      "content": "孩子的聲音滿含著顫抖和嗚咽，就在哭泣的邊緣。"
    },
    {
      "id": 26,
      "content": "雛鳥太早就被逼出鳥巢， 極力掩飾著他缺乏自信的事實……"
    },
    {
      "id": 27,
      "content": "那雛鳥就是他，甚至還沒有完全破殼而出。"
    },
    {
      "id": 28,
      "content": "這是對這孩子最貼切的描述。"
    },
    {
      "id": 29,
      "model": "파우스트",
      "teller": "浮士德",
      "title": "執柄者",
      "content": "不是任何人都能成為浮士德這般，辛克萊。"
    },
    {
      "id": 30,
      "model": "파우스트",
      "teller": "浮士德",
      "title": "執柄者",
      "content": "不過，沒有關係……呼。"
    },
    {
      "id": 31,
      "content": "那銀髮的孩子指著天空說道。"
    },
    {
      "id": 32,
      "content": "在上面某處，一個被刺穿在長釘上的東西正在在喃喃自語，發出模糊的機械噪音。"
    },
    {
      "id": 33,
      "model": "싱클레어",
      "teller": "辛克萊",
      "title": "準執柄者",
      "content": "啊……啊啊！"
    },
    {
      "id": 34,
      "content": "孩子的瞳孔進一步收縮，他的顫抖也愈加劇烈。"
    },
    {
      "id": 35,
      "content": "他其實並不希望看到自己所目睹的這一切，是再顯眼不過的事實。"
    },
{
      "id": 36,
      "content": "即便他也明白這一點，但他決定不去理會它。"
    },
    {
      "id": 37,
      "content": "即便他也認為他所做的事情絕非正確，但他無法拒絕由這只陌生的母鳥送到他嘴邊的吃食。"
    },
    {
      "id": 38,
      "content": "一隻除了張嘴和吞嚥之外，什麼都不用做的，粉紅色的雛鳥。"
    },
    {
      "id": 39,
      "content": "他已經縱身躍入了沸騰的油鍋，除了扇動那行將融化的雙翼外，他毫無選擇。"
    },
    {
      "id": 40,
      "content": "……雖然，當某日火焰停息時，他一定早就化為了灰燼。"
    },
    {
      "id": 41,
      "model": "싱클레어",
      "teller": "辛克萊",
      "title": "準執柄者",
      "content": "哈……哈哈。"
    },
    {
      "id": 42,
      "content": "那孩子笑了。 "
    },
    {
      "id": 43,
      "model": "파우스트",
      "teller": "浮士德",
      "title": "執柄者",
      "content": "恭喜你，辛克萊。你已經成為能以此為樂的人了。"
    },
    {
      "id": 44,
      "content": "站在那孩子身邊的人由衷地向他祝賀。"
    },
    {
      "id": 45,
      "content": "不過，她實際上是在讚美自己的成就。如果可能性真的分歧出了眾多的平行世界……那她一定成功的將這孩子塑造成了一個，其他的世界定會為之所妒的樣子。"
    },
    {
      "id": 46,
      "content": "也許，某個平行世界中的人也曾多少窺見過這孩子在轉變中逐漸焦化的樣子，也曾讓那人深深著迷。"
    },
    {
      "id": 47,
      "content": "很快，那個世界也將經歷一場由烈火，滾油與火星織成的暴風雨。在那個世界的這孩子將也經歷一場類似，但截然不同的審判。"
    },
    {
      "id": 48,
      "model": "파우스트",
      "teller": "浮士德",
      "title": "執柄者",
      "content": "那我們開始吧，辛克萊。開始淨化這個世界。"
    },
    {
      "id": 49,
      "model": "싱클레어",
      "teller": "辛克萊",
      "title": "準執柄者",
      "content": "……好。"
    },
    {
      "id": 50,
      "content": "那孩子在火焰中哭泣。即便他不停的揮舞著手中的鐵器，他也無法執握住任何東西，無法改變自己的道路，也終將被火焰燃盡。"
    },
    {
      "id": 51,
      "content": "不論是他自己破殼而出，還是屈服於被他人執出卵殼的安逸……"
    },
    {
      "id": 52,
      "content": "雖然，在一個世界中發生的事情，終究會止於那個世界本身。"
    },
    {
      "id": 53,
      "content": "但是，你若是想要知道是哪個世界，無論以何種方式，先達到破殼的地步……"
    },
    {
      "id": 54,
      "content": "誰又說得準呢?"
    }
  ]
}