{
  "dataList": [
    {
      "id": 0,
      "content": "這孩子給了她唯一的觀眾一個自信的眼神，隨即從嘴中徐徐吐出一口菸霧。"
    },
    {
      "id": 1,
      "model": "료슈",
      "title": "黑雲會 若眾",
      "content": "怎麼樣，輔佐？這算不算得上一件藝術品？"
    },
    {
      "id": 2,
      "content": "菸氣繚繞過她的刀刃，利落地被一分為二。"
    },
    {
      "id": 3,
      "teller": "若頭輔佐",
      "title": "黑雲會",
      "content": "不得不說，你使劍真的很有一手。"
    },
    {
      "id": 4,
      "teller": "若頭輔佐",
      "title": "黑雲會",
      "content": "當然，多虧了你還有用，否則對若頭輔佐這樣失禮可不是砍一兩個手指就完事了。"
    },
    {
      "id": 5,
      "model": "료슈",
      "title": "黑雲會 若眾",
      "content": "真到了那時候記得告訴我，我已經有幾個砍掉它們的好點子了。"
    },
    {
      "id": 6,
      "content": "若頭輔佐苦笑了一下。"
    },
    {
      "id": 7,
      "content": "與其說是他對這孩子格外寬容，倒不如說是對這個天賦異稟、能夠靠劍術煽情地斬開菸氣的下屬無可奈何。"
    },
    {
      "id": 8,
      "teller": "若頭輔佐",
      "title": "黑雲會",
      "content": "我有個好消息給你，良秀君。"
    },
    {
      "id": 9,
      "model": "료슈",
      "title": "黑雲會 若眾",
      "content": "嗯。"
    },
    {
      "id": 10,
      "teller": "若頭輔佐",
      "title": "黑雲會",
      "content": "一場戰鬥近在眼前。"
    },
    {
      "id": 11,
      "model": "료슈",
      "title": "黑雲會 若眾",
      "content": "……那還真是個好消息。"
    },
    {
      "id": 12,
      "content": "這孩子瞇起眼睛，嘴角上揚，開始活動起了手指。"
    }
  ]
}