{
  "dataList": [
    {
      "id": 0,
      "model": "돈키호테",
      "title": "W公司 清掃人員",
      "content": "前輩！吾有疑問！"
    },
    {
      "id": 1,
      "model": "파우스트",
      "title": "W公司 清掃人員",
      "content": "請說。"
    },
    {
      "id": 2,
      "model": "돈키호테",
      "title": "W公司 清掃人員",
      "content": "聽說WARP列車在高速行駛時為了預防衝突事故，會加速通過郊區再返回，此話當真？"
    },
    {
      "id": 3,
      "model": "파우스트",
      "title": "W公司 清掃人員",
      "content": "不是。"
    },
    {
      "id": 4,
      "model": "돈키호테",
      "title": "W公司 清掃人員",
      "content": "這，這樣啊……那麼！據說會有存在於N17扭曲空間的“真空酒窖”為一等座的乘客們提供餐前酒，此事屬實！？"
    },
    {
      "id": 5,
      "model": "파우스트",
      "title": "W公司 清掃人員",
      "content": "不是。"
    },
    {
      "id": 6,
      "model": "돈키호테",
      "title": "W公司 清掃人員",
      "content": "唔，咳哼、當然吾也如此認為！那麼，吾等清掃人員是……"
    },
    {
      "id": 7,
      "model": "파우스트",
      "title": "W公司 清掃人員",
      "content": "後輩小姑娘，你是叫堂吉訶德對吧？"
    },
    {
      "id": 8,
      "model": "돈키호테",
      "title": "W公司 清掃人員",
      "content": "正是在下！"
    },
    {
      "id": 9,
      "model": "파우스트",
      "title": "W公司 清掃人員",
      "content": "……總之請先坐下。反正不用多久，你就能直接看見列車了。"
    },
    {
      "id": 10,
      "model": "돈키호테",
      "title": "W公司 清掃人員",
      "content": "哇吼！！！那，那吾就乖乖待著！"
    },
    {
      "id": 11,
      "content": "但是那孩子尚未得知。"
    },
    {
      "id": 12,
      "content": "為何前輩要在那時制止她繼續說下去。"
    },
    {
      "id": 13,
      "content": "為何她的回答會那樣簡潔明了。"
    },
    {
      "id": 14,
      "content": "即使如此，那孩子不久後還是得知了真相。"
    },
    {
      "id": 15,
      "model": "파우스트",
      "title": "W公司 清掃人員",
      "content": "……堂吉訶德小姐，不論怎樣抱有幻想都是你的自由。"
    },
    {
      "id": 16,
      "model": "돈키호테",
      "title": "W公司 清掃人員",
      "content": "這，這是……"
    },
    {
      "id": 17,
      "model": "파우스트",
      "title": "W公司 清掃人員",
      "content": "但也請你要明白現實和幻想也會存在差異。"
    },
    {
      "id": 18,
      "content": "向即將到站的列車門內看去後，那孩子慘白的臉上帶著困惑與厭惡混雜的表情，當場癱坐下來。"
    },
    {
      "id": 19,
      "content": "嗯，任誰來都會這樣吧。"
    },
    {
      "id": 20,
      "content": "如果知道了那輛列車……真正的樣貌的話。"
    }
  ]
}