{
  "dataList": [
    {
      "id": 0,
      "teller": "一臉好奇的同事",
      "title": "Seven協會 6科",
      "content": "……你為什麼還待在Seven協會呢？"
    },
    {
      "id": 1,
      "model": "료슈",
      "title": "Seven協會 6科",
      "content": "沒・因。"
    },
    {
      "id": 2,
      "content": "這個孩子對別人的提問總是很冷淡。"
    },
    {
      "id": 3,
      "content": "雖然這樣的行為沒什麼特別的意義，但Seven協會反而將目光放在了那孩子的這個特點上。"
    },
    {
      "id": 4,
      "content": "“信息不對稱性。 ”"
    },
    {
      "id": 5,
      "content": "雖然Seven協會負責收集情報，但原則上它也不會輕易把自己的情報分享出去。"
    },
    {
      "id": 6,
      "content": "從這點來說，這孩子大部分的情報都不願分享給他人。可以說是口風非常緊了吧？"
    },
    {
      "id": 7,
      "content": "當然，她並不是有意這樣的。"
    },
    {
      "id": 8,
      "content": "也許這孩子只是需要一個可以揮劍的地方，這種可能性更大。"
    },
    {
      "id": 9,
      "model": "료슈",
      "title": "Seven協會 6科",
      "content": "……呼，看好了。"
    },
    {
      "id": 10,
      "content": "這孩子用奇特的姿勢舉起了劍，瞬息間開始揮舞起來。"
    },
    {
      "id": 11,
      "content": "劍每次擊中目標都伴隨著剝落，切割，斷裂，飛散……"
    },
    {
      "id": 12,
      "model": "료슈",
      "title": "Seven協會 6科",
      "content": "劍・創・藝・極……"
    },
    {
      "id": 13,
      "content": "用劍創作出的藝術所能達到的極致。"
    },
    {
      "id": 14,
      "content": "如字面意思，眼前只剩下個與人類的形狀相去甚遠的肉塊。"
    }
  ]
}