{
  "dataList": [
    {
      "id": 0,
      "model": "로쟈",
      "teller": "羅佳",
      "title": "Zwei協會 5科",
      "content": "嘿~"
    },
    {
      "id": 1,
      "model": "히스클리프",
      "teller": "希斯克利夫",
      "title": "Zwei協會 5科",
      "content": "……"
    },
    {
      "id": 2,
      "model": "로쟈",
      "teller": "羅佳",
      "title": "Zwei協會 5科",
      "content": "我在跟你說話呢，希斯克利夫。"
    },
    {
      "id": 3,
      "model": "히스클리프",
      "teller": "希斯克利夫",
      "title": "Zwei協會 5科",
      "content": "……咋了。"
    },
    {
      "id": 4,
      "content": "這是都市中陽光明媚的一天。"
    },
    {
      "id": 5,
      "content": "那孩子坐在長椅上，戴著一副漆黑的墨鏡。"
    },
    {
      "id": 6,
      "content": "在她旁邊的坐著的，是認為自己沒有絲毫可疑之處的另一個孩子。"
    },
    {
      "id": 7,
      "model": "로쟈",
      "teller": "羅佳",
      "title": "Zwei協會 5科",
      "content": "你真的認為這麼做看起來不可疑嗎？"
    },
    {
      "id": 8,
      "model": "히스클리프",
      "teller": "希斯克利夫",
      "title": "Zwei協會 5科",
      "content": "……如果你不對我一直叨叨擾擾的話就是了。咋了，有意見嗎？"
    },
    {
      "id": 9,
      "model": "로쟈",
      "teller": "羅佳",
      "title": "Zwei協會 5科",
      "content": "嗯，確實有。在這年頭，誰還會像這樣伸著胳膊看報紙呢？"
    },
    {
      "id": 10,
      "model": "히스클리프",
      "teller": "希斯克利夫",
      "title": "Zwei協會 5科",
      "content": "……唔。"
    },
    {
      "id": 11,
      "model": "로쟈",
      "teller": "羅佳",
      "title": "Zwei協會 5科",
      "content": "只是埋頭看報就算了。為什麼你還總是透過報紙偷瞟？"
    },
    {
      "id": 12,
      "model": "로쟈",
      "teller": "羅佳",
      "title": "Zwei協會 5科",
      "content": "你會把我們的VIP嚇跑的。懂嗎？"
    },
    {
      "id": 13,
      "content": "那孩子一邊責備她的同事一邊長長地嘆了口氣。"
    },
    {
      "id": 14,
      "content": "這兩個孩子正在執行一項盯梢任務。具體來說叫作“保護指定人員”，一種Zwei協會的工作類別。"
    },
    {
      "id": 15,
      "content": "眾做周知，Zwei協會負責客戶的保護工作，但真正了解其工作細節的人並不多。"
    },
    {
      "id": 16,
      "content": "盯梢保護就是其中之一：為那些希望在不影響日常生活的情況下得到保護的人提供服務。"
    },
    {
      "id": 17,
      "model": "로쟈",
      "teller": "羅佳",
      "title": "Zwei協會 5科",
      "content": "哈……沒有什麼事發生嗎~在這裡坐著發呆實在太無聊了。"
    },
    {
      "id": 18,
      "content": "但是，這孩子顯得相當不滿。"
    },
    {
      "id": 19,
      "content": "這也可以理解，她之所以被指派從事保護指定人員的工作，只是因為她在不熟悉的環境中可以表現得很自然……"
    },
    {
      "id": 20,
      "content": "並不是因為這本就是她想做的。"
    },
    {
      "id": 21,
      "model": "로쟈",
      "teller": "羅佳",
      "title": "Zwei協會 5科",
      "content": "唉……我應該要選別的工作才是。但這在文件上描述得太酷了……"
    },
    {
      "id": 22,
      "content": "……也許這孩子也不是完全沒錯。"
    },
    {
      "id": 23,
      "model": "히스클리프",
      "teller": "希斯克利夫",
      "title": "Zwei協會 5科",
      "content": "……等下，他開始移動了？"
    },
    {
      "id": 24,
      "model": "로쟈",
      "teller": "羅佳",
      "title": "Zwei協會 5科",
      "content": "誒？他應該再在那待上一個小時或……餵！"
    },
    {
      "id": 25,
      "content": "她旁邊的孩子站了起來，並把報紙揉成一團。"
    },
    {
      "id": 26,
      "model": "로쟈",
      "teller": "羅佳",
      "title": "Zwei協會 5科",
      "content": "好啊~終於有事發生了！"
    },
    {
      "id": 27,
      "model": "히스클리프",
      "teller": "希斯克利夫",
      "title": "Zwei協會 5科",
      "content": "哈，說啥來啥……"
    },
    {
      "id": 28,
      "content": "一個興奮的孩子，和一個沮喪的孩子……"
    },
    {
      "id": 29,
      "content": "二人以巧妙的速度走到VIP的身後。"
    },
    {
      "id": 30,
      "teller": "可疑的交易者",
      "title": "？？？",
      "content": "……嘿。"
    },
    {
      "id": 31,
      "teller": "老實的VIP",
      "title": "？？？",
      "content": "嘿？"
    },
    {
      "id": 32,
      "teller": "可疑的交易者",
      "title": "？？？",
      "content": "你還沒明白現在是什麼情況嗎？"
    },
    {
      "id": 33,
      "teller": "可疑的交易者",
      "title": "？？？",
      "content": "你現在受到威脅了，明白嗎~？"
    },
    {
      "id": 34,
      "teller": "老實的VIP",
      "title": "？？？",
      "content": "什，什麼？我只是來見交付合同付款的人……"
    },
    {
      "id": 35,
      "teller": "可疑的交易者",
      "title": "？？？",
      "content": "沒有人要見，但現在要來見見我的刀刃。來，打個招呼吧！"
    },
    {
      "id": 36,
      "teller": "老實的VIP",
      "title": "？？？",
      "content": "啊，啊啊……"
    },
    {
      "id": 37,
      "model": "로쟈",
      "teller": "羅佳",
      "title": "Zwei協會 5科",
      "content": "好，到此為止！"
    },
    {
      "id": 38,
      "content": "一陣沉重的打擊聲在狹窄的小巷中迴盪。"
    },
    {
      "id": 39,
      "teller": "老實的VIP",
      "title": "？？？",
      "content": "是，是誰？！啊……Zwei？"
    },
    {
      "id": 40,
      "model": "로쟈",
      "teller": "羅佳",
      "title": "Zwei協會 5科",
      "content": "沒錯~自打我們簽了合同後就沒見過面了吧？"
    },
    {
      "id": 41,
      "teller": "老實的VIP",
      "title": "？？？",
      "content": "你們到底是在哪……"
    },
    {
      "id": 42,
      "model": "로쟈",
      "teller": "羅佳",
      "title": "Zwei協會 5科",
      "content": "如果您的實際行動計劃和告訴我們的太不一樣的話會很難辦的~"
    },
    {
      "id": 43,
      "model": "로쟈",
      "teller": "羅佳",
      "title": "Zwei協會 5科",
      "content": "當你偏離常規路線時，想要在你周圍不引人矚目可不容易……"
    },
    {
      "id": 44,
      "model": "로쟈",
      "teller": "羅佳",
      "title": "Zwei協會 5科",
      "content": "總之！從現在起Zwei會在此保護您的安全~"
    },
    {
      "id": 45,
      "model": "로쟈",
      "teller": "羅佳",
      "title": "Zwei協會 5科",
      "content": "希斯！把這個沒常識的混蛋收拾掉~"
    },
    {
      "id": 46,
      "content": "這孩子說完便站在客戶身前，擺出一副特有的防禦姿態。"
    },
    {
      "id": 47,
      "model": "로쟈",
      "teller": "羅佳",
      "title": "Zwei協會 5科",
      "content": "好，其他人都在哪裡？現在給我出來！"
    },
    {
      "id": 48,
      "content": "臉上掛著終於有事可做的喜悅笑容。"
    }
  ]
}