{
  "dataList": [
    {
      "id": 0,
      "model": "돈키호테",
      "title": "Zwei協會 6科",
      "content": "噢！汝在這啊！來，這是汝的份！"
    },
    {
      "id": 1,
      "model": "싱클레어",
      "title": "Zwei協會 6科",
      "content": "噓……小聲點！……這是奶茶嗎？謝、謝謝……"
    },
    {
      "id": 2,
      "content": "那孩子正在接受Zwei協會加入前的審查測驗。"
    },
    {
      "id": 3,
      "content": "像這樣提前接受協會的教育，通過完成簡略的委託來考察是否能勝任協會直屬的收尾人工作。"
    },
    {
      "id": 4,
      "model": "돈키호테",
      "title": "Zwei協會 6科",
      "content": "所以，那人就是我們要保護的重要人物嗎？"
    },
    {
      "id": 5,
      "content": "……雖然這在都市是人人皆知，不過收尾人的等級和執照是由Hana協會管理的。"
    },
    {
      "id": 6,
      "content": "話雖如此，Hana協會也並非直接主管所有審查測驗。"
    },
    {
      "id": 7,
      "content": "形式上是各協會直接主管著執照測驗，再把結果報告給Hana協會。"
    },
    {
      "id": 8,
      "content": "這孩子也是那樣接受了Zwei協會的加入測驗……"
    },
    {
      "id": 9,
      "content": "突然遭遇了要保護的重要人物被捲入爭吵的場面。"
    },
    {
      "id": 10,
      "content": "出於恐懼與不安，孩子猶豫著要不要上前……"
    },
    {
      "id": 11,
      "model": "돈키호테",
      "title": "Zwei協會 6科",
      "content": "像這樣一動不動，是有違Zwei信念的！"
    },
    {
      "id": 12,
      "content": "孩子忽地想起自己在執照測驗裡說過的話。"
    },
    {
      "id": 13,
      "content": "隨後他輕輕點了點頭，這般說道。"
    },
    {
      "id": 14,
      "model": "싱클레어",
      "title": "Zwei協會 6科",
      "content": "沒錯……我們可是Zwei，委託人之盾啊。"
    }
  ]
}