{
  "dataList": [
    {
      "id": 0,
      "model": "로쟈",
      "teller": "羅佳",
      "title": "N公司 中錘",
      "content": "棒極了。"
    },
    {
      "id": 1,
      "model": "로쟈",
      "teller": "羅佳",
      "title": "N公司 中錘",
      "content": "真的，非常棒！"
    },
    {
      "id": 2,
      "model": "로쟈",
      "teller": "羅佳",
      "title": "N公司 中錘",
      "content": "這世上怎會有如此出色之人？"
    },
    {
      "id": 3,
      "model": "로쟈",
      "teller": "羅佳",
      "title": "N公司 中錘",
      "content": "不對，應該說這世上竟會有如此眾多仿冒人類的劣質品？"
    },
    {
      "id": 4,
      "model": "로쟈",
      "teller": "羅佳",
      "title": "N公司 中錘",
      "content": "遇到執柄者後我才明白，明明在街上走兩步就能聞到那令人不快的臭味，我卻在拼命裝作沒發現的樣子活到現在！"
    },
    {
      "id": 5,
      "model": "로쟈",
      "teller": "羅佳",
      "title": "N公司 中錘",
      "content": "執柄者的聲音時常能夠推翻我那愚蠢的想法，讓我被正確的思想所充盈。"
    },
    {
      "id": 6,
      "model": "로쟈",
      "teller": "羅佳",
      "title": "N公司 中錘",
      "content": "第一次被稱呼為錘子的時候也是，第一次揮下錘子的時候也是，那道聲音引導著我平靜下來！"
    },
    {
      "id": 7,
      "model": "로쟈",
      "teller": "羅佳",
      "title": "N公司 中錘",
      "content": "啊啊，我究竟為什麼會因為粉碎那些不潔的存在而感到恐懼呢？"
    },
    {
      "id": 8,
      "model": "로쟈",
      "teller": "羅佳",
      "title": "N公司 中錘",
      "content": "明明那些不潔的人類們正堂堂地走在路上，我為什麼沒有想到這土地正在被他們玷污呢！"
    },
    {
      "id": 9,
      "model": "로쟈",
      "teller": "羅佳",
      "title": "N公司 中錘",
      "content": "而後我醒悟了。"
    },
    {
      "id": 10,
      "model": "로쟈",
      "teller": "羅佳",
      "title": "N公司 中錘",
      "content": "我那美麗的故鄉也被這樣不淨的……異端們毫不在意地大步踐踏著的事實！"
    },
    {
      "id": 11,
      "model": "로쟈",
      "teller": "羅佳",
      "title": "N公司 中錘",
      "content": "成為中錘後的第一周，我第一次向執柄者訴說。說我想糾正變得污濁的故鄉的未來！"
    },
    {
      "id": 12,
      "model": "로쟈",
      "teller": "羅佳",
      "title": "N公司 中錘",
      "content": "執柄者一如既往地露出仁慈的笑容。"
    },
    {
      "id": 13,
      "model": "파우스트",
      "teller": "浮士德",
      "title": "執柄者",
      "content": "那就如你所願。"
    },
    {
      "id": 14,
      "model": "로쟈",
      "teller": "羅佳",
      "title": "N公司 中錘",
      "content": "啊啊，果然我是被執柄者選中之人！"
    },
    {
      "id": 15,
      "model": "로쟈",
      "teller": "羅佳",
      "title": "N公司 中錘",
      "content": "那天晚上，後巷居民們的屍體被堆成了塔。"
    },
    {
      "id": 16,
      "model": "로쟈",
      "teller": "羅佳",
      "title": "N公司 中錘",
      "content": "啊啊，沒錯。就是身為“異端”的住民們！"
    },
    {
      "id": 17,
      "model": "로쟈",
      "teller": "羅佳",
      "title": "N公司 中錘",
      "content": "看著他們被釘在距離大地最遠的地方……我開心得笑出聲來。"
    },
    {
      "id": 18,
      "model": "로쟈",
      "teller": "羅佳",
      "title": "N公司 中錘",
      "content": "甚至想要親吻淨化過後的、潔淨的故鄉的泥土。"
    }
  ]
}