{
  "dataList": [
    {
      "id": 0,
      "content": "那個筆記上的第一行，以一個小小的疑問開始。"
    },
    {
      "id": 1,
      "content": "“R公司的建築樣式很奇怪。建築樣式通常應該與周邊地區的翼相似，但又與J公司、S公司或T公司找不到任何關聯。 ”"
    },
    {
      "id": 2,
      "content": "“反而…倒是與W公司很接近。雖然向他人與圖書館詢問過其中的緣由，但無人知曉。 ”"
    },
    {
      "id": 3,
      "content": "“我，為了找到其中的緣由而寫下這個筆記。 ”"
    },
    {
      "id": 4,
      "model": "이스마엘",
      "title": "R公司 第四集團軍 馴鹿隊",
      "content": "可以肯定的是……在現在的R公司之前，一定也有過舊的R公司。"
    },
    {
      "id": 5,
      "content": "舊的R公司有著什麼樣的奇點，又為什麼消失了。孩子好奇著那些。"
    },
    {
      "id": 6,
      "content": "然後，追溯那個事實的話……"
    },
    {
      "id": 7,
      "model": "이스마엘",
      "title": "R公司 第四集團軍 馴鹿隊",
      "content": "嗯……為了找到那個……必須要入手關於舊的R公司的情報。"
    },
    {
      "id": 8,
      "content": "她相信能夠得到關於自己正在尋找之物的答案。"
    },
    {
      "id": 9,
      "content": "至於那個東西是什麼，現在說出來好像並沒有什麼意思。"
    },
    {
      "id": 10,
      "content": "如果有機會的話，就試試下次再說吧。"
    },
    {
      "id": 11,
      "model": "이스마엘",
      "title": "R公司 第四集團軍 馴鹿隊",
      "content": "嗚咕……下，下一個位置……"
    },
    {
      "id": 12,
      "content": "現在，光是看著這個孩子乾嚼止痛藥的樣子，就足以說明全部問題了。"
    }
  ]
}