{
  "dataList": [
    {
      "id": 0,
      "model": "홍루",
      "teller": "鴻璐",
      "title": "六協會 5科",
      "content": "怎麼樣，還合你口味嗎？浮士德小姐？"
    },
    {
      "id": 1,
      "model": "파우스트",
      "teller": "浮士德",
      "title": "？？？",
      "content": "……嗯。比起茶的香，味道反而是幾乎沒有。……這在物理上是可能的嗎？"
    },
    {
      "id": 2,
      "content": "孩子眼中閃爍著翡翠色的光。"
    },
    {
      "id": 3,
      "content": "雖說原本那眼瞳就是翡翠色……但偶爾似乎也會變得更為耀眼。"
    },
    {
      "id": 4,
      "model": "홍루",
      "teller": "鴻璐",
      "title": "六協會 5科",
      "content": "正是如此！這就是這款陳年茶葉的妙處所在。"
    },
    {
      "id": 5,
      "content": "那孩子興奮地喊著。"
    },
    {
      "id": 6,
      "model": "홍루",
      "teller": "鴻璐",
      "title": "六協會 5科",
      "content": "這是特供我家的最高級的普洱茶。在最為理想的環境下陳制了二十年以上……可以說是無價之寶了~"
    },
    {
      "id": 7,
      "model": "이상",
      "teller": "李箱",
      "title": "？？？",
      "content": "咳哼。"
    },
    {
      "id": 8,
      "content": "鄰座的孩子像是被茶嗆到了，小聲咳嗽了兩下。"
    },
    {
      "id": 9,
      "model": "파우스트",
      "teller": "浮士德",
      "title": "？？？",
      "content": "但我有些在意。花重金做到這種程度……就是說，只是為了品嚐帶有香氣的水的理由何在？"
    },
    {
      "id": 10,
      "model": "홍루",
      "teller": "鴻璐",
      "title": "六協會 5科",
      "content": "哈哈。這是因為你的舌頭只嚐過便宜貨，所以能感受到的味道比較少而已~"
    },
    {
      "id": 11,
      "model": "파우스트",
      "teller": "浮士德",
      "title": "？？？",
      "content": "……嗯。"
    },
    {
      "id": 12,
      "content": "桌邊似乎縈繞著一股幾乎要把茶水冷卻下來的寒氣。"
    },
    {
      "id": 13,
      "content": "當然，茶並沒有涼。"
    },
    {
      "id": 14,
      "model": "이상",
      "teller": "李箱",
      "title": "？？？",
      "content": "呃，我只知今日各位聚集於此，並非為了探討茶藝。"
    },
    {
      "id": 15,
      "content": "彷彿將要凍結的氣氛再次活躍起來。"
    },
    {
      "id": 16,
      "model": "홍루",
      "teller": "鴻璐",
      "title": "六協會 5科",
      "content": "啊，沒錯。所以說……是要說之前那次任務的事吧？"
    },
    {
      "id": 17,
      "model": "파우스트",
      "teller": "浮士德",
      "title": "？？？",
      "content": "是的。準確來說……是關於你左眼的事。"
    },
    {
      "id": 18,
      "content": "孩子微笑著抿了一口茶。"
    },
    {
      "id": 19,
      "content": "他的表情中貌似隱藏著微妙的情感。"
    },
    {
      "id": 20,
      "model": "홍루",
      "teller": "鴻璐",
      "title": "六協會 5科",
      "content": "我的眼睛是挺亮眼的~你們會在意也是情有可原。"
    },
    {
      "id": 21,
      "model": "파우스트",
      "teller": "浮士德",
      "title": "？？？",
      "content": "雖然人類的眼睛能起到類似於照相機鏡頭的作用，但並不能像這樣從眼球中釋放出時而耀眼，時而暗淡的光線。"
    },
    {
      "id": 22,
      "content": "孩子輕盈的語氣被白髮的孩子無情地打斷。"
    },
    {
      "id": 23,
      "model": "이상",
      "teller": "李箱",
      "title": "？？？",
      "content": "即使說是義眼，也十分異常。在這個時期，以昂貴茶葉招待他人的名門子弟，怎會戴著機械質感如此明顯的眼球？"
    },
    {
      "id": 24,
      "model": "홍루",
      "teller": "鴻璐",
      "title": "六協會 5科",
      "content": "與生俱來的事情還能怎麼辦呢~我可是……像寶石一樣的孩子。"
    },
    {
      "id": 25,
      "content": "孩子的語氣雖然貌似有些顫抖，但座位上的人們並沒有察覺到。"
    },
    {
      "id": 26,
      "content": "沒錯，這樣反而更好。"
    },
    {
      "id": 27,
      "content": "因為在孩子的立場上……他並不知道那顆眼睛將會何時閃耀。"
    }
  ]
}