{
  "dataList": [
    {
      "id": 0,
      "content": "這個孩子被身著重甲的人群所包圍著。"
    },
    {
      "id": 1,
      "content": "人群中的每一個人都一手握著巨大的鋼釘，另一手拿著更為龐大的鐵鎚。那鐵鎚大到幾乎一隻手都難以握住其手柄。"
    },
    {
      "id": 2,
      "teller": "虔誠的異端審判官",
      "title": "N公司 中錘",
      "content": "大錘，我向您匯報。"
    },
    {
      "id": 3,
      "content": "人群中的一人走到這孩子身邊，說道。"
    },
    {
      "id": 4,
      "teller": "虔誠的異端審判官",
      "title": "N公司 中錘",
      "content": "此處異端的身影已經被徹底清除。"
    },
    {
      "id": 5,
      "model": "뫼르소",
      "teller": "默爾索",
      "title": "N公司 大錘",
      "content": "……"
    },
    {
      "id": 6,
      "content": "這個被稱之為“大錘”的孩子，輕輕的嘆了口氣，呼吸似乎有些顫抖。"
    },
    {
      "id": 7,
      "model": "뫼르소",
      "teller": "默爾索",
      "title": "N公司 大錘",
      "content": "你可以帶隊回去了。"
    },
    {
      "id": 8,
      "content": "那孩子的聲音總是這麼低沉而冷漠。"
    },
    {
      "id": 9,
      "content": "受到臉上常年戴著的面具影響，他的聲音聽起來有種神聖的回音。"
    },
    {
      "id": 10,
      "teller": "虔誠的異端審判官",
      "title": "N公司 中錘",
      "content": "那您呢？大錘您……"
    },
    {
      "id": 11,
      "model": "뫼르소",
      "teller": "默爾索",
      "title": "N公司 大錘",
      "content": "我需要留在這裡確保事情徹底解決，這是執柄者賦予我的職責。"
    },
    {
      "id": 12,
      "teller": "虔誠的異端審判官",
      "title": "N公司 中錘",
      "content": "如執柄者所願。"
    },
    {
      "id": 13,
      "content": "咔噠，咔噠。"
    },
    {
      "id": 14,
      "content": "所有人都離開了，只留下那孩子一人待在這遍地橫屍的走廊。"
    },
    {
      "id": 15,
      "model": "뫼르소",
      "teller": "默爾索",
      "title": "N公司 大錘",
      "content": "呼……"
    },
    {
      "id": 16,
      "content": "那孩子摘下了面具。"
    },
    {
      "id": 17,
      "content": "露出了那被遮蓋的面容。"
    },
    {
      "id": 18,
      "content": "一種小型機械儀器覆蓋在他的嘴部，詭異的綠色管道嵌入了他的皮膚。"
    },
    {
      "id": 19,
      "content": "沒錯，這儀器來源於K公司。"
    },
    {
      "id": 20,
      "model": "뫼르소",
      "teller": "默爾索",
      "title": "N公司 大錘",
      "content": "我的信仰……正在流逝。"
    },
    {
      "id": 21,
      "content": "那孩子的聲音聽起來更加顫抖，但這並非恐懼所致。"
    },
    {
      "id": 22,
      "content": "而是來自於情感的奔湧，某種東西正在試圖打破現有的桎梏重獲自由。"
    },
    {
      "id": 23,
      "model": "뫼르소",
      "teller": "默爾索",
      "title": "N公司 大錘",
      "content": "呃啊！"
    },
    {
      "id": 24,
      "content": "然而，這動搖很快便平息了。"
    },
    {
      "id": 25,
      "content": "看上去那孩子對他嘴上的儀器做了些什麼，導管裡的液體立即湧入其中。"
    },
    {
      "id": 26,
      "model": "뫼르소",
      "teller": "默爾索",
      "title": "N公司 大錘",
      "content": "我……是純粹的……"
    },
    {
      "id": 27,
      "content": "喀噠，喀噠。"
    },
    {
      "id": 28,
      "model": "뫼르소",
      "teller": "默爾索",
      "title": "N公司 大錘",
      "content": "我是……忠於執柄者的……鐵鎚……"
    },
    {
      "id": 29,
      "content": "那孩子再次戴上了面具。"
    },
    {
      "id": 30,
      "content": "而後，他轉身離開，自己喃喃著什麼。"
    }
  ]
}