{
  "dataList": [
    {
      "id": 0,
      "teller": "？？？",
      "title": "？？？",
      "content": "呃啊！"
    },
    {
      "id": 1,
      "content": "隆隆轉動著的電鋸聲。"
    },
    {
      "id": 2,
      "teller": "？？？",
      "title": "？？？",
      "content": "唔……"
    },
    {
      "id": 3,
      "content": "人的手腳被切斷的聲音，慌張逃竄的腳步聲以及追踪著它的另一個腳步聲。"
    },
    {
      "id": 4,
      "content": "這孩子的外勤一直是這種氛圍。他總是攬下事務所里辛苦的工作，在解決後又迅速趕向下一個現場。"
    },
    {
      "id": 5,
      "model": "그레고르",
      "teller": "格里高爾",
      "title": "玫瑰扳手工坊",
      "content": "喂……為什麼這東西動不了？"
    },
    {
      "id": 6,
      "teller": "？？？",
      "title": "？？？",
      "content": "救，救命-"
    },
    {
      "id": 7,
      "model": "그레고르",
      "teller": "格里高爾",
      "title": "玫瑰扳手工坊",
      "content": "啊，行了。"
    },
    {
      "id": 8,
      "content": "……好像不是讓人想繼續看下去的場景。對吧?"
    },
    {
      "id": 9,
      "teller": "親切的員工",
      "title": "玫瑰扳手工坊",
      "content": "大叔~喝杯咖啡吧。"
    },
    {
      "id": 10,
      "model": "그레고르",
      "teller": "格里高爾",
      "title": "玫瑰扳手工坊",
      "content": "哦，哦……謝了！"
    },
    {
      "id": 11,
      "content": "結束工作回到事務所後，那孩子會在同一個地方進行同樣的行動。"
    },
    {
      "id": 12,
      "content": "一手拿著便宜的速溶咖啡，一邊勉強自己吸菸，直到疲勞有所緩解。"
    },
    {
      "id": 13,
      "model": "그레고르",
      "teller": "格里高爾",
      "title": "玫瑰扳手工坊",
      "content": "沒放奶油吧？謝啦……"
    },
    {
      "id": 14,
      "teller": "親切的員工",
      "title": "玫瑰扳手工坊",
      "content": "從我給大叔泡咖啡起已經過了好幾個月了，您覺得我還會忘嗎？"
    },
    {
      "id": 15,
      "content": "那孩子一邊和泡著咖啡的員工開著玩笑，一邊給自己的菸點上火。"
    },
    {
      "id": 16,
      "teller": "親切的員工",
      "title": "玫瑰扳手工坊",
      "content": "今天的工作都結束了嗎？"
    },
    {
      "id": 17,
      "model": "그레고르",
      "teller": "格里高爾",
      "title": "玫瑰扳手工坊",
      "content": "還沒……讓我看看~"
    },
    {
      "id": 18,
      "model": "그레고르",
      "teller": "格里高爾",
      "title": "玫瑰扳手工坊",
      "content": "剛剛一口氣解決了兩份……然後明天晚上有一份，在日出之前收拾掉這份工作就能稍微休息下了。"
    },
    {
      "id": 19,
      "teller": "親切的員工",
      "title": "玫瑰扳手工坊",
      "content": "哎呀……您還是休息下比較好吧？"
    },
    {
      "id": 20,
      "model": "그레고르",
      "teller": "格里高爾",
      "title": "玫瑰扳手工坊",
      "content": "沒事……越是努力幹活才能賺的越多。不也有那個，每天加班的傢伙在嗎？"
    },
    {
      "id": 21,
      "teller": "親切的員工",
      "title": "玫瑰扳手工坊",
      "content": "但那位說到底還是專門負責內務的……"
    },
    {
      "id": 22,
      "content": "“呼”，孩子苦笑著吐出一口菸。"
    },
    {
      "id": 23,
      "content": "正如那員工所說，這孩子也不過是個人類，他也知道自己的身體每天都疲憊不堪。"
    },
    {
      "id": 24,
      "content": "但是，這孩子有個夢想。"
    },
    {
      "id": 25,
      "model": "그레고르",
      "teller": "格里高爾",
      "title": "玫瑰扳手工坊",
      "content": "想要製造得到Tres協會認證的機器……要花很多錢吧。"
    },
    {
      "id": 26,
      "teller": "親切的員工",
      "title": "玫瑰扳手工坊",
      "content": "大叔，您還沒放棄嗎？"
    },
    {
      "id": 27,
      "model": "그레고르",
      "teller": "格里高爾",
      "title": "玫瑰扳手工坊",
      "content": "為什麼要放棄呢~可不能在這裡待到老死，這無良工坊。"
    },
    {
      "id": 28,
      "model": "그레고르",
      "teller": "格里高爾",
      "title": "玫瑰扳手工坊",
      "content": "我得儘早做出自己的工坊產品然後自立門戶。對吧？"
    },
    {
      "id": 29,
      "content": "孩子一邊說著，一邊撫摸自己拿著咖啡的手臂。"
    },
    {
      "id": 30,
      "content": "時而變成鏈鋸，時而變成短劍，又或是有時能噴出火焰的手臂。這就是那孩子嘔心瀝血準備的“獨屬於自己的機械”。"
    },
    {
      "id": 31,
      "content": "由於既沒有得到Tres協會認證，也沒有進行量產的資金，所以不得不拼命工作，但那孩子覺得這樣就好。"
    },
    {
      "id": 32,
      "content": "如果連自己一個人搗鼓的機器都必須得到認證的話，那也束手無策，只能放棄夢想了吧。"
    },
    {
      "id": 33,
      "teller": "親切的員工",
      "title": "玫瑰扳手工坊",
      "content": "……明白了。總之，請保重身體。你也知道事務所如果沒有大叔的話我們就會停轉了吧？"
    },
    {
      "id": 34,
      "content": "孩子只是笑著，把菸掐滅了。"
    },
    {
      "id": 35,
      "content": "他沒有必要回答。不管那是真是假，都並沒有改變他現在正是該動起身操勞起來的事實。"
    }
  ]
}