{
  "dataList": [
    {
      "id": 0,
      "model": "이스마엘",
      "title": "し協會 5科",
      "content": "果然還是得說一句……"
    },
    {
      "id": 1,
      "content": "那個孩子咬緊了嘴唇，自言自語。"
    },
    {
      "id": 2,
      "content": "其實孩子的心裡一直鬱悶不已。"
    },
    {
      "id": 3,
      "content": "因為部長強加著不現實的目標，而同事的性格又與協會的特色完全不合。"
    },
    {
      "id": 4,
      "model": "이스마엘",
      "title": "し協會 5科",
      "content": "唔……"
    },
    {
      "id": 5,
      "content": "孩子一邊重新包紮剛才開裂的傷口，一邊小聲地呻吟。雖然，不僅僅是因為這個原因。"
    },
    {
      "id": 6,
      "content": "即使她只是吐露內心的想法，都市裡也會有很多人產生共鳴吧。"
    },
    {
      "id": 7,
      "content": "她在都市中歷經過的數十個工作，以及在都市中漂泊的時間。"
    },
    {
      "id": 8,
      "content": "即使是獲得了收尾人資格後，對於依舊只能在最低的位置做雜務的她來說，這一切也只會讓她覺得效率低下且不合理吧。"
    },
    {
      "id": 9,
      "content": "雖說是雜務，但也不簡單。"
    },
    {
      "id": 10,
      "content": "雖說雙手沾上血污的便是收尾人，但其中也不乏忌諱之事。"
    },
    {
      "id": 11,
      "content": "身上到處纏著繃帶的孩子，率先做起了那樣的事。"
    },
    {
      "id": 12,
      "content": "她現在能置身於し協會，說不定單純是託了此福。"
    },
    {
      "id": 13,
      "content": "當她從命懸一線的現場，奄奄一息地完成任務歸來時，發現她的病床旁放著し協會獵頭的信。"
    },
    {
      "id": 14,
      "model": "이스마엘",
      "title": "し協會 5科",
      "content": "沒想到會有這樣的部長……"
    },
    {
      "id": 15,
      "content": "就在她如此嘆息之時，隔壁的房間傳來了很大的聲音。"
    },
    {
      "id": 16,
      "model": "돈키호테",
      "title": "し協會 5科",
      "content": "……所以說啊！！"
    },
    {
      "id": 17,
      "content": "那是孩子聞所未聞的，混雜著部長發自內心的憤怒的吼聲。"
    },
    {
      "id": 18,
      "model": "돈키호테",
      "title": "し協會 5科",
      "content": "我的孩子們都吃了這麼多苦了，還是在下達這樣的命令嗎！"
    },
    {
      "id": 19,
      "content": "孩子屏住呼吸把耳朵貼在部長室的門上。於是，聽見了更清晰的話語。"
    },
    {
      "id": 20,
      "model": "돈키호테",
      "title": "し協會 5科",
      "content": "吾也不想責備那些孩子們啊!你知道用那些空洞的說辭去刺激他們是一件多讓人難受的事情嗎！？"
    },
    {
      "id": 21,
      "model": "이스마엘",
      "title": "し協會 5科",
      "content": "……"
    },
    {
      "id": 22,
      "content": "時常煩躁的孩子，馬上就思緒萬千了起來。"
    },
    {
      "id": 23,
      "content": "然後悄悄地把耳朵從門上移開，並從入口處返回。"
    },
    {
      "id": 24,
      "content": "還以為自己已經成為了一個略有經驗的收尾人，其實還是和以前沒什麼區別呢。"
    },
    {
      "id": 25,
      "content": "那孩子一邊這麼想著，"
    },
    {
      "id": 26,
      "model": "이스마엘",
      "title": "し協會 5科",
      "content": "呼……"
    },
    {
      "id": 27,
      "content": "一邊只能深深地嘆息。"
    }
  ]
}