{
  "dataList": [
    {
      "id": 0,
      "model": "히스클리프",
      "title": "R公司 第四集團軍 兔子隊",
      "content": "嘎哈哈！"
    },
    {
      "id": 1,
      "content": "孩子的笑聲十分歡快，但又充斥著一種令人毛骨悚然的感覺。"
    },
    {
      "id": 2,
      "model": "히스클리프",
      "title": "R公司 第四集團軍 兔子隊",
      "content": "下一個傢伙！繼續射擊！"
    },
    {
      "id": 3,
      "content": "孩子的槍口連續不斷地噴射出火焰。"
    },
    {
      "id": 4,
      "content": "彷彿根本沒有將手指移開扳機這一選項一般，孩子咧嘴大笑著，任由敵人的血滴飛濺到他的臉頰和衣服上。"
    },
    {
      "id": 5,
      "model": "히스클리프",
      "title": "R公司 第四集團軍 兔子隊",
      "content": "子彈怎麼打完了！"
    },
    {
      "id": 6,
      "content": "原以為那瘋狂的火光終於平息，沒想到那孩子馬上把用盡彈藥的槍支扔向了敵人。"
    },
    {
      "id": 7,
      "content": "灼熱的槍支直接命中了敵人的身體，並迅速點燃了目標的衣物。"
    },
    {
      "id": 8,
      "model": "히스클리프",
      "title": "R公司 第四集團軍 兔子隊",
      "content": "如果沒有可以刨開鮮草的前腳，那就用牙齒來撕咬！"
    },
    {
      "id": 9,
      "content": "孩子拔出他的刀向前衝去。就像是一隻兔子一樣向前跳躍，將敵人殺的片甲不留。"
    },
    {
      "id": 10,
      "model": "히스클리프",
      "title": "R公司 第四集團軍 兔子隊",
      "content": "這件衣服……媽的，我都要愛上它了！真是感覺越殺越強！"
    },
    {
      "id": 11,
      "content": "孩子閃閃發光的眼睛彷彿陶醉於某物一般……"
    },
    {
      "id": 12,
      "content": "不過，看起來他樂於此道，倒也不必過於擔心。對吧？"
    }
  ]
}