{
  "dataList": [
    {
      "id": 0,
      "model": "이상",
      "title": "Seven協會 6科",
      "content": "你的戰鬥技巧一定出自Zwei協會。"
    },
    {
      "id": 1,
      "teller": "苦惱的同事",
      "title": "Seven協會 6科",
      "content": "……啊，是的！搏鬥的時候我一直輸給你，所以……我這次嘗試著更傾向於防守一些。"
    },
    {
      "id": 2,
      "model": "이상",
      "title": "Seven協會 6科",
      "content": "雖然這個想法本身是值得讚賞的……你能告訴我一下你拿著的武器叫什麼名字嗎？"
    },
    {
      "id": 3,
      "teller": "苦惱的同事",
      "title": "Seven協會 6科",
      "content": "啊，這是一柄長劍……"
    },
    {
      "id": 4,
      "model": "이상",
      "title": "Seven協會 6科",
      "content": "那是一把劍刃極為輕薄的劍，而Zwei協會的武器是厚重且巨大的。"
    },
    {
      "id": 5,
      "model": "이상",
      "title": "Seven協會 6科",
      "content": "正是這樣的武器特徵讓Zwei協會的成員能夠輕鬆防禦與反擊，而你用纖細的武器來模仿這種戰鬥風格無疑會很困難。"
    },
    {
      "id": 6,
      "teller": "苦惱的同事",
      "title": "Seven協會 6科",
      "content": "啊……"
    },
    {
      "id": 7,
      "model": "이상",
      "title": "Seven協會 6科",
      "content": "舉例而言，我正在學習Cinq協會的戰鬥技巧。"
    },
    {
      "id": 8,
      "teller": "苦惱的同事",
      "title": "Seven協會 6科",
      "content": "哈？是嗎？……啊，你這麼一說，我確實能看出一些相似之處。"
    },
    {
      "id": 9,
      "model": "이상",
      "title": "Seven協會 6科",
      "content": "基礎才是你要學習的。一味模仿已知流派的技術，同時也意味著對反制它的招數毫無抵抗之力。"
    },
    {
      "id": 10,
      "content": "這孩子一邊說著，一邊把劍插回劍鞘。"
    },
    {
      "id": 11,
      "model": "이상",
      "title": "Seven協會 6科",
      "content": "不要疏於觀察。"
    },
    {
      "id": 12,
      "model": "이상",
      "title": "Seven協會 6科",
      "content": "只是一味模仿或者鏡像複製的話，永遠不會是屬於自己的東西。我還是建議你通過繼續觀察來多學習基礎。"
    },
    {
      "id": 13,
      "teller": "苦惱的同事",
      "title": "Seven協會 6科",
      "content": "非，非常感謝！"
    },
    {
      "id": 14,
      "content": "說完自己的建議，這孩子就走開了。"
    },
    {
      "id": 15,
      "content": "所謂的孩子，也就是李箱，一直受到訪客和同事的尊重——我相信你能明白其中緣由。"
    },
    {
      "id": 16,
      "content": "他可能看起來冷漠無情，但在需要的時候，他從不吝於給出寶貴的建議。"
    },
    {
      "id": 17,
      "model": "이상",
      "title": "Seven協會 6科",
      "content": "……咖啡不錯。"
    },
    {
      "id": 18,
      "content": "當然，他自己並沒有想那麼多。"
    }
  ]
}