{
  "dataList": [
    {
      "id": 0,
      "place": "卡爾夫鎮 廣場",
      "content": "義體堆積在小鎮的角落裡，宛如一個垃圾填埋場。"
    },
    {
      "id": 1,
      "content": "其中似乎有人還保留了一絲意識，正在痛苦地呻吟著。"
    },
    {
      "id": 2,
      "content": "然而，遠處的審判官們仍在毫不留情地用釘子貫穿著人們的胸膛。"
    },
    {
      "id": 3,
      "model": "N사심문관1",
      "teller": "某異端審判官",
      "title": "釘與錘",
      "content": "即使貫穿了心臟，卻還是能感受到他們體內的搏動。"
    },
    {
      "id": 4,
      "model": "N사심문관2",
      "teller": "一旁的異端審判官",
      "title": "釘與錘",
      "content": "他們的心臟是被鋼鐵改造過了吧。生而為人的部分已經被異端給污染了。"
    },
    {
      "id": 5,
      "model": "N사심문관2",
      "teller": "一旁的異端審判官",
      "title": "釘與錘",
      "content": "真是晦氣。這對骨肉是何等的褻瀆。"
    },
    {
      "id": 6,
      "content": "就像是在舉行某種神聖的儀式一樣，審判官從懷中取出了一個瓶子，然後虔誠地潑灑起瓶中之物。"
    },
    {
      "id": 7,
      "content": "從遠遠飄來的惡臭味來判斷，應該是油。"
    },
    {
      "id": 8,
      "model": "N사심문관2",
      "teller": "一旁的異端審判官",
      "title": "釘與錘",
      "content": "盡情吸收人類的油脂吧，異端之軀。"
    },
    {
      "id": 9,
      "model": "N사심문관2",
      "teller": "一旁的異端審判官",
      "title": "釘與錘",
      "content": "無法回歸大地之人啊，至少化作煙塵散去吧。"
    },
    {
      "id": 10,
      "content": "點燃的火柴落在堆積的義體上，一瞬間，火光衝天。"
    },
    {
      "id": 11,
      "content": "與響起的火花迸進聲一同，煙塵的味道迅速向四周瀰漫開來。"
    },
    {
      "id": 12,
      "content": "聞起來和燒焦的肉體似乎有些不同。"
    },
    {
      "id": 13,
      "content": "伴隨著劈裡啪啦的聲音，義體上閃爍的微光逐漸熄滅，最終由夜色覆蓋了一切。"
    },
    {
      "id": 14,
      "model": "이스마엘",
      "content": "嘴上說著要淨化一切，手上倒創作出了一副地獄的圖景。"
    },
    {
      "id": 15,
      "model": "뫼르소",
      "content": "釘與錘總是埋頭於分析何為人類。"
    },
    {
      "id": 16,
      "model": "뫼르소",
      "content": "他們中的有些人認為人類生來就應當經受苦難，因此對於那些接受了義體改造的人會加以指責。不過他們從未像現在這樣，激進到付諸實踐。"
    },
    {
      "id": 17,
      "model": "그레고르",
      "content": "從剛才起我就在想……你為什麼對N公司這麼熟悉？"
    },
    {
      "id": 18,
      "model": "뫼르소",
      "content": "……因為我之前就是N公司的職員。"
    },
    {
      "id": 19,
      "model": "그레고르",
      "content": "啊……？你竟然和他們一起工作過？"
    },
    {
      "id": 20,
      "model": "뫼르소",
      "content": "雖然沒有一起共事過，但從所屬公司的角度來看，確實如此。"
    },
    {
      "id": 21,
      "content": "這麼說來，我還是第一次聽默爾索提起他自己的故事。"
    },
    {
      "id": 22,
      "content": "談及自身，他總是閉口不言。他似乎甚至認為完全沒有告知他人的必要。"
    },
    {
      "id": 23,
      "model": "그레고르",
      "content": "……為什麼之前不早說啊？那，你也佩帶過那種奇怪的武器嗎？"
    },
    {
      "id": 24,
      "model": "뫼르소",
      "content": "有什麼說的必要嗎？"
    },
    {
      "id": 25,
      "model": "히스클리프",
      "content": "什……喂，那我怎麼知道你和那群瘋子是不是一伙的啊？"
    },
    {
      "id": 26,
      "model": "히스클리프",
      "content": "我呢……雖然喊經理那傢伙“時鐘頭”，但我可不認為他的生命就廉價到可以被砍掉腦袋、丟進火裡烤。"
    },
    {
      "id": 27,
      "model": "히스클리프",
      "content": "那些混蛋雖然嘴上說得漂亮，要搞什麼淨化，但在我看來，只不過是一群為了殺人而套了個藉口的瘋子罷了，不是嗎？"
    },
    {
      "id": 28,
      "model": "히스클리프",
      "content": "快說。你是不是也和那幫傢伙一樣？"
    },
    {
      "id": 29,
      "model": "뫼르소",
      "content": "曾有一段時間，我確實在思考這個問題。"
    },
    {
      "id": 30,
      "model": "뫼르소",
      "content": "但我終究沒有決定是否要和他們做出同樣的回答。"
    },
    {
      "id": 31,
      "model": "히스클리프",
      "content": "那麼，現在就回答我！如果經理那傢伙命令你殺光鎮上的居民，你會不會服從？"
    },
    {
      "id": 32,
      "model": "뫼르소",
      "content": "一定要我給出答案嗎？這對我們目前的工作毫無幫助。"
    },
{
      "id": 33,
      "model": "뫼르소",
      "content": "下屬服從上級命令本來就是規矩。維吉里烏斯他所出具的從業規範中應該已經寫明了。"
    },
    {
      "id": 34,
      "model": "뫼르소",
      "content": "如果經理這麼命令了，那我就會去執行。如果要求我提出自己的想法，我就會說。但我並沒有在不必要的情況下就高談闊論的興趣。"
    },
    {
      "id": 35,
      "model": "히스클리프",
      "content": "……啥？你是不是腦子有問題？你和那些把自己的腦袋換成鐵罐頭的傢伙有什麼區別啊？"
    },
    {
      "id": 36,
      "model": "뫼르소",
      "content": "我由16%的蛋白質、60%的水分、以及7%的無機物等構成。這明確顯示出了我們之間的不同。"
    },
    {
      "id": 37,
      "model": "뫼르소",
      "content": "另外，構成我的成分中並不含有多餘的重金屬。"
    },
    {
      "id": 38,
      "model": "뫼르소",
      "content": "這又是一處不同。"
    },
    {
      "id": 39,
      "content": "希斯克利夫的表情明顯扭曲了。"
    },
    {
      "id": 40,
      "content": "本來就無法理解這位名為默爾索的罪人在想些什麼，經過這段對話後，與他的距離感又增加了。"
    },
    {
      "id": 41,
      "model": "홍루",
      "content": "不過我呢，之前就很在意一件事了。"
    },
    {
      "id": 42,
      "model": "홍루",
      "content": "我們真的應該把但丁先生作為“人類”來看待嗎。"
    },
    {
      "id": 43,
      "model": "오티스",
      "content": "你說這話是什麼意思？"
    },
    {
      "id": 44,
      "model": "홍루",
      "content": "所以說……如果說話的其實不是但丁先生本人，而是那個時鐘頭呢？"
    },
    {
      "id": 45,
      "model": "히스클리프",
      "content": "啊？你是在說，我們真的在被一面鐘牽著鼻子走？"
    },
    {
      "id": 46,
      "model": "이스마엘",
      "content": "唉……淨是些蠢話。讓人完全沒有反駁的慾望。"
    },
    {
      "id": 47,
      "model": "홍루",
      "content": "就算是這樣，我也還是很喜歡現在的這個時鐘頭但丁先生。"
    },
    {
      "id": 48,
      "model": "로쟈",
      "content": "我也是。要不就別去找原來的那個頭了，一生都保持現在這樣吧？"
    },
    {
      "id": 49,
      "model": "로쟈",
      "content": "雖然我覺得不太可能啦，但如果取回了原本的頭後，但丁變成了一個十惡不赦的大壞蛋怎麼辦？"
    },
    {
      "id": 50,
      "model": "그레고르",
      "content": "哎，我們之中只有一個人了解經理兄的過去啊……"
    },
    {
      "id": 51,
      "content": "格里高爾的目光不自覺地飄向了浮士德。"
    },
    {
      "id": 52,
      "model": "파우스트",
      "content": "……有關這一部分的信息是機密事項。而且是最高機密。"
    },
    {
      "id": 53,
      "model": "단테",
      "content": "<……而且，應該連我也無法閱覽吧。>"
    },
    {
      "id": 54,
      "content": "也難怪。"
    },
    {
      "id": 55,
      "content": "畢竟，沒有任何途徑能夠了解到過去的我究竟是一個怎樣的存在。對於鴻璐的無心之言，我也無法找到可以明確地進行反駁的話語。"
    },
    {
      "id": 56,
      "content": "也許就正如他所說，我的真身可能就是這面時鐘。"
    },
    {
      "id": 57,
      "content": "儘管如此，即使我去詢問浮士德，我也沒有能力判斷她給出答案究竟是真實，還是謊言。"
    },
    {
      "id": 58,
      "content": "說不定真正的“但丁”就隱藏在某處，利用某種高級的技術，讓我深信一切都是出於我自身的意志，由此實現我們之間的身份替代。"
    },
    {
      "id": 59,
      "content": "無論如何，只是一味苦惱的話，我也得不到真正的答案。"
    },
    {
      "id": 60,
      "model": "단테",
      "content": "<誰知道呢。等找回了我自己的頭後，要不就把這面鐘掛到牆上去吧。>"
    },
    {
      "id": 61,
      "content": "以實瑪利向我投來了責備的眼神，彷彿在質問我說“你真的就打算這樣蒙混過去嗎？ ”。但很快，她最終只是選擇聳了聳肩。"
    },
    {
      "id": 62,
      "content": "畢竟，這是事實。"
    }
  ]
}