{
  "dataList": [
    {
      "id": 0,
      "place": "賭場 入口",
      "model": "콩콩이파보스",
      "teller": "豆豆幫老闆",
      "title": "豆豆幫",
      "content": "一群該死的的臭蟲……."
    },
    {
      "id": 1,
      "model": "콩콩이파보스",
      "teller": "豆豆幫老闆",
      "title": "豆豆幫",
      "content": "你們他媽到底是哪條道上……？現在總能……說了吧……"
    },
    {
      "id": 2,
      "model": "그레고르",
      "content": "我們是……"
    },
    {
      "id": 3,
      "model": "그레고르",
      "content": "……邊獄公司來的。"
    },
    {
      "id": 4,
      "model": "그레고르",
      "content": "哈，可算是把這話說出來了。"
    },
    {
      "id": 5,
      "model": "콩콩이파보스",
      "teller": "豆豆幫老闆",
      "title": "豆豆幫",
      "content": "所以……根本就……沒聽說過啊……！"
    },
    {
      "id": 6,
      "model": "소드",
      "teller": "索德",
      "title": "LCCB",
      "content": "哦，我和埃菲跟那些傢伙可不是一個部門的，請千萬不要把我們混為一談哦。"
    },
    {
      "id": 7,
      "model": "콩콩이파보스",
      "teller": "豆豆幫老闆",
      "title": "豆豆幫",
      "content": "……"
    },
    {
      "id": 8,
      "content": "與我們交流而產生的挫敗感，一定也是讓他暈倒的重大原因吧。"
    },
    {
      "id": 9,
      "content": "我對這個可憐的傢伙深表同情。"
    },
    {
      "id": 10,
      "model": "로쟈",
      "content": "說真的，我們非得穿上這些東西嗎？這玩意全是汗味和血味……聞起來噁心死了。"
    },
    {
      "id": 11,
      "content": "羅佳抱怨著，用手指捏起一件從豆豆幫嘍囉身上取下的衣服，像是撿起一袋垃圾。"
    },
    {
      "id": 12,
      "model": "로쟈",
      "content": "呃啊……還沾著頭髮，我第一次這麼嫉妒但丁沒長眼睛。"
    },
    {
      "id": 13,
      "model": "단테",
      "content": "<順帶一提，我看得見……>"
    },
    {
      "id": 14,
      "model": "에피",
      "teller": "埃菲",
      "title": "LCCB",
      "content": "其實……感覺還不錯啊？興許他們的生意經營的比我想像的還要好。"
    },
    {
      "id": 15,
      "model": "료슈",
      "content": "和我交換。拿來。"
    },
    {
      "id": 16,
      "model": "에피",
      "teller": "埃菲",
      "title": "LCCB",
      "content": "不，不行，這是量身定做的。"
    },
    {
      "id": 17,
      "model": "단테",
      "content": "<……標籤上寫的是均碼。>"
    },
    {
      "id": 18,
      "content": "埃菲突然注意到我正盯著他衣服上的標籤，立刻火冒三丈。"
    },
    {
      "id": 19,
      "model": "에피",
      "teller": "埃菲",
      "title": "LCCB",
      "content": "要……要不是你們在當舖那節外生枝，我們哪還需要幹這種事！"
    },
    {
      "id": 20,
      "model": "홍루",
      "content": "我倒不介意呢，早就想試試這幅行頭了，感覺像是在拍電影一樣。"
    },
    {
      "id": 21,
      "model": "이스마엘",
      "content": "說真的，我有點緊張，畢竟好久沒有偽裝過了。"
    },
    {
      "id": 22,
      "model": "료슈",
      "content": "真是懦夫的行為，我不喜歡。"
    },
    {
      "id": 23,
      "model": "소드",
      "teller": "索德",
      "title": "LCCB",
      "content": "抱歉，有人能讓她閉嘴嗎？"
    },
    {
      "id": 24,
      "model": "그레고르",
      "content": "隨你的便，不怕腰子被砍了的話，你可以試試。"
    },
{
      "id": 25,
      "content": "格里高爾低沉的回敬，讓在場的罪人都忍不住嗤笑起來。"
    },
    {
      "id": 26,
      "content": "一時之間，埃菲和索德竟有些不知所措。"
    },
    {
      "id": 27,
      "content": "不過他們很快便意識到，這根本無關緊要。埃菲調整了一下狀態，隨即舉起了一個似乎鑲嵌著珍珠的小盒子。"
    },
    {
      "id": 28,
      "model": "에피",
      "teller": "埃菲",
      "title": "LCCB",
      "content": "這是我們從豆豆幫老大手裡繳獲的心願匣。"
    },
    {
      "id": 29,
      "model": "에피",
      "teller": "埃菲",
      "title": "LCCB",
      "content": "經理先生，有一個很簡單的任務要交給你。"
    },
    {
      "id": 30,
      "model": "단테",
      "content": "<你是說……？>"
    },
    {
      "id": 31,
      "model": "소드",
      "teller": "索德",
      "title": "LCCB",
      "content": "啊……看您一副茫然的樣子，我想有必要向您稍微解釋一下。"
    },
    {
      "id": 32,
      "model": "에피",
      "teller": "埃菲",
      "title": "LCCB",
      "content": "簡單來說，它是一個使用了J公司奇點技術，能夠吸取人們的願望，並以某種方式將其保存起來的裝置。"
    },
    {
      "id": 33,
      "model": "소드",
      "teller": "索德",
      "title": "LCCB",
      "content": "在合適的時機，把紙狀的願望從裡面抽出一張，然後在身上這麼一貼——噔噔！就能得到一次幸運女神的垂青。 "
    },
    {
      "id": 34,
      "model": "에피",
      "teller": "埃菲",
      "title": "LCCB",
      "content": "看來他們的計劃就是搜刮別人的運氣，然後拿下頂層的賭局。不過真是意料之外，豆豆幫這種貨色竟然藏著這樣的寶貝。"
    },
    {
      "id": 35,
      "model": "에피",
      "teller": "埃菲",
      "title": "LCCB",
      "content": "經理先生……叫但丁，對吧？在我們潛入賭場的時候，我希望由你來保管它。"
    },
    {
      "id": 36,
      "model": "단테",
      "content": "<真要把這麼重要的任務交給我嗎？>"
    },
    {
      "id": 37,
      "model": "에피",
      "teller": "埃菲",
      "title": "LCCB",
      "content": "你看起來沒什麼自信。不過，指派你來完成這個任務，也是有理由的。"
    },
    {
      "id": 38,
      "model": "에피",
      "teller": "埃菲",
      "title": "LCCB",
      "content": "首先，在賭局中，一張不露聲色的撲克臉至關重要。"
    },
    {
      "id": 39,
      "model": "에피",
      "teller": "埃菲",
      "title": "LCCB",
      "content": "不論對方有多善於察言觀色，都沒法從一面鐘錶上讀出任何的情緒。"
    },
    {
      "id": 40,
      "model": "단테",
      "content": "<……>"
    },
    {
      "id": 41,
      "model": "에피",
      "teller": "埃菲",
      "title": "LCCB",
      "content": "其次，我相信他們任命你來擔任經理，一定是有原因的。"
    },
    {
      "id": 42,
      "model": "에피",
      "teller": "埃菲",
      "title": "LCCB",
      "content": "我有預感，你會比你手下的那些罪人要更有用一些。"
    },
    {
      "id": 43,
      "content": "仔細想想，他說的也不無道理。"
    },
    {
      "id": 44,
      "content": "我雖然掛了一個執行經理的頭銜，卻沒能像期望的那樣成為一個充滿魅力又備受尊敬的領袖，反倒要時常忍受手下罪人的無視與威脅。"
    },
    {
      "id": 45,
      "content": "彷彿一次次的復活他們，就是我所能做出的唯一貢獻。"
    },
    {
      "id": 46,
      "content": "當罪人們在激烈的戰鬥中以命相搏時，我卻只能蜷縮著躲起來，焦急的祈禱著他們不會被刺穿心臟或者打碎腦殼。"
    },
    {
      "id": 47,
      "content": "懷著沉重的心情，我點點頭，讓他知道我已經準備好了。"
    },
    {
      "id": 48,
      "model": "에피",
      "teller": "埃菲",
      "title": "LCCB",
      "content": "好了，把這個貼在胳膊上，短時間內，你就是全都市最幸運的人。"
    },
    {
      "id": 49,
      "model": "소드",
      "teller": "索德",
      "title": "LCCB",
      "content": "很好，現在你們是豆豆幫，我們是賭場莊家。祝行動順利，各位。"
    },
    {
      "id": 50,
      "content": "無論如何 我們都得確保這次行動的成功"
    },
    {
      "id": 51,
      "content": "隨後，我們打開了賭場的大門。"
    }
  ]
}