{
  "dataList": [
    {
      "id": 0,
      "place": "賭場入口",
      "model": "콩콩이파보스",
      "teller": "豆豆幫老大",
      "title": "豆豆幫",
      "content": "什麼？怎麼了？"
    },
    {
      "id": 1,
      "model": "콩을싫어하는콩콩파조직원",
      "teller": "討厭豆子的豆豆幫成員",
      "title": "豆豆幫",
      "content": "老大！一群不知道打哪兒來的傢伙突然闖進來了！"
    },
    {
      "id": 2,
      "model": "콩콩이파보스",
      "teller": "豆豆幫老大",
      "title": "豆豆幫",
      "content": "誰讓你進來的？！你小子穿得不像“哈瓦那幫”或者肉舖的人……"
    },
    {
      "id": 3,
      "model": "콩콩이파보스",
      "teller": "豆豆幫老大",
      "title": "豆豆幫",
      "content": "如果你現在跪下來，向我求饒的話，我也許還能讓你手腳完好的離開。"
    },
    {
      "id": 4,
      "model": "이상",
      "content": "如果你們能自己脫下衣服的話，我們會願意離開的。"
    },
    {
      "id": 5,
      "model": "그레고르",
      "content": "雖然這聽上去有點奇怪啦，哈哈。"
    },
    {
      "id": 6,
      "model": "콩을싫어하는콩콩파조직원",
      "teller": "討厭豆子的豆豆幫成員",
      "title": "豆豆幫",
      "content": "老大……這好像是傳聞裡那些，會用別人體味做些……奇怪事情的傢伙。"
    },
    {
      "id": 7,
      "model": "콩콩이파보스",
      "teller": "豆豆幫老大",
      "title": "豆豆幫",
      "content": "呃……真噁心，怎麼會有人能活成這樣……"
    },
    {
      "id": 8,
      "content": "現在，我猜那位老大肯定已經打心眼裡覺得我們無比骯髒了。"
    },
    {
      "id": 9,
      "model": "단테",
      "content": "<……我從沒有如此迫切的渴望勝利。>"
    }
  ]
}