{
  "dataList": [
    {
      "id": 0,
      "place": "混亂不堪的K公司研究所走廊",
      "model": "그레고르",
      "content": "喂，不覺得有些不對勁嗎？"
    },
    {
      "id": 1,
      "model": "그레고르",
      "content": "那個叫E.G.O的玩意，原來可以像那樣一直維持著進行使用嗎？我可不知道能這樣。"
    },
    {
      "id": 2,
      "model": "그레고르",
      "content": "大家不是也都知道嗎。EGO不是萬能道具之類的東西。要保持不失去理智可是十分費勁。"
    },
    {
      "id": 3,
      "model": "로쟈",
      "content": "還有那誰不是那麼說過的嗎？這些傢伙……都是些研究員出身……！能比我們還熟練地運用E.G.O簡直不像話不是嗎？"
    },
    {
      "id": 4,
      "model": "오티스",
      "content": "這與是否熟練於戰鬥是另一個層次的問題。"
    },
    {
      "id": 5,
      "model": "오티스",
      "content": "一定是……耍了某種花招。"
    },
    {
      "id": 6,
      "model": "파우스트",
      "content": "倒是能想到一種可能性。"
    },
    {
      "id": 7,
      "model": "파우스트",
      "content": "如果他們將異想體修復回蛋的形態，然後像腦葉公司那樣找到了發現E.G.O的方法……"
    },
    {
      "id": 8,
      "model": "파우스트",
      "content": "也就是說，使用金枝的逆卡巴拉抑制力進行了針對侵蝕的訓練或是對其條件進行了反覆的研究的話……"
    },
    {
      "id": 9,
      "model": "파우스트",
      "content": "即使是在短期內做到不受侵蝕的影響並熟練地使用E.G.O也是有可能的。"
    },
    {
      "id": 10,
      "model": "파우스트",
      "content": "那些人使用的既是E.G.O，也是被壓縮並抑制的被加工成帶有泛用性的道具。"
    },
    {
      "id": 11,
      "model": "그레고르",
      "content": "那麼說……腦葉公司也是……"
    },
    {
      "id": 12,
      "model": "파우스트",
      "content": "是的，在那裡使用E.G.O的大多都是一般員工，而非收尾人。"
    },
    {
      "id": 13,
      "model": "파우스트",
      "content": "當然，我們使用的E.G.O並非腦葉公司曾使用的那種製作精良的E.G.O。"
    },
    {
      "id": 14,
      "model": "이스마엘",
      "content": "稍等，稍等一下，使用著金枝的逆卡巴拉抑制力的意思也就是說，現在這附近……"
    },
    {
      "id": 15,
      "model": "그레고르",
      "content": "……看來是在的意思。那個持有金枝的名叫冬柏的人……"
    },
    {
      "id": 16,
      "model": "오티스",
      "content": "事到如今不得不去懷疑這裡的安保水準了。恐怖分子的隊長正在這裡的某處光明正大地散著步，但卻沒有一個人能發現。"
    },
    {
      "id": 17,
      "model": "삼조",
      "teller": "三朝",
      "title": "K公司 糧食資源改良部門",
      "content": "我反駁……雖然想這麼說，但看來沒有合適的話可說了。我也沒想到會這麼容易被突破……"
    },
    {
      "id": 18,
      "model": "동랑",
      "teller": "東朗",
      "title": "K公司 糧食資源改良部門",
      "content": "畢竟技術解放聯盟是由像我這樣有名的退出公司的研究員們組成的團體。"
    },
    {
      "id": 19,
      "model": "돈키호테",
      "content": "原來如此……都是些明智的惡人。不對，明智也可能成為惡人嗎？嗯……好混亂啊……好混亂……"
    },
    {
      "id": 20,
      "model": "삼조",
      "teller": "三朝",
      "title": "K公司 糧食資源改良部門",
      "content": "請不要過於感嘆。如果有那麼賢明的話就不會放著好好的大企業不上班，轉而加入這種恐怖組織了。"
    },
    {
      "id": 21,
      "model": "이스마엘",
      "content": "或許是因為那與他們所願的人生相悖。"
    }
  ]
}