{
  "dataList": [
    {
      "id": 0,
      "place": "梅菲斯托費勒斯 內部",
      "content": "在我們解決了辛克萊的情況之後……"
    },
    {
      "id": 1,
      "model": "그레고르",
      "content": "順便問一句，你說的K巢，就是指11區後巷吧？"
    },
    {
      "id": 2,
      "model": "그레고르",
      "content": "大家都有點亢奮所以我忘了早點說……"
    },
    {
      "id": 3,
      "model": "베르길리우스",
      "content": "我不會說錯，如果我曾經說過這個的話。"
    },
    {
      "id": 4,
      "model": "베르길리우스",
      "content": "我知道我在說什麼，格里高爾。K巢就是我們要去的地方。"
    },
    {
      "id": 5,
      "model": "그레고르",
      "content": "啊，那好吧，但是如果我們要進巢裡……"
    },
    {
      "id": 6,
      "model": "베르길리우스",
      "content": "實際上，有移民入境檢查程序。"
    },
    {
      "id": 7,
      "model": "로쟈",
      "content": "我沒有K公司的簽證。你別告訴我其他人都有，吧？"
    },
    {
      "id": 8,
      "model": "히스클리프",
      "content": "啥。為啥都看著我？"
    },
    {
      "id": 9,
      "model": "료슈",
      "content": "解決方法很簡單。閉·突。"
    },
    {
      "id": 10,
      "model": "료슈",
      "content": "然後繼續持·入，直到我們突破防線。"
    },
    {
      "id": 11,
      "model": "료슈",
      "content": "總之，閉·突·持·入。呵呵呵……"
    },
    {
      "id": 12,
      "content": "不論良秀這些古怪的縮寫究竟是什麼意思，罪人們已經學會了不去追究。"
    },
    {
      "id": 13,
      "model": "이스마엘",
      "content": "我們這種大公司應該能無需簽證也能通行。"
    },
    {
      "id": 14,
      "model": "이스마엘",
      "content": "且不論親愛的良秀提出的暴力闖入方案很費時。你這麼說是有多低估一個被翼積極統治和管理的巢？"
    },
    {
      "id": 15,
      "model": "단테",
      "content": "<好吧，看來沒人關心我要因為閉·突·持·入而遭受什麼，對吧？>"
    },
    {
      "id": 16,
      "content": "悲傷的是，罪人們沒有一個打算費心回答我。"
    },
    {
      "id": 17,
      "model": "베르길리우스",
      "content": "正如以實瑪利所說，我們通過入境檢查不需要簽證。"
    },
    {
      "id": 18,
      "model": "베르길리우스",
      "content": "邊獄公司背後有各領域的股東作為支持者。"
    },
    {
      "id": 19,
      "model": "홍루",
      "content": "哦，或許你也正好知道H公司的股東？"
    },
    {
      "id": 20,
      "model": "홍루",
      "content": "我弟弟小時候固執地說非紅色護照不可，所以他們親自來過我家。"
    },
    {
      "id": 21,
      "model": "베르길리우스",
      "content": "說不上，我僅僅只是個低微的嚮導，沒資格知道這些。"
    },
    {
      "id": 22,
      "model": "베르길리우스",
      "content": "另外，這個問題似乎並沒有回答的價值。"
    },
    {
      "id": 23,
      "model": "홍루",
      "content": "好嚴厲……"
    },
    {
      "id": 24,
      "model": "베르길리우스",
      "content": "正如我們擔心的一樣，途中有哨卡。"
    },
    {
      "id": 25,
      "model": "베르길리우스",
      "content": "全面檢查意味著會有很多人想方設法地混進去，包括那些暴力闖卡的。"
    },
    {
      "id": 26,
      "model": "뫼르소",
      "content": "……我聽到有幾個不速之客包圍了巴士。"
    },
    {
      "id": 27,
      "model": "단테",
      "content": "<行吧……下車——打架。>"
    }
  ]
}