{
  "dataList": [
    {
      "id": 0,
      "place": "梅菲斯托費勒斯 內部",
      "content": "回到巴士上，就看到維吉里烏斯懶洋洋地對我們揮了揮手。"
    },
    {
      "id": 1,
      "model": "베르길리우스",
      "content": "這次是不是有點棘手？"
    },
    {
      "id": 2,
      "model": "로쟈",
      "content": "都說了很多次了，你來幫忙的話早就能完事了呦~"
    },
    {
      "id": 3,
      "model": "베르길리우스",
      "content": "我也說了很多次了，我幫忙就沒意義了。"
    },
    {
      "id": 4,
      "model": "이스마엘",
      "content": "那些人……說我們信奉異端。到底是看到了什麼才這麼說的呢？"
    },
    {
      "id": 5,
      "model": "단테",
      "content": "<總之，應該是看到我了吧。>"
    },
    {
      "id": 6,
      "model": "뫼르소",
      "content": "釘與錘……對翼來說經驗才是最有價值的存在。"
    },
    {
      "id": 7,
      "content": "默爾索嘟囔著不知所云的詞句。"
    },
    {
      "id": 8,
      "model": "단테",
      "content": "<經驗？>"
    },
    {
      "id": 9,
      "model": "뫼르소",
      "content": "人類注定具有與其價值相符的經驗與行為……對於經驗他們是這麼說的。"
    },
    {
      "id": 10,
      "model": "오티스",
      "content": "並且還說讓我們獻出經理的頭。"
    },
    {
      "id": 11,
      "model": "오티스",
      "content": "也就是說……"
    },
    {
      "id": 12,
      "model": "싱클레어",
      "content": "……他們還會再來的。他們並沒有忘記。就像這樣，他們會再次回來尋找……"
    },
    {
      "id": 13,
      "content": "辛克萊的情緒變得有些激動，他開始不住地顫抖。"
    },
    {
      "id": 14,
      "content": "羅佳向他投來了同情的目光，但她對此也無能為力。"
    },
    {
      "id": 15,
      "model": "카론",
      "content": "維吉維吉，那個發出聲音的箱子很吵。"
    },
    {
      "id": 16,
      "model": "베르길리우스",
      "content": "……看來先遣隊的聯絡來了。"
    },
    {
      "id": -1,
      "model": "//효과음",
      "content": "무전기 소리"
    },
    {
      "id": 17,
      "model": "에피",
      "teller": "埃菲",
      "title": "LCCB",
      "content": "（嘶嘶嘶）這裡是……（嘶嘶……）"
    },
    {
      "id": 18,
      "model": "에피",
      "teller": "埃菲",
      "title": "LCCB",
      "content": "（嘶嘶）索德她……（嘶）"
    },
    {
      "id": 19,
      "model": "그레고르",
      "content": "給我。"
    },
    {
      "id": 20,
      "model": "그레고르",
      "content": "埃菲，這裡是巴士。你那邊情況怎麼樣？"
    },
    {
      "id": -1,
      "model": "//효과음",
      "content": "지옥의 기괴한 비명 소리"
    },
    {
      "id": 21,
      "model": "에피",
      "teller": "埃菲？",
      "title": "LCCB",
      "content": "汝等將在此背負全部大罪，而後得到淨化。"
    },
    {
      "id": -1,
      "model": "SE // 뚝"
    },
    {
      "id": 22,
      "model": "그레고르",
      "content": "埃菲？"
    },
    {
      "id": 23,
      "model": "이스마엘",
      "content": "剛才那個……是埃菲的聲音嗎？"
    },
    {
      "id": 24,
      "model": "이스마엘",
      "content": "不對，不如說……那是人類的聲音嗎？"
    },
    {
      "id": 25,
      "model": "싱클레어",
      "content": "口哨……"
    },
    {
      "id": 26,
      "model": "로쟈",
      "content": "辛克萊，你說什麼呢？"
    },
    {
      "id": 27,
      "model": "싱클레어",
      "content": "你沒有聽到口哨聲嗎！在最後……微弱的……"
    },
    {
      "id": 28,
      "model": "그레고르",
      "content": "你聽到了嗎……？"
    },
    {
      "id": 29,
      "model": "싱클레어",
      "content": "那個混蛋來了！她終於……回到了我們的小鎮，為了殺死所有人……"
    },
    {
      "id": 30,
      "model": "단테",
      "content": "<冷靜點，辛克萊。口哨是指什麼？那個混蛋又是誰？>"
    },
    {
      "id": 31,
      "model": "싱클레어",
      "content": "她在等我。那是呼喚我的信號！"
    },
    {
      "id": 32,
      "content": "辛克萊這麼說道，眼中湧出了憤恨的淚水。"
    },
    {
      "id": 33,
      "model": "이스마엘",
      "content": "請等一下，前方有和剛才一樣的人……"
    },
    {
      "id": 34,
      "model": "싱클레어",
      "content": "回頭吧……"
    },
{
      "id": 35,
      "model": "단테",
      "content": "<為什麼？>"
    },
    {
      "id": 36,
      "model": "싱클레어",
      "content": "我們……現在回頭不行嗎？我不想去，請回頭吧，求您了。只要把方向盤轉一下下……"
    },
    {
      "id": 37,
      "model": "로쟈",
      "content": "小不點……到底是怎麼了？前面究竟有什麼？"
    },
    {
      "id": 38,
      "model": "싱클레어",
      "content": "不能過去。大家都會死的，回頭吧。"
    },
    {
      "id": 39,
      "model": "베르길리우스",
      "content": "埃米爾・辛克萊。不要說多餘的……"
    },
    {
      "id": 40,
      "model": "오티스",
      "content": "……"
    },
    {
      "id": -1,
      "content": "털썩."
    },
    {
      "id": 41,
      "content": "奧提斯一臉平靜地拍了拍手。"
    },
    {
      "id": 42,
      "model": "오티스",
      "content": "只是給他肚子來了一拳讓他昏過去一會兒而已。"
    },
    {
      "id": 43,
      "model": "베르길리우스",
      "content": "這次倒是和我想到一塊兒去了啊，你。我差點就親自下手了。"
    },
    {
      "id": 44,
      "model": "오티스",
      "content": "戰場上不需要膽小鬼。把他丟下車吧？"
    },
    {
      "id": 45,
      "model": "단테",
      "content": "<我覺得……那就有點過了。>"
    },
    {
      "id": 46,
      "model": "오티스",
      "content": "……既然經理發話了。"
    },
    {
      "id": 47,
      "content": "奧提斯一臉嫌棄地俯視著倒下的辛克萊。"
    },
    {
      "id": 48,
      "content": "雖然辛克萊是有些膽小，但他從來都不會說毫無意義的廢話。"
    },
    {
      "id": 49,
      "content": "這是他第一次表達出如此強烈的拒絕，令我非常在意。"
    },
    {
      "id": 50,
      "content": "然而，就算想要問他理由，現在也不可能得到回答了。這使我感到更加焦躁。"
    },
    {
      "id": 51,
      "content": "過了一會，辛克萊恢復了意識，只是兩眼無神地注視著窗外。"
    },
    {
      "id": 52,
      "model": "단테",
      "content": "<……大家都出去戰鬥了。>"
    },
    {
      "id": 53,
      "model": "싱클레어",
      "content": "對……不起，我這就過去。"
    },
    {
      "id": 54,
      "model": "싱클레어",
      "content": "總不能成為大家的累贅嘛。"
    }
  ]
}