{
  "dataList": [
    {
      "id": 0,
      "place": "包間",
      "model": "아이드",
      "teller": "艾達",
      "title": "流浪樂隊",
      "content": " 呃……你們幾個是？"
    },
    {
      "id": 1,
      "model": "단테",
      "content": "<羅佳，怎麼樣了！？>"
    },
    {
      "id": 2,
      "model": "소냐",
      "teller": "索尼亞",
      "title": "聖愚",
      "content": "這麼快就找到新朋友了啊，羅佳？"
    },
    {
      "id": 3,
      "content": "索尼亞在桌上攤開了他的手牌。"
    },
    {
      "id": 4,
      "model": "소냐",
      "teller": "索尼亞",
      "title": "聖愚",
      "content": "遊戲結束。"
    },
    {
      "id": 5,
      "model": "소냐",
      "teller": "索尼亞",
      "title": "聖愚",
      "content": "你贏了，羅佳。我沒有任何異議。"
    },
    {
      "id": 6,
      "content": "隨後，他頭也不回地走出門去。"
    },
    {
      "id": 7,
      "content": "取而代之的是，房間內突然響起了空洞的掌聲。"
    },
    {
      "id": 8,
      "model": "아이드",
      "teller": "艾達",
      "title": "流浪樂隊",
      "content": "哈哈，哎呀……我真的很享受這場遊戲，但是……"
    },
    {
      "id": 9,
      "model": "아이드",
      "teller": "艾達",
      "title": "流浪樂隊",
      "content": "我可不像索尼亞那樣灑脫。"
    },
    {
      "id": 10,
      "model": "아이드",
      "teller": "艾達",
      "title": "流浪樂隊",
      "content": "為了紀念你帶來了你的朋友，就讓我也介紹一下我的朋友吧。"
    },
    {
      "id": 11,
      "model": "그레고르",
      "content": "……那什麼，我記得你們幫派的成員曾經說過，你們賭博只是為了開心。"
    },
    {
      "id": 12,
      "model": "아이드",
      "teller": "艾達",
      "title": "流浪樂隊",
      "content": "嗯，所以這不比直接接受失敗更有趣嗎？"
    },
    {
      "id": 13,
      "model": "로쟈",
      "content": "不管誰是贏家，你都要用武力奪取，對吧？"
    },
    {
      "id": 14,
      "model": "아이드",
      "teller": "艾達",
      "title": "流浪樂隊",
      "content": "噗。喂，好好想想吧。我有武力和人力，所以我為什麼要為區區一局遊戲而放棄金枝？"
    },
    {
      "id": 15,
      "model": "로쟈",
      "content": "也是呢。其實這樣挺好的。"
    },
    {
      "id": 16,
      "model": "로쟈",
      "content": "我對於一直坐著也感到無聊了。"
    }
  ]
}