{
  "dataList": [
    {
      "id": 0,
      "content": "<color=#d4e1e8>啊，所以……</color>"
    },
    {
      "id": 1,
      "content": "<color=#d4e1e8>我還，“什麼都不是” 嗎？</color>"
    },
    {
      "id": 2,
      "place": "正在重建的K社研究所",
      "content": "當強烈的金光退去，空間便開始扭曲。"
    },
    {
      "id": 3,
      "model": "이스마엘",
      "content": "金枝能做到這些嗎？我不認為我們已經進入了自我心道……它原來能夠扭曲現實世界嗎？"
    },
    {
      "id": 4,
      "model": "파우스트",
      "content": "對與金枝有關的現象表現出疑問或興奮是沒有意義的。"
    },
    {
      "id": 5,
      "model": "파우스트",
      "content": "對於你和浮士德來說……我們都是第一次目睹眼前發生的這種現象"
    },
    {
      "id": 6,
      "model": "파우스트",
      "content": "基於概率來說，我們未來只會見到更多以往沒有發生過的事。"
    },
    {
      "id": 7,
      "model": "이스마엘",
      "content": "也許是吧……像那樣……"
    },
    {
      "id": 8,
      "content": "以實瑪利沒法再繼續正常說話，於是她便伸出了一根手指。"
    },
    {
      "id": 9,
      "model": "이스마엘",
      "content": "那些死人……都開始復活了……"
    },
    {
      "id": 10,
      "content": "已然失去生機的軀體開始重新站了起來。"
    },
    {
      "id": 11,
      "content": "他們的器官和肢體都嚴重受損；這種現象只能被形容為 “復活”。"
    },
    {
      "id": 12,
      "model": "그레고르",
      "content": "嗯，我見過很多，但是讓死人復生……還是很難以置信。就算是K公司的HP安瓿也做不到這點，對吧？"
    },
    {
      "id": 13,
      "model": "오티스",
      "content": "不太可能完全沒有能完美地復活死者的技術或奇點。"
    },
    {
      "id": 14,
      "model": "오티스",
      "content": "然而，如果這種技術真的存在……首先，我即使在戰爭期間也不曾聽說過它。"
    },
    {
      "id": 15,
      "model": "오티스",
      "content": "也就是說……這是不能在都市發展的技術嗎。……恐怕，這種情況是首腦……"
    },
    {
      "id": 16,
      "model": "파우스트",
      "content": "沒錯。這可能是一種被視為違反首腦規定的禁忌的行為。"
    },
    {
      "id": 17,
      "model": "파우스트",
      "content": "邊獄公司……這與我們可以通過與但丁同步來經歷復活的情況完全不同。"
    },
    {
      "id": 18,
      "model": "뫼르소",
      "content": "這是不同的，而且是錯誤的。"
    },
    {
      "id": 19,
      "model": "뫼르소",
      "content": "與我們不同，他們的復原並不完全。他們只是……"
    },
    {
      "id": 20,
      "model": "뫼르소",
      "content": "只是有生氣的狀態而已。看起來並沒有任何意識和理性存在。"
    },
    {
      "id": 21,
      "model": "그레고르",
      "content": "這樣的話……換句話說，我想只有身心都恢復了……才算是禁忌。"
    },
    {
      "id": 22,
      "model": "파우스트",
      "content": "……"
    }
  ]
}