{
  "dataList": [
    {
      "id": 0,
      "place": "混亂不堪的K公司研究所走廊",
      "model": "히스클리프",
      "content": "我收回說你們沒膽子的那句話。真虧你們沒趁我們跟那玩意打的時候逃走啊。"
    },
    {
      "id": 1,
      "model": "기술해방연합1",
      "teller": "聯盟成員",
      "title": "技術解放聯盟",
      "content": "……"
    },
    {
      "id": 2,
      "model": "히스클리프",
      "content": "現在你們死定了。一群只知道剽竊的書呆子……"
    },
    {
      "id": 3,
      "model": "기술해방연합1",
      "teller": "聯盟成員",
      "title": "技術解放聯盟",
      "content": "說的沒錯。"
    },
    {
      "id": 4,
      "model": "각성기술해방연합1",
      "teller": "聯盟成員",
      "title": "技術解放聯盟",
      "content": "所以這次從腦葉公司支部帶來了點新鮮的東西。"
    }
  ]
}