{
  "dataList": [
    {
      "id": 0,
      "place": "賭場 2F",
      "model": "파우스트",
      "content": "氛圍改變了，二層似乎是其他幫派管轄的區域。"
    },
    {
      "id": 1,
      "model": "흥겨운마리아치조직원",
      "teller": "歡快的流浪樂隊成員",
      "title": "流浪樂隊",
      "content": "喂，你們幾個！什麼啊這表情？"
    },
    {
      "id": 2,
      "model": "흥겨운마리아치조직원",
      "teller": "歡快的流浪樂隊成員",
      "title": "流浪樂隊",
      "content": "你不知道這一層的規矩嗎？如果臉上掛著令人悲傷的表情還要四處亂晃的話，先去戴上帽子把表情藏起來！"
    },
    {
      "id": 3,
      "model": "료슈",
      "content": "為什麼看著我說這話？切・脖，要開打咯？"
    },
    {
      "id": 4,
      "model": "흥겨운마리아치조직원",
      "teller": "歡快的流浪樂隊成員",
      "title": "流浪樂隊",
      "content": "什麼意思！？"
    },
    {
      "id": 5,
      "model": "료슈",
      "content": "將你斬首的意思啊。"
    },
    {
      "id": 6,
      "model": "단테",
      "content": "<良秀……比起突然開始吵架……>"
    },
    {
      "id": 7,
      "model": "흥겨운마리아치조직원",
      "teller": "歡快的流浪樂隊成員",
      "title": "流浪樂隊",
      "content": "不不，等一下啊。這傢伙的臉不難看嗎？充當眼睛的是秒針嗎？還是分針？"
    },
    {
      "id": 8,
      "model": "단테",
      "content": "<良秀…準備好了嗎？>"
    },
    {
      "id": 9,
      "model": "료슈",
      "content": "當然了，但丁。"
    }
  ]
}