{
  "dataList": [
    {
      "id": 0,
      "place": "K巢 腦葉公司支部內某處",
      "content": "……直到我們到達目的地之前，這群人一直在吵吵鬧鬧。"
    },
    {
      "id": 1,
      "model": "료슈",
      "content": "只有在寧靜中，藝術才能優雅地綻放……"
    },
    {
      "id": 2,
      "model": "슈렌느",
      "teller": "施倫妮",
      "title": "K公司研究所",
      "content": "不論哪一隊都有一些討厭鬼這一點倒是都一樣啊。"
    },
    {
      "id": 3,
      "model": "오티스",
      "content": "我不得不讚同。我都不知道他們是來解決委託還是來玩的了……他們太容易放鬆了。"
    },
    {
      "id": 4,
      "model": "동랑",
      "teller": "東朗",
      "title": "K公司 糧食資源改良部門",
      "content": "不過有一個好消息。我們在這裡不會遭遇任何異想體。"
    },
    {
      "id": 6,
      "model": "단테",
      "content": "<這個人怎麼一直在跟我說話？>"
    },
    {
      "id": 7,
      "model": "동랑",
      "teller": "東朗",
      "title": "K公司 糧食資源改良部門",
      "content": "說實話，與異想體的第一次遭遇帶給了我們一連串的驚人發現。"
    },
    {
      "id": 8,
      "model": "동랑",
      "teller": "東朗",
      "title": "K公司 糧食資源改良部門",
      "content": "它可以說是一種，混合種。利用人的潛意識開發新能源，是我從來沒有想過的想法。"
    },
    {
      "id": 9,
      "model": "단테",
      "content": "<嗯……>"
    },
    {
      "id": 10,
      "model": "동랑",
      "teller": "東朗",
      "title": "K公司 糧食資源改良部門",
      "content": "我相信這個如此廣泛傳播以及普遍的認知，額，是什麼來著……對了，人類的時代已經過去了。現在取而代之的，是天才的時代。通曉這一點的人並不多。"
    },
    {
      "id": 11,
      "model": "단테",
      "content": "<什麼是人類的時代？>"
    },
    {
      "id": 12,
      "model": "동랑",
      "teller": "東朗",
      "title": "K公司 糧食資源改良部門",
      "content": "你不知道我有多高興你能加入我們。"
    },
    {
      "id": 13,
      "model": "단테",
      "content": "<……這真是場一邊倒的對話……比和維吉里烏斯的對話糟多了。>"
    },
    {
      "id": 14,
      "content": "如果對話的一方從來沒有表達過自己的想法，那還能稱其為對話嗎？"
    },
    {
      "id": 15,
      "model": "동랑",
      "teller": "東朗",
      "title": "K公司 糧食資源改良部門",
      "content": "噓……我聽到腳步聲了。"
    },
    {
      "id": 16,
      "content": "我想你是這裡唯一一個應該閉嘴的人。"
    }
  ]
}