{
  "dataList": [
    {
      "id": 0,
      "place": "梅菲斯托費勒斯 內部",
      "model": "카론",
      "content": "心情好的卡戎，心情好的到達。"
    },
    {
      "id": 1,
      "model": "베르길리우스",
      "content": "好了，全都下車。該過安檢了。"
    },
    {
      "id": 2,
      "model": "베르길리우스",
      "content": "啊，以防萬一你們又想弄出些古怪行為，多提一嘴："
    },
    {
      "id": 3,
      "model": "베르길리우스",
      "content": "不要到處搞事情，不要幻想後面的發展會如你所願……"
    },
    {
      "id": 4,
      "model": "베르길리우스",
      "content": "因為在這個地方根本不可能發生這樣的事。"
    },
    {
      "id": 5,
      "content": "我感覺他的話挺嚇人的，但即便這樣擔憂……"
    },
    {
      "id": 6,
      "place": "K公司安檢口",
      "model": "더미2",
      "teller": "廣播",
      "title": "K公司 檢查站",
      "content": "我們衷心歡迎所有K巢的來訪者們。"
    },
    {
      "id": 7,
      "model": "더미2",
      "teller": "廣播",
      "title": "K公司 檢查站",
      "content": "進入時請有序排好隊，站在指示標記的位置。"
    },
    {
      "id": 8,
      "content": "這種威脅和審訊的氛圍，可以打壓任何初來到訪者的氣性，甚至罪人們也不例外。"
    },
    {
      "id": 9,
      "content": "我可以不時地聽見辛克萊的抽噎，羅佳和格里高爾在一旁安慰他。"
    },
    {
      "id": 10,
      "content": "就算問為什麼，得到的也只有默默搖頭。"
    },
    {
      "id": 11,
      "model": "베르길리우스",
      "content": "瞧瞧現在，看到你們那麼守規矩真不錯。就像一群小雛雞去郊遊。"
    },
    {
      "id": 12,
      "model": "이스마엘",
      "content": "等下，為什麼你會在這……"
    },
    {
      "id": 13,
      "model": "단테",
      "content": "<為什麼這次你跟著我們下了巴士？>"
    },
    {
      "id": 14,
      "content": "注意到我對這次出乎意料跟隨的慌張反應，維吉里烏斯開了口。"
    },
    {
      "id": 15,
      "model": "베르길리우스",
      "content": "因為這是巢啊，但丁。"
    },
    {
      "id": 16,
      "model": "베르길리우스",
      "content": "如果你們中的任何一個在這裡惹了什麼意外麻煩……"
    },
    {
      "id": 17,
      "model": "베르길리우스",
      "content": "但丁，要你一個人來承擔責任的話，那怕不是太過沉重了。"
    },
    {
      "id": 18,
      "content": "當維吉里烏斯這樣說時……"
    },
    {
      "id": 19,
      "content": "這聽上去更像……“你其實還沒靠譜到不需要監督”。"
    },
    {
      "id": 20,
      "content": "……不過，我覺得明智的做法還是閉嘴。"
    }
  ]
}