{
  "dataList": [
    {
      "id": 0,
      "place": "K巢 腦葉公司支部內某處",
      "model": "단테",
      "content": "<貌似就快到了。>"
    },
    {
      "id": 1,
      "model": "단테",
      "content": "<我能在這附近感受到金枝的共鳴。>"
    },
    {
      "id": 2,
      "model": "파우스트",
      "content": "……看樣子已經到附近了。"
    },
    {
      "id": 3,
      "model": "동랑",
      "teller": "東朗",
      "title": "K公司 糧食資源改良部門",
      "content": "太好了。我覺得那裡多半放著我的照片或者獎狀之類的吧。"
    },
    {
      "id": 4,
      "model": "삼조",
      "teller": "三朝",
      "title": "K公司 糧食資源改良部門",
      "content": "也包括研究機密文件，東朗先生。"
    },
    {
      "id": 5,
      "model": "이상",
      "content": "……"
    },
    {
      "id": 6,
      "content": "李箱從施倫妮掉在地板上的安瓿中撿起了一個，默默觀察著裡面。"
    },
    {
      "id": 7,
      "model": "동랑",
      "teller": "東朗",
      "title": "K公司 糧食資源改良部門",
      "content": "真是親切啊。其實不需要撿起來的。"
    },
    {
      "id": 8,
      "model": "이상",
      "content": "……同樣的。"
    },
    {
      "id": 9,
      "model": "이상",
      "content": "這再生安瓿……"
    },
    {
      "id": 10,
      "model": "이상",
      "content": "此與先前同K公司戰鬥員以及機械爭鬥之時，被注射入以實瑪利女士體內的所謂“崩解安瓿”，是同種型號的編碼。"
    },
    {
      "id": 11,
      "model": "삼조",
      "teller": "三朝",
      "title": "K公司 糧食資源改良部門",
      "content": "那是叫做序列號的東西。是專門對安瓿進行分類的編號方式。如果前綴是O的話就代表原創……等等，我為什麼要說明這種事。"
    },
    {
      "id": 12,
      "model": "이상",
      "content": "原創……注入以實瑪利女士體內的“崩解安瓿”也同樣……其本質與再生安瓿有所差異吧。"
    },
    {
      "id": 13,
      "model": "동랑",
      "teller": "東朗",
      "title": "K公司 糧食資源改良部門",
      "content": "該怎麼說呢，這個再生安瓿……是未經精煉的原液。與大眾熟知的再生安瓿稍稍有些區別。"
    },
    {
      "id": 14,
      "model": "이상",
      "content": "……"
    },
    {
      "id": 15,
      "model": "동랑",
      "teller": "東朗",
      "title": "K公司 糧食資源改良部門",
      "content": "你剛剛在思考什麼？"
    },
    {
      "id": 16,
      "model": "이상",
      "content": "並未思考任何。"
    },
    {
      "id": 17,
      "model": "동랑",
      "teller": "東朗",
      "title": "K公司 糧食資源改良部門",
      "content": "你是什麼時候認出我的？"
    },
    {
      "id": 18,
      "model": "이상",
      "content": "自你展示栽培雞群的場景之時。"
    },
    {
      "id": 19,
      "model": "이상",
      "content": "僅僅參觀研究室便足矣，你卻特意展示了隱秘的實驗室……"
    },
    {
      "id": 20,
      "model": "동랑",
      "teller": "東朗",
      "title": "K公司 糧食資源改良部門",
      "content": "嗯。其他人姑且不論，我是想正大光明地向你展示我的成果。"
    },
    {
      "id": 21,
      "model": "동랑",
      "teller": "東朗",
      "title": "K公司 糧食資源改良部門",
      "content": "但還是有點難過啊。我覺得與昔日的友人久別重逢，應該有很多時間打招呼吧。"
    },
    {
      "id": 22,
      "model": "이상",
      "content": "自以為，身邊已再無殘存的友人。"
    },
    {
      "id": 23,
      "model": "동랑",
      "teller": "東朗",
      "title": "K公司 糧食資源改良部門",
      "content": "你一點都沒變。"
    },
    {
      "id": 24,
      "model": "동랑",
      "teller": "東朗",
      "title": "K公司 糧食資源改良部門",
      "content": "你從以前起，就喜歡把重要的東西裝在瓶子裡觀賞。"
    },
    {
      "id": 25,
      "model": "이상",
      "content": "而你總試圖將那些揭露，令人難以忍受。"
    },
    {
      "id": 26,
      "model": "돈키호테",
      "content": "汝剛剛稱他為友人嗎？李箱，汝在這旅途中重逢的友人似乎很多啊！"
    },
    {
      "id": 27,
      "model": "돈키호테",
      "content": "之前汝也和那個……帶著墨鏡的陰險之人碰過面不是嗎！"
    },
    {
      "id": 28,
      "model": "동랑",
      "teller": "東朗",
      "title": "K公司 糧食資源改良部門",
      "content": "……"
    },
    {
      "id": 29,
      "model": "동랑",
      "teller": "東朗",
      "title": "K公司 糧食資源改良部門",
      "content": "啊哈。看樣子你已經體會過重逢的喜悅了。所以和我之間的氣氛才會這麼尷尬嗎。"
    },
{
      "id": 30,
      "model": "동랑",
      "teller": "東朗",
      "title": "K公司 糧食資源改良部門",
      "content": "但是，很可惜。"
    },
    {
      "id": 31,
      "model": "동랑",
      "teller": "東朗",
      "title": "K公司 糧食資源改良部門",
      "content": "似乎還剩下一個人。"
    },
    {
      "id": 32,
      "model": "단테",
      "content": "<什麼意思？>"
    },
    {
      "id": 33,
      "model": "동랑",
      "teller": "東朗",
      "title": "K公司 糧食資源改良部門",
      "content": "我以為因為施倫妮告密，成員們已經全部從這建築裡逃走了……"
    },
    {
      "id": 34,
      "model": "동랑",
      "teller": "東朗",
      "title": "K公司 糧食資源改良部門",
      "content": "但似乎並非如此。"
    },
    {
      "id": 35,
      "content": "有誰，伴隨著四溢而出的令人幾乎窒息的花香登場了。"
    },
    {
      "id": 36,
      "content": "與如今已經見慣了的耀眼金枝一起。"
    },
    {
      "id": 37,
      "content": "手中拿著一張古舊的黑白照片。"
    },
    {
      "id": 38,
      "model": "동백",
      "teller": "？？？",
      "title": "？？？",
      "content": "照片拍的真好。雖然世上只剩下這一張了。"
    },
    {
      "id": 39,
      "model": "동랑",
      "teller": "東朗",
      "title": "K公司 糧食資源改良部門",
      "content": "不論是哪個都一樣，久別重逢卻沒有一位朋友願意和我打招呼嗎。"
    },
    {
      "id": 40,
      "model": "동랑",
      "teller": "東朗",
      "title": "K公司 糧食資源改良部門",
      "content": "能把照片還給我嗎？雖然可能看不出來，但那是我很珍惜的東西。"
    },
    {
      "id": 41,
      "model": "삼조",
      "teller": "三朝",
      "title": "K公司 糧食資源改良部門",
      "content": "東朗先生。請不要隨便靠近，太危險了！"
    },
    {
      "id": 42,
      "model": "오티스",
      "content": "全員！不要急著上前！金枝可能被破壞……"
    },
    {
      "id": 43,
      "model": "뫼르소",
      "content": "同意該判斷。"
    },
    {
      "id": 44,
      "model": "파우스트",
      "content": "浮士德能想到迅速回收的方法。"
    },
    {
      "id": 45,
      "model": "히스클리프",
      "content": "嘖，怎麼從剛剛開始全是不能靠打一棒子解決的問題啊！真他媽惱火……"
    },
    {
      "id": 46,
      "content": "每個人都在為了各自的目的而叫喊著。"
    },
    {
      "id": 47,
      "content": "拿著金枝的那人似乎完全不在乎，只是向這裡緩緩走來。"
    },
    {
      "id": 48,
      "content": "但那人並非走向了東朗……"
    },
    {
      "id": 49,
      "model": "동백",
      "teller": "？？？",
      "title": "？？？",
      "content": "刺激且濃郁的香氣使我感覺地面似乎都要塌陷下去。"
    },
    {
      "id": 50,
      "model": "이상",
      "content": "……！"
    },
    {
      "id": 51,
      "content": "那人將手中的金枝刺向李箱的胸口……"
    },
    {
      "id": 52,
      "content": "李箱的身體猛然倒在地上。"
    },
    {
      "id": 53,
      "model": "동백",
      "teller": "？？？",
      "title": "？？？",
      "content": "真沒想到……你會在我的眼前選擇他。"
    },
    {
      "id": 54,
      "model": "단테",
      "content": "<李箱！>"
    },
    {
      "id": 55,
      "model": "동백",
      "teller": "？？？",
      "title": "？？？",
      "content": "這個還給你。"
    },
    {
      "id": 56,
      "model": "동백",
      "teller": "冬柏",
      "title": "？？？",
      "content": "照片，不過是剝離瞬間所製成的物件。"
    },
    {
      "id": 57,
      "content": "即使染上了血，金枝依然閃耀著熠熠的光。"
    },
    {
      "id": 58,
      "content": "與那炫目的光相對……"
    },
    {
      "id": 59,
      "content": "褪色的黑白照片，緩緩地，悠悠地飄落到地板上。"
    }
  ]
}