{
  "dataList": [
    {
      "id": 0,
      "place": "當舖大街",
      "content": "和索德預測得一樣，所有的當舖都關門閉戶來躲避麻煩。"
    },
    {
      "id": 1,
      "model": "세보이고싶었던콩콩파조직원",
      "teller": "搥胸豆豆幫成員",
      "title": "豆豆幫",
      "content": "你們這些混蛋！！站住別動！!"
    },
    {
      "id": 2,
      "model": "세보이고싶었던콩콩파조직원",
      "teller": "搥胸豆豆幫成員",
      "title": "豆豆幫",
      "content": "你丫覺得打完了我們家族的人還能全身而退嗎，小豆丁？"
    },
    {
      "id": 3,
      "model": "이스마엘",
      "content": "明明是殘暴的幫派幹嘛非得裝得跟個大家庭似的？他們沒有別的相互認同的方式了嗎？"
    },
    {
      "id": 4,
      "model": "세보이고싶었던콩콩파조직원",
      "teller": "搥胸豆豆幫成員",
      "title": "豆豆幫",
      "content": "看看你在我們這好老弟頭上弄的包！"
    },
    {
      "id": 5,
      "model": "이스마엘",
      "content": "……"
    },
    {
      "id": 6,
      "model": "에피",
      "teller": "埃菲",
      "title": "LCCB",
      "content": "我的老天…… 這些根本不在計劃之內……"
    },
    {
      "id": 7,
      "content": "埃菲捂著前額，看起來像是有點頭疼。"
    },
    {
      "id": 8,
      "content": "如果光這點程度就能讓他頭疼的話，我想建議他隨身帶點止痛藥，不過我把這個想法憋了回去。"
    },
    {
      "id": 9,
      "content": "在這方面我的建議可不具有參考性，畢竟我又沒有腦袋。"
    },
    {
      "id": 10,
      "model": "오티스",
      "content": "你們兩個，直到現在都覺得我們是毫無價值的蟲子吧，不是嗎？"
    },
    {
      "id": 11,
      "model": "오티스",
      "content": "我知道你一向把我們看作滿是垃圾的下水道！"
    },
    {
      "id": 12,
      "model": "그레고르",
      "content": "我不覺得有誰對我們說過這麼過份的話，奧提斯……"
    },
    {
      "id": 13,
      "model": "오티스",
      "content": "難道你不奇怪為什麼輪到我們來承擔回收金枝的重大使命？"
    },
    {
      "id": 14,
      "model": "에피",
      "teller": "埃菲",
      "title": "LCCB",
      "content": "為，為什……嗎？"
    },
    {
      "id": 15,
      "content": "即便是埃菲也被奧提斯強硬的態度嚇了一跳。"
    },
    {
      "id": 16,
      "model": "오티스",
      "content": "雖然我並不反對你說其他人是浸透了臭水的垃圾……"
    },
    {
      "id": 17,
      "model": "그레고르",
      "content": "不，說實在的，事實上你是唯一一個這麼說的……"
    },
    {
      "id": 18,
      "model": "싱클레어",
      "content": "呃……哦，原來奧提斯小姐從始至終都是這麼想的……"
    },
    {
      "id": 19,
      "model": "오티스",
      "content": "我至今依然立於不敗之地，我們的經理也有復蘇我們的能力，使我們字面意義上根本無法死亡。"
    },
    {
      "id": 20,
      "model": "오티스",
      "content": "實際上，只有我們二人就足夠了。雖然那個狡猾的維吉里烏斯並不同意這點……"
    },
    {
      "id": 21,
      "model": "오티스",
      "content": "關鍵在於，這些垃圾不管經過多少次戰鬥都不會報廢，懂我意思吧？好用、耐用、經濟適用。"
    },
    {
      "id": 22,
      "model": "그레고르",
      "content": "……唉。"
    },
    {
      "id": 23,
      "model": "이스마엘",
      "content": "謝謝你重申我們就是會呼吸的活垃圾，真的太暖心了。"
    },
    {
      "id": 24,
      "model": "에피",
      "teller": "埃菲",
      "title": "LCCB",
      "content": "……一幫白痴。"
    },
    {
      "id": 25,
      "model": "오티스",
      "content": "敵人正在逼近。你準備好了嗎，經理？"
    }
  ]
}