{
  "dataList": [
    {
      "id": 0,
      "place": "4區後巷某處",
      "content": "伴隨著令人起雞皮疙瘩的聲音，巴士的側面開始蠕動，並逐漸分成兩半。"
    },
    {
      "id": 1,
      "content": "在那附近的地面上，也就是巴士的嘴前，散落著各種各樣的人類軀體。其中既有已然奄奄一息的人，也有已經變得七零八落的人。"
    },
    {
      "id": 2,
      "content": "不久後，那張大口便完全張開了。巴士開始字面意思上地咀嚼起人類。興高采烈，狼吞虎咽。"
    },
    {
      "id": 3,
      "model": "료슈",
      "content": "……"
    },
    {
      "id": 4,
      "content": "良秀心滿意足似的注視著這幅景象……"
    },
    {
      "id": 5,
      "content": "另一邊，辛克萊露出了不安的表情。"
    },
    {
      "id": 6,
      "model": "싱클레어",
      "content": "我感覺……大家都不太正常。您也這麼覺得嗎？"
    },
    {
      "id": 7,
      "content": "忽然，我有些在意他們的處境。"
    },
    {
      "id": 8,
      "model": "단테",
      "content": "<我姑且問一下……應該沒有人是被強迫加入這家公司的吧？>"
    },
    {
      "id": 9,
      "content": "雖然不知道在腦袋變成這樣之前我究竟是個什麼情況，但就目前的經歷來看，我肯定算是被強迫的。"
    },
    {
      "id": 10,
      "content": "所以我想，他們會不會也和自己一樣呢。但……"
    },
    {
      "id": 11,
      "model": "싱클레어",
      "content": "啊……"
    },
    {
      "id": 12,
      "content": "辛克萊像是被戳中了痛處似的低下了頭。"
    },
    {
      "id": 13,
      "model": "싱클레어",
      "content": "沒，沒有這回事。這是我自己的選擇。只要呆上一段時間我就會習慣的……對吧？"
    },
    {
      "id": 14,
      "content": "就這樣，辛克萊對著我以外的某個人反覆自言自語道。"
    },
    {
      "id": 15,
      "model": "돈키호테",
      "content": "不管是否受公司僱傭，吾均以此為業，從那邊又湧過來一群惡人哦！"
    }
  ]
}