{
  "dataList": [
    {
      "id": 0,
      "place": "梅菲斯托費勒斯 內部",
      "content": "回到巴士上，等著我們的是冷著臉的維吉里烏斯和鼓著腮幫的卡戎……"
    },
    {
      "id": 1,
      "content": "即便是開玩笑也很難說車內的氣氛不錯，沉重的空氣在車內瀰漫著。"
    },
    {
      "id": 2,
      "model": "카론",
      "content": "太慢了。卡戎，數到了一百，你們卻沒有回來。"
    },
    {
      "id": 3,
      "model": "베르길리우스2",
      "teller": "維吉里烏斯",
      "title": "嚮導",
      "content": "卡戎。"
    },
    {
      "id": 4,
      "content": "卡戎似乎還打算用冰冷的聲音說點什麼。但維吉里烏斯輕輕把手放在了卡戎的肩上，靜靜看著她。"
    },
    {
      "id": 5,
      "model": "카론",
      "content": "維吉，卡戎記下這一次了。"
    },
    {
      "id": 6,
      "model": "베르길리우스2",
      "teller": "維吉里烏斯",
      "title": "嚮導",
      "content": "抱歉，之後給你買糖。"
    },
    {
      "id": 7,
      "content": "卡戎一聲不吭地坐在駕駛座上，維吉里烏斯慢慢回頭望向我們。"
    },
    {
      "id": 8,
      "content": "包含我在內，要說罪人們共同的優點的話，就是迴避危險的直覺相當出色這一點吧。"
    },
    {
      "id": 9,
      "content": "我們邁著僵硬的步子，各自回到了自己的座位……"
    },
    {
      "id": 10,
      "content": "只剩堂吉訶德在巴士的過道上，不安地站著。"
    },
    {
      "id": 11,
      "model": "베르길리우스2",
      "teller": "維吉里烏斯",
      "title": "嚮導",
      "content": "解釋吧，堂吉訶德。"
    },
    {
      "id": 12,
      "model": "돈키호테",
      "content": "吾……無法對受迫害的弱者視而不見……"
    },
    {
      "id": 13,
      "model": "베르길리우스2",
      "teller": "維吉里烏斯",
      "title": "嚮導",
      "content": "不，不對。"
    },
    {
      "id": 14,
      "content": "一瞬間，我沒能看清眼前發生了什麼。"
    },
    {
      "id": 15,
      "content": "我不會眨眼睛，所以本應清楚地把握狀況，然而……"
    },
    {
      "id": 16,
      "model": "돈키호테",
      "content": "咳唔！咕……"
    },
    {
      "id": 17,
      "content": "回過神的時候，"
    },
    {
      "id": 18,
      "content": "眼前映入了被維吉里烏斯的鞋底踩著肩膀的堂吉訶德。"
    },
    {
      "id": 19,
      "model": "베르길리우스2",
      "teller": "維吉里烏斯",
      "title": "嚮導",
      "content": "我說了要你解釋，沒說要你為你的思想辯護。"
    },
    {
      "id": 20,
      "model": "돈키호테",
      "content": "嗚嗚……！"
    },
    {
      "id": 21,
      "model": "베르길리우스2",
      "teller": "維吉里烏斯",
      "title": "嚮導",
      "content": "不是第一次了吧，堂吉訶德。已經有過三次類似的事情了。"
    },
    {
      "id": 22,
      "model": "베르길리우스2",
      "teller": "維吉里烏斯",
      "title": "嚮導",
      "content": "因為你精神錯亂般的行為，計劃已經有三次差點失敗了。"
    },
    {
      "id": 23,
      "model": "베르길리우스2",
      "teller": "維吉里烏斯",
      "title": "嚮導",
      "content": "怎麼想的？說說看。"
    },
    {
      "id": 24,
      "model": "돈키호테",
      "content": "雖……雖然吾給同伴添了麻煩……"
    },
    {
      "id": 25,
      "model": "돈키호테",
      "content": "唔唔……咕哇！！！"
    },
    {
      "id": 26,
      "content": "堂吉訶德那夾雜著痛苦的呻吟聲越來越大，但是誰都不願意插嘴。"
    },
    {
      "id": 27,
      "content": "當然，大抵因為這是她的過錯……"
    },
    {
      "id": 28,
      "content": "但最大的原因應該是，即便插嘴也並不會讓氣氛變得更好。"
    },
    {
      "id": 29,
      "model": "베르길리우스2",
      "teller": "維吉里烏斯",
      "title": "嚮導",
      "content": "我要聽你的想法。為什麼不理解呢？"
    },
    {
      "id": 30,
      "model": "돈키호테",
      "content": "不，不是在說話嗎！"
    },
    {
      "id": 31,
      "model": "베르길리우스2",
      "teller": "維吉里烏斯",
      "title": "嚮導",
      "content": "你該說“對不起”，堂吉訶德。"
    },
    {
      "id": 32,
      "model": "베르길리우스2",
      "teller": "維吉里烏斯",
      "title": "嚮導",
      "content": "要補充的話，也該說說今後打算怎麼做。"
    },
    {
      "id": 33,
      "model": "돈키호테",
      "content": "怎麼這樣……嗚！就是想從吾嘴裡聽到固定答案嗎！"
    },
    {
      "id": 34,
      "model": "베르길리우스2",
      "teller": "維吉里烏斯",
      "title": "嚮導",
      "content": "你不知道嗎？公司往往都有決定了的答案，只是問你能不能猜到那個答案。"
    },
    {
      "id": 35,
      "model": "베르길리우스2",
      "teller": "維吉里烏斯",
      "title": "嚮導",
      "content": "如果覺得公司在聽取你的意見的話就大錯特錯了。"
    },
    {
      "id": 36,
      "model": "돈키호테",
      "content": "咕……如果公司是那樣的話吾就！"
    },
{
      "id": 37,
      "model": "베르길리우스2",
      "teller": "維吉里烏斯",
      "title": "嚮導",
      "content": "……累了。"
    },
    {
      "id": 38,
      "content": "維吉里烏斯把堂吉訶德一腳踢倒，扔到車廂上。"
    },
    {
      "id": 39,
      "content": "然後，抓住了堂吉訶德的衣領……"
    },
    {
      "id": 40,
      "model": "베르길리우스2",
      "teller": "維吉里烏斯",
      "title": "嚮導",
      "content": "還記得剛進入公司的時候吧。"
    },
    {
      "id": 41,
      "model": "돈키호테",
      "content": "……！"
    },
    {
      "id": 42,
      "model": "베르길리우스",
      "content": "那一天的合同，不忘記的話我會很高興的。……堂・吉訶德女士。"
    },
    {
      "id": 43,
      "content": "維吉里烏斯的眼中有著比平時更強烈的紅光……"
    },
    {
      "id": 44,
      "content": "直視著那雙眼睛的堂吉訶德什麼也沒說，只是點了點頭。"
    },
    {
      "id": 45,
      "model": "베르길리우스2",
      "teller": "維吉里烏斯",
      "title": "嚮導",
      "content": "……到此為止。回你座位上。"
    },
    {
      "id": 46,
      "content": "無論何時都是堂堂正正，意氣風發的堂吉訶德，此時一副消沉的，灰溜溜的樣子，這並不是什麼愉快的景象。"
    },
    {
      "id": 47,
      "content": "居然讓那個堂吉訶德一下子就閉嘴……"
    },
    {
      "id": 48,
      "content": "究竟簽訂了什麼樣的合同呢。"
    },
    {
      "id": 49,
      "model": "베르길리우스2",
      "teller": "維吉里烏斯",
      "title": "嚮導",
      "content": "其他的傢伙也一樣。"
    },
    {
      "id": 50,
      "model": "베르길리우스2",
      "teller": "維吉里烏斯",
      "title": "嚮導",
      "content": "公司不是實現自我或者宣揚思想的場所。"
    },
    {
      "id": 51,
      "model": "베르길리우스2",
      "teller": "維吉里烏斯",
      "title": "嚮導",
      "content": "還想在違反合同規定的情況下自作主張的話，好好想想自己付出的代價再付諸行動。"
    },
    {
      "id": 52,
      "model": "베르길리우스2",
      "teller": "維吉里烏斯",
      "title": "嚮導",
      "content": "我會讓你們度過一段求死不能，離職也解脫不了的時光的。"
    },
    {
      "id": 53,
      "model": "그레고르",
      "content": "總覺得那傢伙好像很討厭得到了……誰來著，齊格芬先生的幫助。"
    },
    {
      "id": 54,
      "model": "돈키호테",
      "content": "是齊格……飛先生……"
    },
    {
      "id": 55,
      "model": "로쟈",
      "content": "正式行動都還沒開始就挨了訓啊~行動之前多察言觀色一下吧。"
    },
    {
      "id": 56,
      "model": "이스마엘",
      "content": "呼……我就知道遲早得有這麼一天。今後大家要注意了。"
    },
    {
      "id": 57,
      "model": "히스클리프",
      "content": "你們兩個看我幹嘛啊？想死嗎？"
    },
    {
      "id": 58,
      "model": "베르길리우스2",
      "teller": "維吉里烏斯",
      "title": "嚮導",
      "content": "……"
    },
    {
      "id": 59,
      "model": "히스클리프",
      "content": "……我知道，我知道了！嘖。"
    }
  ]
}