{
  "dataList": [
    {
      "id": 0,
      "place": "梅菲斯托費勒斯 內部",
      "content": "戰鬥結束後，巴士終於順利的駛離了。"
    },
    {
      "id": 1,
      "content": "望向窗外，罪人們的心中萌生出一種奇怪的感覺。"
    },
    {
      "id": 2,
      "model": "로쟈",
      "content": "看看那些人，一副無憂無慮的樣子。"
    },
    {
      "id": 3,
      "model": "단테",
      "content": "<這與我們迄今為止走過的路相比，看上去有所不同>"
    },
    {
      "id": 4,
      "model": "그레고르",
      "content": "啊哈，看起來這是我們的經理兄弟一次來到巢裡。"
    },
    {
      "id": 5,
      "model": "이스마엘",
      "content": "巢和後巷比起來簡直是天壤之別。另外，每個巢都有自己的文化與傳統。"
    },
    {
      "id": 6,
      "model": "베르길리우스",
      "content": "全體注意。"
    },
    {
      "id": 7,
      "model": "베르길리우스",
      "content": "我們的目的地是K巢內的“卡爾夫”鎮。調查顯示，通往腦葉公司支部的道路就在其中的某處。"
    },
    {
      "id": 8,
      "model": "싱클레어",
      "content": "……！"
    },
    {
      "id": 9,
      "content": "聽到“卡爾夫”這個名字時，辛克萊再次陷入到了恐懼之中，開始不住的顫抖。"
    },
    {
      "id": 10,
      "content": "就好像在被誰緊追不捨一般……"
    },
    {
      "id": 11,
      "model": "베르길리우스",
      "content": "但是，正如你告訴我的，有一股第三方勢力佔領了支部的周邊區域。這就是我為什麼向清理部門申請了額外的偵察行動。"
    },
    {
      "id": 12,
      "model": "파우스트",
      "content": "先遣隊的三號偵察小組已經部署完畢。埃菲先生和索德女士現在應該跟他們在一起。"
    },
    {
      "id": 13,
      "model": "베르길리우스",
      "content": "一旦他們掌握了相關情況，我們就會收到報告。"
    },
    {
      "id": 14,
      "content": "不一會，巴士駛入了一片通往城鎮的寂靜森林。"
    },
    {
      "id": 15,
      "content": "後巷中不存在的鬱鬱蔥蔥的景色使人安心不少。但是很快，就被一些詭異的現象所打斷。"
    },
    {
      "id": 16,
      "content": "我看到一大片代表不詳的濃煙在遠處升起。"
    },
    {
      "id": 17,
      "model": "싱클레어",
      "content": "為什麼……煙……從那裡……"
    },
    {
      "id": 18,
      "model": "로쟈",
      "content": "辛克萊……？"
    },
    {
      "id": 19,
      "model": "베르길리우스",
      "content": "卡戎，轉向"
    },
    {
      "id": 20,
      "model": "카론",
      "content": "迴避模式啟動，哐哧哐哧。"
    },
    {
      "id": -1,
      "content": "SE // 와장창!"
    },
    {
      "id": 21,
      "content": "巴士向左急轉彎，緊接著，一根長釘瞬間飛了進來，嵌入後窗中，發出可怕的聲響。"
    },
{
      "id": 22,
      "model": "히스클리프",
      "content": "哪，哪個混蛋？老子差點就沒命了。"
    },
    {
      "id": 23,
      "model": "파우스트",
      "content": "嗯……儘管我之前從沒用這種速度的發射物測試過，但這確實表明窗戶應該再加固一下了。"
    },
    {
      "id": 24,
      "model": "오티스",
      "content": "是衝我們來的。先遣隊之前就提醒過要注意他們……那幫N公司的員工。"
    },
    {
      "id": 25,
      "model": "카론",
      "content": "維吉，梅菲受傷了，卡戎很難過。"
    },
    {
      "id": 26,
      "model": "베르길리우스",
      "content": "看起來他們不會善罷甘休啊。"
    },
    {
      "id": 27,
      "model": "베르길리우스",
      "content": "全員下車。"
    },
    {
      "id": 28,
      "place": "通往卡爾夫的路上",
      "content": "我們下車後，一群穿著白色外套，全身包裹在生鏽鎧甲中的人攔住了我們的去路。"
    },
    {
      "id": 29,
      "model": "N사심문관1",
      "teller": "？？？",
      "title": "？？？",
      "content": "停下，此路不通。"
    },
    {
      "id": 30,
      "model": "그레고르",
      "content": "一開始該告訴我們的，現在我們的窗戶玻璃怎麼辦？你這傢伙……"
    },
    {
      "id": 31,
      "model": "오티스",
      "content": "不說一聲就動手也太失禮了吧。難道先報出自己隸屬的機構，不是最基本的禮儀嗎？"
    },
    {
      "id": 32,
      "model": "N사심문관1",
      "teller": "審判官",
      "title": "釘與錘",
      "content": "我等是異端審判官，是貫穿褻瀆的釘與打擊罪惡的錘。"
    },
    {
      "id": 33,
      "model": "이스마엘",
      "content": "所以，N公司……就是Nagel und Hammer的成員，說的真晦澀。"
    },
    {
      "id": 34,
      "model": "파우스트",
      "content": "也被稱作“釘與錘”。"
    },
    {
      "id": 35,
      "model": "N사심문관1",
      "teller": "審判官",
      "title": "釘與錘",
      "content": "我等正在清理異端，爾等不可於此通行。"
    },
    {
      "id": 36,
      "model": "그레고르",
      "content": "異端？那啥，我們只是想從這借過一下，不想惹任何麻煩。我們是來，呃，那個…… "
    },
    {
      "id": 37,
      "model": "그레고르",
      "content": "是來旅遊的……！沒錯，這是我們的觀光巴士。"
    },
    {
      "id": 38,
      "model": "단테",
      "content": "<……>"
    },
    {
      "id": 39,
      "content": "突然就變成了旅客的罪人們面面相覷。"
    },
    {
      "id": 40,
      "content": "為了防止先前的慘劇再次重演，格里高爾在努力的使用平靜的語調安撫著審判官——儘管可能收效甚微。"
    },
    {
      "id": 41,
      "content": "同時，他也盡力擺出了一個遊客應有的，友善而無害的微笑。"
    },
    {
      "id": 42,
      "model": "로쟈",
      "content": "格雷格，我在礦山的時候就在想……你是不是非常樂於做這種……"
    },
    {
      "id": 43,
      "model": "그레고르",
      "content": "不是這樣的……"
    },
    {
      "id": 44,
      "content": "他那顫抖的嘴角喚起了我的一絲同情。"
    },
    {
      "id": 45,
      "model": "N사심문관1",
      "teller": "審判官",
      "title": "釘與錘",
      "content": "若是如此，汝等需證明身體的純潔。"
    },
    {
      "id": 46,
      "model": "그레고르",
      "content": "好吧，那我們要怎麼證明呢。"
    },
    {
      "id": 47,
      "content": "審判官突然指向了我。"
    },
    {
      "id": 48,
      "model": "N사심문관1",
      "teller": "審判官",
      "title": "釘與錘",
      "content": "砍下此異端旅者的頭顱。"
    },
    {
      "id": 49,
      "model": "단테",
      "content": "<我……我？！>"
    },
    {
      "id": 50,
      "model": "N사심문관1",
      "teller": "審判官",
      "title": "釘與錘",
      "content": "然後跪倒在我等的錘前，將其供奉。"
    },
    {
      "id": 51,
      "model": "N사심문관1",
      "teller": "審判官",
      "title": "釘與錘",
      "content": "如此，便能證明汝的純潔，汝的旅程也將一帆風順。"
    },
    {
      "id": 52,
      "model": "N사심문관1",
      "teller": "審判官",
      "title": "釘與錘",
      "content": "自然，那輛充滿不潔的車也要留下。"
    },
    {
      "id": 53,
      "model": "히스클리프",
      "content": "就會在那放屁。喂！你把我們當什麼了？以為我們會蠢到按你說的去做？"
    },
    {
      "id": 54,
      "content": "憤怒的希斯克利夫第一個結束了扮演無害的旅行者。"
    },
    {
      "id": 55,
      "model": "단테",
      "content": "<希斯克利夫……你不用這樣……>"
    },
    {
      "id": 56,
      "model": "히스클리프",
      "content": "一幫不爭氣的軟蛋，嘖。誰敢叫老子下跪？"
    },
    {
      "id": 57,
      "model": "단테",
      "content": "<……>"
    },
    {
      "id": 58,
      "content": "於是，自稱審判官的人點了點頭。"
    },
    {
      "id": 59,
      "model": "N사심문관1",
      "teller": "審判官",
      "title": "釘與錘",
      "content": "既然如此，爾等便是異端。"
    },
    {
      "id": 60,
      "content": "說罷，審判官們全部擺好了進攻的架勢。"
    }
  ]
}