{
  "dataList": [
    {
      "id": 0,
      "place": "梅菲斯托費勒斯 內部",
      "model": "유리",
      "teller": "尤莉",
      "title": "8階收尾人",
      "content": "那個，話說……"
    },
    {
      "id": 1,
      "model": "유리",
      "teller": "尤莉",
      "title": "8階收尾人",
      "content": "雖然我這有地圖…但你們是怎樣規劃路線的？"
    },
    {
      "id": 2,
      "content": "儘管無人應答，但巴士依舊高速行駛著。"
    },
    {
      "id": 3,
      "model": "카론",
      "content": "關於這一點……"
    },
    {
      "id": 4,
      "model": "카론",
      "content": "是直覺。 卡戎的直覺。"
    },
    {
      "id": 5,
      "model": "유리",
      "teller": "尤莉",
      "title": "8階收尾人",
      "content": "啊？！"
    },
    {
      "id": 6,
      "model": "카론",
      "content": "小粉毛，用奇怪的紙擋住卡戎前面的理由是什麼？"
    },
    {
      "id": 7,
      "model": "유리",
      "teller": "尤莉",
      "title": "8階收尾人",
      "content": "還不是因為你走錯路了！麻煩你好好看看地圖。目的地在這裡的東南方向……"
    },
    {
      "id": 8,
      "content": "到底是無視不了被推到臉上的地圖，卡戎只好草草瞥了一眼。"
    },
    {
      "id": 9,
      "model": "카론",
      "content": "遵從心之所向。那便是真正的道路。"
    },
    {
      "id": 10,
      "model": "돈키호테",
      "content": "所言極是！吾輩需從心之所向，達理想之巔！"
    },
    {
      "id": 11,
      "model": "유리",
      "teller": "尤莉",
      "title": "8階收尾人",
      "content": "…這不就是連地圖都看不懂的路痴嗎。"
    },
    {
      "id": 12,
      "model": "이스마엘",
      "content": "替我說出了想說的話呢。"
    },
    {
      "id": 13,
      "content": "尤莉和以實瑪利彷若心有靈犀般同時把手搭在了額頭上。"
    },
    {
      "id": 14,
      "model": "로쟈",
      "content": "喔！咱們的司機，是交了個新朋友？"
    },
    {
      "id": 15,
      "model": "카론",
      "content": "小粉毛一直在囉哩囉嗦的。我明明知道該怎麼走。"
    },
    {
      "id": 16,
      "model": "유리",
      "teller": "尤莉",
      "title": "8階收尾人",
      "content": "不是，所以說方向被搞錯……"
    },
    {
      "id": 17,
      "model": "카론",
      "content": "前面，又有障礙物。要布隆布隆嗎？"
    },
    {
      "id": 18,
      "model": "베르길리우스",
      "content": "不，卡戎。等一等。"
    },
    {
      "id": 19,
      "teller": "飢腸轆轆的流氓",
      "title": "4區後巷",
      "content": "喂！這巴士看起來挺不錯啊！讓我也坐坐看！"
    },
    {
      "id": 20,
      "model": "베르길리우스",
      "content": "……看來現在是梅菲斯托費勒斯的點心時間。"
    },
    {
      "id": 21,
      "model": "베르길리우스",
      "content": "下車吧……看來還得再餵一點飯。"
    }
  ]
}