{
  "dataList": [
    {
      "id": 0,
      "place": "黑森林",
      "model": "늑대",
      "teller": "狼",
      "title": "？？？",
      "content": "總算明白了嗎？你現在是插翅難飛。"
    },
    {
      "id": 1,
      "model": "프롤로그단테",
      "teller": "我",
      "title": "■■■",
      "content": "<竟敢……在我刻下■■的瞬間……瘋了嗎……>"
    },
    {
      "id": 2,
      "model": "사자",
      "teller": "獅子",
      "title": "？？？",
      "content": "啊~嚴格來說，師傅想做的事情並沒有觸犯都市的禁忌。"
    },
    {
      "id": 3,
      "model": "사자",
      "teller": "獅子",
      "title": "？？？",
      "content": "應該說……根本沒有人想過要去嘗試？"
    },
    {
      "id": 4,
      "model": "사자",
      "teller": "獅子",
      "title": "？？？",
      "content": "咦，但這傢伙……"
    },
    {
      "id": 5,
      "model": "표범",
      "teller": "豹",
      "title": "？？？",
      "content": "不注意就換上了新的腦袋啊。像你這樣的人都會做這麼徹底的準備嗎？"
    },
    {
      "id": 6,
      "model": "프롤로그단테",
      "teller": "我",
      "title": "■■■",
      "content": "<咳……只要刻下■■的話……就你們這點程度的傢伙根本……>"
    },
    {
      "id": 7,
      "model": "사자",
      "teller": "獅子",
      "title": "？？？",
      "content": "哈哈，看來那個腦袋並沒有附贈嘴巴啊？"
    },
    {
      "id": 8,
      "model": "늑대",
      "teller": "狼",
      "title": "？？？",
      "content": "嗯，只能聽到滴答聲。或許是在裡頭悲鳴著嗎？"
    },
    {
      "id": 9,
      "model": "프롤로그단테",
      "teller": "我",
      "title": "■■■",
      "content": "<呃啊……！>"
    },
    {
      "id": 10,
      "model": "늑대",
      "teller": "狼",
      "title": "？？？",
      "content": "哼。嘀嗒聲變快了，看來還是有痛覺的。"
    },
    {
      "id": 11,
      "content": "可惡……我為什麼……會！"
    },
    {
      "id": 12,
      "content": "……我為什麼在被攻擊？"
    },
    {
      "id": 13,
      "content": "可惡……記憶已經開始流失了嗎……都怪■■■得太緊急……"
    },
    {
      "id": 14,
      "model": "늑대",
      "teller": "狼",
      "title": "？？？",
      "content": "搞什麼啊，突然安靜下來了。那差不多該了結掉了吧。"
    },
    {
      "id": 15,
      "model": "사자",
      "teller": "獅子",
      "title": "？？？",
      "content": "狼，這地方沒有誰會來，也不會有人看見。幹嘛這麼著急？"
    },
    {
      "id": 16,
      "model": "늑대",
      "teller": "狼",
      "title": "？？？",
      "content": "我們得遵從教導。畢竟不能拖延時間。"
    },
    {
      "id": 17,
      "model": "사자",
      "teller": "獅子",
      "title": "？？？",
      "content": "話是這麼說……哈，但我們一生中又能有幾次機會殺死這種傢伙呢？"
    },
    {
      "id": 18,
      "model": "표범",
      "teller": "豹",
      "title": "？？？",
      "content": "獅子，你工作時太感情用事了。希望你能公私分明。"
    },
    {
      "id": 19,
      "model": "사자",
      "teller": "獅子",
      "title": "？？？",
      "content": "切……"
    },
    {
      "id": 20,
      "model": "표범",
      "teller": "豹",
      "title": "？？？",
      "content": "本來還想看看你的臉的，真是太可惜了。能告訴我你的星在哪裡嗎？"
    },
    {
      "id": 21,
      "model": "프롤로그단테",
      "teller": "我",
      "title": "■■■",
      "content": "<廢話。我怎麼可能忘記■■■在……。>"
    },
    {
      "id": 22,
      "model": "프롤로그단테",
      "teller": "我",
      "title": "■■■",
      "content": "<……>"
    },
    {
      "id": 23,
      "content": "可惡，■■■在哪裡來著？記憶流失得也太快了……。"
    },
    {
      "id": 24,
      "model": "표범",
      "teller": "豹",
      "title": "？？？",
      "content": "……原來如此。你沒有嘴。"
    },
    {
      "id": 25,
      "model": "표범",
      "teller": "豹",
      "title": "？？？",
      "content": "這樣的話……也就沒法從這個人身上得到找到那個的方法了。"
    },
    {
      "id": 26,
      "model": "늑대",
      "teller": "狼",
      "title": "？？？",
      "content": "那麼現在可以結束了嗎？"
    },
    {
      "id": 27,
      "model": "표범",
      "teller": "豹",
      "title": "？？？",
      "content": "就這樣吧……嗯？"
    },
{
      "id": 28,
      "model": "사자",
      "teller": "獅子",
      "title": "？？？",
      "content": "這是什麼聲音啊？豹子……你難道被追踪了嗎？"
    },
    {
      "id": 29,
      "model": "표범",
      "teller": "豹",
      "title": "？？？",
      "content": "不，根本沒有人跟在我後面。有沒有可能是野獸？"
    },
    {
      "id": 30,
      "model": "늑대",
      "teller": "狼",
      "title": "？？？",
      "content": "這不是野獸的聲音。這是……"
    },
    {
      "id": 31,
      "model": "늑대",
      "teller": "狼",
      "title": "？？？",
      "content": "巴士……？"
    },
    {
      "id": 32,
      "model": "표범",
      "teller": "豹",
      "title": "？？？",
      "content": "那種玩意兒是怎麼滾到這裡來的？"
    },
    {
      "id": 33,
      "model": "사자",
      "teller": "獅子",
      "title": "？？？",
      "content": "看樣子是遇險的巴士吧？"
    },
    {
      "id": 34,
      "model": "사자",
      "teller": "獅子",
      "title": "？？？",
      "content": "呼，誤入歧途的代價可是超乎想像的慘重哦……"
    },
    {
      "id": 35,
      "model": "사자",
      "teller": "獅子",
      "title": "？？？",
      "content": "……！"
    },
    {
      "id": 36,
      "model": "늑대",
      "teller": "狼",
      "title": "？？？",
      "content": "……獅子被壓制了？"
    },
    {
      "id": 37,
      "model": "표범",
      "teller": "豹",
      "title": "？？？",
      "content": "……！"
    },
    {
      "id": 38,
      "model": "???",
      "teller": "？？？",
      "title": "？？？",
      "content": "……"
    },
    {
      "id": 39,
      "teller": "？？？",
      "title": "？？？",
      "content": "如果我沒有看走眼的話，您應當能夠抵達榮光的彼岸。"
    },
    {
      "id": 40,
      "model": "프롤로그단테",
      "teller": "我",
      "title": "■■■",
      "content": "<你是……誰？名牌……浮……士德？>"
    },
    {
      "id": 41,
      "model": "프롤로그파우스트",
      "teller": "浮士德",
      "title": "？？？",
      "content": "看樣子您在幽暗的森林中迷失了道路。"
    },
    {
      "id": 42,
      "model": "프롤로그단테",
      "teller": "我",
      "title": "■■■",
      "content": "<什……什麼？>"
    },
    {
      "id": 43,
      "model": "프롤로그파우스트",
      "teller": "浮士德",
      "title": "？？？",
      "content": "但您並沒有害怕。這是為何呢？"
    },
    {
      "id": 44,
      "model": "프롤로그단테",
      "teller": "我",
      "title": "■■■",
      "content": "<那是因為……>"
    },
    {
      "id": 45,
      "model": "프롤로그단테",
      "teller": "我",
      "title": "■■■",
      "content": "<只要抬頭……尋找星辰就行了。>"
    },
    {
      "id": 46,
      "model": "프롤로그파우스트",
      "teller": "浮士德",
      "title": "？？？",
      "content": "是的。"
    },
    {
      "id": 47,
      "model": "프롤로그파우스트",
      "teller": "浮士德",
      "title": "？？？",
      "content": "現在，請再做出剛剛的神情，並在心中喊出我說的話。"
    },
    {
      "id": 48,
      "model": "프롤로그파우스트",
      "teller": "浮士德",
      "title": "？？？",
      "content": "追從你的星。"
    },
    {
      "id": 49,
      "model": "프롤로그단테",
      "teller": "我",
      "title": "■■■",
      "content": "<追從……你的星。>"
    },
    {
      "id": 50,
      "content": "在這一瞬間……。"
    },
    {
      "id": 51,
      "content": "腦袋中好像有什麼東西發出聲響後脫落了出去。"
    },
    {
      "id": 52,
      "content": "接著，又有好幾根的鎖鏈將我貫穿，或者只是有被貫穿的感覺而已。"
    },
    {
      "id": 53,
      "model": "프롤로그단테",
      "teller": "我",
      "title": "■■■",
      "content": "<喝……呃，呃啊啊啊！！！>"
    },
    {
      "id": 54,
      "model": "프롤로그파우스트",
      "teller": "浮士德",
      "title": "？？？",
      "content": "請不要擔心。您的心臟並沒有真的停止跳動。"
    },
    {
      "id": 55,
      "model": "파우스트",
      "content": "這樣，契約就完成了。"
    },
    {
      "id": 56,
      "model": "파우스트",
      "content": "但丁，從今之後我們就隸屬於你的時間了。"
    },
    {
      "id": 57,
      "model": "프롤로그단테2",
      "teller": "但丁",
      "title": "我",
      "content": "<那是什麼……>"
    },
    {
      "id": 58,
      "model": "파우스트",
      "content": "從今往後，我們心臟的跳動與否將取決於您的指針的方位。"
    },
    {
      "id": 59,
      "model": "파우스트",
      "content": "請多指教。"
    },
    {
      "id": 60,
      "model": "프롤로그단테2",
      "teller": "但丁",
      "title": "我",
      "content": "<我們……?>"
    },
{
      "id": 61,
      "model": "이스마엘",
      "content": "真的這樣就可以了？"
    },
    {
      "id": 62,
      "model": "이상",
      "content": "一顆蘋果就此落地。"
    },
    {
      "id": 63,
      "model": "이스마엘",
      "content": "……這人從剛才開始就神神叨叨的。"
    },
    {
      "id": 64,
      "model": "로쟈",
      "content": "唔~好倦！可以活動活動了吧？"
    },
    {
      "id": 65,
      "model": "그레고르",
      "content": "嘛，舒展一下身體也沒什麼壞處吧。"
    },
    {
      "id": 66,
      "model": "오티스",
      "content": "那個倒在地上滾來滾去的可憐蟲是誰？是即將成為我們最後的隊員的人嗎？"
    },
    {
      "id": 67,
      "model": "그레고르",
      "content": "啊……最好注意一下用詞……據說那是要成為我們上司的人哩……。"
    },
    {
      "id": 68,
      "model": "파우스트",
      "content": "明明襲擊只是一瞬間的事情，真虧您能夠藏好自己的頭。"
    },
    {
      "id": 69,
      "model": "프롤로그단테2",
      "teller": "但丁",
      "title": "我",
      "content": "<你們是誰？這個巴士到底是什麼東西？>"
    },
    {
      "id": 70,
      "model": "파우스트",
      "content": "我們是為了拯救你而趕來的正義使者，而這是能夠去往任何想去的地方的魔法巴士。"
    },
    {
      "id": 71,
      "model": "프롤로그단테2",
      "teller": "但丁",
      "title": "我",
      "content": "<正義？巴士？什麼跟什麼啊……>"
    },
    {
      "id": 72,
      "model": "파우스트",
      "content": "您並不期望這樣的答案嗎？明明這樣想會更加容易理解。"
    },
    {
      "id": 73,
      "model": "파우스트",
      "content": "鑑於時間緊迫，形勢不利，我只會做一次解釋。"
    },
    {
      "id": 74,
      "content": "過了一會兒……。"
    },
    {
      "id": 75,
      "model": "프롤로그단테2",
      "teller": "但丁",
      "title": "我",
      "content": "<所以……只要按照你說的來做，剛見面的那些人就會代替我去戰鬥，是這樣嗎？>"
    },
    {
      "id": 76,
      "model": "파우스트",
      "content": "是的。但前提是您能夠下達正確的命令。"
    },
    {
      "id": 77,
      "model": "프롤로그단테2",
      "teller": "但丁",
      "title": "我",
      "content": "<好啊，那就把這幫混蛋全部殺了……。>"
    },
    {
      "id": 78,
      "model": "프롤로그단테2",
      "teller": "但丁",
      "title": "我",
      "content": "<然後回到原來的……。>"
    },
    {
      "id": 79,
      "model": "프롤로그단테2",
      "teller": "但丁",
      "title": "我",
      "content": "<原來的……。>"
    },
    {
      "id": 80,
      "model": "프롤로그단테2",
      "teller": "但丁",
      "title": "我",
      "content": "<……>"
    },
    {
      "id": 81,
      "model": "프롤로그단테2",
      "teller": "但丁",
      "title": "我",
      "content": "<我之前在幹什麼？我本來是在哪裡的來著？>"
    },
    {
      "id": 82,
      "model": "프롤로그단테2",
      "teller": "但丁",
      "title": "我",
      "content": "<我曾經面臨一個極其重要的時刻。絕對不能遺忘的……。>"
    },
    {
      "id": 83,
      "model": "파우스트",
      "content": "請冷靜一些。這樣的頭是不可能保留完整的記憶的。"
    },
    {
      "id": 84,
      "model": "파우스트",
      "content": "現在先集中注意力應對眼前的戰鬥吧，但丁。"
    },
    {
      "id": 85,
      "model": "오티스",
      "content": "鐘……咳，該怎麼稱呼呢。"
    },
    {
      "id": 86,
      "model": "오티스",
      "content": "鐘錶指揮官先生……？總之，請下達戰鬥指令！"
    },
    {
      "id": 87,
      "model": "그레고르",
      "content": "真的需要命令嗎？這不就是個體戰的程度嗎？"
    },
    {
      "id": 88,
      "model": "이스마엘",
      "content": "啊啊？！那，那個！"
    },
    {
      "id": 89,
      "model": "히스클리프",
      "content": "嘰哩呱啦的，說啥呢！全幹掉不就好了嗎！"
    },
    {
      "id": 90,
      "model": "파우스트",
      "content": "……請盡力而為，但丁。"
    },
    {
      "id": 91,
      "model": "프롤로그단테2",
      "teller": "但丁",
      "title": "我",
      "content": "<……反正也沒其他辦法了。>"
    }
  ]
}