{
  "dataList": [
    {
      "id": 0,
      "place": "K巢 腦葉公司支部內某處",
      "model": "동랑",
      "teller": "東朗",
      "title": "K公司 糧食資源改良部門",
      "content": "施倫妮，你被彈片濺傷了，確定不要來一針安瓿嗎？"
    },
    {
      "id": 1,
      "model": "슈렌느",
      "teller": "施倫妮",
      "title": "K公司研究所",
      "content": "我沒事……"
    },
    {
      "id": 2,
      "model": "그레고르",
      "content": "那個施倫妮……看起來一臉木然啊，她還好嗎？"
    },
    {
      "id": 3,
      "model": "그레고르",
      "content": "木然……哈，怎麼可能。她可不能那麼無憂無慮。"
    },
    {
      "id": 4,
      "model": "오티스",
      "content": "……。"
    },
    {
      "id": 5,
      "model": "오티스",
      "content": "這樣就顯而易見了。"
    },
    {
      "id": 6,
      "model": "오티스",
      "content": "那些恐怖分子早就走了。現在只剩下那些一心想殺掉我們的劊子手們了。"
    },
    {
      "id": 7,
      "model": "오티스",
      "content": "我做好決定了。嘿，你怎麼認為？"
    },
    {
      "id": 8,
      "content": "奧提斯對默爾索點了點頭。"
    },
    {
      "id": 9,
      "model": "뫼르소",
      "content": "我同意。"
    },
    {
      "id": 10,
      "model": "싱클레어",
      "content": "你，你們兩個在說什麼啊？"
    },
    {
      "id": 11,
      "model": "뫼르소",
      "content": "沒有任何疑問，我們之中有一名叛徒。"
    },
    {
      "id": 12,
      "model": "뫼르소",
      "content": "多虧了這個間諜，我們的路線和計劃在我們出發的時候就已經洩露了。"
    },
    {
      "id": 13,
      "model": "뫼르소",
      "content": "為了止損，我們應當現在就處理掉這個叛徒。"
    },
    {
      "id": 14,
      "content": "叛徒。"
    },
    {
      "id": 15,
      "content": "聽到了這個陌生的概念後，我茫然地望著他。"
    },
    {
      "id": 16,
      "model": "오티스",
      "content": "既然不太可能是我們中的一員，那麼你們研究所裡的手下就是合理的懷疑對象了。"
    },
    {
      "id": 17,
      "model": "오티스",
      "content": "我們必須放棄這次任務，執行經理。繼續在這場鬧劇裡摻和下去實在……"
    },
    {
      "id": 18,
      "model": "삼조",
      "teller": "三朝",
      "title": "K公司 糧食資源改良部門",
      "content": "你的指控讓我感到厭惡。你真的在懷疑我們嗎？我能向你保證，我們之間的信任比你們這些甚至沒有一同工作滿一年的人要深厚得多……"
    },
    {
      "id": 19,
      "content": "三朝這麼反駁到，他的眼鏡上猛烈地反射出一道道光芒。"
    },
    {
      "id": 20,
      "model": "동랑",
      "teller": "東朗",
      "title": "K公司 糧食資源改良部門",
      "content": "不，三朝。他們的假設是合理的。換我，我也會說一樣的話。"
    },
    {
      "id": 21,
      "model": "삼조",
      "teller": "三朝",
      "title": "K公司 糧食資源改良部門",
      "content": "……。"
    },
    {
      "id": 22,
      "model": "동랑",
      "teller": "東朗",
      "title": "K公司 糧食資源改良部門",
      "content": "你有話要說，對吧？"
    },
    {
      "id": 23,
      "model": "삼조",
      "teller": "三朝",
      "title": "K公司 糧食資源改良部門",
      "content": "東朗先生……"
    },
    {
      "id": 24,
      "model": "오티스",
      "content": "那隊收尾人自從來到這裡就沒有用過一次再生安瓿。"
    },
    {
      "id": 25,
      "model": "오티스",
      "content": "任何有理智的戰鬥人員都會試圖強行奪取並使用它。"
    },
    {
      "id": 26,
      "model": "뫼르소",
      "content": "還有一件事。"
    },
    {
      "id": 27,
      "model": "뫼르소",
      "content": "當我們遇到蘭的時候……"
    },
    {
      "id": 28,
      "model": "뫼르소",
      "content": "他們已經提前和她保持距離了。唯一的解釋就是，他們早就知道會有一場爆炸。"
    },
    {
      "id": 29,
      "model": "니코",
      "teller": "尼柯",
      "title": "玫瑰扳手工坊",
      "content": "哎呀... 有沒有可能，是我的直覺特別好呢？"
    },
    {
      "id": 30,
      "model": "니코",
      "teller": "尼柯",
      "title": "玫瑰扳手工坊",
      "content": "也許，我們沒有用這些再生安瓿的原因是我們的體質都特別健康呢？"
    },
    {
      "id": 31,
      "model": "동랑",
      "teller": "東朗",
      "title": "K公司 糧食資源改良部門",
      "content": "嗯……為了以防萬一，我帶了一片吐真藥。如果你能在用了以後還能作出同樣的證詞，我就相信你。"
    },
    {
      "id": 32,
      "model": "니코",
      "teller": "尼柯",
      "title": "玫瑰扳手工坊",
      "content": "吐真藥？那個紅色的東西？我怎麼能吃那種可疑的藥……？"
    },
    {
      "id": 33,
      "model": "동랑",
      "teller": "東朗",
      "title": "K公司 糧食資源改良部門",
      "content": "抱歉，你難道覺得你有選擇的餘地嗎？真奇怪啊，如果我是你，我就會吃下那片藥……或者更加拼命地編一些藉口出來。"
    },
    {
      "id": 34,
      "model": "동랑",
      "teller": "東朗",
      "title": "K公司 糧食資源改良部門",
      "content": "你竟然如此欣然的放棄了你唯一洗脫自己嫌疑的機會，就好像你真的很想去死一樣。"
    },
    {
      "id": 35,
      "model": "동랑",
      "teller": "東朗",
      "title": "K公司 糧食資源改良部門",
      "content": "……還是你現在終於下了決心把我們都殺了？"
    },
{
      "id": 36,
      "model": "니코",
      "teller": "尼柯",
      "title": "玫瑰扳手工坊",
      "content": "我以為研究員的任務是撰寫論文……而你這個瘋子卻在這裡寫小說。"
    },
    {
      "id": 37,
      "content": "尼柯舉起了他的武器，並對準了我們。"
    },
    {
      "id": 38,
      "model": "히스클리프",
      "content": "你已經走投無路了吧？你終於肯露出你的獠牙了。"
    },
    {
      "id": 39,
      "model": "니코",
      "teller": "尼柯",
      "title": "玫瑰扳手工坊 ",
      "content": "我甚至教了你我玩老虎機的絕招，而你就是這麼報答我的嗎？"
    }
  ]
}