{
  "dataList": [
    {
      "id": 0,
      "place": "賭場 1F",
      "model": "소드",
      "teller": "索德",
      "title": "LCCB",
      "content": "再次確認一下……"
    },
    {
      "id": 1,
      "model": "소드",
      "teller": "索德",
      "title": "LCCB",
      "content": "你們都知道，任務目標是贏得頂層的賭局，而不是在賭場一層大鬧一場，沒錯吧？"
    },
    {
      "id": 2,
      "content": "我確信有人把它當做了耳邊風，但這件事我還是不說出來為妙。"
    },
    {
      "id": 3,
      "model": "소드",
      "teller": "索德",
      "title": "LCCB",
      "content": "不僅僅是要到達頂層，更重要的是要在那裡的賭局中獲勝。"
    },
    {
      "id": 4,
      "model": "소드",
      "teller": "索德",
      "title": "LCCB",
      "content": "因此我們需要願力才能實現它。"
    },
    {
      "id": 5,
      "model": "소드",
      "teller": "索德",
      "title": "LCCB",
      "content": "我不想深究我們收集的願力是出於何種荒謬的理由而付諸東流的，這只會影響我們的士氣。"
    },
    {
      "id": 6,
      "content": "我情不自禁的低下了頭，心中充滿了歉疚。"
    },
    {
      "id": 7,
      "model": "오티스",
      "content": "那這裡還有其他地方可以收集到足夠的願力嗎？"
    },
    {
      "id": 8,
      "model": "소드",
      "teller": "索德",
      "title": "LCCB",
      "content": "入口處有一台輪盤賭。前來賭場的人每天都會在輪盤賭上碰碰運氣，並根據結果贏取或賠掉願力。"
    },
    {
      "id": 9,
      "model": "오티스",
      "content": "若果真如此，那我們可以找個機會把那裡面的汲願器搞過來。"
    },
    {
      "id": 10,
      "model": "단테",
      "content": "<你覺得可行嗎？>"
    },
    {
      "id": 11,
      "model": "오티스",
      "content": "我經歷過無數規模更大，更複雜的行動。"
    },
    {
      "id": 12,
      "model": "오티스",
      "content": "經理閣下的荒唐錯誤和那些行動相比根本無傷大雅。"
    },
    {
      "id": 13,
      "model": "오티스",
      "content": "一定是那些拖泥帶水的廢物們攪擾了您的睿智的思維！不要在意他們的閒言碎語！"
    },
    {
      "id": 14,
      "model": "단테",
      "content": "<荒唐啊……我明白了……等等！>"
    },
    {
      "id": 15,
      "content": "當我們正忙於討論備用計劃時…"
    },
    {
      "id": 16,
      "content": "希斯克利夫已經急不可待地衝向了賭場的入口處。"
    },
    {
      "id": 17,
      "content": "究竟是我們太專注於討論計劃，還是只是集體走了神？"
    },
    {
      "id": 18,
      "content": "但無論何種情況，我們都對他的意圖一無所知。"
    },
    {
      "id": 19,
      "model": "단테",
      "content": "<希斯克利夫？>"
    },
{
      "id": 20,
      "model": "히스클리프",
      "content": "他媽的，你們打算扯到什麼時候，直接動手不就得了？"
    },
    {
      "id": 21,
      "content": "然後他開始衝著樓層中的保鏢們大喊大叫。"
    },
    {
      "id": 22,
      "model": "히스클리프",
      "content": "你們這群傢伙，不覺得自己很可悲嗎？"
    },
    {
      "id": 23,
      "model": "히스클리프",
      "content": "那邊那個金發小鬼還是個乳臭未乾的菜鳥。"
    },
    {
      "id": 24,
      "model": "히스클리프",
      "content": "還有這個我們管他叫經理的傢伙，腦子啥也記不住，胳膊軟到刀都提不動。"
    },
    {
      "id": 25,
      "model": "히스클리프",
      "content": "跟這種貨色都能打成這鬼樣？笑死個人……"
    },
    {
      "id": 26,
      "model": "카지노경호원대장",
      "teller": "賭場警衛隊長",
      "title": "J公司賭場",
      "content": "呃，這……這傢伙……"
    },
    {
      "id": 27,
      "model": "싱클레어",
      "content": "希……希斯克利夫先生，您說的好像有點……太過了。"
    },
    {
      "id": 28,
      "model": "단테",
      "content": "<是，是啊。的確有些過頭了，希斯克利夫。>"
    },
    {
      "id": 29,
      "model": "히스클리프",
      "content": "還有，你拿著那把棍子難道是當裝飾用的嗎？"
    },
    {
      "id": 30,
      "model": "카지노경호원대장",
      "teller": "賭場警衛隊長",
      "title": "J公司賭場",
      "content": "你小子可別太囂張……！"
    },
    {
      "id": 31,
      "content": "氣急敗壞的賭場警衛揮舞著手中的棍棒，如獵狗一般嘶叫著直衝向希斯克利夫。"
    },
    {
      "id": 32,
      "content": "希斯克利夫驚險的閃過迎面而來的攻擊，其身後的那台輪盤機卻被落空的重擊砸的粉碎。"
    },
    {
      "id": 33,
      "model": "소드",
      "teller": "索德",
      "title": "LCCB",
      "content": "汲……汲願器！"
    },
    {
      "id": 34,
      "content": "此時，在輪盤機那慘不忍睹的殘骸中，一份份曾經被稱為“願力”的東西正噴湧而出。"
    },
    {
      "id": 35,
      "content": "索德發出了將死一般的尖叫，又立馬伸手掩住嘴巴，試圖挽回一點形象……鑑於那副場景實在是慘不忍睹，我識趣的轉過了身。"
    },
    {
      "id": 36,
      "content": "“等我長大了，我要做願望貼紙，給每個人帶來希望！ ”"
    },
    {
      "id": 37,
      "content": "我似乎聽到了願望貼紙上人們那未能實現的心聲。"
    },
    {
      "id": 38,
      "model": "히스클리프",
      "content": "喂，你們幾個聽著。"
    },
    {
      "id": 39,
      "model": "히스클리프",
      "content": "你們是想讓你們老闆知道，你們在和我們打架的時候把機子幹碎了，然後挨老闆一頓痛罵……"
    },
    {
      "id": 40,
      "model": "히스클리프",
      "content": "還是說把責任全部推給我們，順便讓我們上去二樓？"
    },
    {
      "id": 41,
      "model": "각잡힌카지노경호원",
      "teller": "穿戴整齊的賭場警衛",
      "title": "J公司賭場",
      "content": "這…這可是存了一個月的運氣……"
    },
    {
      "id": 42,
      "model": "카지노경호원대장",
      "teller": "賭場警衛隊長",
      "title": "J公司賭場",
      "content": "……"
    },
    {
      "id": 43,
      "model": "카지노경호원대장",
      "teller": "賭場警衛隊長",
      "title": "J公司賭場",
      "content": "即使上了樓，你們也討不到好果子吃……"
    },
    {
      "id": 44,
      "model": "히스클리프",
      "content": "哦，反正在哪兒都一個鳥樣。感謝忠告"
    },
    {
      "id": 45,
      "content": "說完，希斯克利夫扶著自己被棍棒打脫臼的胳膊向我走來。"
    },
    {
      "id": 46,
      "model": "히스클리프",
      "content": "瞅我幹啥？幹你的正事，趕緊給我治好。"
    },
    {
      "id": 47,
      "model": "단테",
      "content": "<……>"
    },
    {
      "id": 48,
      "model": "소드",
      "teller": "索德",
      "title": "LCCB",
      "content": "我下定決心了。我以後絕對不會再跟你們提“計劃”這兩個字。"
    },
    {
      "id": 49,
      "model": "파우스트",
      "content": "你明白的太晚了。"
    },
    {
      "id": 50,
      "model": "에피",
      "teller": "埃菲",
      "title": "LCCB",
      "content": "浮士德，真希望你能在這個時候閉嘴。"
    },
    {
      "id": 51,
      "content": "就這樣，我們狼狽不堪的向二樓爬去。"
    }
  ]
}