{
  "dataList": [
    {
      "id": 0,
      "place": "一間當舖",
      "model": "소드",
      "teller": "索德",
      "title": "LCCB",
      "content": "現在……關於這個任務，我們差不多會幫你包辦好一切。至於你要做的，就是給我乖乖張開嘴，把餵到嘴邊的工作都好好消化掉。"
    },
    {
      "id": 1,
      "model": "소드",
      "teller": "索德",
      "title": "LCCB",
      "content": "讀讀這個信封裡的文件，然後一、字、不、差地，照著它說的去做。"
    },
    {
      "id": 2,
      "content": "索德拖長音的方式讓人不爽，但我不準備跟她計較。"
    },
    {
      "id": 3,
      "content": "就算我真跟她吵上幾句，她能聽進去的部分也不過幾聲時鐘的滴答作響罷了。"
    },
    {
      "id": 4,
      "model": "그레고르",
      "content": "你這個“聯合作戰”也沒多少“聯合”的意思不是嗎？你只是在把我們當跟屁蟲耍。"
    },
    {
      "id": 5,
      "model": "이스마엘",
      "content": "這太侮辱人了。他們把我們都當傻大個還是怎樣？"
    },
    {
      "id": 6,
      "model": "이스마엘",
      "content": "你看，經理，我們得先從把腳放下學起，然後再……"
    },
    {
      "id": 7,
      "model": "이스마엘",
      "content": "再……"
    },
    {
      "id": 8,
      "model": "이스마엘",
      "content": "……唯他們馬首是瞻，對吧？"
    },
    {
      "id": 9,
      "model": "단테",
      "content": "<嗯？>"
    },
    {
      "id": 10,
      "model": "이스마엘",
      "content": "他們給的那份文件，簡直詳盡得不可思議。"
    },
    {
      "id": 11,
      "model": "이스마엘",
      "content": "看這兒，上面把路線圖以及你能想到的一切東西都畫得清清楚楚。我上次見到這麼一絲不苟的計劃還是在很久之前。"
    },
    {
      "id": 12,
      "model": "오티스",
      "content": "嗯哼，確實。這顯然表明他們在製定適當的行動計劃方面很有知識。"
    },
    {
      "id": 13,
      "model": "오티스",
      "content": "啊，我可不是說他們這點小聰明能與您的深謀遠慮相提並論。"
    },
    {
      "id": 14,
      "content": "被以實瑪利對那份計劃的讚許說服，我打開信封，仔細地閱讀接下來的行動綱要。"
    },
    {
      "id": 15,
      "content": "行動目的總結如下："
    },
    {
      "id": 16,
      "content": "“到達賭場頂層。 ”"
    },
    {
      "id": 17,
      "content": "此次行動的首要目標，是今日賭局的頭等大獎。"
    },
    {
      "id": 18,
      "content": "據可靠情報，獲得金枝所在區域通行許可的唯一辦法就是贏下這場賭局。"
    },
    {
      "id": 19,
      "content": "四個聯合競標這家賭場的幫派在這張賭桌上共聚一堂。"
    },
    {
      "id": 20,
      "content": "這四家之一…… 我們一般用最為臭名昭著的稱謂來稱呼他們……"
    },
    {
      "id": 21,
      "model": "단테",
      "content": "<豆豆幫？>"
    },
    {
      "id": 22,
      "model": "파우스트",
      "content": "認為從名稱就能看出一個幫派的本質，完全就是一種膚淺的偏見。"
    },
    {
      "id": 23,
      "model": "이상",
      "content": "故意戴上所謂偏見的有色眼鏡，可不是看待世界的理想方式。"
    },
    {
      "id": 24,
      "model": "단테",
      "content": "<……是。>"
    },
{
      "id": 25,
      "content": "……說回到行動計劃。我們準備偽裝成“豆豆幫”的老大，然後贏下這場賭局。"
    },
    {
      "id": 26,
      "content": "再之後，我們就可以進入金枝所在的地下樓層。"
    },
    {
      "id": 27,
      "content": "這之前，我們得用當舖裡找得到的飾品和衣物偽裝成各自的角色，進到賭場裡，再等頂樓的小隊贏下賭局。"
    },
    {
      "id": 28,
      "content": "我想，這就是整個計劃的概要。"
    },
    {
      "id": 29,
      "content": "呃，等等。如果我們的人贏不下來的話，一切不就都泡湯了嗎？"
    },
    {
      "id": 30,
      "model": "소드",
      "teller": "索德",
      "title": "LCCB",
      "content": "我們還準備好了假身份。以防賭場安保隨機抽查來訪者。"
    },
    {
      "id": 31,
      "model": "그레고르",
      "content": "好吧，確實很周到…… 但到了頂樓之後你又打算怎麼贏下賭局呢？"
    },
    {
      "id": 32,
      "model": "에피",
      "teller": "埃菲",
      "title": "LCCB",
      "content": " 你以為我們穿成這樣是幹什麼的？"
    },
    {
      "id": 33,
      "model": "에피",
      "teller": "埃菲",
      "title": "LCCB",
      "content": "為了冒充如假包換的荷官，我們都練了好幾個月了。"
    },
    {
      "id": 34,
      "model": "에피",
      "teller": "埃菲",
      "title": "LCCB",
      "content": "我們會把好運塞到你手裡。只要你的眼睛沒瞎，這場賭局就是你的囊中之物。"
    },
    {
      "id": 35,
      "content": "埃菲咕噥著又重複了一遍最後兩句話，順便毫不掩飾地斜了我們一眼。"
    },
    {
      "id": 36,
      "content": "顯而易見地，他對我們毫無信心。"
    },
    {
      "id": 37,
      "model": "그레고르",
      "content": "那我們怎麼取代掉豆豆幫的老大？"
    },
    {
      "id": 38,
      "model": "소드",
      "teller": "索德",
      "title": "LCCB",
      "content": "賭場提供給他的食物裡會被放上鎮靜劑。這些細節上的問題我們早就跟主廚“溝通”好了。"
    },
    {
      "id": 39,
      "model": "이상",
      "content": "鎮靜劑……"
    },
    {
      "id": 40,
      "content": "索德和埃菲互相向對方眨了眨眼。"
    },
    {
      "id": 41,
      "content": "通過眼神交流就能理解對方的想法，真不愧是心有靈犀的完美搭檔。"
    },
    {
      "id": 42,
      "model": "소드",
      "teller": "索德",
      "title": "LCCB",
      "content": "老闆~這個這個和那個，這幾個架子的貨都拿出來給我們看看唄~"
    },
    {
      "id": 43,
      "model": "전당포주인",
      "teller": "當舖老闆",
      "title": "J公司的當舖",
      "content": "嗯？哦！啊好的，當然，沒問題。請您自便，女士。"
    },
    {
      "id": 44,
      "content": "當舖老闆的態度從本來的不屑一顧，立即變作點頭哈腰。"
    },
    {
      "id": 45,
      "model": "소드",
      "teller": "索德",
      "title": "LCCB",
      "content": "現在，讓我們把用得上的東西挑出來吧。"
    },
    {
      "id": 46,
      "model": "홍루",
      "content": "天哪，這不是古琪的設計師款胸針嗎！"
    },
    {
      "id": 47,
      "model": "전당포주인",
      "teller": "當舖老闆",
      "title": "J公司的當舖",
      "content": "哈！您真識貨啊，先生。這小美人兒可是本店的鎮店之寶，全球限量僅十枚的稀世佳作。它的價值可是不可限量——"
    },
    {
      "id": 48,
      "model": "홍루",
      "content": "過去出門散步的時候我家狗狗的項圈上曾有一個這樣的胸針。能在這裡見到帶來美好回憶的物品真是太好了！"
    },
    {
      "id": 49,
      "model": "전당포주인",
      "teller": "當舖老闆",
      "title": "J公司的當舖",
      "content": "……"
    },
    {
      "id": 50,
      "model": "로쟈",
      "content": "我看上這副牛皮手套了。它的舊主人絕對是個時尚達人~"
    },
    {
      "id": 51,
      "model": "소드",
      "teller": "索德",
      "title": "LCCB",
      "content": "別忘了這是場角色扮演啊，你們得挑點符合身份的東西。"
    },
    {
      "id": 52,
      "model": "돈키호테",
      "content": "等等，我收到的那個信封裡寫的是“清潔工”，這裡面肯定有什麼誤會。"
    },
    {
      "id": 53,
      "model": "그레고르",
      "content": "好吧，整體上是不錯，但…… 你有那麼多錢把這些都買下來嗎？"
    },
    {
      "id": 54,
      "model": "에피",
      "teller": "埃菲",
      "title": "LCCB",
      "content": "擔心花銷？你以為我們是誰，普通文職嗎？這張黑卡在手，沒有什麼是我買不下來的。"
    },
    {
      "id": 55,
      "model": "로쟈",
      "content": "但丁！這是怎麼回事？！你之前還說我們因為預算不夠所以吃不起高級牛排呢！"
    },
    {
      "id": 56,
      "model": "파우스트",
      "content": "所以表現出眾的隊伍能拿到一張不限額的公司黑卡的傳言是真的。"
    },
    {
      "id": 57,
      "content": "正當所有人都驚訝於那傳言中的黑卡竟然確有其事時……"
    },
    {
      "id": 58,
      "content": "外面傳來了很大的聲音。"
    },
    {
      "id": 59,
      "model": "촌스러운말투의콩콩파조직원",
      "teller": "粗魯的豆豆幫成員",
      "title": "豆豆幫",
      "content": "喂，白痴！老子沒說過你丫的今天要交錢了嗎？"
    },
    {
      "id": 60,
      "content": "一個很明顯屬於某個兇惡幫派的成員進到了當舖裡。"
    },
    {
      "id": 61,
      "model": "전당포주인",
      "teller": "當舖老闆",
      "title": "J公司的當舖",
      "content": "請，請再……給我一次機會。我發誓我一定會準備好錢的。"
    },
    {
      "id": 62,
      "model": "촌스러운말투의콩콩파조직원",
      "teller": "粗魯的豆豆幫成員",
      "title": "豆豆幫",
      "content": "又來？你丫不會數數嗎？你丫的上次也是這麼說的！老大可不會讓我浪費時間帶你重讀幼兒園，聽見了嗎？"
    },
    {
      "id": 63,
      "model": "전당포주인",
      "teller": "當舖老闆",
      "title": "J公司的當舖",
      "content": "我，我只是個行將就木的羸弱老頭，你就算弄死我也得不到什麼的……!"
    },
    {
      "id": 64,
      "content": "用做作得有點過頭的聲音求著情的同時，當舖老闆用余光偷偷瞄著我們。"
    },
    {
      "id": 65,
      "model": "촌스러운말투의콩콩파조직원",
      "teller": "粗魯的豆豆幫成員",
      "title": "豆豆幫",
      "content": "嗯？你懂得回嘴了是吧？好啊，繼續啊，生氣啊！那樣我至少不會有太多罪惡感！"
    },
    {
      "id": 66,
      "content": "從他的表情來看，他正在用某種方式悄悄暗示我們幫忙。"
    },
    {
      "id": 67,
      "content": "罪人們的眼神自然都被吸引到了吵鬧的方向。"
    },
{
      "id": 68,
      "model": "촌스러운말투의콩콩파조직원",
      "teller": "粗魯的豆豆幫成員",
      "title": "豆豆幫",
      "content": "你丫在看哪呢？你以為我是在這陪你玩呢？！"
    },
    {
      "id": 69,
      "model": "이스마엘",
      "content": "天哪…… 這也太老套了，我都懶得回他。人們罵街的時候不能再有點創意嗎？"
    },
    {
      "id": 70,
      "model": "싱클레어",
      "content": "我們…… 是不是該，幫個忙？"
    },
    {
      "id": 71,
      "content": "不同於還在對著那個馬仔不斷嘲諷的以實瑪利，辛克萊投來焦急的目光。"
    },
    {
      "id": 72,
      "model": "소드",
      "teller": "索德",
      "title": "LCCB",
      "content": "我們別無選擇，後巷有自己的規矩和法則。我們不是來這干擾這片紛繁複雜的社會結構的。"
    },
    {
      "id": 73,
      "model": "소드",
      "teller": "索德",
      "title": "LCCB",
      "content": "像我們這樣的外人插手，只會捅出更大的簍子。"
    },
    {
      "id": 74,
      "content": "那個馬仔顯然對罪人們沒有插手十分滿意，於是變本加厲地繼續對店鋪老闆的勒索。"
    },
    {
      "id": 75,
      "model": "촌스러운말투의콩콩파조직원",
      "teller": "粗魯的豆豆幫成員",
      "title": "豆豆幫",
      "content": "我說，你要是沒錢的話，為什麼不用那種方式清償你的借款呢？我們總跟你講嘛。"
    },
    {
      "id": 76,
      "model": "전당포주인",
      "teller": "當舖老闆",
      "title": "J公司的當舖",
      "content": "除了那個什麼都行……求求你……"
    },
    {
      "id": 77,
      "model": "단테",
      "content": "<……就這麼放任事態發展下去真的沒問題嗎？>"
    },
    {
      "id": 78,
      "model": "오티스",
      "content": "是否需要我出面來解決掉這場爭端，免得打擾您的心情，經理?"
    },
    {
      "id": 79,
      "model": "그레고르",
      "content": "說到底，那個死硬派說的“那種方式”到底是什麼意思？"
    },
    {
      "id": 80,
      "model": "파우스트",
      "content": "……一種遠比這個街區裡流通的金錢更具價值的貨幣。"
    },
    {
      "id": 81,
      "model": "파우스트",
      "content": "J公司的奇點科技是一種能夠保存物體現狀的強大安保科技，這是家喻戶曉的事實。"
    },
    {
      "id": 82,
      "model": "파우스트",
      "content": "不過，鮮為人知的是，J巢後巷中廣泛的文化和歷史背景為這項奇點技術提供了創作靈感。"
    },
    {
      "id": 83,
      "model": "히스클리프",
      "content": "歷，歷史……？你確定要在這種情況下大講歷史……？我加入這家公司的時候可沒說有任何義務教育內容啊！"
    },
    {
      "id": 84,
      "content": "浮士德忽略了反對的聲音，繼續她的解釋。"
    },
    {
      "id": 85,
      "model": "파우스트",
      "content": "在這裡，存在著一項提取人身上的“願力”的技術。"
    },
    {
      "id": 86,
      "model": "파우스트",
      "content": "由於並未被視為“奇點技術”成立所需的普適性元素，這項技術在此街區之外鮮為人知。"
    },
    {
      "id": 87,
      "model": "파우스트",
      "content": "籠統的來說，它能將“運勢”化為可被交易的商品。就像另一種形式的金錢。"
    },
    {
      "id": 88,
      "model": "파우스트",
      "content": "它促使了一種阻止他人暴力提取“願力”的技術誕生，亦即我們今日所熟知的奇點技術。"
    },
    {
      "id": 89,
      "model": "에피",
      "teller": "埃菲",
      "title": "LCCB",
      "content": "誒呦，浮士德~ 努力試圖用這些傻瓜能理解的方式把他們教明白肯定很費勁吧？"
    },
    {
      "id": 90,
      "model": "파우스트",
      "content": "沒關係，這在我的預料之內。"
    },
    {
      "id": 91,
      "model": "히스클리프",
      "content": "我不喜歡你這句話的語氣……"
    },
    {
      "id": 92,
      "model": "소드",
      "teller": "索德",
      "title": "LCCB",
      "content": "趕緊吧，拿上偽裝要用的東西我們就快走吧。"
    },
    {
      "id": 93,
      "content": "索德朝我們揮舞著那沓寫滿計劃的紙，不斷強調我們還有很多事要做。"
    },
    {
      "id": 94,
      "model": "소드",
      "teller": "索德",
      "title": "LCCB",
      "content": "我們是拿錢辦事的，不是伸張正義的“英雄”。"
    },
    {
      "id": 95,
      "model": "단테",
      "content": "<等等…… 不要用那個詞……！>"
    },
    {
      "id": 96,
      "content": "一股寒意掠過我的腦海，使我開始清點目光所及之處的罪人。"
    },
    {
      "id": 97,
      "model": "단테",
      "content": "<那…… 與某人的信仰…… 相悖……>"
    },
    {
      "id": 98,
      "content": "而且絕對是能讓她覺得原則受到嚴重挑釁的大問題……!"
    },
    {
      "id": 99,
      "model": "이스마엘",
      "content": "……！"
    },
    {
      "id": 100,
      "content": "以實瑪利似乎意識到了我的想法，慌忙向四周望去。"
    },
    {
      "id": 101,
      "model": "돈키호테",
      "content": "汝膽敢強奪他人珍重之物？此為極惡之行徑！"
    },
    {
      "id": 102,
      "model": "단테",
      "content": "<哦不……！堂吉訶德……！>"
    },
    {
      "id": 103,
      "content": "但為時已晚。"
    },
    {
      "id": 104,
      "content": "堂吉訶德早就衝到那正揪著當舖老闆衣領的豆豆幫馬仔面前，揮起她手中的騎槍。"
    },
    {
      "id": 105,
      "content": "一記重擊！"
    },
    {
      "id": 106,
      "content": "在毫無先兆的情況下，那馬仔被她那騎槍的鈍側直擊頭部。騎槍的鈍側正中那馬仔的腦袋。"
    },
    {
      "id": 107,
      "content": "被堂吉訶德的一擊打得人仰馬翻昏倒在地，他的慘狀讓所有人整整一分鐘都沒能移開視線。"
    },
    {
      "id": 108,
      "model": "소드",
      "teller": "索德",
      "title": "LCCB",
      "content": "……"
    },
    {
      "id": 109,
      "model": "파우스트",
      "content": "啊，供您參考，看管罪人們並不是我工作的一部分。應該是這邊這位的工作。"
    },
    {
      "id": 110,
      "model": "단테",
      "content": "<別這麼看我。控制住她完全在我的能力範圍之外。>"
    },
    {
      "id": 111,
      "content": "明知道聲音不會被罪人以外的任何人聽見，我還是習慣性地為自己辯護。"
    },
    {
      "id": 112,
      "content": "好吧。就算讓他們聽到我的辯護，他們對我的困惑也減少不了多少。"
    },
    {
      "id": 113,
      "model": "전당포주인",
      "teller": "當舖老闆",
      "title": "J公司的當舖",
      "content": "唔哦……！"
    },
{
      "id": 114,
      "content": "整件事情當中，當舖老闆是唯一能開心得起來的人。"
    },
    {
      "id": 115,
      "model": "전당포주인",
      "teller": "當舖老闆",
      "title": "J公司的當舖",
      "content": "幹得好，女士。正義得到了伸張！不過要我說，你肯定還能把他揍得再慘點，也許吧。"
    },
    {
      "id": 116,
      "model": "돈키호테",
      "content": "維吉里烏斯曾言，“凡當我將向惡徒伸張正義之時，必以不累及無辜為先決條件”，因此我將出手調停此衝突！"
    },
    {
      "id": 117,
      "content": "她驕傲的言論從未顯得如此挑釁。"
    },
    {
      "id": 118,
      "model": "단테",
      "content": "<不對哦。你既然把他的話記得這麼牢，怎麼還衝了上去？>"
    },
    {
      "id": 119,
      "model": "돈키호테",
      "content": "此為吾堅守吾等信條之必要，煩請理解，暴行僅為踐行吾之高義！"
    },
    {
      "id": 120,
      "model": "전당포주인",
      "teller": "當舖老闆",
      "title": "J公司的當舖",
      "content": "不想打斷你們煽情，但是…… 那個馬仔沒真被打死，對吧？"
    },
    {
      "id": 121,
      "model": "그레고르",
      "content": "我還以為老哥你巴不得他直接被一棒子敲死呢。"
    },
    {
      "id": 122,
      "model": "전당포주인",
      "teller": "當舖老闆",
      "title": "J公司的當舖",
      "content": "我確，確實有點…… 但是如果維洛希彼的人出面的話，事情會變得很複雜，你知道的。"
    },
    {
      "id": 123,
      "model": "로쟈",
      "content": "那些維洛希彼的人？他們在這裡幹嘛…… 不，算了，你擔心他們幹什麼？"
    },
    {
      "id": 124,
      "model": "전당포주인",
      "teller": "當舖老闆",
      "title": "J公司的當舖",
      "content": "女士，您的消息不是很靈通啊？他們在這裡捅婁子已經一個多月了。"
    },
    {
      "id": 125,
      "model": "돈키호테",
      "content": "他們也是壞人嗎？"
    },
    {
      "id": 126,
      "model": "전당포주인",
      "teller": "當舖老闆",
      "title": "J公司的當舖",
      "content": "哦，對我們這些謙虛的商人來說確實是壞人。他們喜歡，什麼來的，打跑貪婪斂財的商販，並且把財富分給需要的人。他們常說什麼再分配……"
    },
    {
      "id": 127,
      "model": "뫼르소",
      "content": "財富的再分配。"
    },
    {
      "id": 128,
      "model": "전당포주인",
      "teller": "當舖老闆",
      "title": "J公司的當舖",
      "content": "啊哈~你說得對。這些惡棍們一直劫掠我們這些可憐人那微不足道的財富。而且他們甚至不自己去幹髒活累活，總是讓當地的打手出面。你敢相信嗎？"
    },
    {
      "id": 129,
      "model": "전당포주인",
      "teller": "當舖老闆",
      "title": "J公司的當舖",
      "content": "不管如何，那些自以為是的傢伙讓我們的生活一直變得很艱難。看看他們吧，先是來這找找東西，然後就立馬變本加厲，榨取最後一點錢財……"
    },
    {
      "id": 130,
      "model": "로쟈",
      "content": "……啊！我，我才意識到，我們不應該趕緊走了嗎？更多來自豆豆幫的打手們估計早就在來這的路上了。"
    },
    {
      "id": 131,
      "content": "羅佳似乎急著和這個當舖老闆劃清界限，但我沒時間細想這件事。"
    },
    {
      "id": 132,
      "content": "堂吉訶德放倒的那個幫派成員正在畏畏縮縮，似乎很快就要重新站起來。"
    },
{
      "id": 133,
      "model": "에피",
      "teller": "埃菲",
      "title": "LCCB",
      "content": "唉，麻煩大了…… 你把這爛攤子收拾的越來越大。"
    },
    {
      "id": 134,
      "model": "그레고르",
      "content": "嘿，是叫瑪芬和蘇打對嗎？先別急著挖苦人了。這周圍不是還有那麼多當舖嗎？我們總能找到另外一個——"
    },
    {
      "id": 135,
      "model": "소드",
      "teller": "索德",
      "title": "LCCB",
      "content": "是埃菲和索德。麻煩別把我們的名字跟甜品弄混了。"
    },
    {
      "id": 136,
      "model": "소드",
      "teller": "索德",
      "title": "LCCB",
      "content": "現在你說的附近還有很多當舖沒意義了……"
    },
    {
      "id": 137,
      "model": "소드",
      "teller": "索德",
      "title": "LCCB",
      "content": "畢竟那些店鋪已經發現了這邊的動靜，估計早就聞風而動，關門閉店了。"
    },
    {
      "id": 138,
      "model": "단테",
      "content": "<堂吉訶德……！>"
    },
    {
      "id": 139,
      "model": "에피",
      "teller": "埃菲",
      "title": "LCCB",
      "content": "要把每一件小事都解釋給這些蠢貨聽，真是煩透了。我們直接走吧。"
    },
    {
      "id": 140,
      "content": "正當我打算離開時，一個衣著與之前馬仔一般無二——粗暴的舉止證明他顯然也是豆豆幫的一員——衝進了當舖裡。"
    },
    {
      "id": 141,
      "model": "세보이고싶었던콩콩파조직원",
      "teller": "搥胸豆豆幫成員",
      "title": "豆豆幫",
      "content": "喂，臭小子，你碰見我們的小——"
    },
    {
      "id": 142,
      "model": "세보이고싶었던콩콩파조직원",
      "teller": "搥胸豆豆幫成員",
      "title": "豆豆幫",
      "content": "嗚！這到底是怎麼回事？！"
    },
    {
      "id": 143,
      "content": "我們盡可能地裝作只是在不合適的時機光臨的當舖顧客。"
    },
    {
      "id": 144,
      "content": "但是在這一系列連續的事情之後，那個馬仔逐漸恢復了意識……"
    },
    {
      "id": 145,
      "model": "세보이고싶었던콩콩파조직원",
      "teller": "想表現得很強壯的豆豆幫成員",
      "title": "豆豆幫",
      "content": "誰幹的？！趕緊告訴我！我絕對要讓那個豆丁後悔出生在這個世上！"
    },
    {
      "id": 146,
      "model": "촌스러운말투의콩콩파조직원",
      "teller": "搥胸豆豆幫成員",
      "title": "豆豆幫",
      "content": "喝啊…… 那…… 那邊那個……"
    },
    {
      "id": 147,
      "model": "촌스러운말투의콩콩파조직원",
      "teller": "想表現得很強壯的豆豆幫成員",
      "title": "豆豆幫",
      "content": "那個紅色的…… 鐘婊臉……"
    },
    {
      "id": 148,
      "content": "那根手指指向的方向實在是太明確了，以至於我完全沒法蒙混過關。"
    },
    {
      "id": 149,
      "content": "而且，說自己根本不認識什麼“鐘婊臉”也完全講不通，因為我很確信這整條街區內除我以外沒有任何人符合這一描述。"
    },
    {
      "id": 150,
      "model": "전당포주인",
      "teller": "當舖老闆",
      "title": "J公司的當舖",
      "content": "別誤會，我跟這些人和這件事一點關係都沒有。我只是想拿條毛巾來給這個可憐人的腦袋降降溫。"
    },
    {
      "id": 151,
      "model": "히스클리프",
      "content": "這個狡猾的老頭……"
    },
    {
      "id": 152,
      "model": "이스마엘",
      "content": "我一開始就沒對他抱有任何期待，但是這傢伙做人真是挺不直腰桿。"
    },
    {
      "id": 153,
      "content": "當舖老闆臨陣倒戈，那個還伸著手的馬仔誹謗無辜鐘錶——即使這些小事有點兒傷我的心，我還是決定挺直腰板。"
    },
    {
      "id": 154,
      "model": "세보이고싶었던콩콩파조직원",
      "teller": "搥胸豆豆幫成員",
      "title": "豆豆幫",
      "content": "啊……那邊那個豆丁…… 停下，別動。"
    },
    {
      "id": 155,
      "content": "他這麼說大概是因為雙方都很清楚我們現在得趕緊跑路了。"
    },
    {
      "id": 156,
      "content": "如果再讓這些小事纏身，用不了多久我就要被壓成漿糊了。"
    },
    {
      "id": 157,
      "model": "료슈",
      "content": "噗。沒必要跑。幹掉他們，一了百了。"
    },
    {
      "id": 158,
      "model": "에피",
      "teller": "埃菲",
      "title": "LCCB",
      "content": "然後呢？你要接著幹掉整個幫派嗎？"
    },
    {
      "id": 159,
      "model": "료슈",
      "content": "呵，聽起來也不錯。"
    },
    {
      "id": 160,
      "model": "돈키호테",
      "content": "邪惡的勢力必將被迅速剷除，為了高舉正義的旗幟！"
    },
    {
      "id": 161,
      "model": "에피",
      "teller": "埃菲",
      "title": "LCCB",
      "content": "呃，所以說實在的，你們隊裡其實根本沒有正常人對吧？"
    },
    {
      "id": 162,
      "content": "被這樣的評價攻擊到的以實瑪利似乎正在試圖出言反駁，但是正在摩拳擦掌的豆豆幫馬仔顯然更加十萬火急。"
    },
    {
      "id": 163,
      "model": "단테",
      "content": "<咱們還是……>"
    },
    {
      "id": 164,
      "model": "단테",
      "content": "<咱們還是先跑吧！>"
    }
  ]
}