{
  "dataList": [
    {
      "id": -1,
      "content": "S0_8 에피소드"
    },
    {
      "id": 0,
      "place": "梅菲斯托費勒斯 內部",
      "model": "카론",
      "content": "我們到了。果然卡戎一直都認得路。"
    },
    {
      "id": 1,
      "model": "유리",
      "teller": "尤莉",
      "title": "8階收尾人",
      "content": "果然個鬼的果然啊？！我和辛克萊在旁邊可是費了不少功夫。"
    },
    {
      "id": 2,
      "model": "싱클레어",
      "content": "不過你總算是學會區分東南和東北實在是太好了，卡戎。"
    },
    {
      "id": 3,
      "model": "단테",
      "content": "<這就是……舊L公司嗎？>"
    },
    {
      "id": 4,
      "model": "이스마엘",
      "content": "我也是第一次親眼見到它……不過“那件事”發生後應該沒過很久就是了。"
    },
    {
      "id": 5,
      "model": "홍루",
      "content": "我的天哪……一棟建築要怎樣才會變得如此破舊不堪？"
    },
    {
      "id": 6,
      "model": "히스클리프",
      "content": "哈，公子哥肯定沒見過這種場面吧。"
    },
    {
      "id": 7,
      "model": "베르길리우스",
      "content": " 雜談到此為止。下車。"
    },
    {
      "id": 10,
      "place": "4區 腦葉公司支部前",
      "model": "단테",
      "content": "<誒，怎麼會有一些頭一次見的人們……>"
    },
    {
      "id": 11,
      "model": "파우스트",
      "content": "他們是和尤莉小姐來自同一事務所的收尾人。"
    },
    {
      "id": 12,
      "model": "파우스트",
      "content": "是多次訪問過L公司支部的經驗人士。"
    },
    {
      "id": 13,
      "model": "베르길리우스2",
      "teller": "維吉里烏斯",
      "title": "嚮導",
      "content": "打個招呼吧。左邊這位叫霍普金斯先生，以及右邊的這位是阿雅女士。"
    },
    {
      "id": 14,
      "model": "아야",
      "teller": "阿雅",
      "title": "8階收尾人",
      "content": "大家好~"
    },
    {
      "id": 15,
      "model": "홉킨스",
      "teller": "霍普金斯",
      "title": "8階收尾人",
      "content": "猩……猩……猩……"
    },
    {
      "id": 16,
      "model": "홉킨스",
      "teller": "霍普金斯",
      "title": "8階收尾人",
      "content": "猩紅凝視先生！見到您可真是榮幸……！我聽過很多關於您的故事，這樣親眼見到……"
    },
    {
      "id": 17,
      "model": "베르길리우스2",
      "teller": "維吉里烏斯",
      "title": "嚮導",
      "content": "啊啊。"
    },
    {
      "id": 18,
      "model": "베르길리우스2",
      "teller": "維吉里烏斯",
      "title": "嚮導",
      "content": "看到那間破舊的倉庫了嗎？那裡有通往支部的樓梯。"
    },
    {
      "id": 19,
      "model": "베르길리우스2",
      "teller": "維吉里烏斯",
      "title": "嚮導",
      "content": "下了台階之後，由這邊的尤莉負責嚮導。"
    },
    {
      "id": 20,
      "model": "유리",
      "teller": "尤莉",
      "title": "8階收尾人",
      "content": "……好的。"
    },
    {
      "id": 21,
      "model": "베르길리우스2",
      "teller": "維吉里烏斯",
      "title": "嚮導",
      "content": "這些收尾人已經是熟手了。能熟練應對突發狀況。"
    },
    {
      "id": 22,
      "model": "베르길리우스2",
      "teller": "維吉里烏斯",
      "title": "嚮導",
      "content": "這樣就夠了吧？我就陪你們到這。我在巴士等著你們。"
    },
    {
      "id": 23,
      "model": "단테",
      "content": "<哈？這麼突然？>"
    },
    {
      "id": 24,
      "model": "베르길리우스2",
      "teller": "維吉里烏斯",
      "title": "嚮導",
      "content": "但丁，如果你指望我跟帶孩子一樣一直照顧你，那你就大錯特錯了。"
    },
    {
      "id": 25,
      "model": "히스클리프",
      "content": "你打算自己翹著二郎腿在這度假？"
    },
    {
      "id": 26,
      "model": "베르길리우스2",
      "teller": "維吉里烏斯",
      "title": "嚮導",
      "content": "說到底，我參與進來的話，你們不就跟來參觀一樣嗎？"
    },
    {
      "id": 27,
      "model": "그레고르",
      "content": "……換句話說，你希望我們鼻青臉腫，頭破血流的回來。"
    },
    {
      "id": 28,
      "model": "이스마엘",
      "content": "這是居心叵測的人才會說出來的話……"
    },
    {
      "id": 29,
      "model": "베르길리우스2",
      "teller": "維吉里烏斯",
      "title": "嚮導",
      "content": "隨你怎麼想吧。"
    },
    {
      "id": 30,
      "model": "베르길리우스2",
      "teller": "維吉里烏斯",
      "title": "嚮導",
      "content": "我已經給你們指完路了，給我好好幹。"
    },
    {
      "id": 31,
      "model": "홉킨스",
      "teller": "霍普金斯",
      "title": "8階收尾人",
      "content": "是！我一定不會讓您失望的，猩紅凝視先生！"
    },
    {
      "id": 32,
      "model": "아야",
      "teller": "阿雅",
      "title": "8階收尾人",
      "content": "我會盡力的，大概~"
    }
  ]
}