{
  "dataList": [
    {
      "id": 0,
      "place": "賭場 2F",
      "model": "이스마엘",
      "content": "荒謬的是，如果我們想盡快離開這層……"
    },
    {
      "id": 1,
      "model": "이스마엘",
      "content": "就需要表演打動人心的、充滿力量的舞蹈。"
    },
    {
      "id": 2,
      "model": "단테",
      "content": "<你們知道的，我的記憶很模糊，所以……跳舞，這個……我不熟悉。>"
    },
    {
      "id": 3,
      "content": "這種時候，失憶症就是一個置身事外的方便理由。"
    },
    {
      "id": 4,
      "content": "當然，我沒有真的忘掉什麼是跳舞，但現在沒必要這麼誠實，不是嗎？"
    },
    {
      "id": 5,
      "model": "단테",
      "content": "<話說，鴻璐，你以前上過舞蹈課或者什麼的嗎？>"
    },
    {
      "id": 6,
      "model": "홍루",
      "content": "我學過一點變臉，儘管只有三個老師教我。如果要表演這個，我需要一些面具、扇子、妝造，還有……"
    },
    {
      "id": 7,
      "model": "단테",
      "content": "<……這裡沒有。下一個。>"
    },
    {
      "id": 8,
      "model": "히스클리프",
      "content": "哦，我曾在舞會上踩了那些勢利的貴族好幾腳。"
    },
    {
      "id": 9,
      "model": "이상",
      "content": "我的內在表達著恐懼。"
    },
    {
      "id": 10,
      "model": "이스마엘",
      "content": "……我？我大半生都在船上。"
    },
    {
      "id": 11,
      "model": "돈키호테",
      "content": "跳舞是我——唔！別捂我的嘴！"
    },
    {
      "id": 12,
      "model": "료슈",
      "content": "時隔很久了，來段劍舞也不錯。我會讓它全部炸開。"
    },
    {
      "id": 13,
      "model": "오티스",
      "content": "儘管我除了早操以外從來沒有合上過節拍，但如果經理要求，我會立刻照辦……"
    },
    {
      "id": 14,
      "model": "로쟈",
      "content": "但，但丁……雖然我對大部分事情都很自信~但要跳舞就有點……害羞……啊哈哈！"
    },
    {
      "id": 15,
      "model": "그레고르",
      "content": "我不介意，但是我的胳膊可能在刺激下失控狂暴然後收掉觀眾的腦袋。"
    },
    {
      "id": 16,
      "model": "뫼르소",
      "content": "……"
    },
    {
      "id": 17,
      "model": "파우스트",
      "content": "浮士德不太喜歡跳舞，但為了任務我可以表演一下。"
    },
    {
      "id": 18,
      "model": "파우스트",
      "content": "然而，完美的技術不是他們想要的。恰恰相反，他們在尋求的是一種更靈活更原始的……"
    },
    {
      "id": 19,
      "model": "로쟈",
      "content": "辛克萊！"
    },
    {
      "id": 20,
      "model": "싱클레어",
      "content": "欸？"
    },
    {
      "id": 21,
      "model": "로쟈",
      "content": "你小時候應該有碰過舞蹈吧？"
    },
    {
      "id": 22,
      "model": "싱클레어",
      "content": "碰，碰過？雖然……我是在學校的禮儀課上學過沙槌基礎……"
    },
    {
      "id": 23,
      "model": "단테",
      "content": "<他也來自有錢人家？你怎麼看出來的，羅佳？>"
    },
    {
      "id": 24,
      "model": "로쟈",
      "content": "從言談舉止看出來的。"
    },
    {
      "id": 25,
      "model": "로쟈",
      "content": "另一方面，沒教養的……噗……也看得出來，你懂吧？"
    },
    {
      "id": 26,
      "content": "羅佳看著希斯克利夫小聲笑了，然後溜到辛克萊背後環著他的肩膀。"
    },
    {
      "id": 27,
      "model": "로쟈",
      "content": "那現在~我的小辛克萊，我有個非常、非——常重要的任務給你。"
    },
    {
      "id": 28,
      "model": "싱클레어",
      "content": "啊？啊啊啊？羅佳？你要帶我去……"
    },
    {
      "id": 29,
      "content": "幾分鐘後，辛克萊莊嚴登場。"
    },
    {
      "id": 30,
      "model": "단테",
      "content": "<辛克萊……你做得到。>"
    },
    {
      "id": 31,
      "model": "이스마엘",
      "content": "是啊，想想每次希斯克利夫折騰你的時候……"
    },
    {
      "id": 32,
      "model": "싱클레어",
      "content": "我……我……"
    },
{
      "id": 33,
      "content": "辛克萊轉向羅佳，看起來依然很緊張。"
    },
    {
      "id": 34,
      "model": "싱클레어",
      "content": "我真的……能做到嗎？"
    },
    {
      "id": 35,
      "model": "로쟈",
      "content": "問錯了，辛克萊。"
    },
    {
      "id": 36,
      "model": "로쟈",
      "content": "這是只有你能做到的事。"
    },
    {
      "id": 37,
      "content": "辛克萊一臉悲壯地點頭。"
    },
    {
      "id": 38,
      "model": "흥겨운마리아치조직원",
      "teller": "歡快的流浪樂隊成員",
      "title": "流浪樂隊",
      "content": "這手腕的搖擺……這陶醉的表情……這恰當的節奏……完美！"
    },
    {
      "id": 39,
      "model": "경쾌한마리아치조직원",
      "teller": "活潑的流浪樂隊成員",
      "title": "流浪樂隊",
      "content": "如此冷靜……這份冷靜攪動了我的心緒……這年輕人——他傳達了內心的某種東西……"
    },
    {
      "id": 40,
      "model": "경쾌한마리아치조직원",
      "teller": "活潑的流浪樂隊成員",
      "title": "流浪樂隊",
      "content": "多麼令人驚嘆……"
    },
    {
      "id": 41,
      "model": "경쾌한마리아치조직원",
      "teller": "活潑的流浪樂隊成員",
      "title": "流浪樂隊",
      "content": "他在用肢體動作反抗壓抑的黑暗和內心的混亂……！"
    },
    {
      "id": 42,
      "model": "경쾌한마리아치조직원",
      "teller": "活潑的流浪樂隊成員",
      "title": "流浪樂隊",
      "content": "哦……在餘燼中殘留下的火種……被這火種點燃的節奏……配合那節奏表現的動作……這動作簡直是，徹夜不熄的巨大篝火！在那之中飛散的塵土正如翩翩起舞般舉行著黎明舞會！"
    },
    {
      "id": 43,
      "model": "단테",
      "content": "<那是什麼？>"
    },
    {
      "id": 44,
      "model": "흥겨운마리아치조직원",
      "teller": "歡快的流浪樂隊成員",
      "title": "流浪樂隊",
      "content": "年輕人，考慮加入我們嗎？你有很大的發展潛力。"
    },
    {
      "id": 45,
      "model": "소드",
      "teller": "索德",
      "title": "LCCB",
      "content": "這孩子屬於我們的公司。你應該知道，未經允許就從現役職員裡挖走重要人才，可是嚴重的犯罪。"
    },
    {
      "id": 46,
      "content": "幾個小時前，辛克萊還只是我們隊伍裡呆瓜中的一個，但現在他已經晉升為重要人才了。"
    },
    {
      "id": 47,
      "model": "흥겨운마리아치조직원",
      "teller": "歡快的流浪樂隊成員",
      "title": "流浪樂隊",
      "content": "絕妙的表演。你想去頂樓，是嗎？"
    },
    {
      "id": 48,
      "model": "경쾌한마리아치조직원",
      "teller": "活潑的流浪樂隊成員",
      "title": "流浪樂隊",
      "content": "你可以通過了。你贏得了這個權利。"
    },
    {
      "id": 49,
      "model": "흥겨운마리아치조직원",
      "teller": "歡快的流浪樂隊成員",
      "title": "流浪樂隊",
      "content": "不過提醒一下，上面的傢伙可不講道理。他們手下沒有歡樂這個概念。"
    },
    {
      "id": 50,
      "content": "辛克萊精神煥發地回來了。"
    },
    {
      "id": 51,
      "model": "싱클레어",
      "content": "這是我的真情流露……就是這樣。"
    },
    {
      "id": 52,
      "model": "싱클레어",
      "content": "之前我覺得這很艱難，想想看真是吃驚。現在我感覺好多了。"
    },
    {
      "id": 53,
      "content": "我很好奇，他通過舞蹈向幫派展現出的、打動對方的掙扎與糾結，究竟從何而來。"
    },
    {
      "id": 54,
      "content": "以及他那樣一位理應過著美好生活的小少爺，曾經經受過怎樣的艱難困苦……"
    },
    {
      "id": 55,
      "content": "但這些問題的答案以後自然會慢慢揭曉，現在，我們該上三樓了。"
    }
  ]
}