{
  "dataList": [
    {
      "id": 0,
      "content": "<color=#d4e1e8>我們既非好高騖遠之輩，也非貪得無厭之徒，只不過是一群喜愛技術的孩童。</color>"
    },
    {
      "id": 1,
      "content": "<color=#d4e1e8>還記得我們第一次感知到，自己在呼吸的那一天嗎？</color>"
    },
    {
      "id": 2,
      "content": "<color=#d4e1e8>那時候……</color>"
    },
    {
      "id": 3,
      "content": "<color=#d4e1e8>僅一口空氣便覺足矣。</color>"
    },
    {
      "id": 4,
      "content": "<color=#d4e1e8>或者說……</color>"
    },
    {
      "id": 5,
      "content": "<color=#d4e1e8>只有那天的空氣才足夠清新。</color>"
    },
    {
      "id": 6,
      "place": "混亂的K巢街道",
      "content": "煙塵模糊了視野。"
    },
    {
      "id": 7,
      "content": "出於恐怖的悲鳴，出於絕望的叫喊，堅硬的物件被粉碎的聲音，以及痛苦的呻吟混雜在一起傳入耳中。"
    },
    {
      "id": 8,
      "model": "이상",
      "content": "現在是該轉動時鐘的……時刻了。"
    },
    {
      "id": 9,
      "content": "我聽到了罪人們之中唯一保留著意識的李箱艱難地說話的聲音。"
    },
    {
      "id": 10,
      "content": "其餘的罪人們彷彿斷線的木偶一般與化為碎塊的軀體們一併倒在一旁。"
    },
    {
      "id": 11,
      "content": "這是異想體導致的致命傷。"
    },
    {
      "id": 12,
      "content": "但是我們卻身處巢的正中心。"
    },
    {
      "id": 13,
      "content": "異想體本來……不是應該只能在腦葉公司支部內或者是迷宮中才能遇到的存在嗎？"
    },
    {
      "id": 14,
      "content": "但是由於最後剩下的罪人李箱也被貫穿了腹部的緣故。"
    },
    {
      "id": 15,
      "content": "提出那樣的疑問也不過成了自言自語。"
    },
    {
      "id": 16,
      "place": "梅菲斯托費勒斯 內部",
      "model": "홍루",
      "content": "這次是要去哪裡呢？"
    },
    {
      "id": 17,
      "content": "可能是在某種程度上熟悉了事務的緣故，"
    },
    {
      "id": 18,
      "content": "彷彿我們是在旅遊一般，現在還會有詢問下次的目的地的罪人。"
    },
    {
      "id": 19,
      "model": "파우스트",
      "content": "不對。本次作戰的起點並不是場所，而是人。"
    },
    {
      "id": 20,
      "model": "이상",
      "content": "你是說，人？"
    },
    {
      "id": 21,
      "model": "파우스트",
      "content": "有一名委託人。"
    },
    {
      "id": 22,
      "model": "이스마엘",
      "content": "那是說……我們還要像收尾人事務所一樣從外部接受委託嗎？"
    },
    {
      "id": 23,
      "model": "돈키호테",
      "content": "唔呼，委託已經源源不斷了嗎？何等的優秀！吾說不定馬上就要成為名揚四海的收尾人了！"
    },
    {
      "id": 24,
      "model": "베르길리우스",
      "content": "安靜。關於提問的回答將由我進行。"
    },
    {
      "id": 25,
      "model": "베르길리우스",
      "content": "如你們所知，被稱為金枝的存在是最近才被發現的概念。"
    },
    {
      "id": 26,
      "model": "베르길리우스",
      "content": "幸運的是，以前經過的J公司和D公司都沒有特別關注金枝。"
    },
    {
      "id": 27,
      "model": "베르길리우스",
      "content": "所以才會有後巷的鼠輩們出沒，或者是被一些烏合之眾組成的幫派所佔領。"
    },
    {
      "id": 28,
      "model": "베르길리우스",
      "content": "但是……也有早就意識到金枝的存在的翼。例如我們現在所處的K公司。"
    },
    {
      "id": 29,
      "model": "그레고르",
      "content": "嗯？但是位於K公司的金枝不是已經被我們拿走了嗎？"
    },
    {
      "id": 30,
      "model": "베르길리우스",
      "content": "我應該從沒說過，一片翼只存在一根金枝。"
    },
    {
      "id": 31,
      "model": "베르길리우스",
      "content": "腦葉公司支部比我們想像的更為複雜。正如其言……像是枝條一樣四處伸展著。"
    },
    {
      "id": 32,
      "model": "싱클레어",
      "content": "就跟與我們家的地下室相連著的一樣……"
    },
{
      "id": 33,
      "model": "베르길리우스",
      "content": "對於金枝的所有權目前尚沒有明確的定義。"
    },
    {
      "id": 34,
      "model": "베르길리우스",
      "content": "正因如此“最初發現金枝之人將會擁有所有權”的原始規定才會被採用。"
    },
    {
      "id": 35,
      "model": "로쟈",
      "content": "嘛，反正沉睡的寶物本就是先到先得的嘛~"
    },
    {
      "id": 36,
      "model": "그레고르",
      "content": "所以……這話是說我們是以金枝的所有權為條件被委託了嗎？"
    },
    {
      "id": 37,
      "model": "베르길리우스",
      "content": "準確來說，是那邊提出的交易。"
    },
    {
      "id": 38,
      "model": "베르길리우스",
      "content": "由於是事關金枝的委託，我們選擇的餘地……"
    },
    {
      "id": 39,
      "model": "이스마엘",
      "content": "沒錯……沒有餘地。"
    },
    {
      "id": 40,
      "model": "베르길리우스",
      "content": "所以……哈，雖然不知道還要把這句話反覆多少遍，不要做出讓委託人厭惡的行為。"
    },
    {
      "id": 41,
      "model": "단테",
      "content": "<但是說啊……>"
    },
    {
      "id": 42,
      "model": "베르길리우스",
      "content": "好，那麼直到抵達目的地為止都閉上嘴。就跟以往一樣。"
    },
    {
      "id": 43,
      "model": "단테",
      "content": "<……>"
    },
    {
      "id": 44,
      "model": "파우스트",
      "content": "但丁好像想要說些什麼。"
    },
    {
      "id": 45,
      "model": "단테",
      "content": "<……謝謝你，浮士德。>"
    },
    {
      "id": 46,
      "model": "베르길리우스",
      "content": "啊，對不起了，但丁。畢竟對滴答響的一切都做出反應並不是件令人熟練的事情。"
    },
    {
      "id": 47,
      "model": "단테",
      "content": "<……金枝到底是用在哪的？>"
    },
    {
      "id": 48,
      "model": "단테",
      "content": "<仔細想想我只聽過要收集金枝的話語……到底要把那個具體怎麼辦的話倒是好像從來都沒聽過。>"
    },
    {
      "id": 49,
      "model": "파우스트",
      "content": "……"
    },
    {
      "id": 50,
      "model": "파우스트",
      "content": "他在詢問金枝的用處。"
    },
    {
      "id": 51,
      "model": "베르길리우스",
      "content": "……嚯。"
    },
    {
      "id": 52,
      "model": "베르길리우스",
      "content": "終於是要反芻了嗎，但丁經理。竟然會對公司的方針起好奇心。"
    },
    {
      "id": 53,
      "model": "베르길리우스",
      "content": "那麼我這嚮導也得通過親切的說明來協助您的管理了。"
    },
    {
      "id": 54,
      "model": "베르길리우스",
      "content": "所謂金枝……"
    },
    {
      "id": 55,
      "model": "베르길리우스",
      "content": "就是枝條。如果有想要從樹幹上伸展出去的部分，那就管他叫枝條。而且那些枝條閃爍著金光。"
    },
    {
      "id": 56,
      "model": "돈키호테",
      "content": "哦哦哦哦……果然……"
    },
    {
      "id": 57,
      "content": "只有堂吉訶德點著頭積極響應著。"
    },
    {
      "id": 58,
      "content": "多虧了他，我變成了連“枝條”這個詞都不認識的無知的人。"
    },
    {
      "id": 59,
      "content": "只有羅佳聳了聳肩，彷彿是在說“你在期待什麼回答”一般。"
    },
    {
      "id": 60,
      "model": "카론",
      "content": "維吉，路被擋住了。要繞過去嗎？"
    },
    {
      "id": 61,
      "model": "베르길리우스",
      "content": "……"
    },
    {
      "id": 62,
      "model": "이스마엘",
      "content": "被擋住了？"
    },
    {
      "id": 63,
      "model": "이스마엘",
      "content": "禁止通行的道路相當異常。更何況是在K公司巢的正中央，說不定是有什麼導致了騷動……"
    },
    {
      "id": 64,
      "content": "以實瑪利話音未落，巴士的窗戶上傳來了被笨重之物所撞擊的聲響。"
    },
    {
      "id": 65,
      "model": "로쟈",
      "content": "……剛剛被巴士撞飛的……是一個人吧？"
    },
    {
      "id": 66,
      "model": "뫼르소",
      "content": "看似40歲左右的男性。後腦部看似受到了嚴重的損傷。在撞擊之前便已死去。"
    },
    {
      "id": 67,
      "model": "베르길리우스",
      "content": "沒錯，應該不是單純的騷動。"
    },
    {
      "id": 68,
      "model": "베르길리우스",
      "content": "下去。如果是能解決的問題，就在解決後再回來。"
    },
    {
      "id": 69,
      "model": "로쟈",
      "content": "……如果是不能那樣的問題的話？"
    },
    {
      "id": 70,
      "model": "베르길리우스",
      "content": "那就得一直轉動時鐘，直到問題被解決為止了。"
    },
    {
      "id": 71,
      "model": "단테",
      "content": "<把讓人去死的話說得還挺優雅……>"
    },
    {
      "id": 72,
      "model": "로쟈",
      "content": "嗯，那麼……"
    },
    {
      "id": 73,
      "model": "로쟈",
      "content": "全員下車。"
    },
    {
      "id": 74,
      "model": "베르길리우스",
      "content": "……"
    },
    {
      "id": 75,
      "model": "로쟈",
      "content": "怎麼？反正你不是打算要這麼說的嗎？幫你省了點功夫~"
    },
    {
      "id": 76,
      "model": "홍루",
      "content": "真讓人期待，這次又會有怎樣的冒險在等著我們呢？"
    }
  ]
}