{
  "dataList": [
    {
      "id": 0,
      "place": "K巢 腦葉公司支部內某處",
      "model": "싱클레어",
      "content": "這個機器也是……動作停止後就會像剛才那樣爆炸嗎？"
    },
    {
      "id": 1,
      "content": "不出所料，從停止的機器中傳來了不吉的噪音"
    },
    {
      "id": 2,
      "model": "기술해방연합기계",
      "teller": "融化的機器",
      "title": "技術解放聯盟",
      "content": "也就是說這是你們第二次殺掉我的機器了。對吧？"
    },
    {
      "id": 3,
      "model": "기술해방연합기계",
      "teller": "融化的機器",
      "title": "技術解放聯盟",
      "content": "讓我看看……"
    },
    {
      "id": 4,
      "model": "기술해방연합기계",
      "teller": "融化的機器",
      "title": "技術解放聯盟",
      "content": "你們就是一群只會匍匐在地板上爬行的蟑螂。"
    },
    {
      "id": 5,
      "model": "로쟈",
      "content": "沒問題，沒問題。別因為這點小事生氣，格雷格……"
    },
    {
      "id": 6,
      "model": "그레고르",
      "content": "……我還什麼都沒想呢。"
    },
    {
      "id": 7,
      "model": "기술해방연합기계",
      "teller": "融化的機器",
      "title": "技術解放聯盟",
      "content": "所以……你們就這樣一直爬下去就好了。"
    },
    {
      "id": 8,
      "model": "기술해방연합기계",
      "teller": "融化的機器",
      "title": "技術解放聯盟",
      "content": "只是享受在地板上爬行的話，就沒必要抬頭看向天空了吧。"
    },
    {
      "id": 9,
      "model": "뫼르소",
      "content": "我理解了。這機器動作停止之後便會自動放出錄音，然後在數秒之內爆炸。"
    },
    {
      "id": 10,
      "model": "뫼르소",
      "content": "雖然並不清楚它們的目的是什麼，但所有的機器都擁有著相同的機制。"
    },
    {
      "id": 11,
      "model": "그레고르",
      "content": "提前……錄音？真是預想不到啊……"
    },
    {
      "id": 12,
      "model": "히스클리프",
      "content": "哈，在各個地方都成為笑料了啊，蟲叔。"
    },
    {
      "id": 13,
      "model": "그레고르",
      "content": "……感覺全世界都在彎腰嘲笑我，這實在令人費解……"
    },
    {
      "id": 14,
      "model": "히스클리프",
      "content": "什麼啊，真是無趣的反應……嗯？咋，咋了？你怎麼了？"
    },
    {
      "id": 15,
      "model": "이스마엘",
      "content": "嘔……"
    },
    {
      "id": 16,
      "model": "단테",
      "content": "<怎麼了以實瑪利？沒事吧？>"
    },
    {
      "id": 17,
      "model": "이스마엘",
      "content": "是的……胃稍微有點不適……"
    },
    {
      "id": 18,
      "model": "이스마엘",
      "content": "不必在意。我已經沒事了。"
    },
    {
      "id": 19,
      "model": "홍루",
      "content": "那個，話說回來技術解放聯盟……是基於何種思想的團體呢？"
    },
    {
      "id": 20,
      "model": "오티스",
      "content": "為什麼要在意這種事情？只是加了個名字的恐怖組織而已，我們沒有必要去了解他們的價值觀。"
    },
    {
      "id": 21,
      "model": "홍루",
      "content": "哈哈。知道了之後說不定會派上用場呢，奧提斯小姐。"
    },
    {
      "id": 22,
      "model": "삼조",
      "teller": "三朝",
      "title": "K公司 糧食資源改良部門",
      "content": "我知道的也不太多。不過，我聽說前K公司研究所成員之一是這裡的主要成員。因為是我進入公司之前發生的事情，我也不是很清楚具體細節。"
    },
    {
      "id": 23,
      "model": "삼조",
      "teller": "三朝",
      "title": "K公司 糧食資源改良部門",
      "content": "那個人像現在的東朗先生一樣，是被授予了最優秀職員獎的研究員。"
    },
    {
      "id": 24,
      "model": "슈렌느",
      "teller": "施倫妮",
      "title": "K公司研究所",
      "content": "誒？你怎麼知道這種事情的？"
    },
    {
      "id": 25,
      "model": "삼조",
      "teller": "三朝",
      "title": "K公司 糧食資源改良部門",
      "content": "我在優秀職員獎杯室裡面看到過她的名字。不是應當把那裡面的名字全部記下來嗎？"
    },
    {
      "id": 26,
      "model": "슈렌느",
      "teller": "施倫妮",
      "title": "K公司研究所",
      "content": "你為什麼要泡在那種地方……？"
    },
    {
      "id": 27,
      "model": "이스마엘",
      "content": "……為什麼成為最優秀職員的人要加入恐怖組織……"
    },
    {
      "id": 28,
      "model": "슈렌느",
      "teller": "施倫妮",
      "title": "K公司研究所",
      "content": "……"
    },
    {
      "id": 29,
      "model": "동랑",
      "teller": "東朗",
      "title": "K公司 糧食資源改良部門",
      "content": "之前也見過吧。說的就是開心地破壞我們研究室的那位的故事。"
    },
    {
      "id": 30,
      "model": "동랑",
      "teller": "東朗",
      "title": "K公司 糧食資源改良部門",
      "content": "正好是我和施倫妮加入公司的那段時間，怎麼說呢……她在公司裡還是挺有名的"
    },
    {
      "id": 31,
      "model": "동랑",
      "teller": "東朗",
      "title": "K公司 糧食資源改良部門",
      "content": "根據我聽到的流言，她想要測試K公司技術的極限。"
    },
    {
      "id": 32,
      "model": "동랑",
      "teller": "東朗",
      "title": "K公司 糧食資源改良部門",
      "content": "某一天突然……有傳言說她從研究所辭職了。"
    },
    {
      "id": 33,
      "model": "동랑",
      "teller": "東朗",
      "title": "K公司 糧食資源改良部門",
      "content": "以及她最終到了這個地方。"
    }
  ]
}