{
  "dataList": [
    {
      "id": 0,
      "place": "梅菲斯托費勒斯 內部",
      "model": "이스마엘",
      "content": "請等一下。"
    },
    {
      "id": 1,
      "model": "파우스트",
      "content": "怎麼了？"
    },
    {
      "id": 2,
      "model": "이스마엘",
      "content": "我加入這裡是因為之前聽說我能在這裡平步青雲。"
    },
    {
      "id": 3,
      "model": "이스마엘",
      "content": "但是現在……我們只不過是像耗子一樣，行使著無意義的暴力。"
    },
    {
      "id": 4,
      "model": "돈키호테",
      "content": "並非沒有意義！那些傢伙何嘗不是攻擊吾等的邪惡！"
    },
    {
      "id": 5,
      "model": "이스마엘",
      "content": "好煩人啊，你能安靜點嗎。"
    },
    {
      "id": 6,
      "model": "이스마엘",
      "content": "…總之，如果被雇傭來只是命令我去做這樣使用暴力手段的事情，那我也該考慮一下別的工作了。"
    },
    {
      "id": 7,
      "model": "파우스트",
      "content": "你有好好讀過入職合同嗎？"
    },
    {
      "id": 8,
      "model": "파우스트",
      "content": "……辭職是不被允許的。"
    },
    {
      "id": 9,
      "model": "이스마엘",
      "content": "……你是覺得即使合同上寫著謊話也仍然具有效力嗎？"
    },
    {
      "id": 10,
      "model": "파우스트",
      "content": "當然有效力。"
    },
    {
      "id": 11,
      "model": "파우스트",
      "content": "因為上面一開始就沒有謊話。"
    },
    {
      "id": 12,
      "model": "이스마엘",
      "content": "……嗯？"
    },
    {
      "id": 13,
      "model": "파우스트",
      "content": "難道你覺得我只是把梅菲斯托費勒斯製作成了只能用於運輸的巴士了嗎？"
    },
    {
      "id": 14,
      "model": "카론",
      "content": "梅菲永遠餓著肚子。所以會哭泣。"
    },
    {
      "id": 15,
      "model": "단테",
      "content": "<巴士在餓著肚子？>"
    },
    {
      "id": 16,
      "model": "파우스트",
      "content": "引擎“攝取”燃料時所產生的副產物……"
    },
    {
      "id": 17,
      "model": "파우스트",
      "content": "各位可以通過此物變強。"
    },
    {
      "id": 18,
      "model": "파우스트",
      "content": "李箱先生應該很清楚吧。如果從鏡子中把所有的可能性全部引出的話。"
    },
    {
      "id": 19,
      "model": "이상",
      "content": "成長亦不受制約。"
    },
    {
      "id": 20,
      "model": "이상",
      "content": "鏡中的我是自己，還是他人？"
    },
    {
      "id": 21,
      "model": "단테",
      "content": "<可能性……？要引導出什麼？>"
    }
  ]
}