{
  "dataList": [
    {
      "id": 0,
      "place": "K公司 檢查站",
      "content": "K公司的奇點：海拉創生"
    },
    {
      "id": 1,
      "content": "我們費盡心思造成的任何致命傷，都能被一發再生子彈所療癒。"
    },
    {
      "id": 2,
      "content": "希斯克利夫徹底失去耐心只不過是時間問題。"
    },
    {
      "id": 3,
      "model": "히스클리프",
      "content": "我受不了！你他媽看不出來嗎，我們正在打這世上最沒意義的一場架！"
    },
    {
      "id": 4,
      "model": "파우스트",
      "content": "我之前就說過，與翼發生衝突是毫無意義的。"
    },
    {
      "id": 5,
      "model": "로쟈",
      "content": "沒想到這種徒勞感會如此快地襲來呀~"
    },
    {
      "id": 6,
      "model": "뫼르소",
      "content": "軀體一旦受到損傷就會重新生長快速恢復。"
    },
    {
      "id": 7,
      "model": "뫼르소",
      "content": "真是場艱難的拉鋸戰。"
    },
    {
      "id": 8,
      "model": "료슈",
      "content": "……"
    },
    {
      "id": 9,
      "model": "료슈",
      "content": "真是的……這種戰鬥也能稱之為藝術嗎，哼……"
    },
    {
      "id": 10,
      "content": "良秀露出了我從她那所見過的最痛苦的表情。她一邊不甘心地皺著眉，一邊揮舞著她的劍鞘。"
    },
    {
      "id": 11,
      "content": "傷口和疤痕在流出鮮血前就會癒合——對於良秀而言，沒有比這更糟糕的戰鬥了。"
    },
    {
      "id": 12,
      "model": "단테",
      "content": "<我們真的沒有任何辦法了嗎？>"
    },
    {
      "id": 13,
      "model": "파우스트",
      "content": "HP，——或者叫海拉創生，這是一種生物工程技術。它可以不斷修復那些已受損或已喪失的細胞。"
    },
    {
      "id": 14,
      "model": "파우스트",
      "content": "一劑就會有相當長的藥效，所以你不妨想像一下那些在巢中有著持續補給的人會是怎樣。"
    },
    {
      "id": 15,
      "model": "파우스트",
      "content": "說直白點，在戰鬥中我們是無法擊潰他們的。"
    },
    {
      "id": 16,
      "content": "就連浮士德也沮喪地搖了搖頭"
    },
    {
      "id": 17,
      "teller": "？？？",
      "title": "？？？",
      "content": "嗯哈哈哈哈哈！！！在這最混亂的時刻，我終於登場啦！！"
    },
    {
      "id": 18,
      "content": "空氣中響徹著一陣充滿活力的笑聲。"
    }
  ]
}