{
  "dataList": [
    {
      "id": 0,
      "place": "卡爾夫鎮 廣場",
      "content": "從巴士的車窗向外望去，可以隱約的看到整個小鎮已經被濃煙所籠罩。"
    },
    {
      "id": 1,
      "model": "이스마엘",
      "content": "呃……真是一團糟。"
    },
    {
      "id": 2,
      "model": "이스마엘",
      "content": "話說回來……你們不覺得這首歌聽起來有點耳熟嗎？"
    },
    {
      "id": 3,
      "model": "히스클리프",
      "content": "哦，對了，我知道這歌。以前在下雪天經常聽到這曲子……"
    },
    {
      "id": 4,
      "model": "그레고르",
      "content": "他們在戰時經常放這首歌來提振士氣……雖然對我來說效果完全適得其反。"
    },
    {
      "id": 5,
      "content": "看來這首歌在隊伍中喚起了許多不同的回憶。"
    },
    {
      "id": 6,
      "content": "而對我而言……我不好說。這首歌確實很耳熟，但是它沒能讓我清晰回想起任何事物。"
    },
    {
      "id": 7,
      "content": "然而，我仍能感受到在內心深處有一種隱約莫名的感覺蔓延開來。"
    },
    {
      "id": 8,
      "content": "也許我在失憶之前知道這首歌。"
    },
    {
      "id": 9,
      "content": "情感如同濃霧般在我心中升騰，但是……這些情感並不讓我覺得寶貴或是溫暖。"
    },
    {
      "id": 10,
      "content": "它更像是一種痛楚。"
    },
    {
      "id": 11,
      "content": "我感受到的是一種無法言說的刺痛。"
    },
    {
      "id": 12,
      "model": "싱클레어",
      "content": "是的……就在那一天……"
    },
    {
      "id": 13,
      "model": "싱클레어",
      "content": "那天也像現在一樣是個下雪天……那天也在播放這首歌……"
    },
    {
      "id": 14,
      "content": "我們前方的樹木上裝飾著一些令人不快的“飾品”。"
    },
    {
      "id": 15,
      "content": "各種各樣的器官和機械部件被掛在樹枝上，就像是有人在舉辦一場人類內臟的展覽。"
    },
    {
      "id": 16,
      "model": "로쟈",
      "content": "真噁心……他們不覺得這有些過火了嗎?"
    },
    {
      "id": 17,
      "model": "료슈",
      "content": "經典……但太過庸俗。"
    },
    {
      "id": 18,
      "model": "뫼르소",
      "content": "……附近無人生還。"
    },
    {
      "id": 19,
      "content": "果然，所有事情最終還是如預期那般發展了。"
    },
    {
      "id": 20,
      "content": "這就像是……"
    },
    {
      "id": 21,
      "teller": "？？？",
      "title": "？？？",
      "content": "啊~啊啊~！話筒測試，話筒測試！"
    },
    {
      "id": 22,
      "content": "一陣尖銳的聲響使得所有人都不禁摀住了耳朵。"
    },
    {
      "id": 23,
      "teller": "？？？",
      "title": "？？？",
      "content": "各位，聖誕節過的還開心嗎？"
    },
    {
      "id": 24,
      "teller": "？？？",
      "title": "？？？",
      "content": "今夜雖然算不上“平安”夜，但是毫無疑問是個“聖善”夜。"
    },
    {
      "id": 25,
      "model": "단테",
      "content": "<……?離聖誕節不是還早著呢嗎？>"
    },
    {
      "id": 26,
      "model": "이스마엘",
      "content": "你說的沒錯，聖誕節並不在最近。"
    },
    {
      "id": 27,
      "model": "크로머목소리",
      "teller": "克羅默",
      "title": "釘與錘",
      "content": "我叫克羅默。我是一個熱愛純潔的“人道”主義者，同時我也是“執柄者”。"
    },
    {
      "id": 28,
      "model": "크로머목소리",
      "teller": "克羅默",
      "title": "釘與錘",
      "content": "我不清楚你們是怎麼到這來的，但你們已經入侵了私人領地。"
    },
    {
      "id": 29,
      "model": "크로머목소리",
      "teller": "克羅默",
      "title": "釘與錘",
      "content": "如你所見……這個神聖的場所正在舉行我們“釘與錘”的審判。希望你們喜歡我做的小裝飾。"
    },
    {
      "id": 30,
      "model": "크로머목소리",
      "teller": "克羅默",
      "title": "釘與錘",
      "content": "好吧，我就當作你們是迷了路……如果立刻離開，你們就只需要交點罰金就行了。"
    },
    {
      "id": 31,
      "model": "크로머목소리",
      "teller": "克羅默",
      "title": "釘與錘",
      "content": "我現在很好說話……畢竟，今天是聖誕節！"
    },
    {
      "id": 32,
      "model": "크로머목소리",
      "teller": "克羅默",
      "title": "釘與錘",
      "content": "哦，在此之前，圭多？在不在？"
    },
    {
      "id": 33,
      "model": "귀도",
      "teller": "圭多",
      "title": "釘與錘",
      "content": "我在這裡。"
    },
    {
      "id": 34,
      "model": "크로머목소리",
      "teller": "克羅默",
      "title": "釘與錘",
      "content": "很好。保險起見，你有看到任何的異教徒嗎？"
    },
    {
      "id": 35,
      "content": "那個回應她的名為圭多的壯碩男人轉身面向我們。"
    },
    {
      "id": 36,
      "content": "他仔細的觀察了我們每一個人，直到他看到了我。"
    },
    {
      "id": 37,
      "content": "他盯著我看了很久。"
    },
    {
      "id": 38,
      "content": "儘管他帶著面具，但是他隱藏之下的目光……"
    },
    {
      "id": 39,
      "content": "那種審視的目光，就像他用眼神把我們狠狠地釘在了地上，讓我們完全無法動彈。"
    },
    {
      "id": 40,
      "model": "귀도",
      "teller": "圭多",
      "title": "釘與錘",
      "content": "我看到了一個不潔者以及他的追隨者們。"
    },
{
      "id": 41,
      "model": "귀도",
      "teller": "圭多",
      "title": "釘與錘",
      "content": "以及……您提到的那個孩子，正和他們站在一起。"
    },
    {
      "id": 42,
      "model": "크로머목소리",
      "teller": "克羅默",
      "title": "釘與錘",
      "content": "哈哈哈！真的嗎？我的辛克萊回來了？"
    },
    {
      "id": 43,
      "model": "크로머목소리",
      "teller": "克羅默",
      "title": "釘與錘",
      "content": "辛克萊，快來見我吧，我在老地方等你哦！"
    },
    {
      "id": 44,
      "model": "싱클레어",
      "content": "……咯……吱吱……克羅……默……"
    },
    {
      "id": 45,
      "content": "我能聽到辛克萊因為咬牙切齒而發出的聲響。"
    },
    {
      "id": 46,
      "content": "他發出了一種令人毛骨悚然的聲音，我不確定那是出於憎恨還是恐懼。"
    },
    {
      "id": 47,
      "model": "크로머목소리",
      "teller": "克羅默",
      "title": "釘與錘",
      "content": "把剩下的人處理掉，圭多。還是說要我親自動手？我倒是不介意。"
    },
    {
      "id": 48,
      "model": "귀도",
      "teller": "圭多",
      "title": "釘與錘",
      "content": "作為“執柄者”，您應該專注於對不潔者降下重錘。"
    },
    {
      "id": 49,
      "model": "크로머목소리",
      "teller": "克羅默",
      "title": "釘與錘",
      "content": "哈哈哈哈哈哈哈哈！！很好，非常好！讓淨化繼續吧！"
    },
    {
      "id": 50,
      "model": "크로머목소리",
      "teller": "克羅默",
      "title": "釘與錘",
      "content": "那麼現在，各位，聖誕快樂！"
    },
    {
      "id": 51,
      "content": "數個審判官集結在了圭多的身邊。"
    },
    {
      "id": 52,
      "content": "而他堅定的站在他們背後。"
    },
    {
      "id": 53,
      "content": "……他沒有採取任何行動，但僅僅是他的存在本身就是一種威脅。"
    },
    {
      "id": 54,
      "content": "強烈的敵意從他的身上散發出來。"
    }
  ]
}