{
  "dataList": [
    {
      "id": 0,
      "place": "賭場 1F",
      "model": "료슈",
      "content": "快急死我了，真是沒眼看啊。"
    },
    {
      "id": 1,
      "model": "료슈",
      "content": "這種小雜魚要對付到什麼時候？"
    },
    {
      "id": 2,
      "model": "이스마엘",
      "content": "通常來說，除了說這句話的人，沒有其他人能給出明確的答案吧。"
    },
    {
      "id": 3,
      "content": "聽到以實瑪利的話，良秀搖了搖頭，擺出一副“看好了”的表情。"
    },
    {
      "id": 4,
      "model": "료슈",
      "content": "這就是藝術啊……"
    },
    {
      "id": 5,
      "model": "료슈",
      "content": "你，把那刀給我。"
    },
    {
      "id": 6,
      "model": "이상",
      "content": "看來你沒有把刀還回來的意思。"
    },
    {
      "id": 7,
      "model": "이상",
      "content": "器已離身，別無他念，此情意猶。"
    },
    {
      "id": 8,
      "model": "료슈",
      "content": "謝了。"
    },
    {
      "id": 9,
      "content": "良秀接過李箱的短刀扔向空中。"
    },
    {
      "id": 10,
      "content": "短刀精準地貫穿了吊燈的固定點，使得它搖搖欲墜。"
    },
    {
      "id": 11,
      "content": "是啊……儘管良秀成了罪人，力量被削弱了一些……"
    },
    {
      "id": 12,
      "content": "但仍能斬鐵斷金，是用刀之人的巔峰。"
    },
    {
      "id": 13,
      "content": "相較於我的話語，她甚至更重視一塊嚼過的口香糖，當然這並不重要。"
    },
    {
      "id": 14,
      "content": "所有人的視線都轉向那搖搖欲墜的吊燈……"
    },
    {
      "id": 15,
      "content": "致使那害羞不已的吊燈……"
    },
    {
      "id": 16,
      "model": "이상",
      "content": "恍惚之間，已然掉落。"
    },
    {
      "id": 17,
      "model": "각잡힌카지노경호원",
      "teller": "穿戴整齊的賭場警衛",
      "title": "J公司賭場",
      "content": "嗯？"
    },
    {
      "id": 18,
      "model": "카지노경호원대장",
      "teller": "穿戴整齊的賭場警衛",
      "title": "J公司賭場",
      "content": "喂……快避開！"
    },
    {
      "id": 19,
      "content": "劈裡哐啷！"
    },
    {
      "id": 20,
      "place": "混亂的賭場 1F",
      "content": "伴隨著巨大的噪聲，吊燈砸向地面。"
    },
    {
      "id": 21,
      "content": "……"
    },
    {
      "id": 22,
      "content": "對，只是砸了一下。"
    },
    {
      "id": 23,
      "content": "什麼都沒有發生。"
    },
    {
      "id": 24,
      "content": "我們和敵人都停下，呆望著戰場正中央的吊燈。"
    },
    {
      "id": 25,
      "model": "단테",
      "content": "<那個，良秀？你在幹什麼？>"
    },
    {
      "id": 26,
      "model": "료슈",
      "content": "是表演……"
    },
    {
      "id": 27,
      "model": "그레고르",
      "content": "你剛才是這麼做的吧？"
    },
    {
      "id": 28,
      "model": "싱클레어",
      "content": "即便如此，大家都沒事真是太好了！"
    },
    {
      "id": 29,
      "model": "이스마엘",
      "content": "不知道接下來能否平安無事就是了……"
    }
  ]
}