{
  "dataList": [
    {
      "id": 0,
      "place": "K公司安檢口",
      "model": "이스마엘",
      "content": "隊伍移動得很快，最多10分鐘就能輪到我們了。"
    },
    {
      "id": 1,
      "model": "이스마엘",
      "content": "我們十三個都會被問到移民問題吧。他們聽不懂但丁經理說什麼，這種情況下我們該怎麼做？"
    },
    {
      "id": 2,
      "content": "看來，以實瑪利在焦慮時語速會變快，而且會更加喜歡發問。"
    },
    {
      "id": 3,
      "model": "베르길리우스",
      "content": "哪怕你不問，我正想說這件事。"
    },
    {
      "id": 4,
      "model": "베르길리우스",
      "content": "聽好了。K公司的職員只會對這一列的乘客提些非常簡單的問題。"
    },
    {
      "id": 5,
      "model": "베르길리우스",
      "content": "同樣，你們的回答也要非常簡潔。"
    },
    {
      "id": 6,
      "model": "베르길리우스",
      "content": "如果邊境官員問起入境意圖……"
    },
    {
      "id": 7,
      "model": "베르길리우스",
      "content": "就說：“我們是邊獄公司派來商談業務的代表，您可以檢查我們的工作簽證。 ”"
    },
    {
      "id": 8,
      "model": "베르길리우스",
      "content": "記住這句話，背下來，一個字都不準錯。"
    },
    {
      "id": 9,
      "model": "베르길리우스",
      "content": "你們只需要證明自己不是來惹事的，剩下的交給我就好。"
    },
    {
      "id": 10,
      "model": "파우스트",
      "content": "如果你連一句話都沒法記清楚，那我建議你閉緊嘴巴。"
    },
    {
      "id": 11,
      "model": "파우스트",
      "content": "出示自己的員工證就足夠了。"
    },
    {
      "id": 12,
      "model": "단테",
      "content": "<閉上嘴，別惹麻煩。這簡直是世界上最容易的工作。>"
    },
    {
      "id": 13,
      "content": "我看著她的臉色，嘴裡小聲嘟囔了一句。"
    },
    {
      "id": 14,
      "content": "雖然我有點擔心浮士德會告我狀，所幸……"
    },
    {
      "id": 15,
      "content": "維吉里烏斯只是直勾勾地盯著空氣，甚至不願擠出一句嚴厲的批評。"
    },
    {
      "id": 16,
      "model": "베르길리우스",
      "content": "那麼，第二件事。"
    },
    {
      "id": 17,
      "model": "베르길리우스",
      "content": "如果你們想問問題，而且這確實是個有意義的問題，那就先問問自己。"
    },
    {
      "id": 18,
      "model": "베르길리우스",
      "content": "然後，再安靜地舉手。"
    },
    {
      "id": 19,
      "content": "幾隻手舉了起來，也包括我的在內。"
    },
    {
      "id": 20,
      "model": "베르길리우스",
      "content": "羅佳。"
    },
    {
      "id": 21,
      "model": "로쟈",
      "content": "因為我們是來做生意的，所以可以帶武器，對嗎~？"
    },
    {
      "id": 22,
      "model": "베르길리우스",
      "content": "對。下一個。"
    },
    {
      "id": 23,
      "model": "로쟈",
      "content": "那麼，格雷格的奇怪胳膊，還有但丁那顆超帥的鬧鐘腦袋，也能通過嗎？"
    },
    {
      "id": 24,
      "model": "이스마엘",
      "content": "能。順帶一提，我們經理的腦袋會被視為義體而不是武器。所以，就算我們只有遊客簽證，也能通過安檢——即使這個腦袋還擁有著令人起死回生的能力。"
    },
    {
      "id": 25,
      "content": "以實瑪利就像模範生一樣替維吉里烏斯回答道。"
    },
    {
      "id": 26,
      "content": "經歷了上次賭場任務後，她的態度似乎有所轉變……"
    },
    {
      "id": 27,
      "content": "在對我這位領導者的能力感到失望後，她似乎更傾向於各行其是。"
    },
    {
      "id": 28,
      "model": "베르길리우스",
      "content": "說得好。"
    },
    {
      "id": 29,
      "content": "我和格里高爾一起放下了手。"
    },
    {
      "id": 30,
      "model": "베르길리우스",
      "content": "然後，良秀。在你說話前，先把菸扔了。"
    },
    {
      "id": 31,
      "model": "료슈",
      "content": "……我沒有舉手。"
    },
    {
      "id": 32,
      "model": "돈키호테",
      "content": "……"
    },
    {
      "id": 33,
      "content": "維吉里烏斯很想無視掉堂吉訶德那快要舉到天上的手……"
    },
    {
      "id": 34,
      "content": "但他最後還是敗下陣來，給執著舉手的她一次說話的機會。"
    },
    {
      "id": 35,
      "model": "베르길리우스",
      "content": "……好吧，堂吉訶德。你有什麼問題？"
    },
    {
      "id": 36,
      "model": "더미",
      "teller": "堂吉訶德",
      "title": "3號罪人",
      "content": "該玻璃牆何故立於此地？"
    },
    {
      "id": 37,
      "content": "順著堂吉訶德手指的方向，我們注意到在整座建築的中間，有一面玻璃牆。"
    },
    {
      "id": 38,
      "content": "玻璃牆涇渭分明。在牆的另外一側……"
    },
    {
      "id": 39,
      "content": "是一列排成長龍的人們。"
    },
    {
      "id": 40,
      "model": "그레고르",
      "content": "那列隊伍比蝸牛還慢，有的人都乾脆坐在地上排隊了。"
    },
    {
      "id": 41,
      "model": "그레고르",
      "content": "看得出來，他們排了好久。"
    },
    {
      "id": 42,
      "model": "뫼르소",
      "content": "那邊的武裝警衛也比我們這裡多出三倍。"
    },
    {
      "id": 43,
      "model": "베르길리우스",
      "content": "……這座建築中絕大多數的玻璃牆都是出於安全原因而建造的。"
    },
    {
      "id": 44,
      "model": "로쟈",
      "content": "啊~簡單來說，那條隊伍是給普通後巷居民的。每座巢管理移民的方式都不一樣，但是不管是 什麼方式，如果沒有正確的簽證，想去其他巢就會特別麻煩。"
    },
    {
      "id": 45,
      "model": "로쟈",
      "content": "你想，那群人為什麼要冒著生命危險，在檢查站附近襲擊咱們？他們就是想搶走簽證，這樣就能進入巢了。"
    },
    {
      "id": 46,
      "model": "베르길리우스",
      "content": "……這個不是我們所能解決的問題。"
    },
    {
      "id": 47,
      "content": "然而，堂吉訶德對這個回答並不滿意。"
    },
    {
      "id": 48,
      "content": "也許是因為牆那邊陰鬱而壓抑的氣氛……"
    },
    {
      "id": 49,
      "content": "亦或是那邊發生騷亂。我不清楚。"
    },
    {
      "id": 50,
      "model": "오티스",
      "content": "輪到我們了，經理。"
    },
    {
      "id": 51,
      "model": "단테",
      "content": "<啊？好……>"
    },
{
      "id": 52,
      "content": "我們這的隊伍移動得非常快，快到還沒說上幾句話就輪到咱了。"
    },
    {
      "id": 53,
      "model": "이스마엘",
      "content": "記住：當你被問到入境目的時……"
    },
    {
      "id": 54,
      "model": "료슈",
      "content": "……你要是敢再重複一遍，我就給你和那個海關之類的傢伙表演一下，什麼，叫作萬・短・至・藝。"
    },
    {
      "id": 55,
      "content": "儘管以實瑪利看上去憂心忡忡，但我們的檢查仍然非常順利。"
    },
    {
      "id": 56,
      "model": "검문소경비",
      "teller": "安檢員",
      "title": "K公司",
      "content": "請問您的身份和入境目的是？"
    },
    {
      "id": 57,
      "model": "그레고르",
      "content": "啊，我是邊獄公司派來商談業務的代表。這是我的員工證。"
    },
    {
      "id": 58,
      "model": "검문소경비",
      "teller": "安檢員",
      "title": "K公司",
      "content": "……檢查完成。下一位。"
    },
    {
      "id": 59,
      "model": "로쟈",
      "content": "邊獄公司的人。為生意而來。這是員工證。以上。"
    },
    {
      "id": 60,
      "model": "검문소경비",
      "teller": "安檢員",
      "title": "K公司",
      "content": "……檢查完成。下一位。"
    },
    {
      "id": 61,
      "content": "在第一位罪人表明了我們的身份後，剩下的人輕而易舉地通過了檢查。"
    },
    {
      "id": 62,
      "content": "安檢人員以同樣乾巴巴的語調問著同一個問題，粗略地掃過我們的臉和工作證——不過根據檢查的速度來看，這更像是走個過場而不是真的檢查——隨後，所有罪人都被允許放行。"
    },
    {
      "id": 63,
      "model": "더미2",
      "teller": "排隊的人",
      "title": "11區",
      "content": "…………"
    },
    {
      "id": 64,
      "model": "이스마엘",
      "content": "……有些不對勁。"
    },
    {
      "id": 65,
      "content": "玻璃牆攔在兩條隊伍之間。它厚到根本沒法令我們聽到對面的聲音。"
    },
    {
      "id": 66,
      "content": "我們很難得知牆的另一邊發生了什麼。"
    },
    {
      "id": 67,
      "content": "然而，我卻能清清楚楚地看見那邊發生了什麼：有人被保安戴上手銬，拖走了。"
    },
    {
      "id": 68,
      "content": "一個小孩在他們身後嚎啕大哭，害怕與不解已然溢於言表。"
    },
    {
      "id": 69,
      "model": "이스마엘",
      "content": "……我們不應該插手。雖說不知道發生了什麼，但我猜是有人觸犯了翼的禁忌。"
    },
    {
      "id": 70,
      "model": "히스클리프",
      "content": "對，當然。那些窮人居然不給老爺們上貢，簡直壞了規矩。我說的沒錯吧？"
    },
    {
      "id": 71,
      "model": "이스마엘",
      "content": "……你是在嘲諷我？"
    },
    {
      "id": 72,
      "model": "히스클리프",
      "content": "哈，什麼嘛。你不是說不用在意嗎？猜猜看是誰這麼雙標呢？"
    },
    {
      "id": 73,
      "content": "希斯克利夫大聲慶賀著他第一次成功挑釁了以實瑪利。但在我因此分心的同時……"
    },
    {
      "id": 74,
      "content": "一個“慣犯”，在我們意想不到的時候再次捅出一個爛簍子。"
    },
    {
      "id": 75,
      "model": "검문소경비",
      "teller": "安檢員",
      "title": "K公司",
      "content": "請問您的身份和入境目的是？"
    },
    {
      "id": 76,
      "model": "돈키호테",
      "content": "……"
    },
    {
      "id": 77,
      "model": "돈키호테",
      "content": "吾，為了給予弱者自由而來！"
    },
    {
      "id": 78,
      "content": "檢察員的臉上第一次露出了表情——"
    },
    {
      "id": 79,
      "content": "大吃一驚。"
    },
    {
      "id": 80,
      "content": "正如字面意思，他仰頭看向堂吉訶德，臉上的每一條肌肉都無不表達著震驚。"
    },
    {
      "id": 81,
      "model": "돈키호테",
      "content": "快點放開他們！你有沒有看見，弱小無辜者正身陷於水深火熱之中？"
    },
    {
      "id": 82,
      "model": "검문소경비",
      "teller": "安檢員",
      "title": "K公司",
      "content": "……請陳述您的身份和入境意圖。"
    },
    {
      "id": 83,
      "content": "職員無視了她的要求，將問題重複了一遍。"
    },
    {
      "id": 84,
      "content": "堂吉訶德的心情隨著時間流逝而愈發沮喪。"
    },
    {
      "id": 85,
      "content": "隨後……"
    },
    {
      "id": 86,
      "content": "她轉頭凝視著那堵透明的牆……"
    },
    {
      "id": 87,
      "content": "我看見，小孩絕望地張口："
    },
    {
      "id": 88,
      "teller": "孩子",
      "title": "？？？",
      "content": "“爸爸！ "
    },
    {
      "id": 89,
      "teller": "孩子",
      "title": "？？？",
      "content": "爸爸！”"
    },
    {
      "id": 90,
      "model": "돈키호테",
      "content": "若汝熟視無睹，那麼吾將挺身而出！"
    },
    {
      "id": 91,
      "model": "검문소경비",
      "teller": "安檢員",
      "title": "K公司",
      "content": "……嚯。"
    },
    {
      "id": 92,
      "model": "검문소경비",
      "teller": "安檢員",
      "title": "K公司",
      "content": "紫色編碼。紫色編碼。違反K185禁忌。"
    },
    {
      "id": 93,
      "model": "검문소경비",
      "teller": "安檢員",
      "title": "K公司",
      "content": "呼叫凝血細胞。重複，呼叫凝血細胞……"
    },
    {
      "id": 94,
      "content": "除了重複相同的話語，安檢員似乎完全不知道該說些什麼，於是便在無線電中灌輸著令人膽寒的“免疫響應”。"
    },
    {
      "id": -1,
      "model": "//효과음",
      "content": "쾅 쾅 쾅 (철문이 강하게 내려찍는 소리)"
    },
    {
      "id": -1,
      "model": "//효과음",
      "content": "사이렌"
    },
    {
      "id": 95,
      "model": "더미2",
      "teller": "通告",
      "title": "K公司",
      "content": "全體人員請注意：紫色編碼。紫色編碼。2號流動大廳，14號安檢口。呼叫凝血細胞，呼叫白細胞。"
    },
    {
      "id": 96,
      "content": "警笛聲伴隨著複雜的通告一同響起，我們身邊的金屬大門正一扇接一扇地合上。"
    },
    {
      "id": 97,
      "model": "히스클리프",
      "content": "……真該把她的腦袋給砸碎，然後再把她丟進裹屍袋裡。"
    },
    {
      "id": 98,
      "model": "이스마엘",
      "content": "我覺得照樣沒用。"
    },
    {
      "id": 99,
      "model": "이상",
      "content": "凝血細胞，白細胞……我很確信他們說的分別是血小板和白血球。"
    },
    {
      "id": 100,
      "model": "파우스트",
      "content": "沒錯。非常適合K公司的稱呼。"
    },
    {
      "id": 101,
      "content": "大家都往浮士德手指的方向看去……"
    },
    {
      "id": 102,
      "content": "全副武裝的安保人員正死死盯著我們。"
    }
  ]
}