{
  "dataList": [
    {
      "id": 0,
      "place": "梅菲斯托費勒斯 內部",
      "model": "카론",
      "content": "道路清理乾淨了。但是維吉，梅菲可以直接碾過他們。"
    },
    {
      "id": 1,
      "model": "단테",
      "content": "<……什麼？>"
    },
    {
      "id": 2,
      "model": "단테",
      "content": "<那我剛才是在做什麼？>"
    },
    {
      "id": 3,
      "content": "察覺到我的騷動，維吉里烏斯走進來。"
    },
    {
      "id": 4,
      "model": "베르길리우스",
      "content": "請你冷靜，但丁。"
    },
    {
      "id": 5,
      "model": "베르길리우스",
      "content": "要求一個蹣跚學步的孩子在邁出第一步後就跑並不現實。"
    },
    {
      "id": 6,
      "model": "베르길리우스",
      "content": "在你被迫跑之前，你應該抓住每個機會學習如何走路並嘗試奔跑。"
    },
    {
      "id": 7,
      "model": "베르길리우스",
      "content": "此外……但丁。"
    },
    {
      "id": 8,
      "model": "베르길리우스",
      "content": "您是經理……對他們的“管理”即是你的業務。"
    },
    {
      "id": 9,
      "model": "베르길리우스",
      "content": "而我……是嚮導。我決定我們去往何方與如何抵達。"
    },
    {
      "id": 10,
      "model": "베르길리우스",
      "content": "明白了嗎？"
    },
    {
      "id": 11,
      "model": "베르길리우스",
      "content": "別和我爭辯。"
    },
    {
      "id": 12,
      "model": "단테",
      "content": "<……我怎麼可能不質疑一個甚至聽不懂我說話的陌生人？>"
    },
    {
      "id": 13,
      "model": "파우스트",
      "content": "……"
    },
    {
      "id": 14,
      "model": "베르길리우스",
      "content": "我聽見嘀嗒聲了，那麼他說了什麼，浮士德女士？"
    },
    {
      "id": 15,
      "model": "파우스트",
      "content": "沒什麼。"
    },
    {
      "id": 16,
      "model": "베르길리우스",
      "content": "沒必要這麼誇張地表示讚同。點點頭就足夠讓我知道你同意了，但丁。"
    },
    {
      "id": 17,
      "model": "카론",
      "content": "那麼，梅菲，出發吧。呀吼。"
    },
    {
      "id": 18,
      "model": "베르길리우스",
      "content": "卡戎，心情如何？"
    },
    {
      "id": 19,
      "model": "카론",
      "content": "非常。興奮。像走在天上，卡戎匯報。"
    },
    {
      "id": 20,
      "model": "베르길리우스",
      "content": "……很好。"
    },
    {
      "id": 21,
      "model": "단테",
      "content": "<那麼，我們要去哪？>"
    },
    {
      "id": 22,
      "model": "파우스트",
      "content": "維吉里烏斯，他在詢問目的地。"
    },
    {
      "id": 23,
      "model": "베르길리우스",
      "content": "唉……我應該已經告訴過你了，但丁。"
    },
    {
      "id": 24,
      "model": "단테",
      "content": "<所以目的地到底是哪裡？>"
    },
    {
      "id": 25,
      "content": "隨著他的嘆息，巴士顫動起來，開始隆隆向前。"
    },
    {
      "id": 26
    }
  ]
}