{
  "dataList": [
    {
      "id": 0,
      "place": "梅菲斯托費勒斯 內部",
      "model": "유리",
      "teller": "尤莉",
      "title": "8階收尾人",
      "content": "卡戎，這邊是東邊呢，還是西邊呢？"
    },
    {
      "id": 1,
      "model": "카론",
      "content": "卡戎只知道兩個方向。梅菲的前方和後方。"
    },
    {
      "id": 2,
      "model": "유리",
      "teller": "尤莉",
      "title": "8階收尾人",
      "content": "你們是怎麼跟著一個毫無方向感的司機走了這麼遠的？"
    },
    {
      "id": 3,
      "model": "싱클레어",
      "content": "卡戎……所以說呢，太陽升起的那一邊是……"
    },
    {
      "id": 4,
      "content": "駕駛位上，三人的腦袋緊靠一起，目光紛紛聚焦於地圖"
    },
    {
      "id": 5,
      "content": "不對，有一個人似乎靠的不是很近。"
    },
    {
      "id": 6,
      "model": "로쟈",
      "content": "噗……小不點~你不應該也去和他們擠在一起嗎？"
    },
    {
      "id": 7,
      "model": "돈키호테",
      "content": "恕吾冒昧！吾並非孩童，更非小朋友！"
    },
    {
      "id": 8,
      "content": "看著堂吉訶德對羅佳呼呼地揮舞拳頭，一個表情苦澀、注視著她們的人進入了我的視野。"
    },
    {
      "id": 9,
      "model": "단테",
      "content": "<尤莉的成長經歷可能非常不幸>"
    },
    {
      "id": 10,
      "content": "格里高爾轉身看了我一眼，搖了搖頭，又托起下巴，望向駕駛席。"
    },
    {
      "id": 11,
      "model": "그레고르",
      "content": "……也不算小了。就算剛到能拿得動刀的年齡，某些巢也會要。"
    },
    {
      "id": 12,
      "content": "巢……我記得被解釋為一個地區的核心區域。"
    },
    {
      "id": 13,
      "content": "看來過去還發生過巢與巢之間的戰爭。"
    },
    {
      "id": 14,
      "model": "단테",
      "content": "<這種事情很常見嗎？>"
    },
    {
      "id": 15,
      "model": "그레고르",
      "content": "倒也不是很罕見的事情。"
    },
    {
      "id": 16,
      "model": "그레고르",
      "content": "……經理兄，看來你對戰爭挺感興趣啊？"
    },
    {
      "id": 17,
      "model": "단테",
      "content": "<啊，算不上感興趣，只是想收集一些經理應當需要知道的信息……>"
    },
    {
      "id": 18,
      "content": "我正打算繼續說下去，但瞥見格里高爾的表情讓我止住了嘴。"
    },
    {
      "id": 19,
      "content": "他的目光不再停滯於駕駛席，而是彷彿望向了更加遙遠的某處。"
    },
    {
      "id": 20,
      "model": "그레고르",
      "content": "別誤會，經理兄，這不是在批評你。照我說，這個態度不是挺好的嗎，好上司就該這麼做。"
    },
    {
      "id": 21,
      "content": "他從胸前口袋掏出了菸盒，慢慢地說了下去。"
    },
    {
      "id": 22,
      "model": "그레고르",
      "content": "不過，我個人認為無知也是件好事。"
    },
    {
      "id": 23,
      "model": "그레고르",
      "content": "畢竟有些東西你一旦知道了，就再也沒法回頭了。"
    },
    {
      "id": 24,
      "content": "隨後他不再言語，點上了菸。"
    },
    {
      "id": 25,
      "model": "유리",
      "teller": "尤莉",
      "title": "8階收尾人",
      "content": "不對，剛才那裡應該右轉！"
    },
    {
      "id": 26,
      "model": "싱클레어",
      "content": "沒，沒關係的，卡戎。再往前一點之後拐彎也可以回到正確的道路上。"
    },
    {
      "id": 27,
      "model": "카론",
      "content": "啊啊……司機的生活真辛苦。"
    },
    {
      "id": 28,
      "model": "그레고르",
      "content": "嘛……現在更要緊的好像還是要找到前往目的地的路啊。對吧，經理兄？"
    },
    {
      "id": 29,
      "content": "格里高爾嘴裡叼著菸，咯咯的笑了。"
    },
    {
      "id": 30,
      "content": "雖然我很好奇他之前經歷了些什麼，但他說的沒錯，我現在應該先專注於別的事。"
    },
    {
      "id": 31,
      "content": "正好，一件應該專注的事就出現在眼前，或者說是巴士前。"
    },
    {
      "id": 32,
      "model": "베르길리우스",
      "content": "聊天到此為止吧。前面又有敵人。"
    },
    {
      "id": 33,
      "teller": "流氓頭頭",
      "title": "4區後巷",
      "content": "竟然把我的朋友們扔進了巴士裡，一群瘋子！你們腦子有病是不是？"
    },
    {
      "id": 34,
      "teller": "流氓頭頭",
      "title": "4區後巷",
      "content": "我不會放過你們的！本來我只想搶走巴士，但現在我要把你們也全殺了！"
    },
    {
      "id": 35,
      "model": "카론",
      "content": "維吉，燃料們好吵。卡戎，聽到兩人以上吵鬧就會暈。"
    },
    {
      "id": 36,
      "model": "베르길리우스",
      "content": "不必擔心，卡戎。從現在開始就會安靜下來。"
    },
    {
      "id": 37,
      "model": "베르길리우스",
      "content": "全員下車。"
    }
  ]
}