{
  "dataList": [
    {
      "id": 0,
      "place": "梅菲斯托費勒斯 內部",
      "content": "夕陽將逝，巴士被黑暗籠罩著。"
    },
    {
      "id": 1,
      "model": "카론",
      "content": "…………"
    },
    {
      "id": 2,
      "content": "卡戎一邊開著車，一邊哼著小曲。"
    },
    {
      "id": 3,
      "content": "我對這段旋律有種莫名的熟悉感，心裡便跟著哼唱起來。"
    },
    {
      "id": 4,
      "model": "베르길리우스",
      "content": "最美妙的演出誕生於世界的分崩離析之處。真是諷刺。"
    },
    {
      "id": 5,
      "content": "維吉里烏斯看到我正盯著巴士駕駛席，便如是說道。"
    },
    {
      "id": 6,
      "model": "베르길리우스",
      "content": "不過，也不能怪罪那些認為這是“美妙演出”的人……那可太冤了。"
    },
    {
      "id": 7,
      "model": "단테",
      "content": "<……>"
    },
    {
      "id": 8,
      "model": "베르길리우스",
      "content": "卡戎，你今天看起來心情不錯。"
    },
    {
      "id": 9,
      "content": "卡戎點了點頭。"
    },
    {
      "id": 10,
      "model": "카론",
      "content": "嗯，心情好到想唱歌。"
    },
    {
      "id": 11,
      "model": "베르길리우스",
      "content": "好的。"
    },
    {
      "id": 12,
      "model": "베르길리우스",
      "content": "不過……"
    },
    {
      "id": 13,
      "model": "베르길리우스",
      "content": "如果我沒有記錯的話，你只有心情低落時才會哼這首歌。"
    },
    {
      "id": 14,
      "model": "카론",
      "content": "卡戎沒有記憶。"
    },
    {
      "id": 15,
      "model": "카론",
      "content": "卡戎開心時就會唱歌。"
    },
    {
      "id": 16,
      "content": "維吉里烏斯的眼神黯然了，彷若漆黑的深淵"
    },
    {
      "id": 17,
      "content": "這無疑是最能詮釋“孤獨感”的顏色。"
    },
    {
      "id": 18,
      "content": "不過那種表情僅在他臉上停留了一瞬……"
    },
    {
      "id": 19,
      "content": "所以我姑且將其認定為錯覺。一定是餘暉太亮了。"
    },
    {
      "id": 20,
      "model": "베르길리우스",
      "content": "……卡戎正在哼誦的是一個無聲、無色的世界。"
    },
    {
      "id": 21,
      "model": "베르길리우스",
      "content": "她正駛向一個深不見底的隧道。"
    },
    {
      "id": 22,
      "content": "就好比我忘記了我的過去……"
    },
    {
      "id": 23,
      "content": "卡戎與維吉里烏斯一定也有他們難以切齒的回憶。"
    },
    {
      "id": 24,
      "model": "베르길리우스",
      "content": "行了，私人的事就說到這裡吧。但丁。"
    },
    {
      "id": 25,
      "model": "베르길리우스",
      "content": "你的工作可不是和我套近乎，而是管理他們。"
    },
    {
      "id": 26,
      "content": "當我再次望向他的臉時，悲傷的感情早已匆匆滑過，取而代之的是一個淡淡的微笑。"
    },
    {
      "id": 27,
      "content": "我向他點了點頭，轉身看向罪人們。"
    },
    {
      "id": 28,
      "content": "從剛才起，巴士就陷入了一種激昂的氛圍。"
    },
    {
      "id": 29,
      "content": "畢竟這是我們第一次完成任務，成功回收了金枝。"
    },
    {
      "id": 30,
      "content": "所有罪人都嘰嘰喳喳地吹噓著他們在J公司的精彩操作。"
    },
    {
      "id": 31,
      "model": "로쟈",
      "content": "你們看到我在那一刻亮牌的樣子了嗎？名場面喜加一啦~"
    },
{
      "id": 32,
      "model": "그레고르",
      "content": "啊……這個故事我已經聽了七遍，連耳朵老繭都快長出來了。換個話題吧——我們這次要去哪兒？"
    },
    {
      "id": 33,
      "model": "베르길리우스",
      "content": "這次……我們要去K巢。"
    },
    {
      "id": 34,
      "model": "히스클리프",
      "content": "啊，是11區？這份工作還真是把我們一個個送到那些一輩子都不可能去的地方。"
    },
    {
      "id": 35,
      "model": "돈키호테",
      "content": "又是一位偉大英雄的故鄉！那裡一定有紀念品商舖罷！吾要買限量款手辦套裝！"
    },
    {
      "id": 36,
      "model": "로쟈",
      "content": "哦~那裡是不是還開了家超好吃的漢堡連鎖店？"
    },
    {
      "id": 37,
      "model": "오티스",
      "content": "呼……現在生活條件真好。以前我在行軍期間，能入口的只有一小撮鹽。"
    },
    {
      "id": 38,
      "model": "이스마엘",
      "content": "還真是。我在航行期間唯一咽得下的食物，只有全是鐵味的湯罐頭。"
    },
    {
      "id": 39,
      "model": "로쟈",
      "content": "……是、是不是已經流口水了？對吧，良秀？"
    },
    {
      "id": 40,
      "model": "료슈",
      "content": "呵，一想到不同部位的血液顏色，我確實垂涎三尺了。"
    },
    {
      "id": 41,
      "model": "로쟈",
      "content": "惡……跟你交流真心累。嘿孩子，你想吃點什麼嗎？"
    },
    {
      "id": 42,
      "model": "싱클레어",
      "content": "……"
    },
    {
      "id": 43,
      "content": "羅佳找不到可以正常聊天的人，於是如往常一樣抓住了辛克萊。"
    },
    {
      "id": 44,
      "content": "然而……"
    },
    {
      "id": 45,
      "model": "로쟈",
      "content": "辛克萊？"
    },
    {
      "id": 46,
      "model": "로쟈",
      "content": "哎呀？！喂，他、他怎麼了？"
    },
    {
      "id": 47,
      "model": "뫼르소",
      "content": "他面色慘白。還伴隨著急促呼吸與發冷症狀。"
    },
    {
      "id": 48,
      "model": "단테",
      "content": "<這——這持續多長時間了？>"
    },
    {
      "id": 49,
      "model": "뫼르소",
      "content": "自從維吉里烏斯先生提到K公司開始。"
    },
    {
      "id": 50,
      "model": "단테",
      "content": "<為什麼不早點告訴我？>"
    },
    {
      "id": 51,
      "model": "뫼르소",
      "content": "……因為您並沒有命令我。"
    },
    {
      "id": 52,
      "content": "默爾索理所當然地盯著我說道。"
    },
    {
      "id": 53,
      "model": "싱클레어",
      "content": "我……只是有點胃疼。對不起。"
    },
    {
      "id": 54,
      "model": "로쟈",
      "content": "你確定真沒問題……？"
    },
    {
      "id": 55,
      "model": "단테",
      "content": "<目前看來應該沒……>"
    },
    {
      "id": 56,
      "model": "단테",
      "content": "<浮士德，每次維吉里烏斯公佈本次目的地時，我們中就會有一個人敏感地作出回應。>"
    },
    {
      "id": 57,
      "model": "단테",
      "content": "<並且，我們到達的地方，都在某事上與這個人有股緊密的聯繫。>"
    },
    {
      "id": 58,
      "model": "단테",
      "content": "<難不成這就是我們入職公司的原因？>"
    },
    {
      "id": 59,
      "model": "파우스트",
      "content": "……你剛才說“我們”是嗎。"
    },
    {
      "id": 60,
      "model": "단테",
      "content": "<啊？>"
    },
    {
      "id": 61,
      "model": "파우스트",
      "content": "感知微妙的變化也是我的重要工作之一。"
    },
    {
      "id": 62,
      "model": "파우스트",
      "content": "還有，回到問題，我雖然不能告訴您招募罪人的原因……"
    },
    {
      "id": 63,
      "model": "파우스트",
      "content": "但不可否認的是，我們的目的地，確實和每一位罪人的出身有一定聯繫。"
    },
    {
      "id": 64,
      "model": "히스클리프",
      "content": "是不是所有的聰明蛋都有一種能力，就是把本來很簡單就能回答的問題，用亂七八糟地話扯成一大串？"
    },
    {
      "id": 65,
      "model": "파우스트",
      "content": "倒敘法並不總是正確的。浮士德只是選擇了最有效的敘述方式。"
    },
    {
      "id": 66,
      "model": "히스클리프",
      "content": "倒……倒啥？"
    },
    {
      "id": 67,
      "model": "파우스트",
      "content": "……不是因為別人是聰明蛋，而是因為你太愚笨。所以你才認為浮士德的話很亂。"
    },
    {
      "id": 68,
      "model": "히스클리프",
      "content": "你……！"
    },
    {
      "id": 69,
      "model": "싱클레어",
      "content": "嗚、嘔……"
    },
    {
      "id": 70,
      "content": "當希斯克利夫手持球桿，向浮士德走去時……"
    },
    {
      "id": 71,
      "content": "辛克萊突然往地上嘔吐起來。"
    },
    {
      "id": 72,
      "content": "此時，巴士上的喧鬧聲才徹底終止。"
    }
  ]
}