{
  "dataList": [
    {
      "id": 0,
      "place": "K公司 檢查站",
      "content": "依次經歷了12輪的苦痛折磨後，罪人們重新變得完整起來。"
    },
    {
      "id": 1,
      "content": "可能是對剛才的單方面屠殺感到畏懼，此刻，周圍安靜得古怪，與平時大相徑庭。"
    },
    {
      "id": 2,
      "model": "지크프리트",
      "teller": "齊格飛",
      "title": "收尾人？",
      "content": "過得怎麼樣啊，猩紅凝視？最近也沒怎麼見著你，你也不出席“巢中優秀收尾人集會”了……"
    },
    {
      "id": 3,
      "model": "지크프리트",
      "teller": "齊格飛",
      "title": "收尾人？",
      "content": "我發的幾十張邀請函你都沒收到嗎？"
    },
    {
      "id": 4,
      "model": "베르길리우스",
      "content": "我換住所了。並且，我也沒有像你那樣忠實搖尾巴的餘裕。"
    },
    {
      "id": 5,
      "model": "단테",
      "content": "<雖然不知道發生過什麼……維吉里烏斯的回應是不是太尖銳了？>"
    },
    {
      "id": 6,
      "model": "파우스트",
      "content": "兩人的立場差異不是一看便知嗎，但丁？"
    },
    {
      "id": 7,
      "model": "단테",
      "content": "<什麼立場？>"
    },
    {
      "id": 8,
      "model": "파우스트",
      "content": "簡單來說，齊格飛先生即便在收尾人中也很親近於翼。"
    },
    {
      "id": 9,
      "model": "파우스트",
      "content": "相反維吉里烏斯追求的，是只作為收尾人的獨立性。"
    },
    {
      "id": 10,
      "model": "파우스트",
      "content": "他認為收尾人從屬於影響力強的某個事物的瞬間，就會連最低限度的價值準則也都失去。"
    },
    {
      "id": 11,
      "model": "파우스트",
      "content": "他是個對持有力量者無比嚴格的人。"
    },
    {
      "id": 12,
      "content": "和浮士德說話的時候，我看到堂吉訶德的身影哆哆嗦嗦地走近了齊格飛。"
    },
    {
      "id": 13,
      "content": "即便剛剛才被他本人打得粉碎，她也只會把這視作一種榮耀。"
    },
    {
      "id": 14,
      "model": "돈키호테",
      "content": "吾吾吾吾吾，吾是，吾是您的粉絲！吾也收集了您的周邊模型！雖然沒拿到限量版……吾做夢都想成為像您一樣超厲害的收尾人！"
    },
    {
      "id": 15,
      "model": "지크프리트",
      "title": "收尾人？",
      "content": "喔！是收尾人的希望之星呢！雖然時間不多了，但還是可以簽個名的！"
    },
    {
      "id": 16,
      "model": "돈키호테",
      "content": "那……那是真的嗎！那請您簽名……簽名……在這裡……欸嘿嘿……"
    },
    {
      "id": 17,
      "model": "그레고르",
      "content": "稍微喘口氣吧，堂吉訶德……"
    },
    {
      "id": 18,
      "teller": "通告",
      "title": "K公司 檢查站",
      "content": "通知。緊急狀態，解除。緊急狀態，解除。已清理全事項。"
    },
    {
      "id": 19,
      "model": "지크프리트",
      "title": "收尾人？",
      "content": "喔！工作順利結束！!"
    },
    {
      "id": 20,
      "model": "지크프리트",
      "title": "收尾人？",
      "content": "那麼，下次再見吧！哈哈哈哈！！"
    },
    {
      "id": 21,
      "content": "伴隨著劇烈的震動，齊格飛便升上了天空，消失在了某個地方……"
    },
    {
      "id": 22,
      "content": "雖然多花了點時間，但我們總算是再次得到了通行許可。"
    },
    {
      "id": 23,
      "content": "趁著這個間隙維吉里烏斯先回到了巴士上。也許他早就知道會和這個叫做齊格飛的人相遇，所以才同我們下車。"
    },
    {
      "id": 24,
      "content": "在意他那似乎有些生氣的背影的人，好像只有我一個……"
    },
    {
      "id": 25,
      "model": "돈키호테",
      "content": "嗚呼，呼呼呼……"
    },
    {
      "id": 26,
      "content": "也許只有一個人讀不懂冰冷的空氣吧。堂吉訶德用比這個世界上任何人還幸福的表情，撫摸著寫有齊格飛簽名的紙。"
    },
    {
      "id": 27,
      "model": "돈키호테",
      "content": "不會是在做夢吧！經理老爺！能掐一下吾的臉嗎？"
    },
    {
      "id": 28,
      "content": "正在我一邊離開檢查站，一邊想要對吵鬧的堂吉訶德說些什麼的時候……"
    },
    {
      "id": 29,
      "content": "一輛裝甲車突然在眼前停了下來。"
    },
    {
      "id": 30,
      "model": "오티스",
      "content": "……新的敵人嗎？在巢的檢查站前，膽量不小啊。"
    },
    {
      "id": 31,
      "model": "파우스트",
      "content": "這輛車……是LCC，清理部門所屬的。"
    },
    {
      "id": 32,
      "content": "浮士德若無其事地回答著，裝甲車的門很快就打開了。"
    },
    {
      "id": 33,
      "model": "제복에피",
      "teller": "埃菲",
      "title": "LCCB",
      "content": "啊啊真是的，為什麼花了這麼多時間啊？我們可是在這附近轉了三圈啊。"
    },
    {
      "id": 34,
      "content": "從打開的車門裡看到了熟悉的臉。"
    },
    {
      "id": 35,
      "content": "埃菲，還有索德。"
    },
    {
      "id": 36,
      "content": "雖然服裝和先前不同，不過洋溢著自信與從容的表情還是那樣。"
    },
    {
      "id": 37,
      "model": "그레고르",
      "content": "哦，從先遣部隊來的嗎？氣場有點改變了呢。"
    },
    {
      "id": 38,
      "model": "제복소드",
      "teller": "索德",
      "title": "LCCB",
      "content": "之前那是為了潛入賭場的偽裝用衣服。雖然最終沒有用上呢。"
    },
    {
      "id": 39,
      "model": "단테",
      "content": "<……>"
    },
    {
      "id": 40,
      "model": "그레고르",
      "content": "哈，嘴巴還是那麼毒啊。"
    },
    {
      "id": 41,
      "content": "突然想起之前行動的大吵大鬧，我的胸口周圍莫名地疼了起來。"
    },
    {
      "id": 42,
      "model": "제복에피",
      "teller": "埃菲",
      "title": "LCCB",
      "content": "噗……索德，你看到那個鐘錶的秒針在顫抖嗎？那樣子就像是要哭了一樣。"
    },
{
      "id": 43,
      "model": "제복소드",
      "teller": "索德",
      "title": "LCCB",
      "content": "我開玩笑的喲。雖然在實力上還有很多不足的地方，但我們確實應當承認LCB部門有些獨特的東西。"
    },
    {
      "id": 44,
      "content": "不論過程如何，結果上似乎還是給那兩個人留下了好印象。"
    },
    {
      "id": 45,
      "model": "파우스트",
      "content": "我認為先遣部隊應該已經到達作戰現場了。"
    },
    {
      "id": 46,
      "model": "제복에피",
      "teller": "埃菲",
      "title": "LCCB",
      "content": "其他的隊員應該已經到了。因為有對你們來說有用的補充信息，所以決定暫時留下來等一會兒你們。"
    },
    {
      "id": 47,
      "model": "그레고르",
      "content": "嗯……無論怎麼說，是很在意我們吧？"
    },
    {
      "id": 48,
      "model": "로쟈",
      "content": "噗唔，你們也被我們的魅力折服了嗎？"
    },
    {
      "id": 49,
      "model": "로쟈",
      "content": "嘛~不是有那樣的事情嗎。只收集難吃得要死的材料來做飯的話，好像特別好吃呢。"
    },
    {
      "id": 50,
      "model": "그레고르",
      "content": "啊，在戰場上那種情況很多呢。確實吃下去的時候很糟糕，但還是會想起好多次……"
    },
    {
      "id": 51,
      "model": "제복소드",
      "teller": "索德",
      "title": "LCCB",
      "content": "……兩位至今為止都吃過些什麼？"
    },
    {
      "id": 52,
      "model": "홍루",
      "content": "對了，你們說的信息具體是什麼呢？"
    },
    {
      "id": 53,
      "model": "제복에피",
      "teller": "埃菲",
      "title": "LCCB",
      "content": "這次的目標地點，好像處在正被其他集團佔領著的狀態。"
    },
    {
      "id": 54,
      "model": "제복에피",
      "teller": "埃菲",
      "title": "LCCB",
      "content": "因此，我們這一方也比平時投入了更多的人員。"
    },
    {
      "id": 55,
      "model": "오티스",
      "content": "哼。即便是那樣，也只是像是小蒼蠅一樣從某個地方聚集過來的傢伙們吧。"
    },
    {
      "id": 56,
      "content": "像奧提斯說的那樣，我們每次作戰都和駐留在金枝附近的其他集團發生了衝突。"
    },
    {
      "id": 57,
      "content": "在最初的任務中，G公司的殘兵敗將流浪至此，暫居下來。"
    },
    {
      "id": 58,
      "content": "第二次任務時，賭場裡也存在著各種各樣的幫派。"
    },
    {
      "id": 59,
      "model": "제복에피",
      "teller": "埃菲",
      "title": "LCCB",
      "content": "很遺憾，但這次的對手似乎不如以前那樣好搞定。"
    },
    {
      "id": 60,
      "model": "제복에피",
      "teller": "埃菲",
      "title": "LCCB",
      "content": "我們偷偷調查了審查記錄，發現幾週前N公司曾大量派遣人員。而且，他們的目的地和我們一樣。"
    },
    {
      "id": 61,
      "model": "이스마엘",
      "content": "從N公司而來？"
    },
    {
      "id": 62,
      "model": "제복에피",
      "teller": "埃菲",
      "title": "LCCB",
      "content": "雖然不是被正式公開的行動，但從K公司一方也使其通過了審查來看，這之間可能有著某種交易。"
    },
    {
      "id": 63,
      "model": "제복소드",
      "teller": "索德",
      "title": "LCCB",
      "content": "也就是說，如果N公司派遣人員確有其事的話，我們的行動就不會那麼順利了。"
    },
    {
      "id": 64,
      "model": "그레고르",
      "content": "……是嗎。搞不好的話，可能要和各種各樣的翼為敵吧。"
    },
    {
      "id": 65,
      "model": "파우스트",
      "content": "從長期來看，我們與某片翼之間的衝突是不可避免的。"
    },
    {
      "id": 66,
      "model": "파우스트",
      "content": "但是，從N公司並沒有正式地公佈派遣的情況來看，單純以利益集團之間的衝突收場的可能性也是有的。"
    },
    {
      "id": 67,
      "model": "파우스트",
      "content": "也……不能排除他們真正想要的東西不是金枝的可能性。"
    },
    {
      "id": 68,
      "model": "그레고르",
      "content": "不管怎麼說，好像你也並沒有否定我們很容易四處碰壁……"
    },
    {
      "id": 69,
      "model": "제복에피",
      "teller": "埃菲",
      "title": "LCCB",
      "content": "啊，說起來，我聽說有幾個笨蛋在K公司入境管理局那邊引起了騷動。你們剛剛見過他們嗎？"
    },
    {
      "id": 70,
      "model": "돈키호테",
      "content": "……流，流言傳播的真快啊。就像是……駑騂難得什麼的。"
    },
    {
      "id": 71,
      "content": "堂吉訶德羞愧地低下了頭。"
    },
    {
      "id": 72,
      "content": "好在她似乎知道自己的魯莽行事將帶來一定後果。"
    },
    {
      "id": 73,
      "content": "……或者，也可能是覺得流言傳播開了，正因為開心而害羞呢。"
    },
    {
      "id": 74,
      "model": "제복소드",
      "teller": "索德",
      "title": "LCCB",
      "content": "真可惜我沒在場啊。那可不會是每天都能見得到的場面。"
    },
    {
      "id": 75,
      "model": "제복소드",
      "teller": "索德",
      "title": "LCCB",
      "content": "說真的，到底是誰一進了入境管理局就鬧事，搞得跟他們有命不怕死一樣……"
    },
    {
      "id": 76,
      "model": "단테",
      "content": "<……>"
    },
    {
      "id": 77,
      "model": "돈키호테",
      "content": "……"
    },
    {
      "id": 78,
      "model": "제복소드",
      "teller": "索德",
      "title": "LCCB",
      "content": "……拜託，不是吧？"
    },
    {
      "id": 79,
      "model": "이스마엘",
      "content": "好了，時間不早了。快點行動吧。"
    },
    {
      "id": 80,
      "model": "제복에피",
      "teller": "埃菲",
      "title": "LCCB",
      "content": "說起來，維吉里烏斯先生這次好像沒有一起來呢？"
    },
    {
      "id": 81,
      "model": "그레고르",
      "content": "……啊，那傢伙先回巴士上了。"
    },
    {
      "id": 82,
      "model": "제복소드",
      "teller": "索德",
      "title": "LCCB",
      "content": "真遺憾啊。還以為這次就能打個照面……"
    },
    {
      "id": 83,
      "model": "제복에피",
      "teller": "埃菲",
      "title": "LCCB",
      "content": "下次一定要去打招呼。我還打算問問他，能不能讓我們代替你們加入LCB隊伍之類的事。"
    },
    {
      "id": 84,
      "model": "단테",
      "content": "<什麼，原來是打著這樣的算盤來見我們的嗎？>"
    },
    {
      "id": 85,
      "model": "제복소드",
      "teller": "索德",
      "title": "LCCB",
      "content": "這可不是玩笑喲。之後在現場再見吧。"
    },
    {
      "id": 86,
      "model": "제복에피",
      "teller": "埃菲",
      "title": "LCCB",
      "content": "不管怎樣，如果你們能平安到達的話。"
    }
  ]
}