{
  "dataList": [
    {
      "id": 0,
      "place": "黑森林",
      "model": "표범",
      "teller": "豹",
      "title": "？？？",
      "content": "真是不能理解。獅子居然被這幫人打敗了。"
    },
    {
      "id": 1,
      "model": "그레고르",
      "content": "喂，喂等一下啊！"
    },
    {
      "id": 2,
      "model": "그레고르",
      "content": "雖然直到剛才我們還在戰鬥，這麼說可能有點奇怪，但是我們可以聊——"
    },
    {
      "id": 3,
      "model": "그레고르",
      "content": "……！"
    },
    {
      "id": 4,
      "model": "이상",
      "content": "這真是……"
    },
    {
      "id": 5,
      "model": "이상",
      "content": "不理想。"
    },
    {
      "id": 6,
      "model": "이스마엘",
      "content": "哈……我從一開始就覺得這是場不像話的戰鬥。"
    },
    {
      "id": 7,
      "model": "이스마엘",
      "content": "……"
    },
    {
      "id": -1,
      "model": "늑대",
      "teller": "늑대",
      "title": "???",
      "content": "사자, 언제까지 자빠져 있을 거야? 시간 없어."
    },
    {
      "id": -1,
      "model": "사자",
      "teller": "사자",
      "title": "???",
      "content": "…그래, 네 말이 맞았어. 괜히 시간 끌 필요는 없지."
    },
    {
      "id": 8,
      "model": "로쟈",
      "content": "你們都在開玩笑嗎？我還沒開始……"
    },
    {
      "id": 9,
      "model": "로쟈",
      "content": "……"
    },
    {
      "id": 10,
      "model": "프롤로그단테2",
      "teller": "但丁",
      "title": "我",
      "content": "<怎麼會這樣啊？不是說要替我戰鬥嗎！>"
    },
    {
      "id": 11,
      "model": "파우스트",
      "content": "我可沒有說過會贏哦。"
    },
    {
      "id": 12,
      "model": "프롤로그단테2",
      "teller": "但丁",
      "title": "我",
      "content": "< 什……>"
    },
    {
      "id": 13,
      "model": "파우스트",
      "content": "然後，只剩下我了。"
    },
    {
      "id": 14,
      "model": "프롤로그단테2",
      "teller": "但丁",
      "title": "我",
      "content": "<是，是啊。你一直在等著場面變成這樣嗎？>"
    },
    {
      "id": 15,
      "model": "프롤로그단테2",
      "teller": "但丁",
      "title": "我",
      "content": "<是有殺手鐧吧？>"
    },
    {
      "id": 16,
      "model": "파우스트",
      "content": "與其說是殺手鐧……不如說，只是。"
    },
    {
      "id": 17,
      "model": "파우스트",
      "content": "追逐星星。"
    },
    {
      "id": 18,
      "model": "표범",
      "teller": "豹",
      "title": "？？？",
      "content": "這是在組團玩集體自殺嗎？真令人不悅。"
    },
    {
      "id": 19,
      "model": "프롤로그단테2",
      "teller": "但丁",
      "title": "我",
      "content": "<你究竟想要我怎麼做！？>"
    },
    {
      "id": 20,
      "model": "프롤로그단테2",
      "teller": "但丁",
      "title": "我",
      "content": "<意氣風發地登場，然後死掉嗎？>"
    },
    {
      "id": 21,
      "model": "프롤로그단테2",
      "teller": "但丁",
      "title": "我",
      "content": "<唔…照著剛才那個人的話做了之後，就完全想不起來之前的事情了。>"
    },
    {
      "id": -1,
      "model": "사자",
      "teller": "사자",
      "title": "???",
      "content": "아~ 너무 늑장 부렸다. 이제 정말 끝내자고!"
    },
    {
      "id": 22,
      "model": "프롤로그단테2",
      "teller": "但丁",
      "title": "我",
      "content": "<我……就要這樣死掉了嗎？>"
    },
    {
      "id": 23,
      "teller": "？？？",
      "title": "？？？",
      "content": "告訴蛇，虛偽的獅子。"
    },
    {
      "id": 24,
      "model": "눈이붉은자",
      "teller": "紅眼睛之人",
      "title": "？？？",
      "content": "這流向無可阻擋。"
    },
    {
      "id": 25,
      "model": "사자",
      "teller": "獅子",
      "title": "？？？",
      "content": "呃……咕啊啊！"
    },
    {
      "id": 26,
      "model": "늑대",
      "teller": "狼",
      "title": "？？？",
      "content": "紅色……？為什麼？"
    },
    {
      "id": 27,
      "model": "늑대",
      "teller": "狼",
      "title": "？？？",
      "content": "啊嗚……"
    },
    {
      "id": 28,
      "model": "눈이붉은자",
      "teller": "紅眼睛之人",
      "title": "？？？",
      "content": "知道我為什麼只斬掉了手腳嗎？"
    },
    {
      "id": 29,
      "model": "눈이붉은자",
      "teller": "紅眼睛之人",
      "title": "？？？",
      "content": "因為只有這樣，四肢健全的你才能帶著他們從這裡落荒而逃。"
    },
    {
      "id": 30,
      "model": "눈이붉은자",
      "teller": "紅眼睛之人",
      "title": "？？？",
      "content": "畢竟只有你這傢伙能代替他們被砍掉的手腳。"
    },
    {
      "id": 31,
      "model": "표범",
      "teller": "豹",
      "title": "？？？",
      "content": "殷……不，猩紅凝視。"
    },
    {
      "id": 32,
      "model": "눈이붉은자",
      "teller": "紅眼睛之人",
      "title": "？？？",
      "content": "別這樣瞪我。這和你們所做的事情比起來不算什麼吧。"
    },
    {
      "id": 33,
      "model": "눈이붉은자",
      "teller": "紅眼睛之人",
      "title": "？？？",
      "content": "如果是這種程度的負傷，上面也應該會認為你們已經盡力過了。把它們當成勳章吧。"
    },
    {
      "id": 34,
      "model": "눈이붉은자",
      "teller": "紅眼睛之人",
      "title": "？？？",
      "content": "還是說……"
    },
{
      "id": 35,
      "model": "눈이붉은자",
      "teller": "紅眼睛之人",
      "title": "？？？",
      "content": "你想死在這裡？"
    },
    {
      "id": 36,
      "model": "표범",
      "teller": "豹",
      "title": "？？？",
      "content": "……"
    },
    {
      "id": 37,
      "model": "프롤로그단테2",
      "teller": "但丁",
      "title": "我",
      "content": "<搞什麼……你跟那些傢伙是一伙的嗎？>"
    },
    {
      "id": 38,
      "model": "프롤로그단테2",
      "teller": "但丁",
      "title": "我",
      "content": "<但是所有人都已經……>"
    },
    {
      "id": 39,
      "model": "눈이붉은자",
      "teller": "紅眼睛之人",
      "title": "？？？",
      "content": "一切都為時不晚，但丁。"
    },
    {
      "id": 40,
      "model": "눈이붉은자",
      "teller": "紅眼睛之人",
      "title": "？？？",
      "content": "我們所需要的只是…"
    },
    {
      "id": 41,
      "model": "눈이붉은자",
      "teller": "紅眼睛之人",
      "title": "？？？",
      "content": "倒流的時間而已。"
    },
    {
      "id": 42,
      "model": "프롤로그단테2",
      "teller": "但丁",
      "title": "我",
      "content": "<……！>"
    },
    {
      "id": 43,
      "content": "<color=#b01c37>心臟像是要裂開一般，劇烈的疼痛突然襲來。</color>"
    },
    {
      "id": 44,
      "content": "<color=#b01c37>隨後這疼痛蔓延到了肋骨、大腸、胃和肺。</color>"
    },
    {
      "id": 45,
      "model": "프롤로그단테2",
      "teller": "但丁",
      "title": "我",
      "content": "<咕啊啊啊啊！！！>"
    },
    {
      "id": 46,
      "content": "全身上下每一處地方都像被擠壓、扭曲了一般，我不由得發出了痛苦的慘叫。"
    },
    {
      "id": 47,
      "model": "프롤로그단테2",
      "teller": "但丁",
      "title": "我",
      "content": "<是……唔……>"
    },
    {
      "id": 48,
      "content": "意識漸漸模糊，我感知到的只有……"
    },
    {
      "id": 49,
      "content": "身體形態得以修復的人們奇怪的模樣，以及，"
    },
    {
      "id": 50,
      "model": "눈이붉은자",
      "teller": "紅眼睛之人",
      "title": "？？？",
      "content": "接下來很長一段時間，你還要承受這樣的痛苦，但丁。"
    },
    {
      "id": 51,
      "content": "只有那個紅瞳男人的聲音。"
    }
  ]
}