{
  "dataList": [
    {
      "id": 0,
      "place": "混亂不堪的K公司研究所走廊",
      "model": "삼조",
      "teller": "三朝",
      "title": "K公司 糧食資源改良部門",
      "content": "正如你之前所見……那是馬里勒。事實上，我曾在一次B公司的面試中見過他一面。"
    },
    {
      "id": 1,
      "model": "동랑",
      "teller": "東朗",
      "title": "K公司 糧食資源改良部門",
      "content": "嗯？三朝……你也申請過B公司的面試嗎？"
    },
    {
      "id": 2,
      "model": "삼조",
      "teller": "三朝",
      "title": "K公司 糧食資源改良部門",
      "content": "……當然，K公司是我的第一志願……像我這樣平庸的人只能把申請發給每一片翼，然後祈求有任一家公司能接受我。"
    },
    {
      "id": 3,
      "content": "馬里勒身邊淨是屍體……“駭人聽聞”都不足以形容那副慘狀。"
    },
    {
      "id": 4,
      "model": "삼조",
      "teller": "三朝",
      "title": "K公司 糧食資源改良部門",
      "content": "……"
    },
    {
      "id": 5,
      "model": "삼조",
      "teller": "三朝",
      "title": "K公司 糧食資源改良部門",
      "content": "啊，抱歉，我要用一下洗手間……"
    },
    {
      "id": 6,
      "content": "三朝的臉頓時慘白，用手摀著嘴跑開了。"
    },
    {
      "id": 7,
      "model": "동랑",
      "teller": "東朗",
      "title": "K公司 糧食資源改良部門",
      "content": "我們的研究院……根本不足以抵抗。"
    },
    {
      "id": 8,
      "model": "마리르",
      "teller": "馬里勒",
      "title": "技術解放聯盟",
      "content": "K公司的員工碾碎了我的同事，而他們甚至連抬手反抗的能力都沒有。"
    },
    {
      "id": 9,
      "model": "오티스",
      "content": "我們在找你的上司。她在哪？"
    },
    {
      "id": 10,
      "model": "마리르",
      "teller": "馬里勒",
      "title": "技術解放聯盟",
      "content": "我很好奇，你怎麼還能活著？"
    },
    {
      "id": 11,
      "model": "히스클리프",
      "content": "啊，你是說那些混蛋殺人機器嗎？那又不是什麼我們搞不定的玩意。那些炸彈……倒是有點疼。"
    },
    {
      "id": 12,
      "model": "마리르",
      "teller": "馬里勒",
      "title": "技術解放聯盟",
      "content": "不，炸彈不是用來消滅你們的。只是手段之一罷了。"
    },
    {
      "id": 13,
      "model": "마리르",
      "teller": "馬里勒",
      "title": "技術解放聯盟",
      "content": "蘭和施倫妮的計劃似乎有很大出入。你們到底是什麼東西？"
    },
    {
      "id": 14,
      "content": "一直沉默不語的浮士德說話了。"
    },
    {
      "id": 15,
      "model": "파우스트",
      "content": "你即便能回到一個技術不復存在的年代，你也仍然無法找回你所尋覓的平靜。"
    },
    {
      "id": 16,
      "model": "파우스트",
      "content": "人一旦熟悉了技術帶來的繁榮，他們就不再能忍受過去的生活方式。想想以前在富人間受到追捧的後巷旅行。"
    },
    {
      "id": 17,
      "model": "파우스트",
      "content": "他們僅是以其反思自己的生活並從中得到滿足。卻從來不會有人希望能回到那種狀況下。"
    },
    {
      "id": 18,
      "model": "마리르",
      "teller": "馬里勒",
      "title": "技術解放聯盟",
      "content": "……所以呢？我不喜歡健談的人。也不太喜歡跟你解釋。"
    },
    {
      "id": 19,
      "model": "파우스트",
      "content": "我亦並非健談。且我也無需你在任何方面做出解釋。我僅對我們之間觀點的差別感興趣。"
    },
    {
      "id": 20,
      "model": "마리르",
      "teller": "馬里勒",
      "title": "技術解放聯盟",
      "content": "……我們中沒有一個人乘坐WARP列車。"
    },
    {
      "id": 21,
      "model": "마리르",
      "teller": "馬里勒",
      "title": "技術解放聯盟",
      "content": "同樣的，我們也不會食用都市所產的任何肉類。"
    },
    {
      "id": 22,
      "model": "마리르",
      "teller": "馬里勒",
      "title": "技術解放聯盟",
      "content": "當你得知一切真相，就不會再想著什麼膚淺的後巷之旅了。"
    },
    {
      "id": 23,
      "model": "홍루",
      "content": "嗯……就算我家裡那些知道的遠比我多得多的老人們，也會使用這些技術啊？"
    },
    {
      "id": 24,
      "model": "마리르",
      "teller": "馬里勒",
      "title": "技術解放聯盟",
      "content": "群眾極其無知。就算你把真相擺到他們眼前，他們也不會相信的。"
    },
    {
      "id": 25,
      "model": "히스클리프",
      "content": "這就是你的結論？"
    },
    {
      "id": 26,
      "model": "히스클리프",
      "content": "把一切都丟掉，讓他們生活在一個什麼都沒有的世界裡？"
    },
    {
      "id": 27,
      "model": "마리르",
      "teller": "馬里勒",
      "title": "技術解放聯盟",
      "content": "你不會理解-"
    },
    {
      "id": 28,
      "model": "히스클리프",
      "content": "不，我想我理解得很透徹了。"
    },
    {
      "id": 29,
      "model": "히스클리프",
      "content": "外面有很多人是不會理解你好聲好氣說的話的。"
    },
    {
      "id": 30,
      "model": "히스클리프",
      "content": "他們只有在臉上有過幾處淤青和疤痕後才會開始同情我這樣的人。"
    },
    {
      "id": 31,
      "model": "히스클리프",
      "content": "這讓我有一種想要破壞一切的衝動。"
    },
    {
      "id": 32,
      "model": "마리르",
      "teller": "馬里勒",
      "title": "技術解放聯盟",
      "content": "……"
    },
    {
      "id": 33,
      "model": "마리르",
      "teller": "馬里勒",
      "title": "技術解放聯盟",
      "content": "如果之後有選拔新成員的機會的話……"
    },
    {
      "id": 34,
      "model": "마리르",
      "teller": "馬里勒",
      "title": "技術解放聯盟",
      "content": "我會盡量把教育背景排除在必要條件之外。"
    },
    {
      "id": 35,
      "model": "이스마엘",
      "content": "雖然希斯克利夫從來沒有告訴過我們他曾在哪上過學……但我能看出他是從哪裡來的。"
    },
    {
      "id": 36,
      "model": "이스마엘",
      "content": "儘管如此，你的做法還是越界了。"
    }
  ]
}