{
  "dataList": [
    {
      "id": 0,
      "place": "賭場 1F",
      "content": "賭場中的場景可謂是紛亂異常。"
    },
    {
      "id": 1,
      "content": "老虎機時不時響起激烈的機械聲響。"
    },
    {
      "id": 2,
      "content": "燈光過於明亮，以至於部分罪人不得不用手擋住刺眼的光線。"
    },
    {
      "id": 3,
      "content": "賭場的警衛見到我們那身引人注目的行頭，習慣性地向我們地點頭致意。"
    },
    {
      "id": 4,
      "content": "喬裝成莊家的索德和埃菲在和羅佳去交換籌碼的時候,頗為謹慎地轉過頭來向我們示意。"
    },
    {
      "id": 5,
      "content": "我對他們在喬裝行動上展現出的專業素質倍感驚訝。只看他們的言行舉止，恐怕大多數人都會認為他們就是這裡的資深員工。"
    },
    {
      "id": 6,
      "model": "돈키호테",
      "content": "這……這些讓人眼花繚亂的玩意是什麼巫術嗎？"
    },
    {
      "id": 7,
      "model": "그레고르",
      "content": "堂吉訶德，別像小孩子一樣到處亂看，會引起懷疑的……"
    },
    {
      "id": 8,
      "model": "이스마엘",
      "content": "這些顧客的眼神看著像是被勾了魂似的，而且身上的味道比豆豆幫的人還噁心……是壓根就不會洗澡嗎……"
    },
    {
      "id": 9,
      "model": "그레고르",
      "content": "別在那些人面前把鼻子捂的這麼明顯，以實瑪利……"
    },
    {
      "id": 10,
      "model": "이스마엘",
      "content": " 但是，這麼臭的味道我以前只在水手身上聞到過……"
    },
    {
      "id": 11,
      "content": "幸運的是，大多數顧客的注意力都集中在身前的賭機而非我們身上。"
    },
    {
      "id": 12,
      "model": "돈키호테",
      "content": " 經理老爺！您曾經見過這些東西嗎？"
    },
    {
      "id": 13,
      "model": "돈키호테",
      "content": "吾應當怎麼做才能像他們一樣聽到這種好聽的聲音？"
    },
    {
      "id": 14,
      "model": "단테",
      "content": "<我不知道。我可不記得自己以前來過這種地方……>"
    },
{
      "id": 15,
      "content": "望著輪盤上那些流轉不止的圖案和數字，我那扮演心目中嚴肅經理的決心也漸漸消弭開來。"
    },
    {
      "id": 16,
      "model": "단테",
      "content": "<只……只是看一下應該沒什麼問題吧？>"
    },
    {
      "id": 17,
      "model": "돈키호테",
      "content": "這裡寫著按下按鈕！只要按下去就可以了吧？"
    },
    {
      "id": 18,
      "content": "我以自己的時針和分針起誓，我真的沒有觸碰那個按鈕的念頭，絕對沒有。"
    },
    {
      "id": 19,
      "content": "我迅速伸出手想阻止堂吉訶德的行動，然而那隻手卻不小心按在了那個按鈕上——"
    },
    {
      "id": 20,
      "model": "단테",
      "content": "<糟了！>"
    },
    {
      "id": 21,
      "content": "並且由於某種難以言說的機緣巧合，那台老虎機裡殘留著上一個顧客投入的硬幣——剛好夠啟動一次。"
    },
    {
      "id": 22,
      "content": "隨著嘰嘰喳喳的的音效，圖像開始轉動……"
    },
    {
      "id": 23,
      "content": "而我們只能呆呆地看著它的運作。"
    },
    {
      "id": 24,
      "model": "소드",
      "teller": "索德",
      "title": "LCCB",
      "content": "說起來，我希望但丁能好好利用我們從豆豆幫那裡搞來的願望貼紙。"
    },
    {
      "id": 25,
      "model": "에피",
      "teller": "埃菲",
      "title": "LCCB",
      "content": "你說那個經理？這是我們向他唯一提出的要求，這個他總該能做好的吧。"
    },
    {
      "id": 26,
      "model": "로쟈",
      "content": "你們可以信任他的，兩位~他可是少數能跟我聊得來的懂事理的人。"
    },
    {
      "id": 27,
      "model": "소드",
      "teller": "索德",
      "title": "LCCB",
      "content": "那挺好的。有那麼多願力可供取用，想必什麼遊戲都能輕鬆取勝吧。"
    },
    {
      "id": 28,
      "model": "소드",
      "teller": "索德",
      "title": "LCCB",
      "content": "我們只需要小心點，不要在這兒引起不必要的注意。"
    },
    {
      "id": 29,
      "content": "頭~獎！"
    },
    {
      "id": 30,
      "content": "身旁的客人們見狀，驚訝到下巴都差點掉在地上。"
    },
    {
      "id": 31,
      "content": "賭場籌碼潮水般從機器中不斷湧出，其數量多到一時間我們都不敢伸手去把它們收集起來。"
    },
    {
      "id": 32,
      "content": "我很抱歉，埃菲，索德。"
    },
    {
      "id": 33,
      "content": "我是想嚴肅謹慎來著，但事情就是這麼不可控制的發生了。"
    },
    {
      "id": 34,
      "teller": "賭徒A",
      "title": "失智的賭鬼",
      "content": "頭獎?哪台機子中了？"
    },
    {
      "id": 35,
      "teller": "賭徒B",
      "title": "失智的賭鬼",
      "content": "突然中了？現在？"
    },
    {
      "id": 36,
      "model": "각잡힌카지노경호원",
      "teller": "穿戴整齊的賭場警衛",
      "title": "J公司賭場",
      "content": "請幾位稍等一下……"
    },
    {
      "id": 37,
      "model": "각잡힌카지노경호원",
      "teller": "穿戴整齊的賭場警衛",
      "title": "J公司賭場",
      "content": "讓我檢查一下你們的身份。"
    },
    {
      "id": 38,
      "model": "히스클리프",
      "content": "你丫的要幹哈？賭場裡不許發財了不成？"
    },
    {
      "id": 39,
      "model": "파우스트",
      "content": "在這裡，運氣一般不會像我們認知的那樣隨機。你可以積攢運氣，之後用來賺波大的，也可以細水長流以維持收支平衡。但是總的來說，第一把就中頭獎在這個地方是不可能的。"
    },
    {
      "id": 40,
      "model": "돈키호테",
      "content": "圓片像流星一樣灑下來了！"
    },
    {
      "id": 41,
      "model": "이스마엘",
      "content": "我原本慶幸經理至少還有一點責任感……可沒想到竟然連個堂吉訶德都管不住。"
    },
    {
      "id": 42,
      "model": "이스마엘",
      "content": "真令我失望……但偏偏你就是我們的經理，我還以為你能洗刷掉之前給我們帶來的恥辱的。"
    },
    {
      "id": 43,
      "content": "以實瑪利連珠炮般的尖刻低語，令格里高爾都不禁發出無奈的感嘆。"
    },
    {
      "id": 44,
      "content": "最重要的是，這是我第一次領教以實瑪利那令人感到芒刺在背的灼人目光。"
    },
    {
      "id": 45,
      "content": "那讓我恨不得找個地縫鑽進去。"
    },
    {
      "id": 46,
      "content": "這也是我第一次如此感謝自己的鐘錶臉，讓我不至於和她那怨憤的雙眼對視。"
    },
    {
      "id": 47,
      "model": "그레고르",
      "content": "……先停一停，我們要處理的麻煩還多著呢。"
    },
    {
      "id": 48,
      "content": "正在環視四周格里高爾突然如臨大敵般伸手指向某處。"
    },
    {
      "id": 49,
      "content": "而在他指著的方向上——"
    },
    {
      "id": 50,
      "model": "그레고르",
      "content": "你什麼時候換回的常服，良秀？"
    },
    {
      "id": 51,
      "content": "良秀正穿著平常的衣服，滿臉厭棄地矗立在那裡。"
    },
    {
      "id": 52,
      "model": "료슈",
      "content": "我才不穿別人丟掉的垃圾。"
    },
    {
      "id": 53,
      "model": "그레고르",
      "content": "額嗯……經理兄，我們……我們好像……"
    },
    {
      "id": 54,
      "model": "단테",
      "content": "<對……我們搞砸了，徹底地……>"
    },
    {
      "id": 55,
      "model": "에피",
      "teller": "埃菲",
      "title": "LCCB",
      "content": "不會吧……明明為了計劃做了那麼多準備工作……"
    },
    {
      "id": 56,
      "model": "에피",
      "teller": "埃菲",
      "title": "LCCB",
      "content": "浮士德你怎麼想的，竟然自願帶這群蠢貨來執行任務？你自稱全都市首屈一指的天才，現在倒是想想辦法啊！"
    },
    {
      "id": 57,
      "model": "파우스트",
      "content": "雖然我們接觸的時間並不長，但是我還是從中領悟到一件事 。"
    },
    {
      "id": 58,
      "model": "파우스트",
      "content": "我應當成為“相信不確定性的浮士德”。"
    },
    {
      "id": 59,
      "model": "파우스트",
      "content": "當沒有計劃就是計劃的時候，也就無所謂變量不變量了。"
    },
    {
      "id": 60,
      "model": "파우스트",
      "content": "這就是我們的“計劃”。"
    },
    {
      "id": 61,
      "model": "에피",
      "teller": "埃菲",
      "title": "LCCB",
      "content": "……"
    },
    {
      "id": 62,
      "model": "이스마엘",
      "content": "哈……"
    },
    {
      "id": 63,
      "content": "浮士德平靜的看著我。"
    },
    {
      "id": 64,
      "content": "多虧了她，我現在更加清晰自己的定位了。"
    },
    {
      "id": 65,
      "model": "단테",
      "content": "<好吧，是時候像往常一樣……>"
    },
    {
      "id": 66,
      "model": "단테",
      "content": "<殺人，或者被殺吧。>"
    }
  ]
}