{
  "dataList": [
    {
      "id": 0,
      "place": "辛克萊的舊宅",
      "model": "싱클레어",
      "content": "哇啊啊啊！！！"
    },
    {
      "id": 1,
      "model": "히스클리프",
      "content": "喂，你……！"
    },
    {
      "id": 2,
      "content": "趕在其他人阻止他之前，辛克萊朝著克羅默消失的方向一路狂奔。"
    },
    {
      "id": 3,
      "content": "可還沒衝出多遠，其他那幾名N公司審判官就攔住了他的去路。"
    },
    {
      "id": -1,
      "model": "//효과음 – 퍽"
    },
    {
      "id": 4,
      "content": "在這轉瞬之間，辛克萊忽然爆發出了誰也想像不到的巨大力量。他迅速揮出手中的武器，將阻礙他前進的腦袋砸了個粉碎。"
    },
    {
      "id": 5,
      "content": "甚至來不及發出呻吟，審判官就已經癱倒在地。"
    },
    {
      "id": 6,
      "content": "一向只擔當後衛的辛克萊，就這樣作出了他的首次擅自行動。"
    },
    {
      "id": 7,
      "model": "히스클리프",
      "content": "……什麼玩意？你既然這麼能打，之前還躲後面幹啥呢？"
    },
    {
      "id": 8,
      "model": "귀도",
      "teller": "圭多",
      "title": "釘與錘",
      "content": "在下清楚記得，汝等呼吸應已被吾親手遏止。"
    },
    {
      "id": 9,
      "model": "귀도",
      "teller": "圭多",
      "title": "釘與錘",
      "content": "在下也清楚看見，碎骨與腦漿已從汝等頭顱中滲出。"
    },
    {
      "id": 10,
      "model": "귀도",
      "teller": "圭多",
      "title": "釘與錘",
      "content": "可汝輩異端如今竟又毫髮無損地站在吾面前。"
    },
    {
      "id": 11,
      "model": "그레고르",
      "content": "彼此彼此吧，你不也毫髮無損地站在我們面前嗎……"
    },
    {
      "id": 12,
      "content": "圭多凝視著站在罪人之中的我。"
    },
    {
      "id": 13,
      "content": "過了一會，他才如頓悟般緩緩點頭。"
    },
    {
      "id": 14,
      "model": "귀도",
      "teller": "圭多",
      "title": "釘與錘",
      "content": "這位持有異形頭顱的閣下。"
    },
    {
      "id": 15,
      "model": "귀도",
      "teller": "圭多",
      "title": "釘與錘",
      "content": "想必就是您假借牧羊人之名，將諸位信徒迷惑至褻瀆神靈的境地。"
    },
    {
      "id": 16,
      "content": "他一邊說著，一邊朝院中被無數釘子刺穿的屍體抬了抬下巴。"
    },
    {
      "id": 17,
      "model": "귀도",
      "teller": "圭多",
      "title": "釘與錘",
      "content": "以不潔之軀闖入神聖儀式的中心，此乃重罪。"
    },
    {
      "id": 18,
      "model": "귀도",
      "teller": "圭多",
      "title": "釘與錘",
      "content": "因而，吾施予其與異端相同的懲罰。"
    },
    {
      "id": 19,
      "model": "귀도",
      "teller": "圭多",
      "title": "釘與錘",
      "content": "也讓其領會到了，於無意識的朦朧中，被名為機械義體之異物侵入身體是何等屈辱。"
    },
    {
      "id": 20,
      "model": "귀도",
      "teller": "圭多",
      "title": "釘與錘",
      "content": "但汝等不同。"
    },
    {
      "id": 21,
      "model": "귀도",
      "teller": "圭多",
      "title": "釘與錘",
      "content": "信奉異端之罪，要輕於異端之罪。"
    },
    {
      "id": 22,
      "model": "귀도",
      "teller": "圭多",
      "title": "釘與錘",
      "content": "因而，如若汝等悔過自懺，滌淨心靈……"
    },
    {
      "id": 23,
      "model": "귀도",
      "teller": "圭多",
      "title": "釘與錘",
      "content": "吾輩錘，自會施予汝等寬恕。"
    },
    {
      "id": 24,
      "model": "귀도",
      "teller": "圭多",
      "title": "釘與錘",
      "content": "身陷誘惑的可悲而又愚昧的罪人啊。"
    },
    {
      "id": 25,
      "model": "귀도",
      "teller": "圭多",
      "title": "釘與錘",
      "content": "速從虛偽的奇蹟中掙脫，於我面前跪地懺悔吧。"
    },
    {
      "id": 26,
      "content": "氣氛霎時降到冰點，一時寂靜無聲。"
    },
    {
      "id": 27,
      "model": "단테",
      "content": "<原來大家都被我誘惑了？你們沒必要瞞著我啊？>"
    },
    {
      "id": 28,
      "content": "我本來還以為能用這個玩笑打破尷尬的氣氛，結果誰也沒笑出來。"
    },
    {
      "id": 29,
      "model": "이스마엘",
      "content": "但丁先生……那個人……他是在侮辱你。甚至都不把你當人看了。"
    },
    {
      "id": 30,
      "model": "단테",
      "content": "<可你們不也總叫我鐘錶頭嗎……>"
    },
    {
      "id": 31,
      "model": "이스마엘",
      "content": "這都不是一回事！而且我明明也沒這麼叫過……"
    },
    {
      "id": 32,
      "content": "以實瑪利氣呼呼地，把後半句又憋了回去。"
    },
    {
      "id": 33,
      "model": "히스클리프",
      "content": "你不會以為說這麼些屁話，就能讓我們對你五體投地、跪求原諒吧……"
    },
    {
      "id": 34,
      "model": "히스클리프",
      "content": "該滾蛋的是你，面具混蛋！你的純種人類腦袋我看離萎縮也相差不遠了。"
    },
    {
      "id": 35,
      "model": "귀도",
      "teller": "圭多",
      "title": "釘與錘",
      "content": "……"
    },
    {
      "id": 36,
      "model": "귀도",
      "teller": "圭多",
      "title": "釘與錘",
      "content": "吾已充分給予過汝等機會。"
    },
    {
      "id": 37,
      "model": "귀도",
      "teller": "圭多",
      "title": "釘與錘",
      "content": "但看來汝等仍與那些縊死者無異。"
    },
    {
      "id": 38,
      "model": "귀도",
      "teller": "圭多",
      "title": "釘與錘",
      "content": "吾即錘。"
    },
    {
      "id": 39,
      "model": "귀도",
      "teller": "圭多",
      "title": "釘與錘",
      "content": "吾乃執柄者至誠的工具，肩負著貫穿異端虛假肉體的偉大之業。"
    },
    {
      "id": 40,
      "model": "귀도",
      "teller": "圭多",
      "title": "釘與錘",
      "content": "吾將向汝等刺下鐵釘，放逐至黃泉之下。"
    },
    {
      "id": 41,
      "model": "귀도",
      "teller": "圭多",
      "title": "釘與錘",
      "content": "不願懺悔罪孽之人……"
    },
    {
      "id": 42,
      "model": "히스클리프",
      "content": "喂，廢話說完了嗎？"
    },
    {
      "id": 43,
      "model": "귀도",
      "teller": "圭多",
      "title": "釘與錘",
      "content": "……沒有資格得到安息。"
    }
  ]
}