{
  "dataList": [
    {
      "id": 0,
      "place": "K公司研究室內",
      "model": "슈렌느",
      "teller": "施倫妮",
      "title": "K公司研究所",
      "content": "全員集中！支援抵達了！！"
    },
    {
      "id": 1,
      "model": "로쟈",
      "content": "那，那些人是誰？"
    },
    {
      "id": 2,
      "model": "동랑",
      "teller": "東朗",
      "title": "K公司 糧食資源改良部門",
      "content": "對啊，這些人是誰呢，施倫妮~？你交了些新朋友嗎？"
    },
    {
      "id": 3,
      "model": "슈렌느",
      "teller": "施倫妮",
      "title": "K公司研究所",
      "content": "這不是這次跟我們部門研究所一起協力的玫瑰扳手工坊的收尾人們嗎。這都來往幾次了你倒是記一下臉啊。"
    },
    {
      "id": 4,
      "model": "니코",
      "teller": "尼柯",
      "title": "玫瑰扳手工坊",
      "content": "很高興見到你。我是尼柯，玫瑰扳手工坊的代表。"
    },
    {
      "id": 5,
      "content": "可能是沒有預料到還會有更多的援軍，敵軍的臉色暗淡了下來。"
    },
    {
      "id": 6,
      "model": "란",
      "teller": "？？？",
      "title": "恐怖集團？",
      "content": "沒意思。回去吧。"
    },
    {
      "id": 7,
      "model": "마리르",
      "teller": "？？？",
      "title": "恐怖集團？",
      "content": "什麼？"
    },
    {
      "id": 8,
      "model": "마리르",
      "teller": "？？？",
      "title": "恐怖集團？",
      "content": "好吧……回去吧。"
    },
    {
      "id": 9,
      "model": "니코",
      "teller": "尼柯",
      "title": "玫瑰扳手工坊",
      "content": "果然，都被我們的“氣質”嚇跑了呢……呼呼……"
    },
    {
      "id": 10,
      "model": "동랑",
      "teller": "東朗",
      "title": "K公司 糧食資源改良部門",
      "content": "謝謝，施倫妮小姐。這讓我開始認真考慮你們部門明年被評為最佳部門的可能性了。"
    },
    {
      "id": 11,
      "model": "슈렌느",
      "teller": "施倫妮",
      "title": "K公司研究所",
      "content": "只可惜你的寶貝獎杯們被毀掉了，哈？"
    },
    {
      "id": 12,
      "model": "삼조",
      "teller": "三朝",
      "title": "K公司 糧食資源改良部門",
      "content": "施倫妮小姐，很抱歉我有些懷疑，但你不會是等獎杯都被打壞了以後才把援兵叫來的，對吧？"
    },
    {
      "id": 13,
      "model": "동랑",
      "teller": "東朗",
      "title": "K公司 糧食資源改良部門",
      "content": "這點程度沒什麼大不了的。"
    },
    {
      "id": 14,
      "model": "동랑",
      "teller": "東朗",
      "title": "K公司 糧食資源改良部門",
      "content": "只要照片沒事。"
    },
    {
      "id": 15,
      "model": "그레고르",
      "content": "親眼目睹一下才發現，這比聽到的損壞更嚴重……"
    },
    {
      "id": 16,
      "model": "그레고르",
      "content": "那是搞不好連研究員們都會被斬盡殺絕的的情況。"
    },
    {
      "id": 17,
      "model": "삼조",
      "teller": "三朝",
      "title": "K公司 糧食資源改良部門",
      "content": "沒錯，就算是看在這一點上也得早日掃蕩那些傢伙並把被奪走的研究室奪回來。"
    },
    {
      "id": 18,
      "model": "이상",
      "content": "為什麼，K公司……不支援？"
    },
{
      "id": 19,
      "model": "동랑",
      "teller": "東朗",
      "title": "K公司 糧食資源改良部門",
      "content": "嗯……自然是為了隱藏巢的正中央發生過這種事情的事實，不是嗎？"
    },
    {
      "id": 20,
      "model": "이상",
      "content": "考慮到上次只有無辜的居民被捲入，我就不提了。不過這次事件涉及到一系列與K公司有直接聯繫的研究員和研究所……"
    },
    {
      "id": 21,
      "model": "동랑",
      "teller": "東朗",
      "title": "K公司 糧食資源改良部門",
      "content": "很明顯，他們真的很不想與這件事扯上關係，你覺得呢？"
    },
    {
      "id": 22,
      "model": "이상",
      "content": "……"
    },
    {
      "id": 23,
      "model": "동랑",
      "teller": "東朗",
      "title": "K公司 糧食資源改良部門",
      "content": "反正正因如此，連各位份額的再生安瓿也得進行特別準備了。現在出發應該剛剛好吧？"
    },
    {
      "id": 24,
      "model": "그레고르",
      "content": "東朗先生，這可不是去玩的……沒關係嗎？"
    },
    {
      "id": 25,
      "model": "동랑",
      "teller": "東朗",
      "title": "K公司 糧食資源改良部門",
      "content": "是的，親眼看到各位戰鬥的樣子更是感覺可以安心同行了。"
    },
    {
      "id": 26,
      "model": "파우스트",
      "content": "作為參考……即使觀察我們，但丁經理使用的技術也是與K公司的安瓿與再生大相徑庭的復原技術的領域。"
    },
    {
      "id": 27,
      "model": "파우스트",
      "content": "所以這對K公司的奇點或者是再生安瓿的改良不會有多大的幫助。"
    },
    {
      "id": 28,
      "model": "동랑",
      "teller": "東朗",
      "title": "K公司 糧食資源改良部門",
      "content": "不是治療而是復原啊……"
    },
    {
      "id": 29,
      "model": "로쟈",
      "content": "難道~是想在看到但丁的能力之後跟菩薩炸雞的那個小氣鬼社長一樣做產業間諜嗎？！"
    },
    {
      "id": 30,
      "model": "동랑",
      "teller": "東朗",
      "title": "K公司 糧食資源改良部門",
      "content": "我從未做過那種事情。我並不是會把無法消化的東西硬吃下去的類型。"
    },
    {
      "id": 31,
      "model": "오티스",
      "content": "像你這種情況一般應該派遣善於戰鬥的部下們才對。非要到最前線。是想受到什麼表彰嗎？"
    },
    {
      "id": 32,
      "model": "동랑",
      "teller": "東朗",
      "title": "K公司 糧食資源改良部門",
      "content": "不是，那個地方……"
    },
    {
      "id": 33,
      "model": "동랑",
      "teller": "東朗",
      "title": "K公司 糧食資源改良部門",
      "content": "有許多還未來得及帶上的東西。"
    },
    {
      "id": 34,
      "model": "동랑",
      "teller": "東朗",
      "title": "K公司 糧食資源改良部門",
      "content": "連續三年的優秀獎獲獎紀念照片，K公司的感謝獎杯，研究室的擴建紀念照片……還有什麼來著，三朝先生？"
    },
    {
      "id": 35,
      "model": "삼조",
      "teller": "三朝",
      "title": "K公司 糧食資源改良部門",
      "content": "……有與研究相關的機密文件……"
    },
    {
      "id": 36,
      "model": "오티스",
      "content": "……比起接受，是想取回已經接受的東西嗎。"
    },
    {
      "id": 37,
      "model": "동랑",
      "teller": "東朗",
      "title": "K公司 糧食資源改良部門",
      "content": "啊對了，我把那個也忘了。"
    },
    {
      "id": 38,
      "model": "그레고르",
      "content": "簡直就是只能急忙將自己的身子帶出來的水準啊……"
    },
    {
      "id": 39,
      "model": "슈렌느",
      "teller": "施倫妮",
      "title": "K公司研究所",
      "content": "東朗，那傢伙可能自出生以來就沒揮過拳。是個心安理得的傢伙。還不如像我這樣帶點收尾人。"
    },
    {
      "id": 40,
      "model": "삼조",
      "teller": "三朝",
      "title": "K公司 糧食資源改良部門",
      "content": "你的部門現在運行的還順利嗎？施倫妮小姐？"
    },
    {
      "id": 41,
      "model": "삼조",
      "teller": "三朝",
      "title": "K公司 糧食資源改良部門",
      "content": "明明就算這次作戰成功，你的部門也不會有任何利益。"
    },
    {
      "id": 42,
      "model": "슈렌느",
      "teller": "施倫妮",
      "title": "K公司研究所",
      "content": "……我死了三個同伴。因為上次那場恐怖襲擊。"
    },
    {
      "id": 43,
      "model": "슈렌느",
      "teller": "施倫妮",
      "title": "K公司研究所",
      "content": "比起說是只顧利益與損失而行動，我也失去了很多。"
    },
    {
      "id": 44,
      "model": "삼조",
      "teller": "三朝",
      "title": "K公司 糧食資源改良部門",
      "content": "施倫妮小姐"
    },
{
      "id": 45,
      "model": "삼조",
      "teller": "三朝",
      "title": "K公司 糧食資源改良部門",
      "content": "既然是這樣的話，那我就默認這次僱傭收尾人的費用是由貴部門支付了-"
    },
    {
      "id": 46,
      "model": "슈렌느",
      "teller": "施倫妮",
      "title": "K公司研究所",
      "content": "啊……真是一群什麼時候都讓人惱火的傢伙們……"
    },
    {
      "id": 47,
      "model": "삼조",
      "teller": "三朝",
      "title": "K公司 糧食資源改良部門",
      "content": "需要奪還的腦葉公司支部在離此處不遠的位置。"
    },
    {
      "id": 48,
      "model": "삼조",
      "teller": "三朝",
      "title": "K公司 糧食資源改良部門",
      "content": "讓我們一起移動吧。"
    },
    {
      "id": 49,
      "model": "동랑",
      "teller": "東朗",
      "title": "K公司研究所",
      "content": "我也挺想坐一坐各位坐來的巴士的……真可惜。"
    },
    {
      "id": 50,
      "model": "삼조",
      "teller": "三朝",
      "title": "K公司 糧食資源改良部門",
      "content": "下次會讓您乘坐的。趕緊出發吧。"
    },
    {
      "id": 51,
      "model": "로쟈",
      "content": "呵？你以為那是你能隨便決定的嗎……？！"
    },
    {
      "id": 52,
      "place": "前往K公司腦葉公司支部的路上",
      "content": "感覺這次的作戰格外的喧鬧。"
    },
    {
      "id": 53,
      "model": "로쟈",
      "content": "所以說啊~我把籌碼賭上去之後這麼說道。"
    },
    {
      "id": 54,
      "model": "로쟈",
      "content": "All~in."
    },
    {
      "id": 55,
      "model": "그레고르",
      "content": "哈……我不想再聽了……原本不暈的頭都開始暈起來了。"
    },
    {
      "id": 56,
      "model": "니코",
      "teller": "尼柯",
      "title": "玫瑰扳手工坊",
      "content": "果然在J公司賭場裡沒有比搖頭撲克更棒的了。那些只玩老虎機的傢伙通通都是蠢貨。"
    },
    {
      "id": 57,
      "model": "히스클리프",
      "content": "怎的，老虎機有什麼問題不成嗎？"
    },
    {
      "id": 58,
      "model": "니코",
      "teller": "尼柯",
      "title": "玫瑰扳手工坊",
      "content": "這是真的沒有告訴過任何人的情報……"
    },
    {
      "id": 59,
      "model": "히스클리프",
      "content": "等下，你再說仔細點……"
    },
    {
      "id": 60,
      "model": "단테",
      "content": "<這次作戰果然還是太過喧鬧了。>"
    },
    {
      "id": 61,
      "model": "료슈",
      "content": "不.怎.滿。"
    },
    {
      "id": 62,
      "content": "“她說不怎麼滿意”，辛克萊對我小聲說道。"
    },
    {
      "id": 63,
      "content": "“我也知道”，所以我小聲回答道。"
    }
  ]
}