{
  "dataList": [
    {
      "id": 0,
      "place": "4區 腦葉公司支部內某處",
      "content": "我們進入了被稱作腦葉公司支部的一棟破舊的建築中。"
    },
    {
      "id": 1,
      "content": "光線逐漸黯淡，從地下傳來的的惡臭愈發強烈。"
    },
    {
      "id": 2,
      "model": "싱클레어",
      "content": "嗚呃……味道好重。"
    },
    {
      "id": 3,
      "model": "이상",
      "content": "唔……能感受到污穢在我的肺裡堆積。"
    },
    {
      "id": 4,
      "model": "이상",
      "content": "這味道反而有助於頭腦變得清醒。"
    },
    {
      "id": 5,
      "model": "파우스트",
      "content": "請允許我最後警告各位一次。如果你們死在這裡，即便戰鬥結束，但丁也無法讓你們復原。"
    },
    {
      "id": 6,
      "model": "홉킨스",
      "teller": "霍普金斯",
      "title": "8階收尾人",
      "content": "復原……？"
    },
    {
      "id": 7,
      "model": "아야",
      "teller": "阿雅",
      "title": "8階收尾人",
      "content": "這一定是某個流行的笑話之類的……呼，最近都不知道城裡又流傳著什麼故事~"
    },
    {
      "id": 8,
      "content": "雖然產生了一些誤會，但看到浮士德不打算為此特意解釋，我也決定束手旁觀。"
    },
    {
      "id": 9,
      "content": "比起那些，散發著縈繞鼻腔的惡臭的來源映入我的眼中。"
    },
    {
      "id": 10,
      "model": "단테",
      "content": "<看起來他們死了有一陣子了。>"
    },
    {
      "id": 11,
      "model": "오티스",
      "content": "敏銳的觀察，經理。看來屍體的腐敗已經進入了活躍期。"
    },
    {
      "id": 12,
      "model": "로쟈",
      "content": "哎呀，看來蟲子們正在大快朵頤。"
    },
    {
      "id": 13,
      "model": "그레고르",
      "content": "……快走吧。"
    },
    {
      "id": 14,
      "model": "로쟈",
      "content": "嗯……怎麼了，格雷格，你害怕蟲子嗎？"
    },
    {
      "id": 15,
      "model": "그레고르",
      "content": "……哈，我相信你是個成熟的人，不會做拿死蟲子貼在別人臉上這種事……"
    },
    {
      "id": 16,
      "model": "로쟈",
      "content": "鏘！！"
    },
    {
      "id": 17,
      "model": "그레고르",
      "content": "但是以防萬一——啊啊！快把它拿走！這有什麼好玩的？！"
    },
    {
      "id": 18,
      "model": "로쟈",
      "content": "噗……太好笑了，沒想到你竟然怕這些小蟲子……"
    },
    {
      "id": 19,
      "model": "로쟈",
      "content": "……格雷格？你有這麼討厭它嗎？"
    },
    {
      "id": 20,
      "model": "그레고르",
      "content": "……算了。"
    },
    {
      "id": 21,
      "model": "오티스",
      "content": "那邊！別再惡作劇了，少給我們的經理增添不必要的麻煩！"
    },
    {
      "id": 22,
      "model": "파우스트",
      "content": "等等……這具屍體還留有餘溫。"
    },
    {
      "id": 23,
      "model": "이상",
      "content": "說明剛被襲擊不久。"
    },
    {
      "id": 24,
      "content": "仔細觀察了一會屍體後，尤莉臉上的陰霾散去了。"
    },
    {
      "id": 25,
      "model": "유리",
      "teller": "尤莉",
      "title": "8階收尾人",
      "content": "這不是我們……我是說，不是腦葉公司的員工。"
    },
    {
      "id": 26,
      "model": "이스마엘",
      "content": "我聽說這些廢棄的建築似乎都被當成了寶地，所以會有些不倫不類的人聚集過來。"
    },
    {
      "id": 27,
      "model": "이스마엘",
      "content": "“腦葉之夢”和“腦啡肽熱潮”這樣的詞，肯定在收尾人和幫派中流行起來了。"
    },
    {
      "id": 28,
      "model": "료슈",
      "content": "腦・夢，腦・潮……真是不錯的略語……"
    },
    {
      "id": 29,
      "model": "이스마엘",
      "content": "唉，你這麼久不說話，剛一開口就是這個？"
    },
{
      "id": 30,
      "model": "이상",
      "content": "如此隨便地使用英語，難道不會模糊原意嗎？"
    },
    {
      "id": 31,
      "model": "이스마엘",
      "content": "這就是我想說——"
    },
    {
      "id": 32,
      "model": "이스마엘",
      "content": "哎，李箱先生，你話比平時多不少啊？"
    },
    {
      "id": 33,
      "model": "이상",
      "content": "有何不妥？"
    },
    {
      "id": 34,
      "model": "파우스트",
      "content": "他原本就不是寡言的人。"
    },
    {
      "id": 35,
      "model": "파우스트",
      "content": "只是最近……稍稍有了些變化。"
    },
    {
      "id": 36,
      "model": "오티스",
      "content": "能多一個觀察力敏銳的下屬總是好的。"
    },
    {
      "id": 37,
      "model": "오티스",
      "content": "希望你繼續保持，我們前進吧。"
    },
    {
      "id": 38,
      "model": "이상",
      "content": "你似乎將自己至於隊長之位。我本以為這是經理的職責。"
    },
    {
      "id": 39,
      "model": "오티스",
      "content": "……請原諒我的無禮，經理。"
    },
    {
      "id": 40,
      "content": "奧提斯緊皺著眉頭，有些手足無措，她一邊向我鞠躬，一邊道著歉。"
    },
    {
      "id": 41,
      "model": "단테",
      "content": "<沒，沒事的，我們還是繼續前進吧。>"
    },
    {
      "id": 42,
      "content": "大部分屍體的一些部位都產生了奇怪的變化。"
    },
    {
      "id": 43,
      "content": "比如從屍體的腸子裡伸出幾對翅膀，或是扭曲成了怪異的形狀，垂下可怕的觸角。"
    },
    {
      "id": 44,
      "model": "유리",
      "teller": "尤莉",
      "title": "8階收尾人",
      "content": "這看上去有點像我們之前遇到過的暴徒，對吧？"
    },
    {
      "id": 45,
      "model": "이스마엘",
      "content": "你是說那些蟲腦袋？"
    },
    {
      "id": 46,
      "model": "오티스",
      "content": "安靜，前方發現舉異者。"
    },
    {
      "id": 47,
      "content": "正如奧提斯所說，走廊上可以看到好多個人影。"
    },
    {
      "id": 48,
      "model": "로쟈",
      "content": "(舉異……者？是什麼啊？)"
    },
    {
      "id": 49,
      "model": "그레고르",
      "content": "(舉動異常者……說不定是敵人。)"
    },
    {
      "id": 50,
      "model": "오티스",
      "content": "……嗯。"
    },
    {
      "id": 51,
      "content": "我確信我們所有人都冒出一個想法。"
    },
    {
      "id": 52,
      "content": "之前浮士德提到的，可能正在設施裡游蕩的，神秘的“異想體”。"
    },
    {
      "id": 53,
      "content": "那大概就是這些身影的真身。"
    },
    {
      "id": 54,
      "model": "오티스",
      "content": "……我們別無選擇，只能面對他們了。"
    },
    {
      "id": 55,
      "teller": "扭曲的老兵",
      "title": "沒落的G公司",
      "content": "嘿！誰在那裡？！"
    },
    {
      "id": 56,
      "content": "然而，我們面對的卻是人類。"
    },
    {
      "id": 57,
      "content": "雖然尚不知該不該對此感到慶幸。"
    },
    {
      "id": 58,
      "teller": "扭曲的老兵",
      "title": "沒落的G公司",
      "content": "嗯？我聽說這附近就剩我們幾個活人了。"
    },
    {
      "id": 59,
      "teller": "粗野的老兵",
      "title": "沒落的G公司",
      "content": "入口那邊沒能處理掉嗎？看樣子是在這期間有其他老鼠混進來了。"
    },
    {
      "id": 60,
      "model": "히스클리프",
      "content": "嘿，臭蟲！那邊的屍體是你的朋友嗎？"
    },
    {
      "id": 61,
      "teller": "粗野的老兵",
      "title": "沒落的G公司",
      "content": "屍體？！你們這幫混蛋……"
    },
    {
      "id": 62,
      "teller": "扭曲的老兵",
      "title": "沒落的G公司",
      "content": "等等。"
    },
    {
      "id": 63,
      "teller": "粗野的老兵",
      "title": "沒落的G公司",
      "content": "……我不知道你們這幫垃圾是哪來的，但是給我聽好。"
    },
    {
      "id": 64,
      "teller": "粗野的老兵",
      "title": "沒落的G公司",
      "content": "反正你們來這兒肯定也是為了腦啡肽吧？只要你們再下一層樓，就能輕鬆得手了。"
    },
    {
      "id": 65,
      "teller": "粗野的老兵",
      "title": "沒落的G公司",
      "content": "那裡就讓給你們了。我們彼此各取所需，友好道別……"
    },
    {
      "id": 66,
      "teller": "粗野的老兵",
      "title": "沒落的G公司",
      "content": "……吧。哈，哈哈。"
    },
    {
      "id": 67,
      "model": "그레고르",
      "content": "嘖，還是認出我了。"
    },
    {
      "id": 68,
      "content": "如他所言，原本想要和平解決的那人的表情……"
    },
    {
      "id": 69,
      "content": "在看見格里高爾的那一瞬間就立刻崩潰了。"
    },
    {
      "id": 70,
      "teller": "扭曲的老兵",
      "title": "沒落的G公司",
      "content": "卑鄙的叛徒……"
    },
    {
      "id": 71,
      "model": "그레고르",
      "content": "啊，你應該也上過前線吧。怎麼樣，真正的我看上去比傳單上要好多了吧？"
    },
    {
      "id": 72,
      "teller": "扭曲的老兵",
      "title": "沒落的G公司",
      "content": "去你媽的！一想到曾經對著你的臉敬過禮，我就噁心得要命。"
    },
    {
      "id": 73,
      "model": "그레고르",
      "content": "哎呀，又不需要你對著真人敬禮，就別這麼說了。"
    },
    {
      "id": 74,
      "teller": "粗野的老兵",
      "title": "沒落的G公司",
      "content": "你倒是靠著你那屁大點的特權，擺脫掉副作用，像個正常人一樣生活起來了……"
    },
    {
      "id": 75,
      "teller": "粗野的老兵",
      "title": "沒落的G公司",
      "content": "我們可完全不一樣，你這騙子。剛一戰敗我們就全被捨棄了。"
    },
{
      "id": 76,
      "model": "그레고르",
      "content": "……我也一樣被拋棄了，所有士兵不都是這樣嗎？"
    },
    {
      "id": 77,
      "model": "그레고르",
      "content": "在這之中，你們似乎選擇了像被捨棄的蟲子一樣生存下去？"
    },
    {
      "id": 78,
      "model": "오티스",
      "content": "停！嘲諷你的敵人沒有任何好處！"
    },
    {
      "id": 79,
      "model": "그레고르",
      "content": "同為軍隊出身的你應該心知肚明。"
    },
    {
      "id": 80,
      "model": "그레고르",
      "content": "我們是否要與眼前的這些傢伙戰鬥。"
    },
    {
      "id": 81,
      "teller": "扭曲的老兵",
      "title": "沒落的G公司",
      "content": "……本想放你們乖乖離開的。"
    },
    {
      "id": 82,
      "teller": "粗野的老兵",
      "title": "沒落的G公司",
      "content": "但現在我要把那個混帳叛徒切個稀碎。"
    },
    {
      "id": 83,
      "model": "히스클리프",
      "content": "一群蠢貨。如果我們真把腦啡肽拿來了，你們肯定會在背後捅我們一刀吧。"
    },
    {
      "id": 84,
      "model": "싱클레어",
      "content": "他，他們是這麼想的嗎？"
    },
    {
      "id": 85,
      "model": "히스클리프",
      "content": "就這麼一群墮落到骨子裡的東西，你覺得他們還能講究那狗屁義氣？"
    },
    {
      "id": 86,
      "model": "히스클리프",
      "content": "哪怕是那些端端正正的人也會在背後捅人刀子。你最好是別有什麼天真的期待。"
    }
  ]
}