{
  "dataList": [
    {
      "id": 0,
      "place": "賭場 入口",
      "model": "돈키호테",
      "content": "哦……？諸位，請看看這個！"
    },
    {
      "id": 1,
      "model": "싱클레어",
      "content": "……這是什麼？"
    },
    {
      "id": 2,
      "model": "이상",
      "content": "汽車堆疊起來，形成高塔。"
    },
    {
      "id": 3,
      "model": "뫼르소",
      "content": "真是陰鬱。"
    },
    {
      "id": 4,
      "content": "遠看還以為是塔形狀的建築物，走近後才發現是層層疊疊的汽車。"
    },
    {
      "id": 5,
      "model": "싱클레어",
      "content": "為什麼車會像這樣疊得這麼高呢……？"
    },
    {
      "id": 6,
      "model": "돈키호테",
      "content": "喔，這裡有封信耶！好像是寄給家人的！"
    },
    {
      "id": 7,
      "model": "싱클레어",
      "content": "上面……寫著想要團聚呢。那些人應該很快就能回家了吧？"
    },
    {
      "id": 8,
      "model": "로쟈",
      "content": "誰知道呢。"
    },
    {
      "id": 9,
      "model": "로쟈",
      "content": "即使能平安離開賭場，我也不覺得他們能若無其事地回到家人身邊呢~"
    },
    {
      "id": 10,
      "model": "오티스",
      "content": "……"
    },
    {
      "id": 11,
      "model": "소드",
      "teller": "索德",
      "title": "LCCB",
      "content": "嘛……作為導遊的額外獎勵，這是這條街的隱藏地標。"
    },
    {
      "id": 12,
      "model": "에피",
      "teller": "埃菲",
      "title": "LCCB",
      "content": "是賭徒們的末路。"
    },
    {
      "id": 13,
      "model": "소드",
      "teller": "索德",
      "title": "LCCB",
      "content": "這裡是豆豆幫向二手車市場拓展的立足點。"
    },
    {
      "id": 14,
      "model": "그레고르",
      "content": "羅佳，你說過你經常來這種地方吧？有沒有什麼補充說明啊？我感覺能聽到有意思的事情。"
    },
    {
      "id": 15,
      "model": "로쟈",
      "content": "啊~，人家不~知道啦。想不起來。我已經把過去忘得一乾二淨，只能朝前看啦。"
    },
    {
      "id": 16,
      "model": "로쟈",
      "content": "……只要沒有礙事的人，我覺得自己就能堅定決心一直這麼活下去。哼。"
    },
    {
      "id": 17,
      "model": "콩을싫어하는콩콩파조직원",
      "teller": "討厭豆子的豆豆幫成員",
      "title": "豆豆幫",
      "content": "菜鳥們！你們知道這塊是我們的地盤嗎？怎麼在這裡瞎轉悠？"
    },
    {
      "id": 18,
      "model": "콩을싫어하는콩콩파조직원",
      "teller": "討厭豆子的豆豆幫成員",
      "title": "豆豆幫",
      "content": "還是說，你們也是來賣車的？"
    },
    {
      "id": 19,
      "model": "돈키호테",
      "content": "不！我們是坐巴士來的！"
    },
    {
      "id": 20,
      "model": "콩을싫어하는콩콩파조직원",
      "teller": "討厭豆子的豆豆幫成員",
      "title": "豆豆幫",
      "content": "我們可不負責收購器官啊？唔，不過你眼睛的顏色還挺稀奇的，應該能賣不少錢……"
    },
    {
      "id": 21,
      "model": "돈키호테",
      "content": "我們果然找對地方了！我們正要找你們的頭頭！"
    },
    {
      "id": 22,
      "model": "콩을싫어하는콩콩파조직원",
      "teller": "討厭豆子的豆豆幫成員",
      "title": "豆豆幫",
      "content": "你們到底是個什麼來頭，竟然敢這麼耍威風？"
    },
    {
      "id": 23,
      "model": "돈키호테",
      "content": "我們正是邊ㄩ……！"
    },
    {
      "id": 24,
      "model": "돈키호테",
      "content": "呃……"
    },
    {
      "id": 25,
      "content": "一時間，尷尬的沉默環繞著我們。"
    },
    {
      "id": 26,
      "model": "콩을싫어하는콩콩파조직원",
      "teller": "討厭豆子的豆豆幫成員",
      "title": "豆豆幫",
      "content": "你們到底從哪來的啊！為啥說一半又不說了啊！"
    }
  ]
}