{
  "dataList": [
    {
      "id": 0,
      "place": "混亂的K巢街道",
      "model": "로쟈",
      "content": "那就是最後一個了……他們不會要我們賠償這些損傷吧？"
    },
    {
      "id": 1,
      "model": "파우스트",
      "content": "我會在報告書裡盡力將其解釋為自我防衛的。"
    },
    {
      "id": 2,
      "model": "로쟈",
      "content": "噗，親愛的……我有跟你說過嗎？你真是……怎麼說好呢……你最棒了！"
    },
    {
      "id": 3,
      "model": "파우스트",
      "content": "你意識到的挺晚的。"
    },
    {
      "id": 4,
      "model": "이스마엘",
      "content": "……有些奇怪，這個異想體感覺不太像其他我們之前戰鬥過的那些。"
    },
    {
      "id": 5,
      "model": "그레고르",
      "content": "嗯……雖然我們這方面的經驗也不多……但"
    },
    {
      "id": 6,
      "model": "그레고르",
      "content": "好吧，這次我們周圍確實有些正在慘叫的圍觀者……？"
    },
    {
      "id": 7,
      "model": "로쟈",
      "content": "這些異想體是怎麼回事……他們是怎麼出現在巢的正中央的？而且他們是怎麼變得……更恐怖的？"
    },
    {
      "id": 8,
      "model": "단테",
      "content": "我也在鏡像迷宮裡看到過它幾次，但從來沒有和它戰鬥過。"
    },
    {
      "id": 9,
      "model": "단테",
      "content": "現在想想……那些在鏡像迷宮裡沒有和我們戰鬥的異想體究竟是怎麼回事？"
    },
    {
      "id": 10,
      "model": "파우스트",
      "content": "那些便是通過鏡像迷宮的裂口看到的異想體的精神空間和棲息地。"
    },
    {
      "id": 11,
      "model": "이상",
      "content": "這是一條非常狹窄且不穩定的裂隙。"
    },
    {
      "id": 12,
      "model": "파우스트",
      "content": "的確，我們通過其只能進行一些有限的接觸。"
    },
    {
      "id": 13,
      "model": "히스클리프",
      "content": "別管那些了，我只想知道……這些東西為什麼這麼硬？都跟我們在鐵路裡遇到的那些敵人差不多了。"
    },
    {
      "id": 14,
      "model": "뫼르소",
      "content": "的確。"
    },
    {
      "id": 15,
      "model": "싱클레어",
      "content": "況且，這些……從他們身上滴下來的噁心液體是什麼？"
    },
    {
      "id": 16,
      "content": "正如罪人們所指出的，這些異想體明顯跟我們以前遇到的不一樣。"
    },
    {
      "id": 17,
      "content": "它正在……"
    },
    {
      "id": 18,
      "content": "溢出一種神秘的藍色液體。"
    },
    {
      "id": 19,
      "model": "파우스트",
      "content": "我們沒有時間去分析這些液體的成分了，所以我們應該小心不要觸碰到它們。"
    },
    {
      "id": 20,
      "model": "로쟈",
      "content": "呃~不用多說。我本來也不準備去碰那些東西。"
    },
    {
      "id": 21,
      "model": "히스클리프",
      "content": "哎！這些東西是吃壞了肚子還是怎麼了？看起來像得了狂犬病一樣……"
    },
    {
      "id": 22,
      "model": "싱클레어",
      "content": "嗯？你上面，希斯克利夫先生！"
    },
    {
      "id": 23,
      "content": "希斯克利夫無法抵抗，被撞到了空中"
    },
    {
      "id": 24,
      "model": "이스마엘",
      "content": "經理……看起來你有麻煩了。"
    },
    {
      "id": 25,
      "model": "오티스",
      "content": "……請記住我的規勸。 經理。"
    },
    {
      "id": 26,
      "model": "오티스",
      "content": "大家，準備戰鬥！"
    },
    {
      "id": 27,
      "model": "단테",
      "content": "我已經做好覺悟了……"
    },
    {
      "id": 28,
      "content": "我已經不會再害怕復活罪人們了。"
    },
    {
      "id": 29,
      "model": "단테",
      "content": "讓我們擊敗他們然後回去吧。"
    }
  ]
}