{
  "dataList": [
    {
      "id": 0,
      "content": "正當這些苦痛輪迴結束的時候……"
    },
    {
      "id": 1,
      "place": "混亂的K巢街道",
      "model": "파우스트",
      "content": "異想體已成功鎮壓。我們可以回巴士了。"
    },
    {
      "id": 2,
      "content": "這次“勝利”背後的眾多死亡以及復活似乎被方便地省略了，但我還是點了點頭。"
    },
    {
      "id": 3,
      "content": "我們帶著一些未回答的問題回到了巴士上。"
    },
    {
      "id": 4,
      "place": "梅菲斯托費勒斯 內部 ",
      "model": "베르길리우스",
      "content": "你回來的比我預計的要晚。我正準備久違的小睡一下呢。"
    },
    {
      "id": 5,
      "content": "我跟維吉里烏斯解釋了我們之前遇到的異常情況（更準確地說，大部分是浮士德解釋的）。"
    },
    {
      "id": 6,
      "content": "我本來預計他會冷漠的告訴我做好我作為中層經理的本職工作，並且遵從下派給我的命令，但他的答案出乎意料的認真。"
    },
    {
      "id": 7,
      "model": "베르길리우스",
      "content": "……由於異想體的存在鮮為人知，我們也沒有有關它們的總體信息。但丁。"
    },
    {
      "id": 8,
      "model": "단테",
      "content": "我沒想到你會承認的這麼快。"
    },
    {
      "id": 9,
      "content": "浮士德稍微吃了一驚，也並沒有翻譯出我剛說的話。"
    },
    {
      "id": 10,
      "model": "베르길리우스",
      "content": "雖然它們如此神秘……但讓我們希望我們令人驕傲的邊獄公司的浮士德女士以及其他部門在未來能夠揭開它們全部的秘密吧。"
    },
    {
      "id": 11,
      "model": "파우스트",
      "content": "……好的。"
    },
    {
      "id": 12,
      "content": "不知道浮士德之前是否有時間來研究這次任務？"
    },
    {
      "id": 13,
      "content": "謎團並沒有解開，但……既然浮士德如此欣然回答，她想必是想出了辦法。"
    },
    {
      "id": 14,
      "model": "오티스",
      "content": "你，你剛才怎麼一直在聳肩？"
    },
    {
      "id": 15,
      "model": "오티스",
      "content": "你已經夠矮了，你再這麼聳肩，就沒人能看見你了。"
    },
    {
      "id": 16,
      "model": "돈키호테",
      "content": "……我想再見一次齊格飛先生……"
    },
    {
      "id": 17,
      "model": "그레고르",
      "content": "（誰是齊……格飛先生來著？）"
    },
    {
      "id": 18,
      "model": "이스마엘",
      "content": "是那個一邊自拍，一邊用一隻手把我們都打趴下的人嗎？"
    },
    {
      "id": 19,
      "model": "그레고르",
      "content": "（啊對……那個什麼雅克·弗里德……？）"
    },
    {
      "id": 20,
      "content": " 在檢查站的經歷一定給以實瑪利留下了深刻印象，以至於她在大聲的哼氣。"
    },
    {
      "id": 21,
      "model": "돈키호테",
      "content": "我想給他看看……我救人的英姿……"
    },
    {
      "id": 22,
      "model": "돈키호테",
      "content": "我曾向他立誓，我會作為一名崇高的收尾人與他再一次見面……"
    },
    {
      "id": 23,
      "model": "그레고르",
      "content": "堂吉訶德，只有分離的時間夠長，重逢才更加感人。嘗試一下把他今天沒來看作一件好事。"
    },
    {
      "id": 24,
      "model": "베르길리우스",
      "content": "但是，的確很奇怪。"
    },
    {
      "id": 25,
      "model": "베르길리우스",
      "content": "他可不是會錯過這種圍觀者眾多的壯觀場面的人。"
    },
    {
      "id": 26,
      "model": "홍루",
      "content": "哦嚯……那他有點像，一位明星？"
    },
    {
      "id": 27,
      "model": "베르길리우스",
      "content": "你可以這麼說。他很擅長表演，所以K公司經常利用了這一點，派他來處理這些騷動。"
    },
    {
      "id": 28,
      "model": "베르길리우스",
      "content": "可是……如果他沒有在這個萬眾矚目的絕好機會現身……"
    },
    {
      "id": 29,
      "model": "단테",
      "content": "意思是，這也許不是個想讓人們注意到的場合……"
    },
    {
      "id": 30,
      "model": "돈키호테",
      "content": "我不允許有人這麼貶低齊格飛先生！"
    },
    {
      "id": 31,
      "model": "돈키호테",
      "content": "他在他的自傳“英雄應當始終微笑”第42頁第五行上寫了，不管何時何地，他始終在需要幫助的地方出現！"
    },
    {
      "id": 32,
      "model": "베르길리우스",
      "content": "……哈。沒錯，你最好深深地懷揣著你的信念。"
    },
    {
      "id": 33,
      "model": "베르길리우스",
      "content": "這樣懷揣著信念的話，當你在未來面對極端情況時，就會有助於你堅持下去。"
    }
  ]
}