{
  "dataList": [
    {
      "id": 0,
      "place": "梅菲斯托費勒斯 內部",
      "model": "돈키호테",
      "content": "不好意思！吾有疑問！"
    },
    {
      "id": 1,
      "content": "堂吉訶德突然舉起了手。"
    },
    {
      "id": 2,
      "model": "베르길리우스",
      "content": "說。"
    },
    {
      "id": 3,
      "model": "돈키호테",
      "content": "第一條規矩我懂了！那麼，第二條規矩是什麼呢？"
    },
    {
      "id": 4,
      "model": "그레고르",
      "content": "哈，說真的……你就這麼想知道？"
    },
    {
      "id": 5,
      "model": "베르길리우스",
      "content": "……"
    },
    {
      "id": 6,
      "content": "維吉里烏斯冷眼看著剛剛點燃香菸的良秀。良秀奇怪地回望著他。"
    },
    {
      "id": 7,
      "model": "베르길리우스",
      "content": "第二條規矩……"
    },
    {
      "id": 8,
      "model": "베르길리우스",
      "content": "不要把菸蒂丟在公交車的地板上。它們會留下燒痕。"
    },
    {
      "id": 9,
      "model": "료슈",
      "content": "……哈。"
    },
    {
      "id": 10,
      "content": "巴士再度陷入沉默。"
    },
    {
      "id": 11,
      "model": "베르길리우스",
      "content": "等一下，巴士可不該這麼安靜。引擎的聲音呢？"
    },
    {
      "id": 12,
      "model": "베르길리우스",
      "content": "卡戎，為什麼不加速？"
    },
    {
      "id": 13,
      "model": "카론",
      "content": "沒有食物。梅菲餓了。"
    },
    {
      "id": 14,
      "model": "베르길리우스",
      "content": "正好。調節一下氣氛吧。"
    },
    {
      "id": 15,
      "content": "我們會路過加油站嗎？"
    },
    {
      "id": 16,
      "content": "維吉里烏斯像普通司機一樣把燃油噴嘴漫不經心地插進巴士，這種場景真是難以想像。"
    },
    {
      "id": 17,
      "model": "베르길리우스",
      "content": "車輛若想移動就需要燃料。"
    },
    {
      "id": 18,
      "model": "베르길리우스",
      "content": "卡戎，試著閃一下車的前燈。像舞檯燈光那樣。"
    },
    {
      "id": 19,
      "model": "카론",
      "content": "嗯，現在是舞蹈時間。"
    },
    {
      "id": 20,
      "model": "이스마엘",
      "content": "等下，我們要是這樣做，等於是在討打啊。"
    },
    {
      "id": 21,
      "model": "뫼르소",
      "content": "這就是目的。"
    },
    {
      "id": 22,
      "model": "이스마엘",
      "content": "……什麼？"
    },
    {
      "id": 23,
      "content": "我能聽到有什麼猛擊著巴士的外殼。"
    },
    {
      "id": 24,
      "teller": "不識數的小流氓",
      "title": "4區後巷",
      "content": "喂！把你們所有的東西都放下然後下車！給你們三十秒時間！十！九！"
    },
    {
      "id": 25,
      "teller": "聰明一點的小流氓",
      "title": "4區後巷",
      "content": "嘿，你漏掉了二十秒。"
    },
    {
      "id": 26,
      "teller": "不識數的小流氓",
      "title": "4區後巷",
      "content": "呃…嗯…那就當做你們祈禱了20秒吧！"
    },
    {
      "id": 27,
      "model": "이스마엘",
      "content": "唉，為什麼我周圍都是沒腦子的人啊。"
    },
    {
      "id": 28,
      "model": "히스클리프",
      "content": "……你說什麼？"
    },
    {
      "id": 29,
      "model": "돈키호테",
      "content": "伏擊乃懦夫之舉！毫無疑問他們定是惡人！"
    },
    {
      "id": 30,
      "model": "베르길리우스",
      "content": "好，所有人都下車。"
    },
    {
      "id": 31,
      "model": "베르길리우스",
      "content": "另外，我們需要把他們打趴下，但不是打死。明白了嗎？"
    }
  ]
}