{
  "dataList": [
    {
      "id": 0,
      "place": "11區 腦葉公司支部內某處",
      "content": "我們所到達的腦葉公司支部，並沒有像上次的4區一樣殘留下設施的樣貌。"
    },
    {
      "id": 1,
      "content": "N公司的審判官們好像長久以來都將此處活用為根據地，各種拷問器具和在鎮上看到過的肉塊、機器之類的東西到處散落著。"
    },
    {
      "id": 2,
      "teller": "被拷問的義體",
      "title": "卡爾夫鎮鎮民",
      "content": "不要再這樣了……太……痛苦了……！"
    },
    {
      "id": 3,
      "model": "N사심문관1",
      "teller": "進行拷問的N公司異端審判官",
      "title": "釘與錘",
      "content": "哈。這個人在談論痛苦呢。"
    },
    {
      "id": 4,
      "model": "N사심문관2",
      "teller": "擅長審訊的N公司異端審判官",
      "title": "釘與錘",
      "content": "想必是虛假的痛苦。不必在意。"
    },
    {
      "id": 5,
      "teller": "被拷問的義體",
      "title": "卡爾夫鎮鎮民",
      "content": "不……真的很痛……很痛……"
    },
    {
      "id": 6,
      "model": "N사심문관1",
      "teller": "進行拷問的N公司異端審判官",
      "title": "釘與錘",
      "content": "將雜質附著在身上的時候不痛苦嗎？放棄做人之時你的內心沒有吶喊過嗎？"
    },
    {
      "id": 7,
      "model": "N사심문관2",
      "teller": "擅長審訊的N公司異端審判官",
      "title": "釘與錘",
      "content": "夠了。如今懺悔為時已晚。"
    },
    {
      "id": 8,
      "model": "N사심문관2",
      "teller": "擅長審訊的N公司異端審判官",
      "title": "釘與錘",
      "content": "看，他不是連眼淚都流不出來嗎？這是虛偽的告解。"
    },
    {
      "id": 9,
      "teller": "被拷問的義體",
      "title": "卡爾夫鎮鎮民",
      "content": "不是這樣的！我……可以流淚！所以，請……"
    },
    {
      "id": 10,
      "model": "N사심문관1",
      "teller": "進行拷問的N公司異端審判官",
      "title": "釘與錘",
      "content": "難道我們沒有必要再確認一下嗎？"
    },
    {
      "id": 11,
      "model": "N사심문관2",
      "teller": "擅長審訊的N公司異端審判官",
      "title": "釘與錘",
      "content": "……嗯。當然，畢竟不虛偽的哭泣意味著人性。"
    },
    {
      "id": 12,
      "teller": "被拷問的義體",
      "title": "卡爾夫鎮鎮民",
      "content": "謝謝……真的非常感謝……"
    },
    {
      "id": 13,
      "model": "N사심문관2",
      "teller": "擅長審訊的N公司異端審判官",
      "title": "釘與錘",
      "content": "好，那就掏出你的眼球看看吧。"
    },
    {
      "id": 14,
      "model": "N사심문관1",
      "teller": "進行拷問的N公司異端審判官",
      "title": "釘與錘",
      "content": "據說有人連淚腺也以醜惡的雜質附在身上，若不直接確認，則不可信賴。"
    },
    {
      "id": 15,
      "model": "N사심문관1",
      "teller": "進行拷問的N公司異端審判官",
      "title": "釘與錘",
      "content": "如果把你的眼球挖出之後，發現眼眶裡是血肉，就賜你自由。"
    },
    {
      "id": 16,
      "teller": "被拷問的義體",
      "title": "卡爾夫鎮鎮民",
      "content": "什……不行，不行！！！"
    },
    {
      "id": 17,
      "model": "로쟈",
      "content": "……嘿咻！"
    },
    {
      "id": -1,
      "model": "//퍽"
    },
    {
      "id": 18,
      "model": "N사심문관1",
      "teller": "進行拷問的N公司異端審判官",
      "title": "釘與錘",
      "content": "嘎……咕……"
    },
    {
      "id": -1,
      "model": "//효과음",
      "content": "털썩"
    },
    {
      "id": 19,
      "model": "N사심문관2",
      "teller": "擅長審訊的N公司異端審判官",
      "title": "釘與錘",
      "content": "……異端就像蟲豸一樣。"
    },
    {
      "id": 20,
      "model": "N사심문관2",
      "teller": "擅長審訊的N公司異端審判官",
      "title": "釘與錘",
      "content": "在從不單獨出沒，還不斷妨礙偉業這方面——簡直一模一樣。"
    },
    {
      "id": 21,
      "content": "我回頭一看，羅佳聳了聳肩。"
    },
    {
      "id": 22,
      "model": "로쟈",
      "content": "怎麼？這次我也想試一試挺身而出。"
    }
  ]
}