{
  "dataList": [
    {
      "id": 0,
      "place": "被入侵的K公司研究室內",
      "model": "그레고르",
      "content": "確實……看起來很方便。骨折這種程度都能瞬間恢復。"
    },
    {
      "id": 1,
      "model": "동랑",
      "teller": "東朗",
      "title": "K公司 糧食資源改良部門",
      "content": "K公司為了對這再生安瓿進行改良可是支援了天文數字級別的研究經費。要是讓施倫妮知道的話可能會發火三個月，所以要對此保密。"
    },
    {
      "id": 2,
      "model": "료슈",
      "content": "哼……時鐘到底得有多麼害怕那點痛苦，才會只有在我們死掉之後才轉動時鐘。"
    },
    {
      "id": 3,
      "model": "단테",
      "content": "<……>"
    },
    {
      "id": 4,
      "model": "로쟈",
      "content": "我現在右手的骨頭好像有點裂開了~打個安瓿也可以吧？握斧頭真的很不方便。"
    },
    {
      "id": 5,
      "content": "羅佳站在K公司無人機前面伸出了右手。"
    },
    {
      "id": 6,
      "model": "K사앰플기계",
      "teller": "安瓿助手",
      "title": "K公司",
      "content": "歡迎。這是時時刻刻為您的健康著想的K公司無人機。將注射再生安瓿。"
    },
    {
      "id": 7,
      "model": "K사앰플기계",
      "teller": "安瓿助手",
      "title": "K公司",
      "content": "……無法注射。"
    },
    {
      "id": 8,
      "model": "K사앰플기계",
      "teller": "安瓿助手",
      "title": "K公司",
      "content": "3j-54型友好對象雖然可進行血清注射，但再生安瓿只能用於失血量為1升以上的人員，由此通知您目前情況無法進行注射。此外，由於您尚未進行HP安瓿的兼容性檢查，請注意由此產生的副作用我們一概不負責。謝謝。"
    },
    {
      "id": 9,
      "model": "로쟈",
      "content": "啥~？這是什麼話，那要我被砍掉一條手臂或腿再過來嗎？"
    },
    {
      "id": 10,
      "model": "싱클레어",
      "content": "已經……"
    },
    {
      "id": 11,
      "model": "싱클레어",
      "content": "已經在那麼做了，那些K公司的警衛員們……"
    },
    {
      "id": 12,
      "model": "싱클레어",
      "content": "為了被注射再生安瓿……自己斬開身體……"
    },
    {
      "id": 13,
      "model": "삼조",
      "teller": "三朝",
      "title": "K公司 糧食資源改良部門",
      "content": "沒辦法。一受傷就使用再生安瓿是相當嚴重的費用浪費。"
    },
    {
      "id": 14,
      "model": "삼조",
      "teller": "三朝",
      "title": "K公司 糧食資源改良部門",
      "content": "雖然不是想執意進行比較，但它的價值遠不是你們這樣的中小企業所能隨意企及的。"
    },
    {
      "id": 15,
      "model": "싱클레어",
      "content": "……"
    },
    {
      "id": 16,
      "model": "단테",
      "content": "<哎呦……>"
    },
    {
      "id": 17,
      "model": "단테",
      "content": "<這裡好像有點危險？那些機器太過激了……搞不好就連我也得死掉了。>"
    },
    {
      "id": 18,
      "model": "단테",
      "content": "<還是稍微離遠一點會安全一點……>"
    },
    {
      "id": 19,
      "content": "就在此刻，後面有什麼發出威脅性的聲音的東西從我的時鐘……不對，從我的腦袋旁邊飛過。"
    },
    {
      "id": 20,
      "model": "단테",
      "content": "<啊……>"
    },
    {
      "id": 21,
      "model": "이스마엘",
      "content": "咳……"
    },
    {
      "id": 22,
      "content": "就在這驚險的瞬間，以實瑪利迅速伸出手臂替我擋了下來。"
    },
    {
      "id": 23,
      "content": "它飛過來的地方……並不是敵軍的機械，"
    },
    {
      "id": 24,
      "content": "而是不知何時變為紅色的K公司再生無人機在虎視眈眈一般飛行著。"
    },
    {
      "id": 25,
      "model": "오티스",
      "content": "經理！您沒事吧？"
    },
    {
      "id": 26,
      "model": "이스마엘",
      "content": "明明是我挨了這一下，奧提斯小姐……"
    },
    {
      "id": 27,
      "model": "오티스",
      "content": "我奧提斯應該替您擋下這一擊的，該死！"
    },
    {
      "id": 28,
      "model": "이스마엘",
      "content": "那個……"
    },
    {
      "id": 29,
      "model": "오티스",
      "content": "哈，你們這些傢伙用那昂貴的研究經費製作的機器人終究還是出了差錯。竟然誤傷友軍！"
    },
    {
      "id": 30,
      "model": "삼조",
      "teller": "三朝",
      "title": "K公司 糧食資源改良部門",
      "content": "我反駁。那並不是誤傷。"
    },
    {
      "id": 31,
      "content": "後面的三朝先生舉手高呼道。"
    },
    {
      "id": 32,
      "model": "삼조",
      "teller": "三朝",
      "title": "K公司 糧食資源改良部門",
      "content": "只是……例外處理看似並未完成。關於這一點我道歉。"
    },
    {
      "id": 33,
      "model": "오티스",
      "content": "你在說什麼胡話……"
    },
    {
      "id": 34,
      "model": "삼조",
      "teller": "三朝",
      "title": "K公司 糧食資源改良部門",
      "content": "如你們所知，各位能進到這裡，純粹都是因為東朗先生的變卦。"
    },
    {
      "id": 35,
      "model": "삼조",
      "teller": "三朝",
      "title": "K公司 糧食資源改良部門",
      "content": "此處有訪客是極為罕見的事情，所以這算是未能進行考慮的事項。"
    },
{
      "id": 36,
      "model": "이스마엘",
      "content": "那個，呃……到底是什麼意思？"
    },
    {
      "id": 37,
      "model": "삼조",
      "teller": "三朝",
      "title": "K公司 糧食資源改良部門",
      "content": "這話就是說K公司再生無人機的用途並不單純是治療。"
    },
    {
      "id": 38,
      "model": "이스마엘",
      "content": "為什麼……我的身體看起來像是在融化一樣？能不能有誰把話……說明白……"
    },
    {
      "id": 39,
      "model": "단테",
      "content": "<以實瑪利！>"
    },
    {
      "id": 40,
      "model": "삼조",
      "teller": "三朝",
      "title": "K公司 糧食資源改良部門",
      "content": "K公司無人機平時雖然會為傷員注射再生安瓿……"
    },
    {
      "id": 41,
      "model": "삼조",
      "teller": "三朝",
      "title": "K公司 糧食資源改良部門",
      "content": "但是會為脫離戰場者注射崩解安瓿。"
    },
    {
      "id": 42,
      "model": "단테",
      "content": "<……所以說是因為我想脫離戰場才發射了崩解安瓿？>"
    },
    {
      "id": 43,
      "model": "그레고르",
      "content": "真噁心……明明也不是在戰爭中，卻還能接受即決處分嗎？"
    },
    {
      "id": 44,
      "model": "그레고르",
      "content": "對啊，讓那些無人機打頭陣不會更好一些嗎？"
    },
    {
      "id": 45,
      "model": "삼조",
      "teller": "三朝",
      "title": "K公司 糧食資源改良部門",
      "content": "看來您所處過的巢中人命的價值很高，是這樣嗎？"
    },
    {
      "id": 46,
      "model": "삼조",
      "teller": "三朝",
      "title": "K公司 糧食資源改良部門",
      "content": "那些機器的費用哪怕是由對應10名2級員工的價值都比不上一台機器。您可以理解了嗎？"
    },
    {
      "id": 47,
      "model": "그레고르",
      "content": "……理解下吧，接受一下吧……"
    },
    {
      "id": 48,
      "model": "그레고르",
      "content": "那樣的強要，我已經接受了太多，現在都不怎麼願意了還能怎麼辦。"
    },
    {
      "id": 49,
      "model": "파우스트",
      "content": "倒是可以理解。畢竟也有過在模擬戰場中引入K公司無人機從而提高了23.5%的友軍勝率的研究結果。"
    },
    {
      "id": 50,
      "model": "파우스트",
      "content": "那是在研究者之間有著相當高的認知度的論文。"
    },
    {
      "id": 51,
      "model": "오티스",
      "content": "自古以來降低戰場士氣的最大元兇既不是敵軍的威力，也不是指揮者的懦弱，而是戰場脫離者。"
    },
    {
      "id": 52,
      "model": "오티스",
      "content": "對於戰場脫離者的公開處罰是在歷史上有過許多證明事例的，有效的戰術與方法。"
    },
    {
      "id": 53,
      "model": "그레고르",
      "content": "嘖。多一點理解吧。"
    },
    {
      "id": 54,
      "model": "단테",
      "content": "<等下，大家都在說什麼啊？>"
    },
    {
      "id": 55,
      "model": "단테",
      "content": "<以實瑪利現在……不是在融化嗎……！>"
    },
    {
      "id": 56,
      "model": "오티스",
      "content": "啊，失禮了。經理。"
    },
    {
      "id": 57,
      "model": "오티스",
      "content": "我未能想到您轉動時鐘時的痛苦。"
    },
    {
      "id": 58,
      "model": "단테",
      "content": "<什，不是那個意思……>"
    },
    {
      "id": 59,
      "model": "파우스트",
      "content": "看來您得迅速轉動時鐘了。現在這種程度的狀態的話，心臟應該還在。"
    },
    {
      "id": 60,
      "model": "이스마엘",
      "content": "經理……我……會怎麼樣……"
    },
    {
      "id": 61,
      "content": "……"
    },
    {
      "id": 62,
      "content": "時針在轉動。痛苦地。"
    },
    {
      "id": 63,
      "content": "只有李箱在靜靜地觀察地上滾來滾去的安瓿。"
    },
    {
      "id": 64,
      "model": "이상",
      "content": "……"
    }
  ]
}