{
  "dataList": [
    {
      "id": 0,
      "place": "K巢 腦葉公司支部內某處",
      "model": "동랑",
      "teller": "東朗",
      "title": "K公司 糧食資源改良部門",
      "content": "我一個恐怖分子也沒看到。"
    },
    {
      "id": 1,
      "model": "슈렌느",
      "teller": "施倫妮",
      "title": "K公司研究所",
      "content": "放心。我帶來了很多再生安瓿，那些殺人機器無論怎麼隨意地橫行肆虐也沒關係。"
    },
    {
      "id": 2,
      "content": "停止運轉的機器發出不祥的嗡嗡聲。"
    },
    {
      "id": 3,
      "model": "기술해방연합기계",
      "teller": "融化的機器",
      "title": "技術解放聯盟",
      "content": "好，大家……聽到了嗎？"
    },
    {
      "id": 4,
      "model": "기술해방연합기계",
      "teller": "融化的機器",
      "title": "技術解放聯盟",
      "content": "想到你們可以會以為我們逃走了我就很生氣，所以我來向你們傳達些口頭消息。"
    },
    {
      "id": 5,
      "model": "기술해방연합기계",
      "teller": "融化的機器",
      "title": "技術解放聯盟",
      "content": "我要告訴你們一些非常重要的事情，聽好了。"
    },
    {
      "id": 6,
      "model": "기술해방연합기계",
      "teller": "融化的機器",
      "title": "技術解放聯盟",
      "content": "……"
    },
    {
      "id": 7,
      "model": "기술해방연합기계",
      "teller": "融化的機器",
      "title": "技術解放聯盟",
      "content": "為了加速引起緊張感的沉默……不錯。"
    },
    {
      "id": 8,
      "model": "단테",
      "content": "<……>"
    },
    {
      "id": 9,
      "model": "기술해방연합기계",
      "teller": "融化的機器",
      "title": "技術解放聯盟",
      "content": "你們就是……"
    },
    {
      "id": 10,
      "model": "기술해방연합기계",
      "teller": "融化的機器",
      "title": "技術解放聯盟",
      "content": "你們就是一群毫無價值的蟲子。"
    },
    {
      "id": 11,
      "model": "기술해방연합기계",
      "teller": "融化的機器",
      "title": "技術解放聯盟",
      "content": "是的，沒錯。你們就只是群蟲子而已！"
    },
    {
      "id": 12,
      "model": "그레고르",
      "content": "真讓人洩氣。我全神貫注就只聽到了這些胡言亂語。"
    },
    {
      "id": 13,
      "content": "格里高爾一邊撓著後腦勺，一邊嘟囔著走近發言者。"
    },
    {
      "id": 14,
      "model": "단테",
      "content": "<等一下，格里高爾！>"
    },
    {
      "id": 15,
      "content": "播放完音頻後，機器突然開始不斷升溫並膨脹起來。"
    },
    {
      "id": 16,
      "model": "파우스트",
      "content": "這台機器的溫度異常上升的同時，其部件也正在膨脹。"
    },
    {
      "id": 17,
      "model": "니코",
      "teller": "尼柯",
      "title": "玫瑰扳手工坊",
      "content": "天哪，這正是。即將發生爆炸的前兆。"
    },
    {
      "id": 18,
      "model": "동랑",
      "teller": "東朗",
      "title": "K公司 糧食資源改良部門",
      "content": "確實，這意味著……"
    },
    {
      "id": 19,
      "model": "히스클리프",
      "content": "喂！現在趕緊離那個該死的機器遠點！"
    },
    {
      "id": 20,
      "content": "希斯克利夫一腳把格里高爾從機器周圍踢開。"
    },
    {
      "id": 21,
      "model": "동랑",
      "teller": "東朗",
      "title": "K公司 糧食資源改良部門",
      "content": "嗯……他們一定是在如此短的時間內精心設下了這樣的陷阱。"
    },
    {
      "id": 22,
      "model": "동랑",
      "teller": "東朗",
      "title": "K公司 糧食資源改良部門",
      "content": "他們的獻身令人欽佩。我很想見見其設計者。"
    },
    {
      "id": 23,
      "model": "단테",
      "content": "<說真的研究員一個個的都這樣嗎？雖說不是該感嘆這個的情況。>"
    },
    {
      "id": 24,
      "model": "파우스트",
      "content": "這就是我們的宿命。"
    }
  ]
}