{
  "dataList": [
    {
      "id": 0,
      "place": "重築的K公司研究所",
      "content": "當我仔細觀察戰鬥後復活的敵人時，我可以看到從他們的眼睛裡有種熟悉的彩液流出。"
    },
    {
      "id": 1,
      "model": "되살아난해방연합",
      "teller": "復活的？解放聯盟成員",
      "title": "技術解放聯盟",
      "content": "唔……啊啊唔啊噫……"
    },
    {
      "id": 2,
      "model": "파우스트",
      "content": "但丁，從周圍你能感覺到金枝的存在嗎？"
    },
    {
      "id": 3,
      "model": "파우스트",
      "content": "我最後一次看到金枝，是刺入了冬柏的身體裡的時候……"
    },
    {
      "id": 4,
      "model": "단테",
      "content": "<肯定是因為空間變換……在哪我都找不到她的屍體。>"
    },
    {
      "id": 5,
      "model": "단테",
      "content": "<但我確信不會離的太遠。我能感覺到……>"
    },
    {
      "id": 6,
      "model": "싱클레어",
      "content": "啊，我也沒看到東朗先生。"
    },
    {
      "id": 7,
      "model": "파우스트",
      "content": "他很可能和死去的冬柏在同一個地方。"
    },
    {
      "id": 8,
      "model": "싱클레어",
      "content": "目前為止……我們也同時經歷了自我心道。我想這要歸功於與但丁先生的特殊……親密聯繫，如果這說得通的話？"
    },
    {
      "id": 9,
      "model": "히스클리프",
      "content": "你到底在說啥啊。親密聯繫？"
    },
    {
      "id": 10,
      "model": "파우스트",
      "content": "你是說將我們所緊縛的鎖鏈嗎？"
    },
    {
      "id": 11,
      "model": "싱클레어",
      "content": "對……這也是那產生的影響之一吧？"
    },
    {
      "id": 12,
      "model": "싱클레어",
      "content": "那麼，如果像東朗先生這樣的人探尋到自我心道，會發生什麼呢？"
    },
    {
      "id": 13,
      "model": "돈키호테",
      "content": "不必擔心，從現在起開始尋找就行！"
    },
    {
      "id": 14,
      "model": "돈키호테",
      "content": "讓我們先打倒面前的敵人吧！"
    }
  ]
}