{
  "dataList": [
    {
      "id": 0,
      "place": "K巢 腦葉公司支部內某處",
      "model": "니코",
      "teller": "尼柯",
      "title": "玫瑰扳手工坊",
      "content": "啊……稍等稍等。我好像需要暫停一下。"
    },
    {
      "id": 1,
      "model": "니코",
      "teller": "尼柯",
      "title": "玫瑰扳手工坊",
      "content": "可能是今早吃的沙丁魚有點問題……肚子有些不舒服。"
    },
    {
      "id": 2,
      "model": "장미스패너2",
      "teller": "收尾人助手",
      "title": "玫瑰扳手工坊",
      "content": "隊長！"
    },
    {
      "id": 3,
      "model": "료슈",
      "content": "不帶這樣的。下次就折.脖.了。"
    },
    {
      "id": 4,
      "model": "장미스패너2",
      "teller": "收尾人助手",
      "title": "玫瑰扳手工坊",
      "content": "施倫妮小姐……！"
    },
    {
      "id": 5,
      "model": "료슈",
      "content": "施，什麼？"
    },
    {
      "id": 6,
      "model": "장미스패너2",
      "teller": "收尾人助手",
      "title": "玫瑰扳手工坊",
      "content": "施倫妮小姐說過。一旦進到這裡就絕對……絕對不要使用再生安瓿……"
    },
    {
      "id": 7,
      "model": "슈렌느",
      "teller": "施倫妮",
      "title": "K公司研究所",
      "content": "……"
    },
    {
      "id": 8,
      "model": "니코",
      "teller": "尼柯",
      "title": "玫瑰扳手工坊",
      "content": "哈……把那個大搖大擺地說出來的話……就算是毀約，笨蛋……"
    },
    {
      "id": 9,
      "model": "로쟈",
      "content": "噢……施倫妮那麼說的？為什麼？"
    },
    {
      "id": 10,
      "model": "장미스패너2",
      "teller": "收尾人助手",
      "title": "玫瑰扳手工坊",
      "content": "不知道……她說到時候就知道了……"
    },
    {
      "id": 11,
      "model": "동랑",
      "teller": "東朗",
      "title": "K公司 糧食資源改良部門",
      "content": "嘛，不是有最簡單的方法嗎？"
    },
    {
      "id": 12,
      "content": "只見東朗把玩著再生安瓿，突然……"
    },
    {
      "id": 13,
      "content": "就像是投擲匕首一般，把它插到了大意的收尾人身上。"
    },
    {
      "id": 14,
      "model": "장미스패너2",
      "teller": "收尾人助手",
      "title": "玫瑰扳手工坊",
      "content": "啊……"
    },
    {
      "id": 15,
      "content": "雖然他慌忙地嘗試著拔出插在身上的安瓿，但是安瓿已經全部都被注入了進去……"
    },
    {
      "id": 16,
      "model": "니코",
      "teller": "尼柯",
      "title": "玫瑰扳手工坊",
      "content": "……！"
    },
    {
      "id": 17,
      "model": "장미스패너2",
      "teller": "收尾人助手",
      "title": "玫瑰扳手工坊",
      "content": "……為什麼要那麼吃驚啊，隊長？插上再生安瓿到底會怎樣……？"
    },
    {
      "id": 18,
      "model": "장미스패너2",
      "teller": "收尾人助手",
      "title": "玫瑰扳手工坊",
      "content": "……呃，這很不對勁啊……"
    },
    {
      "id": 19,
      "content": "只見手臂與雙腿開始以奇怪的角度進行扭曲，"
    },
    {
      "id": 20,
      "model": "장미스패너2",
      "teller": "收尾人助手",
      "title": "玫瑰扳手工坊",
      "content": "唔哇啊。唔啊。"
    },
    {
      "id": 21,
      "content": "緊接著不知什麼東西開始穿透身體突了出來。"
    },
    {
      "id": 22,
      "content": "然後他癱坐在地上彷彿是想再進行吼叫，但並未能做到。"
    },
    {
      "id": 23,
      "model": "그레고르",
      "content": "……這是，只有我熟悉的模樣嗎？"
    },
    {
      "id": 24,
      "model": "로쟈",
      "content": "怎麼會。記得那個蟲巢的人怎麼會只有格雷格，你一個人呢？"
    },
    {
      "id": 25,
      "content": "彷彿是跟幼蟲或者蝸牛一樣的……"
    },
    {
      "id": 26,
      "model": "니코",
      "teller": "尼柯",
      "title": "玫瑰扳手工坊",
      "content": "……天哪。"
    },
    {
      "id": 27,
      "model": "슈렌느",
      "teller": "施倫妮",
      "title": "K公司研究所",
      "content": "到此為止吧。看來我牽連了太多的人。"
    },
    {
      "id": 28,
      "model": "니코",
      "teller": "尼柯",
      "title": "玫瑰扳手工坊",
      "content": "嘛……畢竟被金錢所惑而來的是我。"
    },
    {
      "id": 29,
      "model": "니코",
      "teller": "尼柯",
      "title": "玫瑰扳手工坊",
      "content": "咻……早知道會這樣昨天就應該玩一通大的再來。"
    }
  ]
}