{
  "dataList": [
    {
      "id": 0,
      "place": "貴賓層",
      "model": "단테",
      "content": "<我們到達了最高層，但願力也不夠了，這可不好。>"
    },
    {
      "id": 1,
      "model": "로쟈",
      "content": "啊哈，不用擔心！我老早就想告訴你，現在終於到時候了。"
    },
    {
      "id": 2,
      "model": "로쟈",
      "content": "我實際上在典當行收集了一點願力。並不多，但是夠用，對吧？"
    },
    {
      "id": 3,
      "content": "羅佳向我們展示了一張願望貼紙，上面還剩幾個。"
    },
    {
      "id": 4,
      "model": "소드",
      "teller": "索德",
      "title": "LCCB",
      "content": "你為什麼不早點告訴我們？"
    },
    {
      "id": 5,
      "model": "로쟈",
      "content": "如你所言，賭博的秘訣就在於保持一張撲克臉。我不想讓我們之中的任何人出現失誤，把事情變得複雜。"
    },
    {
      "id": 6,
      "model": "로쟈",
      "content": "身為領導者……我可以佔用一分鐘嗎，但丁？"
    },
    {
      "id": 7,
      "content": "因為覺得自己沒能專注於領導者的角色，所以我點了點頭。"
    },
    {
      "id": 8,
      "content": "即便我想採取行動，在這種情況下，放下身份並下跪才是正確的選擇。"
    },
    {
      "id": 9,
      "model": "소드",
      "teller": "索德",
      "title": "LCCB",
      "content": "幾小時前我可能會強烈反對，但現在……"
    },
    {
      "id": 10,
      "model": "로쟈",
      "content": "不錯的想法。我在涉及錢的事情上從沒有失敗過。"
    },
    {
      "id": 11,
      "model": "로쟈",
      "content": "好啦……"
    },
    {
      "id": 12,
      "place": "包房",
      "model": "로쟈",
      "content": "選手入局~"
    },
    {
      "id": 13,
      "model": "로쟈",
      "content": "等等，我不是最後一個？啊，可惜了我的完美出場秀。"
    },
    {
      "id": 14,
      "teller": "？？？",
      "title": "？？？",
      "content": "你是……？"
    },
    {
      "id": 15,
      "model": "로쟈",
      "content": " 我是羅佳，為了通過地下室而賭博。"
    },
    {
      "id": 16,
      "model": "아이드",
      "teller": "？？？",
      "title": "？？？",
      "content": "呵！"
    },
    {
      "id": 17,
      "model": "아이드",
      "teller": "？？？",
      "title": "？？？",
      "content": "我正期待著遇見臭名昭著的“願力大鬍子”本人，但看看現在是誰出現了。你面對的可是一群完全陌生的人，是不是太自信了？"
    },
    {
      "id": 18,
      "model": "로쟈",
      "content": "多麼愚蠢的想法~在這個世界上，你是誰並不重要，重要的是贏家是誰。"
    },
    {
      "id": 19,
      "model": "아이드",
      "teller": "？？？",
      "title": "？？？",
      "content": "好吧，你說的也許沒錯。能走到這一步，足以證明你有資格。"
    },
    {
      "id": 20,
      "model": "아이드",
      "teller": "艾達",
      "title": "流浪樂隊",
      "content": " 很高興認識你，我是艾達。"
    },
    {
      "id": 21,
      "model": "아이드",
      "teller": "艾達",
      "title": "流浪樂隊",
      "content": "這是……"
    },
    {
      "id": 22,
      "model": "철공회보스",
      "teller": "幫派老大",
      "title": "鐵工會",
      "content": "操，背真他媽的痛！"
    },
    {
      "id": 23,
      "model": "로쟈",
      "content": "機器人？不，是一個帶義肢的……？"
    },
    {
      "id": 24,
      "model": "철공회보스",
      "teller": "幫派老大",
      "title": "鐵工會",
      "content": "怎麼這樣盯著我？沒見過全身義體嗎？"
    },
{
      "id": 25,
      "model": "로쟈",
      "content": "這型號……未免有點太古老了吧？看起來就像從博物館裡拿出來的一樣。"
    },
    {
      "id": 26,
      "model": "철공회보스",
      "teller": "幫派老大",
      "title": "鐵工會",
      "content": "如他們所言，老就是好。它打了幾次補丁之後，可比最新款還堅固。"
    },
    {
      "id": 27,
      "model": "철공회보스",
      "teller": "幫派老大",
      "title": "鐵工會",
      "content": "這小子怎麼這麼慢？這傲慢的小兔崽子，難不成認為這麼重要的事可以遲到？"
    },
    {
      "id": 28,
      "teller": "？？？",
      "title": "？？？",
      "content": "不好意思，我有緊急事務。"
    },
    {
      "id": 29,
      "model": "로쟈",
      "content": "？！"
    },
    {
      "id": 30,
      "model": "아이드",
      "teller": "艾達",
      "title": "流浪樂隊",
      "content": "你以為自己是世界的中心嗎，索尼亞？你是有多需要關注，以至於在眾人的注視下姍姍來遲？"
    },
    {
      "id": 31,
      "model": "소냐",
      "teller": "索尼亞",
      "title": "聖愚",
      "content": "哈哈，我並不是那個意思。不管怎麼說，你更像是生活的主角，艾達。"
    },
    {
      "id": 32,
      "model": "로쟈",
      "content": "……"
    },
    {
      "id": 33,
      "model": "소냐",
      "teller": "索尼亞",
      "title": "聖愚",
      "content": "好久不見，羅佳。"
    },
    {
      "id": 34,
      "model": "아이드",
      "teller": "艾達",
      "title": "流浪樂隊",
      "content": "什麼情況，你們相互認識嗎？"
    },
    {
      "id": 35,
      "model": "소냐",
      "teller": "索尼亞",
      "title": "聖愚",
      "content": "我們……來自同一個地方。對吧羅佳？"
    },
    {
      "id": 36,
      "model": "로쟈",
      "content": "所以……現在你還在領導著聖愚嗎？"
    },
    {
      "id": 37,
      "model": "소냐",
      "teller": "索尼亞",
      "title": "聖愚",
      "content": "不清楚，現在說“還在”可能太早了……突然離開的只有你一個人。"
    },
    {
      "id": 38,
      "model": "아이드",
      "teller": "艾達",
      "title": "流浪樂隊",
      "content": "好了好了，閒話就說到這裡。現在玩家已經到齊了，我們重申一遍規則。"
    },
    {
      "id": 39,
      "model": "아이드",
      "teller": "艾達",
      "title": "流浪樂隊",
      "content": "賭場的四位下注者已經到齊了：索尼亞，艾達，鐵工會，和……代表著豆豆幫的……一位可疑卻毫不羞恥的攪局者……"
    },
    {
      "id": 40,
      "model": "아이드",
      "teller": "艾達",
      "title": "流浪樂隊",
      "content": "遊戲中途別想出老千，耍花招。一旦被抓，你就出局了。"
    },
    {
      "id": 41,
      "model": "아이드",
      "teller": "艾達",
      "title": "流浪樂隊",
      "content": "另外，大家都清楚，禁止任何與願力有關的行為。"
    },
    {
      "id": 42,
      "model": "철공회보스",
      "teller": "幫派老大",
      "title": "鐵工會",
      "content": "被抓到的人就是砧板上的魚肉，絕對會後悔的！"
    },
    {
      "id": 43,
      "model": "로쟈",
      "content": "……"
    },
    {
      "id": 44,
      "model": "아이드",
      "teller": "艾達",
      "title": "流浪樂隊",
      "content": "我們總共進行三局，擁有最多籌碼的人獲勝，簡單吧？"
    },
    {
      "id": 45,
      "model": "아이드",
      "teller": "艾達",
      "title": "流浪樂隊",
      "content": "勝者將坐電梯深入地下，前往金枝所藏之地。"
    },
    {
      "id": 46,
      "model": "아이드",
      "teller": "艾達",
      "title": "流浪樂隊",
      "content": "那是賭場的上任擁有者心心念念的寶貝，他為發掘金枝挖了一整條隧道。"
    },
    {
      "id": 47,
      "model": "아이드",
      "teller": "艾達",
      "title": "流浪樂隊",
      "content": "但隨後他們突然死於未知原因，使得我們成為了“幸運”的賭徒。"
    },
    {
      "id": 48,
      "model": "로쟈",
      "content": "把“死於骯髒的陰謀”說得多麼清新脫俗。"
    },
    {
      "id": 49,
      "model": "소냐",
      "teller": "索尼亞",
      "title": "聖愚",
      "content": "哈哈哈，羅佳，你還是那麼憤世嫉俗，嗯？"
    },
    {
      "id": 50,
      "model": "로쟈",
      "content": "行了打住。你們幾個怎麼知道金枝的？我可不認為它有多出名。"
    },
    {
      "id": 51,
      "model": "아이드",
      "teller": "艾達",
      "title": "流浪樂隊",
      "content": "任何一個小有名氣的幫派都對它有所耳聞——金枝被埋藏在這裡的故事，以及它能為其擁有者帶來的財富與盛名。"
    },
    {
      "id": 52,
      "model": "로쟈",
      "content": "如果是這樣的話，似乎有人對世界級的奢華有了興趣，是嗎？你曾經警告過我遠離這些東西，索尼亞。"
    },
    {
      "id": 53,
      "model": "소냐",
      "teller": "索尼亞",
      "title": "聖愚",
      "content": "金枝可以用來做更偉大的事，羅佳。我的意圖也是如此。摧毀壓迫與剝削的體系，防止財富集中於少數……"
    },
    {
      "id": 54,
      "model": "철공회보스",
      "teller": "幫派老大",
      "title": "鐵工會",
      "content": "哎，他又說起大話來了，來個人讓他打住。"
    },
    {
      "id": 55,
      "model": "소냐",
      "teller": "索尼亞",
      "title": "聖愚",
      "content": "我的問題。這讓我想起往日的時光。"
    },
    {
      "id": 56,
      "model": "소냐",
      "teller": "索尼亞",
      "title": "聖愚",
      "content": "有趣的是，我曾經勸你不要迷戀賭博和金錢。"
    },
    {
      "id": 57,
      "model": "소냐",
      "teller": "索尼亞",
      "title": "聖愚",
      "content": "現在我們卻坐在同一張賭桌，握著各自的手牌，為了相同的目的而賭博。"
    },
    {
      "id": 58,
      "model": "소냐",
      "teller": "索尼亞",
      "title": "聖愚",
      "content": "你的目的是什麼？"
    },
    {
      "id": 59,
      "model": "로쟈",
      "content": "贏。"
    },
    {
      "id": 60,
      "model": "소냐",
      "teller": "索尼亞",
      "title": "聖愚",
      "content": " ……當然。"
    }
  ]
}