{
  "dataList": [
    {
      "id": 0,
      "place": "4區 腦葉公司支部前",
      "model": "베르길리우스2",
      "teller": "維吉里烏斯",
      "title": "嚮導",
      "content": "……但丁，請跟我過來一下。"
    },
    {
      "id": 1,
      "content": "當其他人忙著互相問候時，維吉里烏斯把我叫到一個僻靜的地方。"
    },
    {
      "id": 2,
      "model": "베르길리우스2",
      "teller": "維吉里烏斯",
      "title": "嚮導",
      "content": "我提前告訴你，他們只是8階收尾人。"
    },
    {
      "id": 3,
      "model": "단테",
      "content": "<8階？>"
    },
    {
      "id": 4,
      "model": "베르길리우스2",
      "teller": "維吉里烏斯",
      "title": "嚮導",
      "content": "……這意味著他們只是低級的苦力，主要負責跑腿。"
    },
    {
      "id": 5,
      "model": "베르길리우스2",
      "teller": "維吉里烏斯",
      "title": "嚮導",
      "content": "好好地利用他們，但別想著依靠他們。"
    },
    {
      "id": 6,
      "model": "단테",
      "content": "<也就是說，我不能指望他們為我們解決所有的事。>"
    },
    {
      "id": 7,
      "content": "我點了點頭，讓他知道我理解他的意思。"
    },
    {
      "id": 8,
      "model": "베르길리우스2",
      "teller": "維吉里烏斯",
      "title": "嚮導",
      "content": "……或許你反倒是巴士上我唯一聊得來的人。"
    },
    {
      "id": 9,
      "model": "베르길리우스2",
      "teller": "維吉里烏斯",
      "title": "嚮導",
      "content": "……好吧，祝你好運，但丁。"
    },
    {
      "id": 10,
      "content": "維吉里烏斯苦笑著拍了拍我的肩膀，然後緩緩走回了巴士。"
    }
  ]
}