{
  "dataList": [
    {
      "id": 0,
      "place": "梅菲斯托費勒斯 內部",
      "content": "這輛巴士並不像通常的巴士那樣熱鬧。"
    },
    {
      "id": 1,
      "content": "我能聽到羅佳偶爾的打趣聲，或者是希斯克利夫開始跟什麼人——也許是堂吉訶德或者辛克萊——進行無意義的爭吵。"
    },
    {
      "id": 2,
      "content": "此外，良秀正在尋找新的熱源來點燃她的香菸，因為她打火機的燃料已經用完了。"
    },
    {
      "id": 3,
      "content": "在這樣的混亂和牢騷聲中，格里高爾幾乎是我唯一一個能寄希望於改變這樣的氛圍的罪人……"
    },
    {
      "id": 4,
      "model": "그레고르",
      "content": "……"
    },
    {
      "id": 5,
      "content": "但現在，他是最安靜的人之一。"
    },
    {
      "id": 6,
      "content": "他只是凝望著窗外，似乎已經陷入沉思。"
    },
    {
      "id": 7,
      "model": "베르길리우스",
      "content": "……"
    },
    {
      "id": 8,
      "content": "不過有一件事是我能確定的。"
    },
    {
      "id": 9,
      "content": "如果有人應該為巴士上的氣氛變得如此糟糕負責，那只能是維吉里烏斯。"
    },
    {
      "id": 10,
      "content": "通向金枝的路是艱難的……"
    },
    {
      "id": 11,
      "content": "這條路數次將我們置於死亡的邊緣（實際上有幾次已經死了），更別提我們差點失業的那幾次了。"
    },
    {
      "id": 12,
      "content": "然而，維吉里烏斯並不願意從我們的角度看待這一切。"
    },
    {
      "id": 13,
      "content": "在這樣的情況下，我們的罪人對此明顯感到不滿，是很正常的。"
    },
    {
      "id": 14,
      "content": "以實瑪利厭倦了這樣的沉默，她開口了。"
    },
    {
      "id": 15,
      "model": "이스마엘",
      "content": "至少，你應該告訴我我們的下一個目的地是哪裡吧？"
    },
    {
      "id": 16,
      "model": "베르길리우스",
      "content": "哦，不好意思。"
    },
    {
      "id": 17,
      "model": "베르길리우스",
      "content": "我在想，向你們這些傢伙說明任務是否真的值得。"
    },
    {
      "id": 18,
      "model": "로쟈",
      "content": "哎呀，你說話這麼冷漠，會讓我很受傷的。難道你不知道，那些沒有表現好的孩子們需要更多的關愛嗎？"
    },
    {
      "id": 19,
      "model": "베르길리우스",
      "content": "算我求你。別噁心我。"
    },
    {
      "id": 20,
      "model": "베르길리우스",
      "content": "我可不想讓自己看起來像是帶著一群小學生出門野餐的老師。"
    },
    {
      "id": 21,
      "model": "베르길리우스",
      "content": "對你我是特別寄予厚望的，羅佳。你也許能成為這次旅途的好嚮導。"
    },
    {
      "id": 22,
      "model": "로쟈",
      "content": "嗯？我知道我很厲害啦，但我不覺得我能為某個我完全不知道的地方作嚮導……"
    },
    {
      "id": 23,
      "model": "베르길리우스",
      "content": "別擔心。我們正在前往一個你相當熟悉的地方。"
    },
    {
      "id": 24,
      "model": "베르길리우스",
      "content": "一個以享樂主義為宗旨的巢，一個能讓你紙醉金迷或者讓你失去一切的地方："
    },
    {
      "id": 25,
      "model": "베르길리우스",
      "content": "J公司的巢。"
    },
    {
      "id": 26,
      "model": "로쟈",
      "content": "……"
    },
    {
      "id": 27,
      "content": "好極了。這下連羅佳都不說話了。"
    },
    {
      "id": 28,
      "model": "히스클리프",
      "content": "好吧。我想我們在那裡大贏一場應該不算太壞。"
    },
    {
      "id": 29,
      "model": "히스클리프",
      "content": "喔，我們到了之後拜託來個人叫醒我。"
    },
    {
      "id": 30,
      "model": "베르길리우스",
      "content": "……說來也巧，親愛的乘客。這趟巴士可沒法帶你直接抵達支部大樓。"
    },
    {
      "id": 31,
      "model": "베르길리우스",
      "content": "卡戎，找個車位。"
    },
    {
      "id": 32,
      "model": "카론",
      "content": "……"
    },
{
      "id": 33,
      "model": "베르길리우스",
      "content": "……?卡戎？"
    },
    {
      "id": 34,
      "model": "카론",
      "content": "什麼叫“找個車位”？"
    },
    {
      "id": 35,
      "model": "베르길리우스",
      "content": "就是讓你停車的意思。"
    },
    {
      "id": 36,
      "model": "카론",
      "content": "停車是紅色的。卡戎覺得紅色嘗起來味道很壞。"
    },
    {
      "id": 37,
      "content": "卡戎怒氣衝衝，毫無預兆地踩死了剎車，大部分的罪人的臉狠狠撞上了前面的座椅，另外的罪人則被甩飛了出去。"
    },
    {
      "id": 38,
      "content": "當然，我對慣性無能為力。"
    },
    {
      "id": 39,
      "content": "爆發出一陣嘈雜的抱怨與怒罵聲。"
    },
    {
      "id": 40,
      "content": "雖然我沒能完全聽清罪人們混亂的喊叫聲……"
    },
    {
      "id": 41,
      "content": "但我敢打賭裡面至少有一半是髒話，所以沒聽清或許更好。"
    },
    {
      "id": 42,
      "model": "베르길리우스",
      "content": "很高興看到你們這麼精神。現在下車。"
    },
    {
      "id": 43,
      "model": "홍루",
      "content": "嗯……目的地看起來還很遠……啊！你會幫我們叫一輛出租車嗎？"
    },
    {
      "id": 44,
      "model": "베르길리우스",
      "content": "……正如浮士德女士將要詳細解釋的那樣，但丁。這次的任務和我們上次執行的任務截然不同。"
    },
    {
      "id": 45,
      "model": "베르길리우스",
      "content": "這是因為，這次的金枝位於……"
    },
    {
      "id": 46,
      "model": "베르길리우스",
      "content": "一座賭場的地下。"
    },
    {
      "id": 47,
      "model": "오티스",
      "content": "你的意思是，金枝在街中心那些燈火通明的建築裡？"
    },
    {
      "id": 48,
      "model": "베르길리우스",
      "content": "沒錯。就在其中之一。"
    },
    {
      "id": 49,
      "model": "이스마엘",
      "content": "我們上次潛入的腦葉公司支部是一個廢棄了很久的建築。"
    },
    {
      "id": 50,
      "model": "싱클레어",
      "content": "所以你的意思是……上次那種是例外？"
    },
    {
      "id": 51,
      "model": "베르길리우스",
      "content": "看到了嗎？就是這樣的時刻常常提醒著我，我們的隊伍裡完全不缺聰明人……這就更讓我想不明白，你們到底是怎麼把上個任務搞得那麼失敗的了。"
    },
    {
      "id": 52,
      "model": "이스마엘",
      "content": "……"
    },
    {
      "id": 53,
      "model": "베르길리우스",
      "content": "金枝是一種強大的能源，蘊含著數種傑出技術的精髓。"
    },
    {
      "id": 54,
      "model": "베르길리우스",
      "content": "這樣的能源會吸引財富和人們流向這裡，不需要多久，一整個文明就能在其上誕生。"
    },
    {
      "id": 55,
      "model": "파우스트",
      "content": "也就是說，我們未來的目標很有可能也已經被其他組織和他們的設施所佔據。"
    },
    {
      "id": 56,
      "model": "파우스트",
      "content": "換言之，在這家賭場之外，我們也該做好造訪各種地方的心理準備。"
    },
    {
      "id": 57,
      "model": "베르길리우스",
      "content": "這也說明你們的第一個任務其實是相當簡單的一個，不過你們還是不知道怎麼的就從諸多成功的機會中準確把握住了失敗。"
    },
    {
      "id": 58,
      "model": "단테",
      "content": "<……他向來會對這種事情記恨這麼久嗎？>"
    },
    {
      "id": 59,
      "model": "그레고르",
      "content": "……嗯哼"
    },
    {
      "id": 60,
      "model": "로쟈",
      "content": "別問我哦~我們認識他的時間可不比你長。"
    },
    {
      "id": 61,
      "model": "로쟈",
      "content": "他那時怎麼說的來著？像是，“歡迎來邊獄公司。我是你們的嚮導，維吉里烏斯”之類的……"
    },
    {
      "id": 62,
      "model": "로쟈",
      "content": "哈！相當不錯的第一印象，不是嗎？"
    },
    {
      "id": 63,
      "model": "그레고르",
      "content": "我承認你把他的那種專斷的語氣展現的淋漓盡致。我必須克制住自己去問我能否在加入之後立刻辭職。"
    },
    {
      "id": 64,
      "model": "단테",
      "content": "<我有和你們一樣的感覺。>"
    },
    {
      "id": 65,
      "model": "돈키호테",
      "content": "胡說！今天可是值得載入史冊的一天！被猩紅視線本人親自指揮！說真的，沒有什麼東西更值得自豪了，相比於與一個色彩級收尾人親自—"
    },
    {
      "id": 66,
      "model": "그레고르",
      "content": "哈，我想他說到底還是有個粉絲的。"
    },
    {
      "id": 67,
      "model": "로쟈",
      "content": "嗯哼哼，說的沒錯。"
    },
    {
      "id": 68,
      "content": "隨著他們心情的好轉，羅佳和格里高爾輕笑了起來。"
    },
    {
      "id": 69,
      "model": "베르길리우스",
      "content": "說的夠多了。我真的不希望有什麼事情促使我為這趟巴士之旅定下第三條規則。"
    },
    {
      "id": 70,
      "model": "로쟈",
      "content": "拜託，你也得給員工們一些說老闆壞話的空間嘛。你可太小心眼了。"
    },
    {
      "id": 71,
      "model": "베르길리우스",
      "content": "下一次，請在我聽不見的地方抱怨。"
    },
    {
      "id": 72,
      "model": "베르길리우스",
      "content": "你看，我可是比看上去要脆弱的多。"
    },
    {
      "id": 73,
      "model": "베르길리우스",
      "content": "好，該動身幹活了。希望這次你們能帶著金枝回來。"
    },
    {
      "id": 74,
      "model": "히스클리프",
      "content": "如果我們這次又搞砸了會怎麼樣？"
    },
    {
      "id": 75,
      "model": "베르길리우스",
      "content": "誰知道呢？也許卡戎會突然忘記到底是哪個按鈕能給你們開門。"
    },
    {
      "id": 76,
      "model": "카론",
      "content": "按鈕，紅色的那個。噁心的顏色。"
    },
    {
      "id": 77,
      "model": "히스클리프",
      "content": "……你這傻得可笑的小傢伙……"
    },
    {
      "id": 78,
      "model": "료슈",
      "content": "愚廢旅現走。"
    },
    {
      "id": 79,
      "model": "히스클리프",
      "content": "什麼意思？"
    },
    {
      "id": 80,
      "model": "료슈",
      "content": "“愚蠢的廢物旅客現在就該走人”的簡稱。 "
    },
    {
      "id": 81,
      "content": "希斯克利夫對良秀怒目而視，髒話湧上了他的喉嚨，不過最後只化作一聲沉重的嘆息。"
    },
    {
      "id": 82,
      "content": "他一反常態地接受了。彷彿他已經意識到，殺了良秀也沒法解決任何問題。"
    }
  ]
}