{
  "dataList": [
    {
      "id": 0,
      "place": "放映室",
      "model": "싱클레어",
      "content": "太暗了，看不清楚……那是什麼？"
    },
    {
      "id": 1,
      "model": "동랑",
      "teller": "東朗",
      "title": "K公司 糧食資源改良部門",
      "content": "騷亂導致它停止工作了一段時間，對吧？"
    },
    {
      "id": 2,
      "model": "삼조",
      "teller": "三朝",
      "title": "K公司 糧食資源改良部門",
      "content": "是的，阿方索理事的命令是暫停機器......以防有入侵者趁虛而入。"
    },
    {
      "id": 3,
      "model": "동랑",
      "teller": "東朗",
      "title": "K公司 糧食資源改良部門",
      "content": "不，不，你不能那麼做。即使是短暫的停機也會造成極大的損失，三朝先生。"
    },
    {
      "id": 4,
      "model": "로쟈",
      "content": "那麼……這到底是什麼東西？！"
    },
    {
      "id": 5,
      "model": "동랑",
      "teller": "東朗",
      "title": "K公司 糧食資源改良部門",
      "content": "啊，你看……這些東西正代替我們哭泣。"
    },
    {
      "id": 6,
      "model": "동랑",
      "teller": "東朗",
      "title": "K公司 糧食資源改良部門",
      "content": "所以我總是帶著感激和同情去看待它。"
    },
    {
      "id": 7,
      "model": "동백",
      "teller": "？？？",
      "title": "？？？",
      "content": "我明白了……這就是蘭所告訴我的那個。"
    },
    {
      "id": 8,
      "content": "突然之間，我聽到了我們一直在拼命尋找的那個人的聲音。"
    },
    {
      "id": 9,
      "content": "它就在我們前方。"
    },
    {
      "id": 10,
      "content": "當她起身時，似乎有一塊半透明的面紗從她身上飄落……"
    },
    {
      "id": 11,
      "content": "冬柏正在注視我們。"
    },
    {
      "id": 12,
      "model": "동랑",
      "teller": "東朗",
      "title": "K公司 糧食資源改良部門",
      "content": "啊~我想知道這個問題很久了，但現在我明白了。"
    },
    {
      "id": 13,
      "model": "동랑",
      "teller": "東朗",
      "title": "K公司 糧食資源改良部門",
      "content": "為什麼我們的安保措施如此不堪一擊，為什麼你總從我們的眼前溜走，又能憑空消失？"
    },
    {
      "id": 14,
      "model": "동랑",
      "teller": "東朗",
      "title": "K公司 糧食資源改良部門",
      "content": "你持有一塊“帳幕”。啊，這麼簡單的事情，我為什麼沒能早點想到呢？"
    },
    {
      "id": 15,
      "model": "히스클리프",
      "content": "\"帳幕\"？ 那是什麼鬼東西......哈，這些混蛋是不是又想開始談論只有他們知道的東西？"
    },
    {
      "id": 16,
      "model": "이스마엘",
      "content": "希斯克利夫先生也許能在都市中生活，但他顯然不適合成為一名收尾人。"
    },
    {
      "id": 17,
      "model": "파우스트",
      "content": "試圖找出生活中每一項技術的來源是項沒有盡頭的工作，因此大多數人都會放棄努力然後點頭稱是。"
    },
    {
      "id": 18,
      "model": "파우스트",
      "content": "不懂裝懂。這是讓你在都市的生活變得可以忍受的必備技能。"
    },
    {
      "id": 19,
      "model": "이스마엘",
      "content": "……呃呃。"
    },
    {
      "id": 20,
      "model": "동백",
      "teller": "冬柏",
      "title": "技術解放聯盟",
      "content": "……"
    },
    {
      "id": 21,
      "model": "동랑",
      "teller": "東朗",
      "title": "K公司 糧食資源改良部門",
      "content": "昂貴的奇點技術，只有著名的收尾人、翼執行者或超級富豪才能擁有……就算我問你它是從哪兒來的，你也不會告訴我的，對吧？"
    },
    {
      "id": 22,
      "model": "동백",
      "teller": "冬柏",
      "title": "技術解放聯盟",
      "content": "我現在看到的就是再生安瓿背後的真相嗎？"
    },
    {
      "id": 23,
      "model": "동랑",
      "teller": "東朗",
      "title": "K公司 糧食資源改良部門",
      "content": "……對，正是如此。這就是你一心想要毀掉的再生安瓿的來源。"
    },
    {
      "id": 24,
      "model": "삼조",
      "teller": "三朝",
      "title": "K公司 糧食資源改良部門",
      "content": "你……破壞了什麼？"
    },
    {
      "id": 25,
      "model": "삼조",
      "teller": "三朝",
      "title": "K公司 糧食資源改良部門",
      "content": "讓我問你個問題吧：你知道這些安瓿能夠拯救多少生命嗎？"
    },
    {
      "id": 26,
      "model": "동백",
      "teller": "冬柏",
      "title": "技術解放聯盟",
      "content": "這些再生安瓿不只是單純地讓你的身體再生。"
    },
    {
      "id": 27,
      "model": "동백",
      "teller": "冬柏",
      "title": "技術解放聯盟",
      "content": "這些眼淚既能殺人，也能救人。"
    },
    {
      "id": 28,
      "model": "삼조",
      "teller": "三朝",
      "title": "K公司 糧食資源改良部門",
      "content": "哈......所以你是說，這些眼淚，會殺人？"
    },
    {
      "id": 29,
      "model": "동백",
      "teller": "冬柏",
      "title": "技術解放聯盟",
      "content": "對於像你這樣見過它發生很多次還不相信的人，我已經沒有什麼好說的了。"
    },
    {
      "id": 30,
      "model": "삼조",
      "teller": "三朝",
      "title": "K公司 糧食資源改良部門",
      "content": "那麼，如果我通過走進這個池子來證明它的安全性，你會讓步嗎？"
    },
    {
      "id": 31,
      "model": "동백",
      "teller": "冬柏",
      "title": "技術解放聯盟",
      "content": "什麼？"
    },
    {
      "id": 32,
      "model": "삼조",
      "teller": "三朝",
      "title": "K公司 糧食資源改良部門",
      "content": "請不要用你毫無依據的指控來誹謗東朗先生。已經有數不勝數的人們通過這項技術從危及生命的狀況中得到治癒。"
    },
    {
      "id": 33,
      "model": "삼조",
      "teller": "三朝",
      "title": "K公司 糧食資源改良部門",
      "content": "我自己也被注射過一次。"
    },
    {
      "id": 34,
      "model": "삼조",
      "teller": "三朝",
      "title": "K公司 糧食資源改良部門",
      "content": "我曾經在潛水時摔斷了脖子，在死亡邊緣被再生安瓿救了回來。 這也是我一成年就來到K公司應聘的原因，但這不是重點。"
    },
    {
      "id": 35,
      "model": "로쟈",
      "content": "你，你在做什麼，三朝先生？"
    },
    {
      "id": 36,
      "model": "옷벗은삼조",
      "teller": "三朝",
      "title": "K公司 糧食資源改良部門",
      "content": "我童年的夢想就是成為巢中的一名競技游泳運動員。從這個高度跳水對我來說不是問題。"
    },
    {
      "id": 37,
      "model": "로쟈",
      "content": "我上次問你的時候你說你曾經是一名棒球運動員……"
    },
    {
      "id": 38,
      "model": "동랑",
      "teller": "東朗",
      "title": "K公司 糧食資源改良部門",
      "content": "哈哈，三朝，你又做得太過份了。你用不著經歷這些麻煩，沒事了，就呆在那兒吧。"
    },{
      "id": 39,
      "model": "옷벗은삼조",
      "teller": "三朝",
      "title": "K公司 糧食資源改良部門",
      "content": "這根本算不上麻煩。這是你自己改進的再生安瓿。"
    },
    {
      "id": 40,
      "model": "옷벗은삼조",
      "teller": "三朝",
      "title": "K公司 糧食資源改良部門",
      "content": "我說的是東朗、阿方索......以及無數其他研究人員多年來一直在研究的K公司再生安瓿。"
    },
    {
      "id": 41,
      "model": "옷벗은삼조",
      "teller": "三朝",
      "title": "K公司 糧食資源改良部門",
      "content": "我僅僅是因為對這項技術的信任與自豪才這麼做。"
    },
    {
      "id": 42,
      "model": "옷벗은삼조",
      "teller": "三朝",
      "title": "K公司 糧食資源改良部門",
      "content": "我很快就會回來。"
    },
    {
      "id": 43,
      "model": "동랑",
      "teller": "東朗",
      "title": "K公司 糧食資源改良部門",
      "content": "等一下，三朝？"
    },
    {
      "id": 44,
      "content": "三朝摘下眼鏡，一頭扎進盛淚水的容器裡。"
    },
    {
      "id": 45,
      "content": "容器內冒出了一些小氣泡，但過了一會兒就沒了聲響。"
    },
    {
      "id": 46,
      "model": "동랑",
      "teller": "東朗",
      "title": "K公司 糧食資源改良部門",
      "content": "啊……"
    },
    {
      "id": 47,
      "model": "동랑",
      "teller": "東朗",
      "title": "K公司 糧食資源改良部門",
      "content": "噢我的天，現在我們又有麻煩了。三朝從來沒聽說過未稀釋的淚液的情況。"
    },
    {
      "id": 48,
      "model": "동랑",
      "teller": "東朗",
      "title": "K公司 糧食資源改良部門",
      "content": "我們沒法回收屍體，但是......我很高興他直到最後一刻都為我們感到驕傲。"
    },
    {
      "id": 49,
      "model": "싱클레어",
      "content": "……你剛說什麼？"
    },
    {
      "id": 50,
      "model": "동랑",
      "teller": "東朗",
      "title": "K公司 糧食資源改良部門",
      "content": "比如三朝就是那種所謂出身草根的成功人士。我還挺喜歡他這種的。"
    },
    {
      "id": 51,
      "model": "동랑",
      "teller": "東朗",
      "title": "K公司 糧食資源改良部門",
      "content": "那些儘管遠未達到翼的要求卻被翼錄取的孩子們，一般都對他們的雇主忠心耿耿呢。"
    },
    {
      "id": 52,
      "model": "히스클리프",
      "content": "啥？他不是出生在巢裡……"
    },
    {
      "id": 53,
      "model": "동랑",
      "teller": "東朗",
      "title": "K公司 糧食資源改良部門",
      "content": "啊，大家應該也都明白出身於巢並不意味著能輕鬆被翼錄取吧？"
    },
    {
      "id": 54,
      "model": "이상",
      "content": "……"
    },
    {
      "id": 55,
      "model": "싱클레어",
      "content": "發生什麼事了？為什麼三朝先生沒有回來？"
    },
    {
      "id": 56,
      "model": "이상",
      "content": "東朗，未稀釋的原液是做什麼的？"
    },
    {
      "id": 57,
      "model": "동랑",
      "teller": "東朗",
      "title": "K公司 糧食資源改良部門",
      "content": "眼淚的作用是把事物恢復到它的原始形態。"
    },
    {
      "id": 58,
      "model": "동랑",
      "teller": "東朗",
      "title": "K公司 糧食資源改良部門",
      "content": "現在所用的再生安瓿是眼淚經過眾多提煉過程的產物。"
    },
    {
      "id": 59,
      "model": "동랑",
      "teller": "東朗",
      "title": "K公司 糧食資源改良部門",
      "content": "當一個失去一側手臂的人使用再生安瓿，他會記起有手臂是身體的原始狀態。"
    },
    {
      "id": 60,
      "model": "동랑",
      "teller": "東朗",
      "title": "K公司 糧食資源改良部門",
      "content": "如果一個頭上有坑的人使用了再生安瓿，他的頭會恢復到他記憶中的原始狀態。"
    },
    {
      "id": 61,
      "model": "그레고르",
      "content": "那些在腦葉公司支部……以蟲子的形象死去的人呢……"
    },
    {
      "id": 62,
      "model": "이상",
      "content": "可以這麼說，那些人都處於一種被催眠的狀態。"
    },
    {
      "id": 63,
      "model": "이상",
      "content": "如果我們在一個封閉、安靜的地方反覆聽到一個聲音說“你是一隻蟲子”......我們的潛意識中就會被灌輸進一隻蟲子的形象。"
    },
    {
      "id": 64,
      "model": "동랑",
      "teller": "東朗",
      "title": "K公司 糧食資源改良部門",
      "content": "確實如此。經過對人類概念的提煉和稀釋等步驟，它會變得更加有效。"
    },
    {
      "id": 65,
      "model": "동랑",
      "teller": "東朗",
      "title": "K公司 糧食資源改良部門",
      "content": "但是，當在沒有任何認知時觸及眼淚……"
    },
    {
      "id": 66,
      "model": "동랑",
      "teller": "東朗",
      "title": "K公司 糧食資源改良部門",
      "content": "它將會把我們帶回到我們的根源……人類的最初形態。"
    },
    {
      "id": 67,
      "model": "그레고르",
      "content": "最初的……形態？"
    },
    {
      "id": 68,
      "model": "동랑",
      "teller": "東朗",
      "title": "K公司 糧食資源改良部門",
      "content": "或者我應該說是它幫助你回到那種狀態？"
    },
    {
      "id": 69,
      "model": "동랑",
      "teller": "東朗",
      "title": "K公司 糧食資源改良部門",
      "content": "雖然它在嘗試……但它看起來並沒有能力讓一個人完全回到那種狀態。"
    },
    {
      "id": 70,
      "model": "동랑",
      "teller": "東朗",
      "title": "K公司 糧食資源改良部門",
      "content": "因此，它能夠減少痛苦，但是，呃……"
    },
    {
      "id": 71,
      "model": "동랑",
      "teller": "東朗",
      "title": "K公司 糧食資源改良部門",
      "content": "所以，冬柏，你滿意了？你是對的，而在那裝眼淚的容器裡。三朝很可能變成了人類最初的形態或者其他什麼類似的東西。恭喜你。現在，告訴我你究竟想要什麼？"
    },
    {
      "id": 72,
      "model": "동백",
      "teller": "冬柏",
      "title": "技術解放聯盟",
      "content": "……"
    },
    {
      "id": 73,
      "model": "동백",
      "teller": "冬柏",
      "title": "技術解放聯盟",
      "content": "奇點。通過使用概念焚燒爐來永久地摧毀它和所有與它相關的東西。"
    },
    {
      "id": 74,
      "model": "동랑",
      "teller": "東朗",
      "title": "K公司 糧食資源改良部門",
      "content": "概念焚燒爐。你又打算使用它？"
    },
    {
      "id": 75,
      "model": "동랑",
      "teller": "東朗",
      "title": "K公司 糧食資源改良部門",
      "content": "所以，冬柏……假設你成功地回到了那個一無所有的時代，那又如何呢？"
    },
    {
      "id": 76,
      "model": "동랑",
      "teller": "東朗",
      "title": "K公司 糧食資源改良部門",
      "content": "刀耕火種、茹毛飲血……這就是你想要的生活嗎？"
    },
    {
      "id": 77,
      "model": "동랑",
      "teller": "東朗",
      "title": "K公司 糧食資源改良部門",
      "content": "然後去哀悼那些被砍伐的樹木和死去的動物？"
    },
    {
      "id": 78,
      "model": "동랑",
      "teller": "東朗",
      "title": "K公司 糧食資源改良部門",
      "content": "嘿，冬柏……用這樣的態度的話，你只會活得像個原始人。這真是你想要的嗎？"
    },
    {
      "id": 79,
      "model": "동백",
      "teller": "冬柏",
      "title": "技術解放聯盟",
      "content": "你……總是問出些愚蠢的問題呢。從前和現在都是一樣。"
    },
    {
      "id": 80,
      "model": "동백",
      "teller": "冬柏",
      "title": "技術解放聯盟",
      "content": "我們決定使用那些卑鄙的技術是為了作為擺脫它們卑鄙創造者的手段。"
    },
    {
      "id": 81,
      "model": "동백",
      "teller": "冬柏",
      "title": "技術解放聯盟",
      "content": "因此，在我們設想的未來，將不會有任何人存留。"
    },
    {
      "id": 82,
      "model": "동백",
      "teller": "冬柏",
      "title": "技術解放聯盟",
      "content": "這就是我們為什麼能夠從對生存的迷戀中解脫出來。"
    },
    {
      "id": 83,
      "model": "동랑",
      "teller": "東朗",
      "title": "K公司 糧食資源改良部門",
      "content": "哈哈，你在胡說什麼呢？你並非在構想一個未來，只是放不下過去罷了。"
    },
    {
      "id": 84,
      "model": "이상",
      "content": "你們倆……都閉嘴。"
    },
    {
      "id": 85,
      "model": "이상",
      "content": "我不希望看到舊有的爭論又在我面前重演。"
    },
    {
      "id": 86,
      "model": "동백",
      "teller": "冬柏",
      "title": "技術解放聯盟",
      "content": "李箱，你看起來挺不錯的嘛。"
    },
    {
      "id": 87,
      "model": "그레고르",
      "content": "你說得好像解脫了一樣。你不會是想讓李箱……"
    },
    {
      "id": 88,
      "model": "동백",
      "teller": "冬柏",
      "title": "技術解放聯盟",
      "content": "你說得沒錯。我想讓他去死。"
    },
    {
      "id": 89,
      "model": "동백",
      "teller": "冬柏",
      "title": "技術解放聯盟",
      "content": "但我確信他也希望如此。"
    },
    {
      "id": 90,
      "model": "동백",
      "teller": "冬柏",
      "title": "技術解放聯盟",
      "content": "在我刺穿他的心臟時，他沒有一點反抗。"
    },
    {
      "id": 91,
      "model": "동백",
      "teller": "冬柏",
      "title": "技術解放聯盟",
      "content": "這讓我感到相當不快，感覺像是我在滿足你的願望。"
    },
    {
      "id": 92,
      "model": "이상",
      "content": "……"
    },
    {
      "id": 93,
      "model": "그레고르",
      "content": "看起來你倆的想法都多少有點扭曲。你會覺得因為懸崖邊的人正在猶豫就把他推下去是合理的嗎？"
    },
    {
      "id": 94,
      "model": "동백",
      "teller": "冬柏",
      "title": "技術解放聯盟",
      "content": "猶ㄩ……哈，為什麼我們不能聽聽他自己怎麼說呢？"
    },
    {
      "id": 95,
      "model": "이상",
      "content": "……我沒什麼可說的。"
    },
    {
      "id": 96,
      "model": "동백",
      "teller": "冬柏",
      "title": "技術解放聯盟",
      "content": "那麼，對話結束。"
    },
    {
      "id": 97,
      "model": "동백",
      "teller": "冬柏",
      "title": "技術解放聯盟",
      "content": "坦率地說，我對它感到驕傲。"
    },
    {
      "id": 98,
      "model": "동백여우각성",
      "teller": "冬柏",
      "title": "技術解放聯盟",
      "content": "我將抓住這個親手殺死兩位老友的絕佳機會。"
    },
    {
      "id": 99,
      "model": "동백여우각성",
      "teller": "冬柏",
      "title": "技術解放聯盟",
      "content": "然後，我將取回奇點並將它燒毀。"
    }
  ]
}