{
  "dataList": [
    {
      "id": 0,
      "place": "K公司研究所大廳",
      "content": "剛回到大廳，我們就看到驚慌失措的員工向著東朗和三朝跑來。"
    },
    {
      "id": 1,
      "model": "K사연구원3",
      "teller": "慌忙的研究員",
      "title": "K公司研究所",
      "content": "東朗先生……請等一下！"
    },
    {
      "id": 2,
      "model": "동랑",
      "teller": "東朗",
      "title": "K公司 糧食資源改良部門",
      "content": "哈哈，你們臉色都青了。啊，失陪一下。"
    },
    {
      "id": 3,
      "model": "단테",
      "content": "<局勢看起來還挺緊張的，就這麼站在這裡有點尷尬啊…… >"
    },
    {
      "id": 4,
      "content": "正當我在大廳裡低聲說著一些毫無意義的話時，堂吉訶德走到了一個架子旁。"
    },
    {
      "id": 5,
      "model": "돈키호테",
      "content": "哦吼，此乃何等之書？其圖片真是蓬蓽生輝！"
    },
    {
      "id": 6,
      "content": "堂吉訶德一邊開心地哼著歌，一邊抽出了一本童話書。"
    },
    {
      "id": 7,
      "content": "我偷偷看了一眼堂吉訶德翻開的那本童話書。"
    },
    {
      "id": 8,
      "content": "李箱也轉頭望了過來，像是在擔心什麼似的。"
    },
    {
      "id": 9,
      "content": "很快，一道金色的霧氣擴散開來。"
    },
    {
      "id": 10,
      "content": "<i>很久很久以前，在所有人都只是低頭注視著地面生活的時代裡，有一個抬頭眺望天空的人。</i>"
    },
    {
      "id": 11,
      "content": "<i>映照在那人眼中的，是於天空中閃爍的群星。</i>"
    },
    {
      "id": 12,
      "content": "<i>那人將那些無名的而又無人側目的群星相連， </i>"
    },
    {
      "id": 13,
      "content": "<i>給予了它們名字，並隨心所欲地為它們編寫了許多故事。</i>"
    },
    {
      "id": 14,
      "content": "<i>那些故事就像沒有盡頭的線一般；</i>"
    },
    {
      "id": 15,
      "content": "<i>它們被拉織在一起，用以在無意義中尋找意義。</i>"
    },
    {
      "id": 16,
      "content": "<i>人間所蘊含的歡樂與悲傷的故事，始終盤旋在夜空中。</i>"
    },
    {
      "id": 17,
      "content": "<i>有一天，那人的家人病入膏肓，他們的生命即將畫上句號。</i>"
    },
    {
      "id": 18,
      "content": "<i>那人一如既往地，向著天空編織出關於自身悲傷的故事。</i>"
    },
    {
      "id": 19,
      "content": "<i>之後……</i>"
    },
    {
      "id": 20,
      "content": "<i>有一滴水掉到了那人的頭上。</i>"
    },
    {
      "id": 21,
      "content": "<i>那人向上看去，發現那些星座正在對自己說話。</i>"
    },
    {
      "id": 22,
      "content": "<i>“親愛的給予了我名字以及故事的人，通過你，我才能來到地上，被時間沖刷，並且完完整整的感受到這個世界。 ”</i>"
    },
    {
      "id": 23,
      "content": "<i>“你知道星星可以實現願望嗎？ ”</i>"
    },
    {
      "id": 24,
      "content": "<i>“我流下的淚水會洗去你的痛苦”</i>"
    },
    {
      "id": 25,
      "content": "<i>之後，整個世界下了一天半的雨。</i>"
    },
    {
      "id": 26,
      "content": "<i>所有淋到雨水的人，病痛都痊癒了</i>"
    },
    {
      "id": 27,
      "content": "<i>那人生病的家人也恢復了健康。</i>"
    },
    {
      "id": 28,
      "content": "<i>從此之後，那人和自己的家人，以及所有都市的居民，每晚都仰望天空，訴說著幸福的故事。”</i>"
    },
    {
      "id": 29,
      "model": "이스마엘",
      "content": "原來如此。我讀到過K巢有個風俗是，在每年特定月份的一個雨夜，人們會不帶雨傘自願被雨淋濕……"
    },
    {
      "id": 30,
      "model": "이스마엘",
      "content": "……不會又只有我一個人知道這件事吧？你們到現在都沒人看過K巢和後巷的出行指南嗎？真沒人看過？"
    },
    {
      "id": 31,
      "model": "로쟈",
      "content": "啊……我用我的那份去打蟲子了……我可能得要份新的……"
    },
    {
      "id": 32,
      "model": "이스마엘",
      "content": "羅佳，現在可不是開玩笑的時候！"
    },
    {
      "id": 33,
      "content": "羅佳看起來完全沒有在開玩笑，但以實瑪利似乎沒有注意到這點。"
    },
    {
      "id": 34,
      "model": "싱클레어",
      "content": "順便一提，這個故事……聽起來很像再生安瓿的效果，不是嗎？"
    },
    {
      "id": 35,
      "model": "싱클레어",
      "content": "那場可以治癒人們的雨……"
    },
    {
      "id": 36,
      "model": "그레고르",
      "content": "那……你是說那些雨水來自於星星？"
    },
    {
      "id": 37,
      "model": "로쟈",
      "content": "不，之前說過那不是水……而是納米機器人吧？"
    },
    {
      "id": 38,
      "model": "단테",
      "content": "<浮士德你對此怎麼想？>"
    },
    {
      "id": 39,
      "model": "파우스트",
      "content": "我是一名研究者。相比於隱喻，我更相信基於事實的判斷。"
    },
    {
      "id": 40,
      "model": "파우스트",
      "content": "這樣的……所謂對星與雲的觀察和解釋的領域，比起我來李箱先生應該更加熟悉。"
    },
    {
      "id": 41,
      "model": "파우스트",
      "content": "我和他雖然都是研究人員，但我們並不一樣。"
    },
    {
      "id": 42,
      "model": "이상",
      "content": "……"
    },
    {
      "id": 43,
      "model": "동랑",
      "teller": "東朗",
      "title": "K公司 糧食資源改良部門",
      "content": "得趕緊上去看看了。情況看起來相當嚴峻。"
    },
    {
      "id": 44,
      "model": "동랑",
      "teller": "東朗",
      "title": "K公司 糧食資源改良部門",
      "content": "看來這次不僅是研究室，甚至入侵到了實驗室之中。"
    },
    {
      "id": 45,
      "model": "돈키호테",
      "content": "嗯？但這裡是否過於和平？甚至沒有逃命之人！"
    },
    {
      "id": 46,
      "model": "삼조",
      "teller": "三朝",
      "title": "K公司 糧食資源改良部門",
      "content": "疏散命令應該已經下達了。但是，如上次各位所見，已經進行過疏散了，所以看來是由於會對每週工作70小時的工作制度造成影響才會這樣。"
    },
    {
      "id": 47,
      "model": "단테",
      "content": "<在這種地方工作……真是不容易啊……>"
    },
    {
      "id": 48,
      "model": "오티스",
      "content": "不可理解。怎麼可能被襲擊呢？這裡的結構看起來並不能在不被人發現的情況下直接進入實驗室。"
    },
    {
      "id": 49,
      "model": "동랑",
      "teller": "東朗",
      "title": "K公司 糧食資源改良部門",
      "content": "沒時間了，讓我們邊走邊說明吧。"
    },
    {
      "id": 50,
      "model": "료슈",
      "content": "異議。"
    },
    {
      "id": 51,
      "model": "료슈",
      "content": "說出一個我們得一起上去的理由。"
    },
    {
      "id": 52,
      "model": "뫼르소",
      "content": "嗯。合同條件已完成。"
    },
    {
      "id": 53,
      "model": "동랑",
      "teller": "東朗",
      "title": "K公司 糧食資源改良部門",
      "content": "沒錯，但是即使想要進行交付，金枝不也是在眼前被奪走了嗎。 "
    },
    {
      "id": 54,
      "model": "료슈",
      "content": "呼……豬·說·折·脖……"
    },
    {
      "id": 55,
      "model": "로쟈",
      "content": "這……沒問題嗎？那個……合同上寫著什麼啊？"
    },
    {
      "id": 56,
      "model": "삼조",
      "teller": "三朝",
      "title": "K公司 糧食資源改良部門",
      "content": "嗯……不好說，我在法條這方面有點弱……"
    },
    {
      "id": 57,
      "content": "一直以來從不落下風的三朝突然開始急忙擦拭眼鏡。"
    },
    {
      "id": 58,
      "model": "료슈",
      "content": "三・答。"
    },
    {
      "id": 59,
      "model": "싱클레어",
      "content": "三朝先生……她讓您回答……"
    },
    {
      "id": 60,
      "model": "삼조",
      "teller": "三朝",
      "title": "K公司 糧食資源改良部門",
      "content": "嗯？"
    },
    {
      "id": 61,
      "model": "료슈",
      "content": "三・打……！"
    },
    {
      "id": 62,
      "model": "싱클레어",
      "content": "三，三朝先生……她說這次要打爆您的頭……！"
    },
    {
      "id": 63,
      "model": "료슈",
      "content": "錯了。我說現在就要打爆他的頭。"
    },
    {
      "id": 64,
      "model": "삼조",
      "teller": "三朝",
      "title": "K公司 糧食資源改良部門",
      "content": "事，事態緊急，緊急啊！！！趕緊上去吧！"
    },
    {
      "id": 65,
      "model": "단테",
      "content": "<我、我們趕緊先上去吧，良秀……>"
    },
    {
      "id": 66,
      "model": "료슈",
      "content": "萬・短・至・藝……我一定會展示出來。"
    },
    {
      "id": 67,
      "content": "三朝慌忙地把我們送了上去。"
    },
    {
      "id": 68,
      "place": "混亂不堪的K公司研究所走廊",
      "content": "幾個小時前還乾淨又安靜的走廊……"
    },
    {
      "id": 69,
      "content": "現在已經一片混亂，充斥著尖叫聲與正在逃跑的人。"
    },
    {
      "id": 70,
      "content": "一名研究員正在哭泣，並緊緊抓著一名技術解放聯盟成員。"
    },
    {
      "id": 71,
      "model": "K사연구원2",
      "teller": "瀕死的研究員",
      "title": "K公司 糧食資源改良部門",
      "content": "幫幫我……東朗先生……救救我吧……"
    },
    {
      "id": 72,
      "model": "동랑",
      "teller": "東朗",
      "title": "K公司 糧食資源改良部門",
      "content": "我的職員……正在求救，你不考慮放開他們嗎？"
    },
    {
      "id": 73,
      "model": "동랑",
      "teller": "東朗",
      "title": "K公司 糧食資源改良部門",
      "content": "如果你想要的是情報，我現在就提供給你。我們原計劃明天出去員工聚餐，而且我們定的那家餐館提供的肉類真的是非常美味。"
    },
    {
      "id": 74,
      "model": "동랑",
      "teller": "東朗",
      "title": "K公司 糧食資源改良部門",
      "content": "如果明天迎接我們的味道不是烤架上肉的香氣，而是葬禮上熏香的氣味，那可就真是太不幸了，不是嗎？"
    },
    {
      "id": 75,
      "model": "기술해방연합1",
      "teller": "聯盟成員",
      "title": "技術解放聯盟",
      "content": "情報？我們不需要。"
    },
    {
      "id": 76,
      "model": "히스클리프",
      "content": "呵，你現在兩手空空地就走進來？你們那些幫你們這群弱雞打架的機器人去哪了？"
    },
    {
      "id": 77,
      "model": "기술해방연합1",
      "teller": "聯盟成員",
      "title": "技術解放聯盟",
      "content": "我們也沒有帶上我們的機器人的需要。"
    },
    {
      "id": 78,
      "model": "기술해방연합1",
      "teller": "聯盟成員",
      "title": "技術解放聯盟",
      "content": "這裡看起來好東西就不少。"
    },
    {
      "id": 79,
      "model": "오티스",
      "content": "……不可能？"
    },
    {
      "id": 80,
      "model": "검문소경비2",
      "teller": "2級提取人員",
      "title": "K公司",
      "content": "我們的指令是去除恐怖分子。目標：所有部門。"
    },
    {
      "id": 81,
      "model": "이스마엘",
      "content": "呼。我們的人比他們要多得多。雖然有點不公平，但……看起來我們打敗他們不會有任何困難。"
    },
    {
      "id": 82,
      "model": "기술해방연합1",
      "teller": "聯盟成員",
      "title": "技術解放聯盟",
      "content": "蘭小姐的專長是駭入並劫持機器。"
    },
    {
      "id": 83,
      "model": "기술해방연합1",
      "teller": "聯盟成員",
      "title": "技術解放聯盟",
      "content": "相比於戰鬥，她更擅長駭客入侵。"
    },
    {
      "id": 84,
      "model": "K사앰플기계",
      "teller": "安瓿助手",
      "title": "K公司",
      "content": "歡迎。在K公司，我們最注重的是您的安全。"
    },
    {
      "id": 85,
      "model": "검문소경비",
      "teller": "2級提取人員",
      "title": "K公司",
      "content": "啊，等下……什麼……"
    },
    {
      "id": 86,
      "model": "K사앰플기계",
      "teller": "安瓿助手",
      "title": "K公司",
      "content": "為了所有人的安全，根據監管規定，試圖逃離戰場的逃兵將被注射崩解安瓿。如果你離開以120米為半徑的作戰區域，安瓿就會發射；你目前距離邊緣49米。"
    },
    {
      "id": 87,
      "model": "검문소경비",
      "teller": "2級提取人員",
      "title": "K公司",
      "content": "……呃……"
    },
    {
      "id": 88,
      "model": "해킹당한K사앰플기계",
      "teller": "安瓿助手",
      "title": "K公司",
      "content": "如果你在接下來的5秒內沒有攻擊敵人，將根據監管規則進行注射崩解安瓿處理。還剩4秒。"
    },
    {
      "id": 89,
      "model": "단테",
      "content": "<等下，我們……現在成了敵人嗎？>"
    },
    {
      "id": 90,
      "model": "검문소경비",
      "teller": "2級提取人員",
      "title": "K公司",
      "content": "可惡……我別無選擇……"
    },
    {
      "id": 91,
      "model": "뫼르소",
      "content": "……！"
    },
    {
      "id": 92,
      "model": "돈키호테",
      "content": "為什麼……！"
    },
    {
      "id": 93,
      "model": "검문소경비",
      "teller": "2級提取人員",
      "title": "K公司",
      "content": "我……不想被注入崩解安瓿。我想活下去……"
    },
    {
      "id": 94,
      "model": "해킹당한K사앰플기계",
      "teller": "安瓿助手",
      "title": "K公司",
      "content": "當前狀態：狀態正常，未檢測到逃兵。請有序排隊等候領取再生安瓿。"
    },
    {
      "id": 95,
      "model": "뫼르소",
      "content": "……是嗎。"
    },
    {
      "id": 96,
      "model": "오티스",
      "content": "他們把自己的生命與我們的放在同一座天平上，這與我們所做的並沒有什麼不同。請允許我們進行交戰。"
    },
    {
      "id": 97,
      "model":"단테",
      "content": "<……明白了。>"
    }
  ]
}