{
  "dataList": [
    {
      "id": 0,
      "place": "辛克萊的舊宅",
      "content": "隨著一聲巨響，圭多終於倒下了。"
    },
    {
      "id": 1,
      "content": "儘管不知道他是否真的斷了氣，但我連走上前去摘下那副頭盔來確認一下的力氣都沒有了。"
    },
    {
      "id": -1,
      "model": "//효과음",
      "content": "푹! 푹! 푹! 푹!"
    },
    {
      "id": 2,
      "content": "辛克萊似乎沒有注意到戰場的現狀，不斷固執地用手中的斧槍刺著某個審判官的屍體。"
    },
    {
      "id": 3,
      "content": "地上已經難以辨別出屍體的輪廓，只餘一團血肉模糊散落一地。"
    },
    {
      "id": 4,
      "model": "로쟈",
      "content": "辛克萊……冷靜一點。"
    },
    {
      "id": 5,
      "content": "他似乎除了眼前的屍體，已經什麼都注意不到了。"
    },
    {
      "id": 6,
      "content": "時不時傳來難以遏制憤怒的喘息聲，以及混雜在其中的微弱的抽泣聲。"
    },
    {
      "id": 7,
      "model": "싱클레어",
      "content": "全部……殺掉……"
    },
    {
      "id": 8,
      "content": "雖然大家都明白有阻止他繼續這樣下去的必要，但一時之間也沒有人敢上前。"
    },
    {
      "id": 9,
      "content": "他眼中的神采盡數散去，只餘無盡的憤怒籠罩。"
    },
    {
      "id": 10,
      "model": "돈키호테",
      "content": "現在是需要讓他恢復意識對吧，吾有簡單易行的辦法！"
    },
    {
      "id": 11,
      "content": "話音剛落，辛克萊突然被堂吉訶德一腳踢飛，隨後重重摔在了地板上。"
    },
    {
      "id": 12,
      "content": "然後……"
    },
    {
      "id": 13,
      "content": "她朝著倒下的辛克萊的臉開始揮拳。"
    },
    {
      "id": -1,
      "model": "//효과음",
      "content": "퍽 퍽 퍽"
    },
    {
      "id": 14,
      "content": "拳頭如雨點般落下。"
    },
    {
      "id": 15,
      "model": "로쟈",
      "content": "這，這……我們還是做點什麼比較好吧？"
    },
    {
      "id": 16,
      "model": "료슈",
      "content": "別管他們，這種幼稚的戰鬥用不著我們插手。"
    },
    {
      "id": 17,
      "content": "塵土飛揚……"
    },
    {
      "id": 18,
      "content": "終於，堂吉訶德停了下來。"
    },
    {
      "id": 19,
      "model": "돈키호테",
      "content": "怎麼樣，稍微清醒點了嗎？"
    },
    {
      "id": 20,
      "model": "싱클레어",
      "content": "唔，呃……"
    },
    {
      "id": 21,
      "model": "돈키호테",
      "content": "魯莽地就出手了真是對不住！過去吾也有會被興奮衝昏頭腦，像脫韁的野馬一般不停發狂的時候。"
    },
    {
      "id": 22,
      "model": "돈키호테",
      "content": "每到那時，吾的那些舊友們就會毆打吾直到恢復神智為止。"
    },
    {
      "id": 23,
      "model": "돈키호테",
      "content": "不這樣做的話，吾好像就不能從那樣的境地之中清醒過來。"
    },
    {
      "id": 24,
      "model": "이스마엘",
      "content": "啊，這麼說你和維吉里烏斯先生也算朋友唄？"
    },
    {
      "id": 25,
      "model": "로쟈",
      "content": "噗……"
    },
    {
      "id": 26,
      "model": "돈키호테",
      "content": "當，當然……！"
    },
    {
      "id": 27,
      "model": "싱클레어",
      "content": "嗚……嗚……"
    },
    {
      "id": 28,
      "content": "遍布淤傷的辛克萊臉上，有晶瑩的液體正在緩緩流下，和血色慢慢融在一起。"
    },
    {
      "id": 29,
      "model": "싱클레어",
      "content": "我不會就這樣放過她的……"
    },
    {
      "id": 30,
      "model": "싱클레어",
      "content": "我要回家去……把那個賤人……用木樁把她“噗”地刺死……然後——"
    },
    {
      "id": 31,
      "content": "他的喉嚨被抽泣填滿，再也沒能講出一句完整的話。"
    },
    {
      "id": 32,
      "content": "辛克萊終於不再抽噎，喃喃自語的聲音從指節的縫隙裡溢出來。"
    },
    {
      "id": 33,
      "model": "싱클레어",
      "content": "我……再次變得一無所有了，僅僅一夜之間。"
    },
    {
      "id": 34,
      "model": "싱클레어",
      "content": "那個時候……還沒有人會仗著“釘與錘”的名號到處炫耀，也看不到這麼多人聚在一起，招搖過市。"
    },
    {
      "id": 35,
      "model": "싱클레어",
      "content": "但是，不知從何時開始……"
    },
    {
      "id": 36,
      "model": "싱클레어",
      "content": "自稱“鐵鎚教”的人們，陸續來到了鎮上……"
    },
    {
      "id": 37,
      "model": "싱클레어",
      "content": "咕，嗚……"
    },
    {
      "id": 38,
      "model": "로쟈",
      "content": "好了，小傢伙，講到這裡就可以了……"
    },
    {
      "id": 39,
      "content": "羅佳把他攬過來，輕柔地拍著他的背。"
    },
    {
      "id": 40,
      "model": "싱클레어",
      "content": "有時候我仍然會覺得，"
    },
    {
      "id": 41,
      "model": "싱클레어",
      "content": "這一切都只是一場夢境，而我只是還沒能從惡夢中醒來罷了……"
    },
    {
      "id": 42,
      "model": "싱클레어",
      "content": "每天早上從睡夢中甦醒時……我總會想……"
    },
    {
      "id": 43,
      "model": "싱클레어",
      "content": "也許這次醒來時映入眼簾的……就能是我所熟悉的……家中的天花板。"
    },
    {
      "id": 44,
      "content": "他說到這裡，終於忍不住泣不成聲。"
    },
    {
      "id": 45,
      "content": "我們能做的只有等待他平靜下來罷了。"
    }
  ]
}