{
  "dataList": [
    {
      "id": 0,
      "place": "包間",
      "content": "我們盡力避開鐵工會首領淒慘的屍體，走上了電梯。"
    },
    {
      "id": 1,
      "place": "電梯內",
      "content": "之前在腦葉支部看到蟲子屍體就立刻嘟噥起來的羅佳，此時卻一聲不吭地按下了通往地下的按鈕。"
    },
    {
      "id": 2,
      "content": "隨後寂靜襲來……"
    },
    {
      "id": 3,
      "content": "索德早就憋了一肚子問題，開始連珠炮似地向羅佳提問。"
    },
    {
      "id": 4,
      "model": "소드",
      "teller": "索德",
      "title": "LCCB",
      "content": "你是怎麼不依靠願力就贏了的？"
    },
    {
      "id": 5,
      "model": "소드",
      "teller": "索德",
      "title": "LCCB",
      "content": "不對，比起那個，你怎麼確信自己能贏？"
    },
    {
      "id": 6,
      "model": "로쟈",
      "content": "停，稍微等等……一句一句慢點問，可以嗎？"
    },
    {
      "id": 7,
      "content": "羅佳微笑著讓索德冷靜下來，隨後緩緩開口。"
    },
    {
      "id": 8,
      "model": "로쟈",
      "content": "鐵工會的首領從一開始就對豆豆幫頗為警惕。"
    },
    {
      "id": 9,
      "model": "뫼르소",
      "content": "你怎麼知道？他明明是全身義體，根本看不出表情。"
    },
    {
      "id": 10,
      "model": "로쟈",
      "content": "這是顯而易見的。畢竟，豆豆幫的首領有願力提取機。"
    },
    {
      "id": 11,
      "model": "로쟈",
      "content": "他相當確信，這次的賭博中我們一定會用那東西。"
    },
    {
      "id": 12,
      "model": "에피",
      "teller": "埃菲",
      "title": "LCCB",
      "content": "也就是說……你故意讓他看到你貼上願望貼紙，從而引誘他？"
    },
    {
      "id": 13,
      "model": "로쟈",
      "content": "對！所以我才說了“勝負已分~”必須要讓對方覺得我很有信心。"
    },
    {
      "id": 14,
      "model": "로쟈",
      "content": "所有的賭博都是靠氣勢來決定成敗的。呼呼。"
    },
    {
      "id": 15,
      "model": "소드",
      "teller": "索德",
      "title": "LCCB",
      "content": "……"
    },
    {
      "id": 16,
      "model": "로쟈",
      "content": "你看，連你們也以為我用了願望貼紙吧？"
    },
    {
      "id": 17,
      "model": "로쟈",
      "content": "實際上，願望貼紙這東西，只不過是給許願的慾望起了個看起來挺像樣的名字罷了。"
    },
    {
      "id": 18,
      "model": "로쟈",
      "content": "據說對於絕對自信的人而言，那只不過是奇怪的紙片而已。"
    },
    {
      "id": 19,
      "model": "소드",
      "teller": "索德",
      "title": "LCCB",
      "content": "不可能是那樣的。J公司的願力相關技術早就是效果公認的準奇點技術了"
    },
    {
      "id": 20,
      "model": "소드",
      "teller": "索德",
      "title": "LCCB",
      "content": "有數萬人完全依靠著願力生活……"
    },
    {
      "id": 21,
      "model": "로쟈",
      "content": "現在這世道，恐怕沒有什麼能比這東西更能賦予人們自信了吧。"
    },
    {
      "id": 22,
      "model": "로쟈",
      "content": "但我可不同。"
    },
    {
      "id": 23,
      "model": "로쟈",
      "content": "因為我始終都很有自信。"
    },
    {
      "id": 24,
      "model": "이상",
      "content": "……自信，即可避免心靈墜入深淵。"
    },
    {
      "id": 25,
      "model": "이상",
      "content": "那麼，那份自信從何而來？"
    },
    {
      "id": 26,
      "model": "로쟈",
      "content": "啊，那個？真的很簡單來著，讓我教給你們吧，好好聽著哦。"
    },
    {
      "id": 27,
      "model": "싱클레어",
      "content": "哦……"
    },
    {
      "id": 28,
      "model": "로쟈",
      "content": "只要想著：“我就是最受歡迎的那個，別的什麼全都是胡說八道！就這樣裝作聽不見就好啦。 ”"
    },
    {
      "id": 29,
      "model": "파우스트",
      "content": "說的對，浮士德也這麼想。"
    },
{
      "id": 30,
      "model": "싱클레어",
      "content": "……"
    },
    {
      "id": 31,
      "model": "이상",
      "content": "……也許我根本不該問這個問題。"
    },
    {
      "id": 32,
      "model": "단테",
      "content": "<羅佳……你對待我說的話不會也是那麼做的吧？>"
    },
    {
      "id": 33,
      "content": "不幸的是，勝利的喜悅並未持續太久。"
    },
    {
      "id": 34,
      "place": "賭場地下礦山 1層",
      "content": "在洞窟裡不絕於耳的鶴嘴鋤的迴聲中，我們看到了嚴密守衛著金庫的警衛。"
    },
    {
      "id": 35,
      "content": "似乎在警告我們，“不會讓你們輕易到達地下盡頭”。"
    },
    {
      "id": 36,
      "model": "로쟈",
      "content": "等等！那樣的話即使贏下游戲也沒用了吧！"
    },
    {
      "id": 37,
      "model": "로쟈",
      "content": "為什麼我們要這樣偷偷摸摸地過去？此外，那群在用鶴嘴鋤的奴隸是誰？"
    },
    {
      "id": 38,
      "model": "소드",
      "teller": "索德",
      "title": "LCCB",
      "content": "我們確實拿到了所有權……但是你也知道，我們無法證明身份，在他們眼裡，我們和入侵者沒什麼區別。"
    },
    {
      "id": 39,
      "content": "在金庫前面半吊子藏著的我們，不管怎麼看都像是小偷。"
    },
    {
      "id": 40,
      "model": "이스마엘",
      "content": "真厲害，他們在挖洞的期間甚至連金庫都做出來了。"
    },
    {
      "id": 41,
      "model": "로쟈",
      "content": "真是美麗的光景……我要是死了，絕對要葬在這樣的金山裡，最後聞著紙幣的香氣長眠。"
    },
    {
      "id": 42,
      "model": "그레고르",
      "content": "說起來，之前那個一直瞟著我們的傢伙……是你的熟人嗎？"
    },
    {
      "id": 43,
      "model": "로쟈",
      "content": "……是故鄉的舊友。"
    },
    {
      "id": 44,
      "model": "단테",
      "content": "<相比於故鄉的舊友，似乎是更加微妙的關係。>"
    },
    {
      "id": 45,
      "model": "로쟈",
      "content": "我親愛的格雷格，相聚的滋味可沒有那麼好受啊，你上次碰到昔日戰友的時候不也很緊張嗎？"
    },
    {
      "id": 46,
      "model": "그레고르",
      "content": "……無法反駁啊。"
    },
    {
      "id": 47,
      "model": "홍루",
      "content": "鐵籠裡似乎有什麼在動。"
    },
    {
      "id": 48,
      "model": "홍루",
      "content": "是養了什麼寵物嗎？"
    },
    {
      "id": 49,
      "model": "이스마엘",
      "content": "你家管能把鐵籠搖壞的祖宗叫寵物？"
    },
    {
      "id": 50,
      "model": "파우스트",
      "content": "是大罪們。"
    },
    {
      "id": 51,
      "model": "단테",
      "content": "<他們是覺得自己能馴化異想體嗎？>"
    },
    {
      "id": 52,
      "model": "그레고르",
      "content": "如果我們親愛的尤莉小姐聽到了，光是那驚訝的嗤笑聲就能把大概三個人震飛吧。"
    },
    {
      "id": 53,
      "model": "싱클레어",
      "content": "尤莉小姐……"
    },
    {
      "id": 54,
      "model": "파우스트",
      "content": "理論上是可行的。"
    },
    {
      "id": 55,
      "model": "파우스트",
      "content": "如果它們擁有和人類匹敵的智力，並且具有反覆實驗證明的有效管理手段的話。"
    },
    {
      "id": 56,
      "model": "이스마엘",
      "content": "嘛……成功了的話似乎能成為不錯的看門狗。"
    },
    {
      "id": 57,
      "model": "홍루",
      "content": "哦？仔細一看，那些人的手指或身體的一部分被咬掉了。"
    },
    {
      "id": 58,
      "content": "謝天謝地，還好這次他沒說“這又是什麼潮流？ ”之類的無聊的話。"
    },
    {
      "id": 59,
      "model": "홍루",
      "content": "這種事最近很流行嗎？"
    },
    {
      "id": 60,
      "model": "단테",
      "content": "<……>"
    },
    {
      "id": 61,
      "content": "差點，差點就沒說了。"
    }
  ]
}