{
  "dataList": [
    {
      "id": 0,
      "place": "賭場 2F",
      "teller": "大叫的賭場客人",
      "title": "J公司 賭場",
      "content": "啊！！！別再輸了！！！"
    },
    {
      "id": 1,
      "teller": "大叫的賭場客人",
      "title": "J公司 賭場",
      "content": "可惡啊，我又輸了！這什麼時候才能是個頭啊？"
    },
    {
      "id": 2,
      "model": "흥겨운마리아치조직원",
      "teller": "歡快的流浪樂隊成員",
      "title": "流浪樂隊",
      "content": "嘿，等等，時間已到！我們需要小小地關照一下我們親愛的客人！"
    },
    {
      "id": 3,
      "model": "흥겨운마리아치조직원",
      "teller": "歡快的流浪樂隊成員",
      "title": "流浪樂隊",
      "content": "親愛的客人，我想您沒有忘記我們的規則吧？"
    },
    {
      "id": 4,
      "teller": "大叫的賭場客人",
      "title": "J公司 賭場",
      "content": "但，但是……我就只有這麼多錢……"
    },
    {
      "id": 5,
      "model": "흥겨운마리아치조직원",
      "teller": "歡快的流浪樂隊成員",
      "title": "流浪樂隊",
      "content": "如果你一再破壞賭桌上的氣氛，我們有可能會用你舉辦一場皮納塔派對。"
    },
    {
      "id": 6,
      "model": "그레고르",
      "content": "（呃，皮納塔派對是什麼？）"
    },
    {
      "id": 7,
      "model": "단테",
      "content": "<我可不想知道那是什麼……>"
    },
    {
      "id": 8,
      "content": "正在哭泣的客人從座位上站了起來，彷彿那種“友好”的威脅竟如此可怕。"
    },
    {
      "id": 9,
      "content": "然後，拿著工作人員給他的一對沙槌，他們……"
    },
    {
      "id": 10,
      "content": "……伴隨著連綿的嗚咽聲開始起舞……"
    },
    {
      "id": 11,
      "model": "히스클리프",
      "content": "這是搞哪齣……？"
    },
    {
      "id": 12,
      "model": "경쾌한마리아치조직원",
      "teller": "活潑的流浪樂隊成員",
      "title": "流浪樂隊",
      "content": "每位到達本層的訪客都必須遵守一條規則——馬里亞奇音樂的傳統，如果您不介意我這麼說的話。"
    },
    {
      "id": 13,
      "model": "경쾌한마리아치조직원",
      "teller": "活潑的流浪樂隊成員",
      "title": "流浪樂隊",
      "content": "賭博純粹是為了尋歡作樂，因此，賭博帶給您的所有悲傷和痛苦都必須昇華為舞蹈。"
    },
    {
      "id": 14,
      "model": "돈키호테",
      "content": "讓我這個騎士示範一下什麼才是舞蹈吧！"
    },
    {
      "id": 15,
      "content": "唉，這些裁判員比看上去要更嚴格。"
    },
    {
      "id": 16,
      "model": "흥겨운마리아치조직원",
      "teller": "歡快的流浪樂隊成員",
      "title": "流浪樂隊",
      "content": "這位不行。"
    },
    {
      "id": 17,
      "model": "경쾌한마리아치조직원",
      "teller": "活潑的流浪樂隊成員",
      "title": "流浪樂隊",
      "content": "她的動作並不誠懇。"
    },
    {
      "id": 18,
      "model": "돈키호테",
      "content": "你到底什麼意思？！"
    },
    {
      "id": 19,
      "model": "흥겨운마리아치조직원",
      "teller": "歡快的流浪樂隊成員",
      "title": "流浪樂隊",
      "content": "舞蹈是一扇心靈之窗。"
    },
    {
      "id": 20,
      "model": "경쾌한마리아치조직원",
      "teller": "活潑的流浪樂隊成員",
      "title": "流浪樂隊",
      "content": "若是沒有一顆清澈而純潔的心，那舞蹈就沒有意義了。"
    },
    {
      "id": 21,
      "model": "돈키호테",
      "content": "……"
    },
    {
      "id": 22,
      "model": "돈키호테",
      "content": "……我覺得你的看法相當無禮。"
    },
    {
      "id": 23,
      "model": "에피",
      "teller": "埃菲",
      "title": "LCCB",
      "content": "越來越失控了…… 索德，你在幹嘛呢？"
    },
    {
      "id": 24,
      "model": "소드",
      "teller": "索德",
      "title": "LCCB",
      "content": "哦，我在提前替我們寫檢討信。"
    }
  ]
}