{
  "dataList": [
    {
      "id": 0,
      "place": "賭場 3F",
      "model": "몸푸는철공회조직원",
      "teller": "正在熱身的鐵工會成員",
      "title": "鐵工會",
      "content": "你們這群腦癱最好趕緊把腦袋給摘下來，因為我們正好缺個足球踢著玩。"
    },
    {
      "id": 1,
      "model": "에피",
      "teller": "埃菲",
      "title": "LCCB",
      "content": "我差點忘了……他們是因為言語粗鄙而“聞名遐邇”的……"
    },
    {
      "id": 2,
      "model": "에피",
      "teller": "埃菲",
      "title": "LCCB",
      "content": "有傳言說他們僅憑一張嘴，光用精神傷害就放倒了許多敵對幫派成員……"
    },
    {
      "id": 3,
      "model": "히스클리프",
      "content": "喂！趁你的嘴還能說話時，給我——"
    },
    {
      "id": 4,
      "model": "몸푸는철공회조직원",
      "teller": "正在熱身的鐵工會成員",
      "title": "鐵工會",
      "content": "你個傻卵在看勾巴？你看你媽呢？死魚眼煩人得要死……"
    },
    {
      "id": 5,
      "model": "위협적인철공회조직원",
      "teller": "危險的鐵工會成員",
      "title": "鐵工會",
      "content": "沒事，兄弟，我剛才都把他的歡樂棒給打爆了。你瞧我現在說話，他的胯下都起回音了。"
    },
    {
      "id": 6,
      "model": "몸푸는철공회조직원",
      "teller": "正在熱身的鐵工會成員",
      "title": "鐵工會",
      "content": "管他媽的。怎麼著，他腦瓜子裡頭哪邊連幾滴漿糊都沒有？衝那擺設吼一聲還能彈個三回不成？"
    },
    {
      "id": 7,
      "model": "히스클리프",
      "content": "……"
    },
    {
      "id": 8,
      "model": "그레고르",
      "content": "額，他們不會是同一個屁眼裡教出的學生吧？"
    },
    {
      "id": 9,
      "model": "로쟈",
      "content": "……噗。"
    },
    {
      "id": 10,
      "model": "로쟈",
      "content": "但、但是這真的好好笑啊。別別別看我啊喂，看我幹嘛~"
    },
    {
      "id": 11,
      "model": "히스클리프",
      "content": "……去死。"
    },
    {
      "id": 12,
      "model": "히스클리프",
      "content": "……你們全他媽給我去死！！"
    }
  ]
}