{
  "dataList": [
    {
      "id": 0,
      "place": "混亂不堪的K公司研究所走廊",
      "model": "뫼르소",
      "content": "我回來了。"
    },
    {
      "id": 1,
      "model": "뫼르소",
      "content": "施倫妮的郵箱內有一封值得閱讀的郵件。"
    },
    {
      "id": 2,
      "model": "뫼르소",
      "content": "只是當時的環境不適合打印，所以我將其全部記憶了。"
    },
    {
      "id": 3,
      "model": "뫼르소",
      "content": "“希望你一切都好，前輩。左括號、星星、淚水、淚水、波浪號、脫字符、脫字符……閉括號。 ”"
    },
    {
      "id": 4,
      "model": "단테",
      "content": "<這，這些部分你可以省略掉的……>"
    },
    {
      "id": 5,
      "model": "뫼르소",
      "content": "明白了。我會省略掉那些不太重要的標點符號。"
    },
    {
      "id": 6,
      "model": "뫼르소",
      "content": "“我雖然想查清楚前輩說的是不是真的，但是因為那個混蛋，導致我很難靠近。 ”"
    },
    {
      "id": 7,
      "model": "슈렌느",
      "teller": "施倫妮",
      "title": "K公司研究所",
      "content": "“即使我已經升職成組長了，他們還是沒讓我加入……就因為我沒領到那個最佳員工獎。 ”"
    },
    {
      "id": 8,
      "model": "슈렌느",
      "teller": "施倫妮",
      "title": "K公司研究所",
      "content": "“而且不知道那傢伙有何企圖，他似乎從外面找了幫手。 ”"
    },
    {
      "id": 9,
      "model": "슈렌느",
      "teller": "施倫妮",
      "title": "K公司研究所",
      "content": "“聽說他們來自一個新生公司，但我沒法確認他們是什麼樣的人。我猜，他們一定都和那傢伙一樣狂妄自大吧。 ”"
    },
    {
      "id": 10,
      "model": "슈렌느",
      "teller": "施倫妮",
      "title": "K公司研究所",
      "content": "“就算……就算這樣我們還是會按照原計劃行動。 ”"
    },
    {
      "id": 11,
      "model": "슈렌느",
      "teller": "施倫妮",
      "title": "K公司研究所",
      "content": "“所以說我們……會回到光輝的過去的。 ”"
    },
    {
      "id": 12,
      "model": "슈렌느",
      "teller": "施倫妮",
      "title": "K公司研究所",
      "content": "“說實話，我過去最輝煌的時刻，是加入公司後第一次見到前輩您。 ”"
    },
    {
      "id": 13,
      "model": "슈렌느",
      "teller": "施倫妮",
      "title": "K公司研究所",
      "content": "“但我們的目標更加遠大，不是嗎。 ”"
    },
    {
      "id": 14,
      "model": "슈렌느",
      "teller": "施倫妮",
      "title": "K公司研究所",
      "content": "“所以，就讓我們在那裡再會吧。 ”"
    },
    {
      "id": 15,
      "model": "슈렌느",
      "teller": "施倫妮",
      "title": "K公司研究所",
      "content": "“在那個由於技術不復存在，而使得一切都變得更為輝煌的過去。 ”"
    },
    {
      "id": 16,
      "model": "슈렌느",
      "teller": "施倫妮",
      "title": "K公司研究所",
      "content": "“在那裡，翅膀未被切下的雞群將在草地上自在地飛翔。 ”"
    },
    {
      "id": 17,
      "model": "슈렌느",
      "teller": "施倫妮",
      "title": "K公司研究所",
      "content": "“當有人失去了手臂，大家都會安慰他……”"
    },
    {
      "id": 18,
      "model": "슈렌느",
      "teller": "施倫妮",
      "title": "K公司研究所",
      "content": "“並且學會如何在沒有手臂的情況下繼續共同生活。 ”"
    },
    {
      "id": 19,
      "model": "슈렌느",
      "teller": "施倫妮",
      "title": "K公司研究所",
      "content": "“豐足的食物、繁榮的文明，雖然我們現在享受著的一切資源都會消失不見……”"
    },
    {
      "id": 20,
      "model": "슈렌느",
      "teller": "施倫妮",
      "title": "K公司研究所",
      "content": "“在那個什麼都沒有的地方……我們可以漫步一整天。 ”"
    },
    {
      "id": 21,
      "model": "슈렌느",
      "teller": "施倫妮",
      "title": "K公司研究所",
      "content": "“對了，我準備委託外部的收尾人來執行我們的計劃。我的下屬對這些安瓿過於習慣了。 ”"
    },
    {
      "id": 22,
      "model": "슈렌느",
      "teller": "施倫妮",
      "title": "K公司研究所",
      "content": "“如果高速發展必定會帶給人們痛苦與折磨……”"
    },
    {
      "id": 23,
      "model": "뫼르소",
      "content": "“那我寧可放棄一切繁榮。 ”"
    },
    {
      "id": 24,
      "model": "뫼르소",
      "content": "“望您保重……謹上。 ”"
    },
    {
      "id": 25,
      "model": "뫼르소",
      "content": "星星，愛心愛心愛心。"
    },
    {
      "id": 26,
      "model": "히스클리프",
      "content": "可以了不用都說出來！"
    },
    {
      "id": 27,
      "model": "뫼르소",
      "content": "由於這些符號可能是某種序列或者密碼，所以我判斷不應糾結是否應當將其省略，並捨棄其為必要信息的可能性，而是應當將其保留，並讓經理判斷其重要性。"
    },
    {
      "id": 28,
      "model": "단테",
      "content": "<幹得好……>"
    },
    {
      "id": 29,
      "model": "이스마엘",
      "content": "多諷刺啊。"
    },
    {
      "id": 30,
      "model": "이스마엘",
      "content": "該說是萬幸嗎，還好施倫妮小姐沒看到之前解放聯盟成員們無情屠殺研究員的場景……"
    },
    {
      "id": 31,
      "model": "로쟈",
      "content": "她大概到死為止，都堅信自己所做的……是為了斷絕暴力的崇高事業吧……"
    },
    {
      "id": 32,
      "model": "로쟈",
      "content": "但的確，對她來說，帶著這種信念死去或許才是最好的。"
    }
  ]
}