{
  "dataList": [
    {
      "id": 0,
      "place": "10區後巷某處",
      "model": "히스클리프",
      "content": "媽的，這幫人怎麼殺不乾淨！"
    },
    {
      "id": 1,
      "model": "히스클리프",
      "content": "這樣下去，在到賭場之前我們全都會被耗死的。"
    },
    {
      "id": 2,
      "model": "홍루",
      "content": "別擔心，希斯克利夫。只要經理和我們在一起，我們就不會過勞死或什麼別的——"
    },
    {
      "id": 3,
      "model": "히스클리프",
      "content": "重點，完全，不是這個！ #@$@#$！！！"
    },
    {
      "id": 4,
      "model": "뫼르소",
      "content": "解決方法很簡單。斬首行動是迅速瓦解敵對組織的最好辦法。\n只要群龍無首，敵人的攻勢自然會分崩離析。"
    },
    {
      "id": 5,
      "model": "히스클리프",
      "content": "你、你是這裡唯一一個替我說話的。"
    },
    {
      "id": 6,
      "model": "히스클리프",
      "content": "我被徹底惹惱了，所以讓我們去打碎點誰的骨頭和腦袋之類的玩意吧。"
    },
    {
      "id": 7,
      "model": "돈키호테",
      "content": "由此，我們向前進發！"
    },
    {
      "id": 8,
      "model": "에피",
      "teller": "埃菲",
      "title": "LCCB",
      "content": "等等！你們倆給我回來！"
    },
    {
      "id": 9,
      "model": "에피",
      "teller": "埃菲",
      "title": "LCCB",
      "content": "……浮士德，這就是你的隊友嗎？"
    },
    {
      "id": 10,
      "model": "파우스트",
      "content": "人生總是充滿不解之謎。"
    },
    {
      "id": 11,
      "model": "이상",
      "content": "那邊正發生的，就是最好的體現，不是嗎？"
    },
    {
      "id": 12,
      "model": "히스클리프",
      "content": "告訴我你老大在哪！我要見他，立刻馬上！"
    },
    {
      "id": 13,
      "content": "希斯克利夫揪著一個馬仔的衣領，暴力地搖晃著。在我看來，那傢伙的魂恐怕早就丟了。"
    },
    {
      "id": 14,
      "content": "……大概有過之而無不及。"
    },
    {
      "id": 15,
      "model": "세보이고싶었던콩콩파조직원",
      "teller": "搥胸豆豆幫成員",
      "title": "豆豆幫",
      "content": "海洋之心……在汽車塔那裡……"
    },
    {
      "id": 16,
      "model": "히스클리프",
      "content": "什麼塔？那是什麼鬼地方？！講清楚點！"
    },
    {
      "id": 17,
      "model": "에피",
      "teller": "埃菲",
      "title": "LCCB",
      "content": "說得大概是旁邊那個廢車場吧。"
    },
    {
      "id": 18,
      "model": "에피",
      "teller": "埃菲",
      "title": "LCCB",
      "content": "不過說真的，你真打算要幹掉幫派老大？"
    },
    {
      "id": 19,
      "model": "에피",
      "teller": "埃菲",
      "title": "LCCB",
      "content": "你知道，這可不會算在你的員工績效總結裡的啊？"
    },
    {
      "id": 20,
      "model": "이스마엘",
      "content": "他的腦容量可辦不到把這些事考慮到他的行動中去。"
    },
    {
      "id": 21,
      "model": "오티스",
      "content": "他就是個廢物，完全不尊重方案或者計劃。相對應的，他就喜歡胡扯。"
    },
    {
      "id": 22,
      "model": "소드",
      "teller": "索德",
      "title": "LCCB",
      "content": "不…… 我確實覺得那很有道理。"
    },
    {
      "id": 23,
      "model": "소드",
      "teller": "索德",
      "title": "LCCB",
      "content": "別擔心，埃菲。我們總有個後備計劃，不是嗎？"
    },
    {
      "id": 24,
      "content": "索德平靜地說道。"
    },
    {
      "id": 25,
      "content": "不管怎樣，我能注意到她不時有意識地試圖保持平靜，讓我有理由懷疑她善良的外表只是偽裝。"
    },
    {
      "id": 26,
      "model": "소드",
      "teller": "索德",
      "title": "LCCB",
      "content": "如果按原定的角色扮演進入賭場已經沒戲了……"
    },
    {
      "id": 27,
      "model": "소드",
      "teller": "索德",
      "title": "LCCB",
      "content": "我們可以直接裝作豆豆幫成員上去。"
    },
    {
      "id": 28,
      "model": "소드",
      "teller": "索德",
      "title": "LCCB",
      "content": "這樣一來，就算是抱團行動也不會引起太多懷疑，而且也不會在到達頂樓之前惹上太多麻煩。"
    },
    {
      "id": 29,
      "model": "소드",
      "teller": "索德",
      "title": "LCCB",
      "content": "同時我們還能趁機從豆豆幫眾那兒抽出一些願力。"
    }
  ]
}