{
  "dataList": [
    {
      "id": 0,
      "place": "混亂不堪的K公司研究所走廊",
      "content": "我竭盡全力地忽視著我鐘錶下方的強烈炫光。"
    },
    {
      "id": 1,
      "content": "我注意到一群走過來的員工，他們的壓迫感與其他任何K公司員工都截然不同。"
    },
    {
      "id": 2,
      "model": "그레고르",
      "content": "啊，你一定是K公司的員工。喂！我看到那邊還有些研究人員沒有撤離……"
    },
    {
      "id": 3,
      "model": "K사3등급전투원",
      "teller": "3級提取人員",
      "title": "K公司",
      "content": "……"
    },
    {
      "id": 4,
      "content": "他們無視了我們的（準確來說是格里高爾的）話，上樓了。"
    },
    {
      "id": 5,
      "model": "동랑",
      "teller": "東朗",
      "title": "K公司 糧食資源改良部門",
      "content": "他們不是來營救的。消滅入侵者，保護機密技術的安全才是他們的任務。"
    },
    {
      "id": 6,
      "content": "或許是談話結束了，東朗很自然地插話說道。"
    },
    {
      "id": 7,
      "model": "동랑",
      "teller": "東朗",
      "title": "K公司 糧食資源改良部門",
      "content": "救援工作由1級員工負責。"
    },
    {
      "id": 8,
      "model": "돈키호테",
      "content": "哈！1級員工是否如1階收尾人那般高級？！啊，不愧是最高尚的……！"
    },
    {
      "id": 9,
      "model": "삼조",
      "teller": "三朝",
      "title": "K公司 糧食資源改良部門",
      "content": "啊？在這個巢裡1級是最低級別，數字越高表示級別越高……"
    },
    {
      "id": 10,
      "model": "돈키호테",
      "content": "什什什什什……什麼？！！！"
    },
    {
      "id": 11,
      "model": "돈키호테",
      "content": "……即便如此，拯救生命之事又無高低貴賤之分，為何要分工呢？"
    },
    {
      "id": 12,
      "model": "동랑",
      "teller": "東朗",
      "title": "K公司 糧食資源改良部門",
      "content": "哈哈，數字像錢一樣多不挺好嗎？"
    },
    {
      "id": 13,
      "model": "동랑",
      "teller": "東朗",
      "title": "K公司 糧食資源改良部門",
      "content": "啊，談話時間有些長了……不過別擔心，我已經獲得許可了。"
    },
    {
      "id": 14,
      "model": "단테",
      "content": "<……？>"
    },
    {
      "id": 15,
      "model": "히스클리프",
      "content": "啥？許可？幹嘛用的？"
    },
    {
      "id": 16,
      "model": "동랑",
      "teller": "東朗",
      "title": "K公司 糧食資源改良部門",
      "content": "通常情況下，似乎還需要大量的文書工作，但由於我們身處緊急情況，所以就盡量跳過了這些程序。應該沒事吧，三朝？"
    },
    {
      "id": 17,
      "model": "삼조",
      "teller": "三朝",
      "title": "K公司 糧食資源改良部門",
      "content": "呃……如果連續三天半加班加點地寫報告再提交的話，應該就沒什麼大問題了。"
    },
    {
      "id": 18,
      "model": "삼조",
      "teller": "三朝",
      "title": "K公司 糧食資源改良部門",
      "content": "並且嚴格來說，當你在沒有提交任何報告的情況下把他們帶進實驗室就已經很有問題了。"
    },
    {
      "id": 19,
      "model": "히스클리프",
      "content": "不是，這許可究竟幹嘛用的！"
    },
    {
      "id": 20,
      "model": "동랑",
      "teller": "東朗",
      "title": "K公司 糧食資源改良部門",
      "content": "看來冬柏已經朝著那裡去了。"
    },
    {
      "id": 21,
      "model": "동랑",
      "teller": "東朗",
      "title": "K公司 糧食資源改良部門",
      "content": "放映室。"
    },
    {
      "id": 22,
      "model": "동랑",
      "teller": "東朗",
      "title": "K公司 糧食資源改良部門",
      "content": "那個地方真的……安保程序極其複雜。"
    },
    {
      "id": 23,
      "model": "로쟈",
      "content": "放映室？光聽名字想像不出是用來幹什麼的~"
    },
    {
      "id": 24,
      "model": "홍루",
      "content": "也不知道為什麼安保那麼嚴密~"
    },
    {
      "id": 25,
      "model": "동랑",
      "teller": "東朗",
      "title": "K公司 糧食資源改良部門",
      "content": "它在研究所的最上層。"
    },
    {
      "id": 26,
      "model": "동랑",
      "teller": "東朗",
      "title": "K公司 糧食資源改良部門",
      "content": "讓這類東西變得難以接近……本來就兩種方法。要麼深埋地下，要麼就置於頂峰。"
    }
  ]
}