{
  "dataList": [
    {
      "id": 0,
      "place": "卡爾夫鎮 廣場",
      "model": "이상",
      "content": "我就老實說吧。\n我是不知道你是怎麼來到這裡的。\n這實際上是一種處理出錯的訊息。"
    },
    {
      "id": 1,
      "model": "파우스트",
      "content": "所以，如果你看到了這個劇情的話...\n請告訴任何一個製作或漢化這個遊戲的作者，好嗎？\n他們會修正，如果這是個新的程式...\n他們甚至可能會增加新的劇情。"
    },
    {
      "id": 2,
      "model": "돈키호테",
      "content": "但，最有可能的是...\n你就只是個骯髒的駭客，不是嗎？"
    }
  ]
}