{
  "dataList": [
    {
      "id": 0,
      "model": "이상",
      "content": "<color=#d4e1e8>每當憶起那段時光，都感覺自己就像輕輕地飄浮著一樣。</color>"
    },
    {
      "id": 1,
      "model": "이상",
      "content": "<color=#d4e1e8>是的，我以彷彿遨遊天際的感覺，忍受著生活。</color>"
    },
    {
      "id": 2,
      "model": "이상",
      "content": "<color=#d4e1e8>由此，我不知自己是否有翼，亦或只是一個沒有自知的愚人。</color>"
    },
    {
      "id": 3,
      "model": "과거동랑",
      "teller": "東朗",
      "title": "？？？",
      "content": "李箱，你又不睡覺光顧著研究了嗎？我都已經提醒你好幾次了再這樣會猝死的。"
    },
    {
      "id": 4,
      "model": "과거동백",
      "teller": "冬柏",
      "title": "？？？",
      "content": "他與我們不同。他一旦專注於某事就會廢寢忘食，你不記得嗎？"
    },
    {
      "id": 5,
      "model": "과거동랑",
      "teller": "東朗",
      "title": "？？？",
      "content": "算了，冬柏。所以……你想在這次的朗誦會中為我們展示什麼呢？"
    },
    {
      "id": 6,
      "model": "과거동랑",
      "teller": "東朗",
      "title": "？？？",
      "content": "像那樣不分晝夜只待在房間裡，就算不想期待我也根本做不到啊。"
    },
    {
      "id": 7,
      "model": "과거이상",
      "teller": "李箱",
      "title": "？？？",
      "content": "這次……我試著製造了名為“鏡”的事物。"
    },
    {
      "id": 8,
      "content": "<color=#d4e1e8>故而總恍惚不清。</color>"
    },
    {
      "id": 9,
      "content": "<color=#d4e1e8>我至今都無法確言，對那日抱有的是悔意，還是深深感慨。</color>"
    },
    {
      "id": 10,
      "place": "K巢 腦葉公司支部 主管辦公室",
      "model": "단테",
      "content": "<……李箱先生……李箱！沒事吧？>"
    },
    {
      "id": 11,
      "model": "이상",
      "content": "……"
    },
    {
      "id": 12,
      "content": "李箱緩緩睜開了雙眼。"
    },
    {
      "id": 13,
      "content": "這些人的死而復生是如此的輕鬆。"
    },
    {
      "id": 14,
      "model": "이상",
      "content": "是啊……這次你也一如既往地回調了時間。"
    },
    {
      "id": 15,
      "model": "단테",
      "content": "<……>"
    },
    {
      "id": 16,
      "content": "金枝在貫穿他的胸口時，迸發出的耀眼金光暫時遮蔽了所有人的視野······"
    },
    {
      "id": 17,
      "content": "在那期間，冬柏已經不見踪影。"
    },
    {
      "id": 18,
      "content": "照片中相視而笑的人們現在已不知所蹤，"
    },
    {
      "id": 19,
      "content": "只有東朗彷彿是為了回味目前的狀況一般望著虛空。"
    },
    {
      "id": 20,
      "model": "동랑",
      "teller": "東朗",
      "title": "K公司 糧食資源改良部門",
      "content": "……冬柏一定是抱著刺傷我的目的等在這裡的。"
    },
    {
      "id": 21,
      "model": "동랑",
      "teller": "東朗",
      "title": "K公司 糧食資源改良部門",
      "content": "雖然她可能通過施倫妮與蘭前輩得知了我有除了K公司員工以外的協助者……"
    },
    {
      "id": 22,
      "model": "동랑",
      "teller": "東朗",
      "title": "K公司 糧食資源改良部門",
      "content": "但她並沒想到李箱也在其中。"
    },
    {
      "id": 23,
      "model": "홍루",
      "content": "啊~所以是故意將李箱先生帶到此處的嗎？"
    },
    {
      "id": 24,
      "model": "동랑",
      "teller": "東朗",
      "title": "K公司 糧食資源改良部門",
      "content": "呃……你是以為我知道自己會被襲擊所以才會帶來肉盾嗎？雖然我的預測能力並不一般，但也並不是能做到預知。"
    },
    {
      "id": 25,
      "model": "삼조",
      "teller": "三朝",
      "title": "K公司 糧食資源改良部門",
      "content": "就結果而言，這很好。那種攻擊可是以奪走性命為目標的。"
    },
    {
      "id": 26,
      "model": "그레고르",
      "content": "啥……？什麼……我們的同伴被刺死後又復生，你卻在說什麼這很好之類的話……"
    },
    {
      "id": 27,
      "model": "삼조",
      "teller": "三朝",
      "title": "K公司 糧食資源改良部門",
      "content": "我們這邊不是沒有需要做人身傷害賠償的部分嗎？或許有心理上的問題的話也可以進行請求，不過那個處理手續相當繁瑣，還請充分考慮……"
    },
    {
      "id": 28,
      "model": "그레고르",
      "content": "不是，所以說現在你說的這些話……"
    },
    {
      "id": 29,
      "model": "이상",
      "content": "罷了。"
    },
    {
      "id": 30,
      "model": "이상",
      "content": "已經不再有一點疼痛了。所以就此結束吧。"
    },
    {
      "id": 31,
      "content": "只要回撥時鐘，一切就會復原。"
    },
    {
      "id": 32,
      "content": "不論是被撕碎的衣物，血跡，還是傷痕，都不會留下。"
    },
    {
      "id": 33,
      "content": "但是這並不等於無事發生。"
    },
    {
      "id": 34,
      "content": "所以就算是看在這一點上，我問道。"
    },
    {
      "id": 35,
      "model": "단테",
      "content": "<李箱，你現在沒事吧？>"
    },
    {
      "id": 36,
      "content": "雖然以前李箱會用“沒錯”之類的回答將就一下，所以不方便進一步追問……"
    },
    {
      "id": 37,
      "content": "名為仇甫的人不也是以朋友稱呼著他，卻把他連同罪人們一同斬掉了嗎。"
    },
    {
      "id": 38,
      "model": "이상",
      "content": "看來，你一定對此頗為好奇。"
    },
    {
      "id": 39,
      "content": "看來這次，他並沒有想要敷衍了事的想法。"
    },
    {
      "id": 40,
      "model": "이상",
      "content": "曾有一時，我置身於名為九人會的團體之中。仇甫，東朗，刺穿我胸膛的冬柏。經理，正是與你所見識過的那幾人一起。"
    },
    {
      "id": 41,
      "model": "이상",
      "content": "但是有一天，發生了分解，並分離。人們各自飛向了應當走上的道路。"
    },
    {
      "id": 42,
      "model": "이상",
      "content": "僅此而已。"
    },
    {
      "id": 43,
      "model": "로쟈",
      "content": "什麼啊~比起說是僅此而已，倒是感覺漏掉了很多。"
    },
    {
      "id": 44,
      "model": "로쟈",
      "content": "發生了這樣那樣的事情分離之後由於某些緣故變成了拔刀相向的關係~是這樣的嗎？"
    },
    {
      "id": 45,
      "model": "싱클레어",
      "content": "或者有可能從一開始就不是朋友。"
    },
    {
      "id": 46,
      "model": "이상",
      "content": "僅僅是瞬間。因為是瞬間，故以“僅此”表達更為貼切。"
    },
    {
      "id": 47,
      "content": "他的話變多了。不對，雖然目前還沒有那麼囉嗦，但可以感覺到他接下來就要變囉嗦了。"
    },
    {
      "id": 48,
      "content": "不知何時……浮士德說他原本並不寡言的話在我腦海中閃過。"
    },
    {
      "id": 49,
      "model": "단테",
      "content": "<李箱，你真的沒事嗎？>"
    },{
      "id": 50,
      "model": "이상",
      "content": "我總是沒關係的。"
    },
    {
      "id": 51,
      "content": "因為說他原本如此，所以現在說不定真的是沒事。"
    },
    {
      "id": 52,
      "content": "但是，我的直覺仍然告訴我擔心他的安危才是正確之舉。"
    },
    {
      "id": 53,
      "model": "단테",
      "content": "<所以說，最近。有沒有……最為高興或者難過的瞬間之類的嗎？>"
    },
    {
      "id": 54,
      "model": "이상",
      "content": "……今天你唯獨對我頗為關心。雖然並不令人高興……但既然你與平時頗有不同，我將作答。"
    },
    {
      "id": 55,
      "model": "이상",
      "content": "硬要說的話，最近最為高興的事情是……舉辦朗誦會的時候。"
    },
    {
      "id": 56,
      "model": "이상",
      "content": "最為絕望的瞬間是……"
    },
    {
      "id": 57,
      "model": "이상",
      "content": "第一次與你相遇的那片森林。"
    },
    {
      "id": 58,
      "model": "이상",
      "content": "在那裡，我那無容置疑逝去的生命被再生的瞬間。"
    },
    {
      "id": 59,
      "model": "이상",
      "content": "以及現在。意識到再生永遠完美且沒有變化的此刻。"
    },
    {
      "id": 60,
      "model": "이상",
      "content": "如何，這算是作答了嗎？"
    },
    {
      "id": 61,
      "model": "단테",
      "content": "<……>"
    },
    {
      "id": 62,
      "model": "이상",
      "content": "現在，該上路了吧？看起來前路漫漫。"
    },
    {
      "id": 63,
      "content": "突然……"
    },
    {
      "id": 64,
      "content": "好像只有我看得到。"
    },
    {
      "id": 65,
      "content": "雖然被完美的彌合著，但又完美的被洞穿著的……"
    },
    {
      "id": 66,
      "content": "不論怎麼看都看不出被彌合過的事實的，開在他那胸膛上的洞口。"
    }
  ]
}