{
  "dataList": [
    {
      "id": 0,
      "place": "K公司 檢查站",
      "model": "단테",
      "content": "<雖然我已經習慣這種情況了，但這次感覺相當嚴重啊。>"
    },
    {
      "id": 1,
      "model": "파우스트",
      "content": "的確如此。畢竟，我們觸犯了翼的禁忌。"
    },
    {
      "id": 2,
      "model": "단테",
      "content": "<他們的那些人都像根本沒受傷一樣——我們不能和他們好好談談嗎？>"
    },
    {
      "id": 3,
      "content": "浮士德直視著我的臉。"
    },
    {
      "id": 4,
      "content": "浮士德通常只盯著空地說話，她直視某人只能說明一件事。"
    },
    {
      "id": 5,
      "content": "我一定說了些非常令人沮喪的話。"
    },
    {
      "id": 6,
      "model": "파우스트",
      "content": "無論是哪片翼，觸犯了禁忌都意味著——"
    },
    {
      "id": -1,
      "model": "//효과음",
      "content": "총소리와 폭발 소리"
    },
    {
      "id": 7,
      "content": "一聲巨響後，堂吉訶德在她剛站著的地方被肢解了。"
    },
    {
      "id": 8,
      "model": "파우스트",
      "content": "可以不提前警告，直接對違犯者採取致命措施。"
    },
    {
      "id": 9,
      "content": "看來邊境管制部門直到他們肢解完其餘的罪人為止，都不願原諒我們……"
    },
    {
      "id": 10,
      "content": "武裝安保人員包圍著我們。"
    },
    {
      "id": 11,
      "model": "베르길리우스",
      "content": "……你總是能讓我感到驚奇。"
    },
    {
      "id": 12,
      "model": "베르길리우스",
      "content": "你成功地讓我對你的最後一滴期望也被擰乾。"
    },
    {
      "id": 13,
      "model": "베르길리우스",
      "content": "我不管了。把一切都歸咎於她，或是承擔責任，無論怎樣都隨你便吧。"
    },
    {
      "id": 14,
      "model": "이스마엘",
      "content": "我還以為你會和我們一起處理那些經理無法獨自應對的情況？！"
    },
    {
      "id": 15,
      "model": "베르길리우스",
      "content": "我與你們同行是為了解決不可避免的問題，而不是為了介入這種無聊的事。"
    },
    {
      "id": 16,
      "content": "維吉里烏斯若無其事地穿過武裝警衛的隊伍，斜靠在一面牆邊。"
    },
    {
      "id": 17,
      "content": "然後他交叉著雙臂，就像要繼續開車回家的人一樣，仍然作為一個旁觀者靠在一旁。"
    }
  ]
}