{
  "dataList": [
    {
      "id": 0,
      "model": "싱클레어",
      "content": "嗚呃……味道……好重……"
    },
    {
      "id": 1,
      "model": "이상",
      "content": "嗯……我能感覺到我的肺正逐漸富集著那些垃圾。"
    },
    {
      "id": 2,
      "model": "이상",
      "content": "這味道反而有助於頭腦變得清醒。"
    },
    {
      "id": 3,
      "model": "파우스트",
      "content": "最後警告一次：如果你死在這裡，就算是戰鬥結束之後，但丁也沒法讓你復活。"
    },
    {
      "id": 4,
      "model": "홉킨스",
      "teller": "霍普金斯",
      "title": "8階收尾人",
      "content": "復活……？"
    },
    {
      "id": 5,
      "model": "아야",
      "teller": "阿雅",
      "title": "8階收尾人",
      "content": "這一定是某個流行的笑話之類的……呼，最近都不知道城裡又流傳著什麼故事~"
    },
    {
      "id": 6,
      "content": "雖然產生了一些誤會，但看到浮士德不打算為此特意解釋，我也決定束手旁觀。"
    },
    {
      "id": 7,
      "content": "眼下，這種惡臭的來源才是更迫切的問題。"
    },
    {
      "id": 8,
      "model": "단테",
      "content": "看來他死後已經過了很長時間。"
    },
    {
      "id": 9,
      "model": "오티스",
      "content": "敏銳的觀察，經理。看來屍體的腐敗已經進入了活躍期。"
    },
    {
      "id": 10,
      "model": "로쟈",
      "content": "哎呀，看來蟲子們正在大快朵頤。"
    },
    {
      "id": 11,
      "model": "그레고르",
      "content": "……快走吧。"
    },
    {
      "id": 12,
      "model": "로쟈",
      "content": "嗯……格雷格？親愛的，難道你害怕蟲子嗎？"
    },
    {
      "id": 13,
      "model": "그레고르",
      "content": "……哈，我相信你是個成熟的人，不會做拿死蟲子貼在別人臉上這種事……"
    },
    {
      "id": 14,
      "model": "로쟈",
      "content": "鏘！！！"
    },
    {
      "id": 15,
      "model": "그레고르",
      "content": "但是以防萬一——啊啊！快把它拿走！這有什麼好玩的？！"
    },
    {
      "id": 16,
      "model": "로쟈",
      "content": "噗……太好笑了，沒想到你竟然怕這些小蟲子……"
    },
    {
      "id": 17,
      "model": "로쟈",
      "content": "……格雷格？你有這麼討厭它嗎？"
    },
    {
      "id": 18,
      "model": "그레고르",
      "content": "……算了。"
    },
    {
      "id": 19,
      "model": "아야",
      "teller": "阿雅",
      "title": "8階收尾人",
      "content": "你那塊錶真厲害啊~ 我從沒在別的地方見過那樣的科技。"
    },
    {
      "id": 20,
      "model": "홉킨스",
      "teller": "霍普金斯",
      "title": "8階收尾人",
      "content": "那一定能和奇-奇點技術比肩…… 是哪片翼創造出的……"
    },
    {
      "id": 21,
      "content": "霍普金斯貪婪地注視著我的頭。"
    },
    {
      "id": 22,
      "content": "我實在想忽略他那塞滿了什麼東西的口袋，但還是總忍不住看過去。"
    },
    {
      "id": 23,
      "model": "로쟈",
      "content": "但丁，你為什麼要那樣抱著腦袋？"
    },
    {
      "id": 24,
      "model": "단테",
      "content": "<沒，沒什麼。>"
    },
    {
      "id": 25,
      "model": "이상",
      "content": "浮士德女士，我們的經理能用鐘錶的力量來恢復這幾位嚮導的生命嗎？"
    },
    {
      "id": 26,
      "model": "파우스트",
      "content": "鐘錶的力量只會作用在我們，也就是罪人身上。"
    },
    {
      "id": 27,
      "model": "아야",
      "teller": "阿雅",
      "title": "8階收尾人",
      "content": "哦，好吧~ 我覺得那樣確實更好啦。"
    },
    {
      "id": 28,
      "model": "아야",
      "teller": "阿雅",
      "title": "8階收尾人",
      "content": "想像一下，在肚子被開了個大洞的情況下突然活過來。那不會很難受嗎？"
    },
    {
      "id": 29,
      "model": "아야",
      "teller": "阿雅",
      "title": "8階收尾人",
      "content": "嘛，你要知道，其實腹部開個洞也挺幸運的。大概不出幾秒鍾小命就——"
    },
    {
      "id": 30,
      "model": "쓰러진아야",
      "content": "啊。"
    },
    {
      "id": 31,
      "content": "一條硬質的觸手從牆壁中迸出，一瞬間穿透了阿雅的腹部。"
    },
    {
      "id": 32,
      "model": "오티스",
      "content": "所有單位，準備戰鬥。"
    },
    {
      "id": 33,
      "model": "쓰러진아야",
      "teller": "阿雅",
      "title": "8階收尾人",
      "content": "……我說什麼來著？"
    },
{
      "id": 34,
      "model": "쓰러진아야",
      "teller": "阿雅",
      "title": "8階收尾人",
      "content": "我一直…… 都是個…… 幸運的女孩……"
    },
    {
      "id": 35,
      "model": "유리",
      "teller": "尤莉",
      "title": "8階收尾人",
      "content": "阿雅！！！"
    },
    {
      "id": 36,
      "model": "이상",
      "content": "她的生命已經逝去了。"
    },
    {
      "id": 37,
      "model": "그레고르",
      "content": "現在…… 尤其是在這種情況下，你得努力挺住，好嗎，尤莉？"
    },
    {
      "id": 38,
      "model": "유리",
      "teller": "尤莉",
      "title": "8階收尾人",
      "content": "但，但是……"
    },
    {
      "id": 39,
      "model": "파우스트",
      "content": "這種攻擊形式並不常見。我們所面對的很有可能是一個異想體。"
    },
    {
      "id": 40,
      "model": "오티스",
      "content": "請您下令，經理。"
    },
    {
      "id": 41,
      "content": "我很同情尤莉；她啜著眼淚把視線從阿雅的屍體轉移到我們身上。但不管怎樣……"
    },
    {
      "id": 42,
      "model": "단테",
      "content": "<……尤莉，霍普金斯和阿雅這三人。我對他們無能為力。>"
    },
    {
      "id": 43,
      "model": "단테",
      "content": "<不想再有更多人喪生的話，我們現在就該應戰了。>"
    },
    {
      "id": 44,
      "model": "오티스",
      "content": "明智的決定，經理。"
    },
    {
      "id": 45,
      "model": "홉킨스",
      "teller": "霍普金斯",
      "title": "8階收尾人",
      "content": "你的那種滴答聲能表達意義……？"
    },
    {
      "id": 46,
      "content": "奧提斯怒視著霍普金斯，但很快就分清了輕重緩急。她正為了呼號而準備換氣——"
    },
    {
      "id": 47,
      "model": "오티스",
      "content": "……是經理的命令，跟班們！"
    },
    {
      "id": 48,
      "model": "오티스",
      "content": "構築包圍陣型。目標是，前方的舉異者！"
    },
    {
      "id": 49,
      "model": "유리",
      "teller": "尤莉",
      "title": "8階收尾人",
      "content": "如您所願。"
    },
    {
      "id": 50,
      "model": "그레고르",
      "content": "說實在的…… 我不確定你能不能說那東西算是個“人”。"
    },
    {
      "id": 51,
      "content": "緩步蔓延的藤蔓，跟著有幾人多高的一個黑影。"
    },
    {
      "id": 52,
      "content": "它…… 在靠近，那種壓迫感甚於我們曾面對的任何敵人。"
    }
  ]
}