{
  "dataList": [
    {
      "id": 0,
      "place": "腦葉公司支部內某處",
      "model": "그레고르",
      "content": "總算是完事咯。多虧這檔子事我算是深刻認識到了接連斷掉八根肋骨是什麼感覺。"
    },
    {
      "id": 1,
      "model": "파우스트",
      "content": "比起說是結束，倒不如說現在才算開始。"
    },
    {
      "id": 2,
      "model": "파우스트",
      "content": "廢棄的腦葉公司支部中，到處都會有像這樣的異想體。"
    },
    {
      "id": 3,
      "model": "히스클리프",
      "content": "所以說以後也得接著和這些混帳怪物打交道嗎？"
    },
    {
      "id": 4,
      "model": "파우스트",
      "content": "是的。除此之外，你還會遇到其他一些不可預測的風險。以及，它們更準確的名稱是異想體，而不是怪物。"
    },
    {
      "id": 5,
      "model": "로쟈",
      "content": "竟然無法預測……太過份了。這是不是有點太不負責任了？"
    },
    {
      "id": 6,
      "model": "파우스트",
      "content": "所以我們將時間交付與您。讓我們得以重生。"
    },
    {
      "id": 7,
      "model": "단테",
      "content": "<另外，每當你們死亡的時候，我都得繼續撥動時鐘。>"
    },
    {
      "id": 8,
      "model": "파우스트",
      "content": "這也是您進入公司的條件。"
    },
    {
      "id": 9,
      "model": "이스마엘",
      "content": "那可真是可怕到再也不願面對的經歷……到底要戰鬥到什麼時候為止呢？"
    },
    {
      "id": 10,
      "model": "파우스트",
      "content": "你知道的。"
    },
    {
      "id": 11,
      "model": "파우스트",
      "content": "直到回收位於這裡某處的金枝為止。"
    }
  ]
}