{
  "dataList": [
    {
      "id": 8082,
      "codeName": "00-00-00",
      "name": "克羅默",
      "clue": "線索",
      "storyList": [
        {
          "level": 0,
          "story": "我真的不喜歡寫這些記錄……\n但如果這是要求的話……我會寫的。\n我此前從未與克羅默交過手，也沒見過N公司士兵戰鬥的樣子……不過據我所知，她總是隨身帶著一把劍，大概會點劍術。\n至於她的樣貌……和我印像中沒太大區別，只是現在更高了些……\n還有她那震耳發聵的笑聲，持續轟鳴、令人顛倒錯亂……\n呃啊，我能先到此為止嗎？\n→這段記錄沒什麼用處。"
        },
        {
          "level": 1,
          "story": "那個混蛋，她殺了我們的罪人們！\n她已經殺穿了後排……\n現在她又吹著那可惡的口哨……向我走來……\n我什麼都做不了……那聲音讓我直僵在原地……\n我只能眼睜睜看著克羅默屠殺其他夥伴……\n理智告訴我我現在極想碾碎她的頭顱……但我的身體完全無法動彈。\n我到底該怎麼做……你能告訴我嗎，經理？"
        },
        {
          "level": 2,
          "story": "我……\n我仍然對克羅默深感畏懼。\n光是迎著她的臉我就面部抽搐，她的刀讓我不寒而栗。\n她那雙充斥著瘋狂的眼睛讓我不斷回想起聖誕夜發生的慘劇，看到她詭異的笑容我還是會瑟瑟發抖。\n但……\n但我不會再害怕了。\n我的意志現在能夠抵抗她的口哨聲了。\n她的惡行太過骯髒，我絕不會再袖手旁觀；若放那惡鬼安然離開，我也無顏面對被她殺死的罪人們。\n自離開克羅默以後，我已經改變了許多。\n我經歷了很多死亡，也親手了結了很多生命。\n現在，我也可以徹底瘋狂了。\n所以，我一定……\n我一定要用木樁狠狠洞穿她的胸膛，一遍又一遍地將她洞穿。\n→這樣的心態很好，我很喜歡。\n→儘管你願意直面戰鬥的心態令人敬佩，但這份記錄是用於記載你觀察得出的客觀結果，而非個人主觀的決心表達。\n→抱歉……我下次會改正的。"
        }
      ]
    },
    {
      "id": 8083,
      "codeName": "??-??-??-??",
      "name": "欲成原初的克羅默",
      "clue": "線索",
      "storyList": [
        {
          "level": 0,
          "story": "當我仔細回想時，我意識到克羅默一直以來對肉體都有種近乎狂熱的痴迷。\n而這種痴迷不斷積累，最終造就了我們現在看到的東西……一個陰森駭人、令人作嘔的怪物。\n在這一切發生之前……我同意她的觀點。將一部分血肉之軀用別的什麼東西代替，這種想法曾讓我感到不適。\n但是現在，我明白了——真正可憎的，是堅信只有自己才是唯一正道的荒謬思想……並任由自己淪陷於這種盲目的信仰中。"
        }
      ]
    },
    {
      "id": 8084,
      "codeName": "O-02-11-26",
      "name": "斷首魚",
      "clue": "線索",
      "storyList": [
        {
          "level": 0,
          "story": "該實體與魚類相似。\n- 其本該是頭部的地方被切斷。\n- 切口十分利落，推測為劍刃或鐮刀一類的單刃道具切割而成。\n- 儘管頭部被切斷，但仍然可以觀察到其活動。雖然由於異想體的特性，使得其活動與頭部是否被切斷無關，但依舊進行記錄。\n- 在其胸口有一個膨脹的囊袋。未能進行精確觀察。\n- 進行進一步觀察後，將在此新增敘述。"
        },
        {
          "level": 1,
          "story": "- 觀察到該實體胸口膨脹的囊袋是何種現象。\n- 推測那是類似於花，同時也類似於人類的大腦和脊椎一樣的物體。\n- 該實體能夠使囊袋膨脹並以此進行攻擊，或是瞬間壓縮囊袋噴出液體。\n- 判斷該結構是令其進行多種攻擊的主要物體。個人認為快速破壞該結構將是有效的方式。\n- 進行進一步觀察後，將在此新增敘述。"
        }
      ]
    },
    {
      "id": 8085,
      "codeName": "O-02-10-11",
      "name": "巷頭惡犬",
      "clue": "線索",
      "storyList": [
        {
          "level": 0,
          "story": "我將會在下文中描述這傢伙給我留下的印象。\n從外觀來看，它類似於由三頭通體烏黑的狼以某種精密技藝縫合而成的生物。不，它的嘴不止三張——實際的縫合數也許更多。\n在這隻犬科生物的頭部之上是一具人身，由於遭到了嚴重的燒灼已經無法清晰辨認了。儘管一般來說，這種程度的燃燒已足以使任何自然軀體灰飛煙滅，但這傢伙要多結實有多結實，它的肌肉甚至仍有所動作。\n除此之外，就像處刑犯人時會做的那樣，一排木製的電線桿被穿入了那匹狼的身體裡。它們時不時會釋放電流，但我怎麼也想不明白這些電是從哪來的。\n以上。"
        },
        {
          "level": 1,
          "story": "我曾與它交戰過。\n它像是著了魔一樣飛速向我衝來。\n它的神情既不像聽令去戰鬥的獵犬，也與野獸為求果腹狩獵的樣子不同。\n這副表情讓我覺得，它除了沖向我之外也許別無選擇。\n我看見一條紫色的電弧竄上它的後背。這讓我想起曾經在實驗室裡做過類似的生物實驗。\n電擊能夠控制動物的軀體，使它們聽憑他人的意志運動。\n我不禁懷疑這種生物是否也在遭受同樣的操縱。\n雖然它用爪子重傷了我，但我還是有點同情它的。\n以上。"
        },
        {
          "level": 2,
          "story": "它的嚎叫如雷貫耳。\n具體描述一下那情景：閃電匯聚一端，就像是世上的所有雷霆都同時劈中了它；因此我說它的嚎叫“如雷貫耳”實在不算誇大。\n我於是得以理解它身上的電能從何而來。\n這個生物就像是一個活體電池。它把閃電吸收進自己的身體裡，並將其作為自己運作的動力。\n哎，可它使用這些電能卻非出於自身意志，強化自己的力量什麼的；\n它的行動為體內積攢的電能所控，讓我覺得它是在履行上天的意志。\n當我寫下這些想法時，浮士德女士提醒了我，對異想體產生這種認識是錯誤的。\n因此，我用這段話作結，以防我的觀察日誌過於富有感性色彩。"
        }
      ]
    },
    {
      "id": 8086,
      "codeName": "T-02-11-04",
      "name": "電擊蜈蚣",
      "clue": "線索",
      "storyList": [
        {
          "level": 1,
          "story": "啊……是說那個蜈蚣一樣的東西是吧？\n\n雖然說是蜈蚣，但把那種嚴嚴實實地裹著鋼鐵鎧甲的東西叫做蜈蚣也挺微妙的。\n\n啊，也是……所以那才是異想體對吧。\n\n我想想……從外表上說明的話，總之就是把青色的鐵板拼起來，做成了看上去很大一個的樣子。該說它像個機器人吧。\n\n眼睛是赤紅的……偶爾好像還閃閃發光。\n\n偶爾還……不對，應該是經常？能看見它身體附近有電流劈裡啪啦地流動著。能看到也就說明那是相當高壓的……碰一下就不是說疼就能完事的吧。\n\n→ 蜈蚣啊……在我看來那更像是蛇？而且那東西一直蜷成一團盯著人看。\n\n→ 話是那麼說……你住的地方的蛇有腳嗎？那玩意怎麼看都不能說是蛇吧。\n\n→ 有啊？\n\n→ 有誒。\n\n→ 啊，我也見過。\n\n→ ……只有我是鄉巴佬咯？\n\n→ 真有趣啊~親・愛・的。"
        },
        {
          "level": 2,
          "story": "哎……也不是擔心觸電。\n\n我之前有沒有寫過它身上裹著鋼甲之類的？要修正一下。那比起鎧甲……更像是切面銳利的覆蓋全身的刀刃。\n\n靠那樣的身體突刺，推進……而且還纏繞起來，罪人們肯定要受傷。\n\n大家都血淋淋地打著架，真是吃了不少苦頭……\n\n但也不能說完全沒有觸電。只是，為了發動那種攻擊，它好像需要先停止行動，蜷成一團才行。\n\n總感覺它最開始就是那樣……\n\n不管怎麼樣，這確實是知道了弱點。\n\n把頭破壞掉它也就卷不起來……那也就肯定不會觸電了吧？\n\n→ 我說啊，格里高爾先生。我相信了您的話衝上前，結果卻被電成了爆炸頭，對此您怎麼看？\n\n→ 確實。那頭髮變得跟變質的西蘭花似的。→ 確實。那頭髮變得跟變質的西蘭花似的。我即使是在戰場上也不會吃這種像橙色西蘭花之類的東西。\n\n→ ……您如果對我的頭髮有什麼不滿，能不能直接面對著我說？\n\n→ 不，不是……為什麼我們倆會吵起來。是我錯了……都說了，我也沒想到把頭破壞掉之後它全身就會開始放電啊。"
        },
        {
          "level": 3,
          "story": "知道嗎……？蜈蚣這種東西啊，就算心臟停跳了，也會因為神經還沒有死亡而暫時暴動。\n\n這東西也一樣。\n\n也許是最後的掙扎吧……鬆懈下來的富家小少爺死了。\n\n浮士德小姐說過，“由於神經是在電力刺激下活動的，所以應該是電力系統的問題。 ”\n\n嘛啊……另外還說了“雖然並不清楚理論方面的事是否適用於異想體”，但我有不同的想法。\n\n之前，在破壞它的頭的時候我注意到了……起碼這東西是遵照可以接受的規律來行動的。那短路啊通電之類的理論應該是行得通的？\n\n既然如此……只要堅持這傢伙的電全部耗光……它也就自行結束了吧。\n\n我說的對吧？"
        }
      ]
    },
    {
      "id": 8087,
      "codeName": "T-02-11-03",
      "name": "流浪狐狸",
      "clue": "線索",
      "storyList": [
        {
          "level": 1,
          "story": "唔……這個怎麼說呢……\n\n我對它的第一印像是可憐……又不幸。\n\n它看起來就像一條巨狼……不，實際上是狐狸。它一邊盯著我們一邊低聲咆哮。\n\n在它的身上……插著破舊的雨傘。不僅僅是一把傘，而是許多把傘。\n\n那看起來並不像是因為被人攻擊而留下的……因為是那樣的話，尖銳的部分會先刺入它的身體。\n\n傘柄那一側插在它的身上是有什麼原因麼。\n\n它看起來對我們十分警惕。並不是說有很多異想體沒對我們表示過敵意，但是……像它這樣只是“警告”我們的，很少見。\n\n……嗯，就先記錄這麼多吧……"
        },
        {
          "level": 2,
          "story": "雨傘打開得越多，狐狸的攻擊就越猛烈。\n\n尤其是……它有時什麼都不做只是忍耐，但那之後它的攻擊卻更加兇猛。\n\n……呃。\n\n那狐狸……有時會哭。\n\n望向天空，長嘯不止……就像在向天空傳達它的悲傷一樣。 \n\n我沒有試過與它交談，也不知道它的過往，但是……每當我聽到那種聲音，我的心就好痛。 \n\n特別是……當我在戰鬥時打破插在它身上的傘時……我感覺我的心都要碎了……\n\n那一定是它的感覺。 \n\n→ 辛克萊，你正經歷的只是戰鬥中的理智喪失。不要讓異想體影響到你。 \n\n→ 可是……這只狐狸與我們一直在對抗的異想體都不一樣……我能肯定它並不是一開始就滿是敵意的……\n\n→ 不要把它說成是狐狸或者別的動物。它只不過是個異想體。不要把它與你在都市中能找到的動物混為一談。 \n\n→ 別想了，你小子以為那個肥得和坨果凍一樣的假妖精很好對付麼？叫我們打就打，讓我們睡就睡。你要是還像個白痴一樣關注那些有的沒的，你難逃一死。 "
        },
        {
          "level": 3,
          "story": "啊……我終於想通了。\n\n狐狸對於那些只給自己扔下毫無意義關心的人感到憤怒。\n\n在一個雨天，看到被遺棄在小巷裡的它，卻只給它撐開一把雨傘……\n\n那些給只它如此微不足道的關心，卻認為自己是它的恩人，滿足自己的虛榮心的人……\n\n你很難過，你很憤怒。\n\n我也，我也明白了。\n\n我們必須挪走那個可憐孩子身上的破傘，並且親自擁抱它。我們——\n\n→ 這次是沒辦法了。看來他得死一次再醒過來才能打起精神。 (可以在日誌上看見血跡。)\n\n→ 儘管有點極端……但除了這個方法之外，我認為沒什麼希望能讓他在短時間內恢復理智。"
        }
      ]
    },
    {
      "id": 8089,
      "codeName": "T-04-11-20",
      "name": "因而無人哭泣",
      "clue": "線索",
      "storyList": [
        {
          "level": 1,
          "story": "好吧……就是個令人毛骨悚然的木塊。\n\n上面沾滿了血……還有咒符。\n\n它們並不常見，但我有時能在後巷看見這種東西。這什麼來著，詛咒……？更有趣的是有的人真的相信這種東西。\n\n……哈，看著這東西出現在我眼前，我看那也不都是胡說八道嘛。\n\n那塊木頭，它移動了。\n\n我記得在鏡像迷宮還是在哪，它就像恐怖片中的道具一樣僵硬的立在那裡。\n\n這種程度的攻擊連根毛都算不上，但你看到那樣一塊堅固的木頭……以那樣的速度朝你飛過來，還是會被嚇一跳。\n\n感覺一下就能撞碎一兩塊骨頭。\n\n……好了，我可不是個會坐以待斃的人啊。"
        },
        {
          "level": 2,
          "story": "該死，這鬼東西怎麼這麼黏……（一種看起來像是黃色膠水的東西粘在上面。）\n\n我敢打賭這個王八蛋如果是個人的話一定以在後巷貼傳單為生……我發誓它這麼多年就乾這個。\n\n在我注意到之前它給我貼了多少張咒符？該死的……\n\n不知道是不是那些嚇人的紙片把我惹毛了，感覺……我球棒揮舞地更有力了。不管怎麼說，這不是個壞事。\n\n哦，它身上的咒符也附到了球棒上。我也不知道原理是啥，但是……它們好像纏上我了。\n\n總之，我越打這混蛋就越纏著我。有些壓力你必須通過毆打東西來緩解，但這次不行。\n\n→ 那種話只有暴徒才說的出口。你真沒教養。\n\n→ ……哈？他是怎麼能忍住不生氣的？\n\n→ 浮士德故意不讓他看見的。讓無用的信息充斥這裡過於浪費。\n\n→ 不愧是我們的智囊。\n\n→ 哦對……我覺得我身上咒符越多就越強。雖然它們沒惹怒我或者讓我情緒有波動。\n\n→ 基於這種情況……這些咒符可能本身有某些效果。如果我們故意去貼很多咒符呢？"
        },
        {
          "level": 3,
          "story": "他媽的，憑什麼我要單獨再寫一份這個？\n\n我就不能寫在之前我寫的地方麼……為什麼就我受到特殊待遇了？真給我整火了。\n\n就這樣吧，看在我把那木塊拆成一堆柴火的份上，我這次就不追究了。\n\n就像他之前說的那樣，我們試著貼上許多咒符……但實際上過多的咒符反而適得其反的讓我們很乏力。\n\n相對的是……那個木塊有時會用防禦來替代進攻……？\n\n巧合的是，那小子當時揮動長戟，長戟上的咒符被拽進了木塊中。\n\n它變紫了……\n\n嘿，我算明白了。要是我們把咒符貼上去它就什麼都做不了，就這樣我們把它變回了一堆柴火。\n\n→ 更正：異想體回到了卵中。並未真正發生將它變成柴火或是把它點燃之類的實驗活動。"
        }
      ]
    },
    {
      "id": 8090,
      "codeName": "F-01-11-12",
      "name": "紳士妖精",
      "clue": "線索",
      "storyList": [
        {
          "level": 1,
          "story": "雖然感覺從之前開始……就總是把一些可怕的東西交給我，但我相信你不會這樣的吧……？\n\n哈啊，總之……下面開始整理關於那個像腐爛的綠茶果凍一樣的東西的情報。\n\n要問我為什麼會描述地這麼詳細~\n\n……是因為我進入過那張噁心的嘴裡。\n\n你看，它一碰到我們就“呼~”得飛撲過來，然後用它肚子上的嘴“咕呀！ ”一下壓過來了對吧？\n\n實在是臭得……嘔，不行了。\n\n啊，但是回想一下的話，那也不完全是奇怪的味道。\n\n應該說那是……甜到過分的味道？我的鼻子都要被熏壞了。\n\n總之，就是很奇怪的感覺。\n\n→ 唔……有那麼嚴重嗎？我倒是覺得……每次它攻擊後飛濺出的果凍一樣的東西散發出的香味，還挺好聞的。\n\n→ 令人興奮。（滲進了一些煙灰）\n\n→ 力量增加，總體感覺到了一種昂揚感。"
        },
        {
          "level": 2,
          "story": "嗝……這東西，讓我有點生氣了。\n\n不管是那個晃蕩的樣子還是動作，總之都讓人惱火！尤其是，躲開我攻擊的時候最讓人生氣！\n\n就跟，小時候打過架的那些後巷的混蛋一樣。每次他們躲開後都會嘲笑你，說什麼“哈哈，這都打不中？ ”。就跟那時候一模一樣……\n\n唔……總感覺現在從頭到腳都很上火。而且頭還有點暈……\n\n就到此為止咯。抱歉啦，但丁~\n\n→ 這傢伙是不是醉了？\n\n→ 不可能。並沒有能夠攝入酒精的情況。\n\n→ ……啊！剛，剛剛和那個異想體戰鬥的時候，好像打壞過一個大杯子吧？似乎從那時候起她就一直這樣了……\n\n→ 啊。好像就是那個混蛋躲開的時候，斧頭劈壞了杯子吧。"
        },
        {
          "level": 3,
          "story": "抱歉啊~之前的那個記錄寫的亂七八糟的。\n\n我拜託小浮把記錄全部擦掉然後讓我重寫，但她說絕對不行。是不是很過分？\n\n總之……多虧如此也明白了一些東西，就通融一下吧。\n\n需要明確說明的是，戰鬥中飛濺出來的那些果凍碎片，會讓人的熱情上漲。\n\n以及，那份熱情會隨著戰鬥時間而逐漸高漲。\n\n於是熱情不斷升高……直到“昂揚感MAX！ ”的人把杯子打破的時候~\n\nBingo！那個人就會變得醉醺醺的！\n\n因為喝醉了，所以攻擊總會打不中，也一直使不上力。\n\n話說回來啊~那個果凍一樣的東西也有把喝醉的孩子吃進去來著？那樣的話，它就會突然變得很奇怪，搖搖晃晃的！\n\n我們就趁著那個機會“乓乓！ ”兩下把它收拾掉啦~\n\n怎~樣，很有幫助吧！\n\n→ 如果更早把握，將會更有幫助。\n\n→ 這種時候只要說“是的”就好了的……"
        }
      ]
    },
    {
      "id": 8092,
      "codeName": "F-01-11-15",
      "name": "長腿妖精",
      "clue": "線索",
      "storyList": [
        {
          "level": 1,
          "story": "它……就像一個綠色的、半透明的果凍。\n\n這不是我第一次看到這樣的東西……當我偷看觀察記錄的時候，那些東西都被稱為妖精。既然如此，我打賭這東西也是妖精。它甚至有著極小的翅膀。\n\n好吧，不管它被稱作什麼，我猜它到頭來也不過是個異想體。\n\n總之……如果可以的話，我想說它的左臂就像一條長槳……對了，它還像那些有時能在後巷餐館裡看到的膠帶一樣。\n\n而另一隻手……它拿著一片巨大的葉子。是一片四葉草吧？它像傘一樣撐著它。\n\n嗯……一把雨傘。\n\n沒錯。看起來那片地區一直在下雨。\n\n這場雨讓人不舒服……使人感覺泥濘和潮濕。就像被破浪的海水濺到了一樣。\n\n感覺並不是很強。好吧，我想在戰鬥中我就能見識到了。"
        },
        {
          "level": 2,
          "story": "呃……它的確是異想體。我承認，“妖精”這個標籤讓我有點不切實際先入為主了。坦率地說，我本以為這場戰鬥的情況會比實際所發生的更加正常。\n\n哈……那條具有黏性並像茅膏菜一樣的手臂伸了出來，掠過我們。我沒想到它會伸得那麼長，所以我沒想著要去阻攔它。\n\n它之後所做的事情也同樣難以應對。在我還沒來得及做出任何決策前，它就縮回了它的手臂。在那條手臂的頂端……是我們身上的肉。\n\n它把那些肉塊塞進它軀幹上的嘴裡（不知道這樣叫對不對，但我想不出別的辦法），把它們嚼碎了，就像它們是美味的牛排。\n\n這似乎表明它會治愈自己。我們應該設法阻止它奪取我們身上的肉……\n\n但它的攻擊很迅速，所以我們要計劃好我們的行動方案。"
        },
        {
          "level": 3,
          "story": "它偶爾會種下這種巨大的三葉草……樹一樣的東西？\n\n仔細想想，我們站在那下面時很少會被雨淋到。而且……這妖精似乎是故意這麼做的。\n\n它手中的四葉草有時會在戰鬥中被擊破；從它的反應來看，當這種情況發生時，它看起來會很不高興。更重要的是……它似乎行動得更慢了。\n\n“失了風味”……？我想它說的大概是這個意思。它向我們投來的目光無疑是熱切的。\n\n雨水對戰鬥可能有實際的影響，而不僅僅是令人感覺很糟糕。\n\n啊哈。\n\n如果是這樣的話，它讓三葉草樹生長的原因.……是為了不讓我們被有害的雨水擊中，以便吃到我們身上更加優質的肉？\n\n為了……使它的菜餚更加美味。\n\n唉，我真覺得那東西不配被稱為妖精。"
        }
      ]
    },
    {
      "id": 8094,
      "codeName": "O-02-04-06",
      "name": "金蘋果",
      "clue": "線索",
      "storyList": [
        {
          "level": 0,
          "story": "自打我成年以來就再也沒寫過觀察日誌，所以不知道能不能寫好……\n但，畢竟是命令。\n那……總之先從描述它的外貌開始？\n嗯，好吧。首先那是一個蘋果。\n一個……十分詭異的長著肢體的巨大蘋果。\n說真的，難道你不覺得某種食物變得十分巨大或者自己長腿跑是一件很噁心的事情嗎？難道只有我這麼覺得？\n噢，我跑題了。不管怎麼說，那蘋果是金色的。一眼就能看出它絕對不是從哪個普通果園里長出來的。嗯，對了，你們把這種東西叫做異想體對吧？\n的確，那個蘋果異想體正大搖大擺的四處閒逛呢。 \n我……我似乎有一種想衝上去把那蘋果切碎的衝動，而且這種衝動還在不斷漲大。就像是被什麼磁力吸引了一樣，我說不清。 \n……呵，估計也找不到比我還要噁心蘋果的人。也許是因為我的過去有些特殊吧。 \n我們決定先撤退，因為目前擁有的情報尚且無法支持我們與其戰鬥。 \n也許最後我們還是得行動，到時候如果有新發現我也會寫下來。 \n→怎麼寫的這麼亂。你在軍隊的時候報告也寫的這麼爛嗎？ \n→維吉里烏斯讓我們自由發揮。但丁也同意了。 \n→……如果經理無所謂，那我也沒意見。 \n[紙上留下了煙頭燙出的痕跡]：只・小・怨。 \n→只是些小小的抱怨。 "
        },
        {
          "level": 1,
          "story": "真是累死個人。\n那東西一直在治療自己，不管是切開，碾碎還是徹底破壞，試了各種方法都沒用，可讓我們吃了不少苦頭。\n單是和它戰鬥其實挺簡單的……雖然我們還是有人受傷。它只會用它的身體向我們衝撞，只要習慣了這種攻擊方式，處理起來也不難。\n在和它戰鬥幾次之後，我貌似發現了它的特點。你看啊，在它的周圍飄著一些金色的光環對吧？\n但是那光環在蘋果治療自己幾次後就會消失。\n也許這就是它再生的關鍵。\n我去告訴經理兄看看。這樣那磨人的戰鬥也能結束吧。"
        },
        {
          "level": 2,
          "story": "……[此處似乎寫了句粗口]。這就是你讓我來做觀察日誌的原因？\n你知道會發生這種逼事……？\n也是，你不可能料到……\n因為我們，都是第一次見到。\n哈啊……把那個蘋果劈開後，從裂口能看到它的內部。\n然後有一些[都市粗口]樹枝從它分裂的地方彈出來……然後……那個混賬東西它……\n它帶走了尤莉……\n一大堆蛆蟲在它體內聚集起來，就像是把尤莉當成了養分……\n隨後那些蛆蟲“轉變”成了一張醜陋的臉。\n哈哈，是不是很搞笑？我甚至對那雜種產生了親近感。可能是因為我們都是讓人噁心的“蟲子”吧。\n一意識到這一點，我就坐不住了。我必須把那醜陋的臉撕碎才能解氣。\n然後……然後……\n→看上去很難讓格里高爾再冷靜地寫下去了，所以我暫時阻止了他。反正他也不能提供更多的信息了。\n→在我用煙頭灼燒那些蛆蟲時，它們掙扎的要比我想的猛烈的多。這算不算個情報？"
        }
      ]
    },
    {
      "id": 8095,
      "codeName": "O-02-04-06",
      "name": "假蘋果",
      "clue": "線索",
      "storyList": [
        {
          "level": 0,
          "story": "自打我成年以來就再也沒寫過觀察日誌，所以不知道能不能寫好……\n但，畢竟是命令。\n那……總之先從描述它的外貌開始？\n嗯，好吧。首先那是一個蘋果。\n一個……十分詭異的長著肢體的巨大蘋果。\n說真的，難道你不覺得某種食物變得十分巨大或者自己長腿跑是一件很噁心的事情嗎？難道只有我這麼覺得？\n噢，我跑題了。不管怎麼說，那蘋果是金色的。一眼就能看出它絕對不是從哪個普通果園里長出來的。嗯，對了，你們把這種東西叫做異想體對吧？\n的確，那個蘋果異想體正大搖大擺的四處閒逛呢。\n我……我似乎有一種想衝上去把那蘋果切碎的衝動，而且這種衝動還在不斷漲大。就像是被什麼磁力吸引了一樣，我說不清。\n……呵，估計也找不到比我還要噁心蘋果的人。也許是因為我的過去有些特殊吧。\n我們決定先撤退，因為目前擁有的情報尚且無法支持我們與其戰鬥。\n也許最後我們還是得行動，到時候如果有新發現我也會寫下來。\n→怎麼寫的這麼亂。你在軍隊的時候報告也寫的這麼爛嗎？\n→維吉里烏斯讓我們自由發揮。但丁也同意了。\n→……如果經理無所謂，那我也沒意見。\n[紙上留下了煙頭燙出的痕跡]：只・小・怨。\n→只是些小小的抱怨。"
        },
        {
          "level": 1,
          "story": "真是累死個人。\n那東西一直在治療自己，不管是切開，碾碎還是徹底破壞，試了各種方法都沒用，可讓我們吃了不少苦頭。\n單是和它戰鬥其實挺簡單的……雖然我們還是有人受傷。它只會用它的身體向我們衝撞，只要習慣了這種攻擊方式，處理起來也不難。\n在和它戰鬥幾次之後，我貌似發現了它的特點。你看啊，在它的周圍飄著一些金色的光環對吧？\n但是那光環在蘋果治療自己幾次後就會消失。\n也許這就是它再生的關鍵。\n我去告訴經理兄看看。這樣那磨人的戰鬥也能結束吧。"
        },
        {
          "level": 2,
          "story": "……[此處似乎寫了句粗口]。這就是你讓我來做觀察日誌的原因？\n你知道會發生這種逼事……？\n也是，你不可能料到……\n因為我們，都是第一次見到。\n哈啊……把那個蘋果劈開後，從裂口能看到它的內部。\n然後有一些[都市粗口]樹枝從它分裂的地方彈出來……然後……那個混賬東西它……\n它帶走了尤莉……\n一大堆蛆蟲在它體內聚集起來，就像是把尤莉當成了養分……\n隨後那些蛆蟲“轉變”成了一張醜陋的臉。\n哈哈，是不是很搞笑？我甚至對那雜種產生了親近感。可能是因為我們都是讓人噁心的“蟲子”吧。\n一意識到這一點，我就坐不住了。我必須把那醜陋的臉撕碎才能解氣。\n然後……然後……\n→看上去很難讓格里高爾再冷靜地寫下去了，所以我暫時阻止了他。反正他也不能提供更多的信息了。\n→在我用煙頭灼燒那些蛆蟲時，它們掙扎的要比我想的猛烈的多。這算不算個情報？"
        }
      ]
    },
    {
      "id": 8096,
      "codeName": "M-01-11-07-tear",
      "name": "黃銅公牛 - 流淚",
      "clue": "線索",
      "storyList": [
        {
          "level": 1,
          "story": "- 由青色的鏽跡以及可觀測到的處於加熱狀態的鐵板構成。\n- 其外貌看上去像是模仿了被稱為黃牛的動物。\n- 雖然並非準確的測量結果，但從物性上看，應該是銅和鋅的混合物。\n- 這並不代表該實體是單純由鐵板構成。據觀測，可以推測其內部含有類似於人類的某種東西。\n- K公司的無人機飄浮在該實體周圍。那些無人機似乎一直在拍攝罪人們。\n- 雖然難以確認原由，但每當進行拍攝時，該實體便會興奮。它越興奮便越難以進行戰鬥，因此需要經理事先擊落無人機。\n- 在那內部的東西，一般情況下保持著感受到痛苦時的表情。\n- 那東西似乎飽受熱氣的折磨，其活動並非週期性，而時常是突發性的。\n- 判斷其本體擁有強烈的熱量。它每次襲擊罪人時，能觀測到罪人們受到灼痛與燒傷。\n- 在其頭部附近觀測到疑似吐息或是水蒸氣一類的部分氣體。\n- 其會起身襲擊罪人，也觀測到其頭部的……類似於人的東西出來攻擊的情況。令人暈眩的哭泣聲殘存在記憶裡。\n- 當罪人們被那疑似人類的東西襲擊時，似乎還感到了深深的憂鬱。或許是受到了強烈的精神打擊，偶爾會暫時無法動彈，或是對戰鬥感到消極。推測此類狀況只是暫時現象。\n- 由於擔心罪人會失去戰鬥能力，經理下令先行排除該實體的頭部。判斷此為有效方法。在那之後，疑似人類的那東西再也沒有在戰鬥中被觀測到。\n- 由於似乎沒有能更進一步掌握的事實，觀察記錄到此為止。\n\n→ 啊……那真的是漫長的痛苦……被灼燒般的干渴無法療愈，血肉被無止境地炙烤，扭曲在一起……\n\n→ 那個，小不點好像一直沒清醒過來。\n\n→ 浮士德會處理。"
        }
      ]
    }
  ]
}