{
  "dataList": [
    {
      "id": 1,
      "personalityid": 10601,
      "voiceFile": 0,
      "teller": "鴻璐",
      "dialog": "就像是侍從們餵我吃年糕一樣簡單。",
      "usage": "(800101, VERY_HIGH), (800102, VERY_HIGH), (800104, VERY_HIGH), (800105, VERY_HIGH)"
    },
    {
      "id": 2,
      "personalityid": 10601,
      "voiceFile": 0,
      "teller": "鴻璐",
      "dialog": "讓我來做就可以！",
      "usage": "(800101, HIGH), (800102, HIGH), (800104, HIGH), (800105, HIGH) "
    },
    {
      "id": 3,
      "personalityid": 10601,
      "voiceFile": 0,
      "teller": "鴻璐",
      "dialog": "嗯，好。試試看吧。讓我來也可以。",
      "usage": "(800101, NORMAL), (800102, NORMAL), (800104, NORMAL), (800105, NORMAL)"
    },
    {
      "id": 4,
      "personalityid": 10601,
      "voiceFile": 0,
      "teller": "鴻璐",
      "dialog": "我覺得……換其他人來會比較好？",
      "usage": "(800101, LOW), (800102, LOW), (800104, LOW), (800105, LOW)"
    },
    {
      "id": 5,
      "personalityid": 10601,
      "voiceFile": 0,
      "teller": "鴻璐",
      "dialog": "啊，我突然想起還有急事要做……",
      "usage": "(800101, VERY_LOW), (800102, VERY_LOW), (800104, VERY_LOW), (800105, VERY_LOW) "
    },
    {
      "id": 6,
      "personalityid": 10601,
      "voiceFile": 0,
      "teller": "鴻璐",
      "dialog": "啊哈哈，沒必要這樣褒獎我啦。",
      "usage": "(800101, SUCCESS), (800102, SUCCESS), (800104, SUCCESS), (800105, SUCCESS)"
    },
    {
      "id": 7,
      "personalityid": 10601,
      "voiceFile": 0,
      "teller": "鴻璐",
      "dialog": "啊~別太自責。也會有這種時候啦。",
      "usage": "(800101, FAILURE), (800102, FAILURE), (800104, FAILURE), (800105, FAILURE)"
    },
    {
      "id": 8,
      "personalityid": 10602,
      "voiceFile": 0,
      "teller": "黑雲會 鴻璐",
      "dialog": "",
      "usage": "(800101, VERY_HIGH), (800102, VERY_HIGH), (800104, VERY_HIGH), (800105, VERY_HIGH)"
    },
    {
      "id": 9,
      "personalityid": 10602,
      "voiceFile": 0,
      "teller": "黑雲會 鴻璐",
      "dialog": "",
      "usage": "(800101, HIGH), (800102, HIGH), (800104, HIGH), (800105, HIGH) "
    },
    {
      "id": 10,
      "personalityid": 10602,
      "voiceFile": 0,
      "teller": "黑雲會 鴻璐",
      "dialog": "",
      "usage": "(800101, NORMAL), (800102, NORMAL), (800104, NORMAL), (800105, NORMAL)"
    },
    {
      "id": 11,
      "personalityid": 10602,
      "voiceFile": 0,
      "teller": "黑雲會 鴻璐",
      "dialog": "",
      "usage": "(800101, LOW), (800102, LOW), (800104, LOW), (800105, LOW)"
    },
    {
      "id": 12,
      "personalityid": 10602,
      "voiceFile": 0,
      "teller": "黑雲會 鴻璐",
      "dialog": "",
      "usage": "(800101, VERY_LOW), (800102, VERY_LOW), (800104, VERY_LOW), (800105, VERY_LOW) "
    },
    {
      "id": 13,
      "personalityid": 10602,
      "voiceFile": 0,
      "teller": "黑雲會 鴻璐",
      "dialog": "",
      "usage": "(800101, SUCCESS), (800102, SUCCESS), (800104, SUCCESS), (800105, SUCCESS)"
    },
    {
      "id": 14,
      "personalityid": 10602,
      "voiceFile": 0,
      "teller": "黑雲會 鴻璐",
      "dialog": "",
      "usage": "(800101, FAILURE), (800102, FAILURE), (800104, FAILURE), (800105, FAILURE)"
    }
  ]
}