{
  "dataList": [
    {
      "id": 900011,
      "name": "",
      "subDesc": "",
      "desc": "在一片空曠的區域中，不知為何立著一台自動售貨機。\n\n它是從哪裡接通電源的呢？\n\n還有這波浪聲是從哪里傳來的呢？\n\n剛好，售貨機前方有一片整潔的空地。\n就讓罪人們在這裡休息吧。\n\n我站在售貨機前，看見上面陳列著各種按鈕。",
      "options": [
        {
          "message": "試著按下按鈕",
          "result": [
            "雖然我只按了一次按鈕，售貨機卻劈裡啪啦地掉出了一堆易拉罐。\n\n罐子全都是紫色的，\n\n上面莫名其妙地畫著帆船和葡萄之類的東西，\n不過我好像在哪看到過這些圖案。\n\n喝下去應該也沒問題吧。\n\n我把飲料分給了所有罪人。"
          ]
        }
      ]
    },
    {
      "id": 900012,
      "name": "",
      "subDesc": "",
      "desc": "在一片空曠的區域中，不知為何立著一台自動售貨機。\n\n它是從哪裡接通電源的呢？\n\n還有這波浪聲是從哪里傳來的呢？\n\n剛好，售貨機前方有一片整潔的空地。\n就讓罪人們在這裡休息吧。\n\n我站在售貨機前，看見上面陳列著各種按鈕。",
      "options": [
        {
          "message": "試著按下按鈕",
          "result": [
            "雖然我只按了一次按鈕，\n售貨機卻劈裡啪啦地掉出了一堆易拉罐。\n\n罐子全都是紫色的，\n\n上面莫名其妙地畫著帆船和葡萄之類的東西，\n不過我好像在哪看到過這些圖案。\n\n喝下去應該也沒問題吧。\n\n我把飲料分給了所有罪人。"
          ]
        }
      ]
    },
    {
      "id": 900013,
      "name": "",
      "subDesc": "",
      "desc": "在一片空曠的區域中，\n不知為何立著一台自動售貨機。\n\n它是從哪裡接通電源的呢？\n\n還有這波浪聲是從哪里傳來的呢？\n\n剛好，售貨機前方有一片整潔的空地。\n就讓罪人們在這裡休息吧。\n\n我站在售貨機前，看見上面陳列著各種按鈕。",
      "options": [
        {
          "message": "試著按下按鈕",
          "result": [
            "雖然我只按了一次按鈕，\n售貨機卻劈裡啪啦地掉出了一堆易拉罐。\n\n罐子全都是紫色的，\n\n上面莫名其妙地畫著帆船和葡萄之類的東西，\n不過我好像在哪看到過這些圖案。\n\n喝下去應該也沒問題吧。\n\n我把飲料分給了所有罪人。"
          ]
        }
      ]
    },
    {
      "id": 900021,
      "name": "",
      "subDesc": "",
      "desc": "在前方，有什麼東西在閃閃發光。\n\n我上前查看，\n發現是幾面很高的鏡子面對面地擺在一起。\n\n細細檢查，\n我的心裡湧出一股站到鏡子面前的衝動。\n\n被鏡子圍繞的房間寂靜無聲，令人心裡發涼。",
      "options": [
        {
          "message": "站到鏡子面前",
          "result": [
            "不知不覺我失去了意識。\n\n再次睜開眼時，\n我發現自己迷失在了充斥著自我倒影的空間中。\n\n在那個空間裡，我遇到了在鏡子另一側的有著無限可能性的人們。"
          ]
        }
      ]
    },
    {
      "id": 900031,
      "name": "",
      "subDesc": "",
      "desc": "這個機器像是被誰一直管理著一樣，\n一塵不染，十分整潔。\n\n[請選擇您喜歡的安瓿，然後平躺在這吧。]\n\n機器前方的顯示屏上顯示著這樣一段話。\n\n顯示屏的後面可以看到裝有紅色、綠色、白色等各種顏色液體的安瓿瓶。\n小心翼翼地躺到冰冷的手術台上。",
      "options": [
        {
          "message": "選擇安瓿",
          "result": [
            "[已確認您選擇的安瓿。]\n\n瘆人的機械臂突然啟動，取出了一隻安瓿，插進了另一台機械。\n\n[疼痛只是暫時的]\n\n機械臂以十分迅速且野蠻的動作，將巨大的注射器刺進罪人的身體。\n\n[檢測到高達90分貝的噪音。\n若持續三十分鐘或將對鼓膜造成永久損傷。]\n屏幕上輕描淡寫地浮現出一段警告。\n\n當然，這並沒有讓罪人的悲鳴停下。"
          ]
        }
      ]
    },
    {
      "id": 901001,
      "name": "",
      "subDesc": "",
      "desc": "幾個橘色的球狀物晃晃悠悠地漂浮在空中。\n光芒在空中閃爍著，形成一片霧濛濛的微光。\n\n光霧之中，有什麼東西正在逐漸燃盡。\n倘若觸碰那片火焰，那我們也將被灼燒吧。",
      "options": [
        {
          "message": "伸手觸碰",
          "result": [
            "像是被光霧操縱了一般\n我伸出手等待著那片光的靠近。\n\n閃爍的火光攀上了我的手指。\n火焰立刻將我的手指包覆其中。\n\n一片火光逐漸化為兩片、四片、八片\n肆無忌憚地增長的火焰裹住了我的身體。"
          ]
        },
        {
          "message": "轉身離開",
          "result": [
            "雖然我還在煩惱要不要依依不捨地伸出手，\n但還是因覺得應該避開這份莫名其妙的溫暖而轉過了身。\n\n瞬間，像是要冷卻一切一般，我的背後傳來一陣惡寒，但是這樣反而或許是幸運的。\n\n如果我伸出了手，或許現在的我已經被燒盡了。"
          ]
        }
      ]
    },
    {
      "id": 901002,
      "name": "",
      "subDesc": "",
      "desc": "鮮血傾注而下，藏寶地就在前方。\n眼前的螺旋發出刺耳的金屬聲。\n\n隨著不斷的挖掘，它已經來到了此處。\n儘管沒有眼睛，它仍像是在向我們碾來。",
      "options": [
        {
          "message": "緊緊注視",
          "result": [
            "我目不轉睛，貪婪的注視著螺旋奇妙的動作。\n生著尖刺的螺旋彷彿要鑽進我的大腦。\n\n從被挖開的腦中，嫌惡與輕蔑滿溢而出。\n彷彿這種情感本來就存在於我的內心之中。"
          ]
        },
        {
          "message": "避開視線",
          "result": [
            ""
          ]
        }
      ]
    },
    {
      "id": 901003,
      "name": "",
      "desc": "哭聲響徹灰色的荒野。\n濃霧從遠方飄飄忽忽的湧來。\n\n濃霧呈現出接近人類形體的形狀。\n也就是說看起來像是亡靈亦或是幽靈一般擁有形體的某物。\n\n像是在尖叫般張開的口中一片漆黑，深不見底。",
      "options": [
        {
          "message": "步入濃霧",
          "result": [
            ""
          ]
        },
        {
          "message": "凝視濃霧",
          "result": [
            ""
          ]
        }
      ]
    },
    {
      "id": 901004,
      "name": "",
      "subDesc": "",
      "desc": "它將血分給需要的人。\n但是，能分出的也只有它自己的血。\n\n即便是不需要自己的血的人\n它也會毫不留情地用剪刀放乾對方的血，再注入自己的血液。\n\n正因如此，它的面前只有需要血的人。",
      "options": [
        {
          "message": "接受血液",
          "result": [
            "它取下懸掛著的血袋遞給我們。\n\n見我們接過血袋，\n它又迅速掛起一個空的血袋。\n\n血袋以異常的速度充滿了。\n\n彷彿結束了自己的使命，它像是什麼也沒發生過一般離開了我們。"
          ]
        },
        {
          "message": "捐獻血液",
          "result": [
            "突然，\n我彷佛感到了它一直在分出自己血液的無奈。\n\n我們決定將自己的血液分給它。\n\n“咯咯咯……”\n當我們告訴它我們要給它血時，\n它不悅地哭了起來。\n\n隨後它朝著伸手的人舉起剪刀，\n剪斷了向它伸出的手。\n\n它將身上連接著的許多管子中的一根插進了手的斷面。\n\n斷面上很快長出了新的手來，\n只剩下流出的鮮血留在地面上。"
          ]
        }
      ]
    },
    {
      "id": 901005,
      "name": "",
      "subDesc": "",
      "desc": "哭聲響徹整片森林。\n哭得如此聲嘶力竭，是在憎恨著什麼嗎。\n\n森林的正中間擺放著一口棺木。\n像是無論如何都不能讓棺中之物逃脫一般，數根繩子將棺木捆住。\n\n但是，棺木一刻不停地咔咔作響。",
      "options": [
        {
          "message": "打開棺木",
          "result": [
            ""
          ]
        },
        {
          "message": "保持原樣",
          "result": [
            ""
          ]
        }
      ]
    },
    {
      "id": 901006,
      "name": "",
      "subDesc": "",
      "desc": "“[你來自哪裡，來這裡做什麼呢？ ]\n\n一個摺紙人沙沙地向我搭話。 \n\n[我這裡有些挺著急的工作，\n你有時間嗎？ \n能接受這份工作嗎？ ]\n\n摺紙人遞給我的紙張上寫著華麗的文字。 \n很可惜，是我讀不懂的點和線。 \n\n[怎麼樣？要試試嗎？ ]",
      "options": [
        {
          "message": "點頭",
          "result": [
            ""
          ]
        },
        {
          "message": "拒絕",
          "result": [
            ""
          ]
        }
      ]
    },
    {
      "id": 901007,
      "name": "",
      "subDesc": "",
      "desc": "“[請看看這些蝴蝶，不是很美嗎？ ]\n\n[這裡的晚霞又如何呢？ \n真讓人想永遠在這條路上慢慢散步呢。 ]\n\n[你也在這裡休息一下之後再上路怎麼樣？ ]\n\n一個黃色的東西用溫和的語氣說著，\n向我招手。 ",
      "options": [
        {
          "message": "稍事歇息",
          "result": [
            "“一路走到這裡很辛苦吧？ ”\n\n“請看看這些蝴蝶，\n只是望過去心裡就會暖洋洋的對吧。 ”\n\n你依從他的話看向那群黃昏之蝶。\n感到心中有一股暖意正在擴散開來。\n\n“那群孩子好像想和你們一起上路呢。 ”\n\n一群萬花筒般的蝴蝶飛離原本的所在地，\n即便在我們離開之後也與我們同行。"
          ]
        },
        {
          "message": "無視離開",
          "result": [
            "“你很忙呢！ ”\n\n那東西像我們剛看見它時一樣揮著手。\n或許是目送我們離開，祝愿我們旅途順利的標誌呢。\n\n“有緣再會吧！ ”"
          ]
        }
      ]
    },
    {
      "id": 901008,
      "name": "",
      "subDesc": "",
      "desc": "我們到達的地方有一隻被扎著釘子，正在忍受著痛苦的泰迪熊玩偶。\n\n從釘子的間隙中看到的滲出的血跡中，\n我似乎可以想像到它強忍痛苦的日子。\n\n似乎是眼睛的洞與乾涸的血跡一同變得空蕩蕩的。\n\n即使這樣，它也像是要完成義務般，\n像要抱住我們一樣張開雙臂站立著。",
      "options": [
        {
          "message": "拔出釘子",
          "result": [
            ""
          ]
        },
        {
          "message": "裹上繃帶",
          "result": [
            "我從口袋裡取出繃帶，\n綁在它胸前的空洞上。\n\n鮮血逐漸滲出，染紅了剛纏上的繃帶。\n傷口看上去依舊很疼。\n\n為了使繃帶不至剝落，\n我又纏了幾圈上去。"
          ]
        }
      ]
    },
    {
      "id": 901009,
      "name": "",
      "subDesc": "",
      "desc": "蠟燭靜靜的燃燒著。\n四周只能聽到在寫著什麼的聲音。\n\n三隻眼睛交互凝視著一本巨大的由皮膚製成的書。\n\n我並不清楚它是在看著什麼並寫下，還是在邊思考邊書寫，\n但它從未停止記錄。\n\n熱切的渴望著毀滅與滅亡，\n一刻不停地書寫著。\n\n似乎在寫著像是要成為預言的文句和章節。",
      "options": [
        {
          "message": "熄滅蠟燭",
          "result": [
            "我一根接一根地吹熄周圍的蠟燭。\n\n雖然房間在逐漸暗下來，\n那東西的記錄卻沒有要停下來的意思。\n\n它手中的羽毛筆，\n是這個房間中僅存的光。\n\n但即便是這根筆，也被我們的氣息所熄滅掉。\n\n突然，我們什麼也看不見了。\n\n留下的僅有它手中的羽毛筆。"
          ]
        },
        {
          "message": "窺視書本",
          "result": [
            "!@)(!@&)&*%(%@!@#*(#)*(%&!@#$\n\n@$*@)$ ?\n@#$!!@#* !\n@*()!%&$(^!!!!@&(@)"
          ]
        }
      ]
    },
    {
      "id": 901010,
      "name": "",
      "subDesc": "",
      "desc": "赤紅色的房間中時不時響起鐘聲。\n這鐘聲低沉，令人喘不過氣。\n\n佛像好像在念著什麼。\n我無法聽清佛像低喃的內容。\n但我確信它說的並不是什麼令人愉悅的話。\n\n佛像的手指上鑲嵌著一輪黃銅戒指。",
      "options": [
        {
          "message": "側耳傾聽",
          "result": [
            "我閉上眼專心聽取聲音。\n它在說些什麼？\n\n原來它在說的是它的想法。\n\n通過說出自己的想法來放空自己。\n像是為了不讓自己留下半點東西一樣。\n\n這是佛像找到的遺忘自己的方法。\n\n不知不覺間，我就也這樣消失了。",
            "我閉上眼專心聽取聲音。\n它究竟在說什麼呢？\n\n原來它在說的是它的想法。\n\n通過說出自己的想法來放空自己。\n\n既然如此，我們就站到了他的身邊，\n聽取它說的話來充實自己。\n\n雖然它在遺忘自己，我們卻更清晰的認識了自身。"
          ]
        },
        {
          "message": "摘下黃銅戒指",
          "result": [
            ""
          ]
        }
      ]
    },
    {
      "id": 901011,
      "name": "",
      "subDesc": "摘下黃銅戒指",
      "desc": "這裡是小巷中的垃圾堆。\n想是剛下過雨，潮濕的空氣令人感到不快。\n\n一堆老舊撕裂的傘被丟棄在巷裡。\n\n那些傘搖曳著。\n仔細看去，承載著這些傘的是一隻大狐狸。\n\n鏽蝕的傘骨緊緊地插在那狐狸的背上。",
      "options": [
        {
          "message": "拔出雨傘",
          "result": [
            "插在背上的雨傘似乎傷到了狐狸。\n\n用力一拔，雨傘和狐狸的皮毛一同剝落下來。\n\n狐狸看向我們，發出尖銳的叫聲。\n\n接著，它叼著雨傘向我們用力打來。\n\n似乎想懲罰我們那不經思考而魯莽行動的態度。"
          ]
        },
        {
          "message": "撫摸狐狸",
          "result": []
        }
      ]
    },
    {
      "id": 901013,
      "name": "",
      "subDesc": "",
      "desc": "這裡能聽到蠟燭靜靜燃燒的聲音。\n在狹小到彷彿讓人呼吸困難一樣的房間中，站著一個木人偶。\n\n貼滿房間的護身符，是用來許願的嗎？\n\n木偶是在期望著什麼嗎？",
      "options": [
        {
          "message": "撕下人偶身上的護身符",
          "result": [
            "我一取下護身符，人偶就跪了下來。\n\n是在懇求著我們不要拿走護身符嗎，\n還是說是它表達感謝的表現呢？\n\n現在的我不得而知。"
          ]
        },
        {
          "message": "撕下房間裡的護身符"
        }
      ]
    },
    {
      "id": 90101302,
      "name": "",
      "subDesc": "",
      "desc": "",
      "options": [
        {
          "message": "繼續撕下護身符",
          "result": [
            "像是被什麼東西附身了一般，\n我開始撕下房間裡的護身符。\n\n突然，熄滅的蠟燭一根接一根地燃燒了起來。\n\n狹小的房間變得一片白一樣明亮了起來。\n\n房間中心，木人偶好像自由了。\n\n它緩緩向我走來，向我伸出手，\n那手裡好像握著什麼。"
          ]
        },
        {
          "message": "停手",
          "result": [
            "什麼都沒有發生。\n\n人偶只是發出摩擦聲，\n手裡的護身符不知何時化作粘稠的鮮血從我的指間流下。"
          ]
        }
      ]
    },
    {
      "id": 901014,
      "name": "",
      "subDesc": "",
      "desc": "痛苦的聲音從熱氣中傳來。\n難以分清那到底是一隻野獸，又或是人的聲音。\n\n火焰劈啪作響，伴著皮肉被燒焦的臭味迴盪在空氣中。\n\n“求你了！哪怕一口也好，\n有誰能給我一口水嗎！ ”",
      "options": [
        {
          "message": "給它水",
          "result": [
            "水剛流進它的口中，\n便立刻化為蒸汽從口中噴出。\n\n灼熱的身體甚至不容許它喝下哪怕一口水。\n\n不知是因為被沸水燙傷的痛苦，還是因為沒能解渴的惋惜，公牛一邊鬧騰一邊到處衝撞。\n\n隨後，它用灼熱的身體撞向我們。"
          ]
        },
        {
          "message": "不給它水",
          "result": [
            "想要抬起身體卻無法做到的公牛趴在地面中央，\n大聲哭喊。\n\n那聲音過於痛苦，彷彿讓我也要跟著哭出來。\n\n深沉而悲痛的哭聲，始終迴盪在空間中。"
          ]
        }
      ]
    },
    {
      "id": 901016,
      "name": "",
      "subDesc": "",
      "desc": "這是個混雜著香氣與惡臭的洞窟。\n\n“許久沒見到的客人呢。我可要好好招待你們一番。 ”\n\n“這裡能吃的東西似乎都被吃完了。 ”\n\n“如您所見，剩下的只有我手中這杯妖精酒了。 ”\n\n“要喝一杯妖精酒嗎？ ”\n\n厚重又粘稠的手伸向我們。",
      "options": [
        {
          "message": "點頭",
          "result": [
            "杯子散發出令人厭惡的臭味。\n那味道就像在散發著黴臭的鞋子上撒上鮮花味的除臭劑時發出的味道。\n\n杯中的液體上漂浮著妖精的手腳。\n\n“來吧，一口乾了。 ”"
          ]
        },
        {
          "message": "搖頭",
          "result": [
            "我拒絕了它或許是出於善意提出的提案。\n\n“這樣嗎。明明別考慮這麼多也可以的。 ”\n\n綠色的塊狀物像是不需要重新詢問我們一次似的，將杯中的液體倒入了口中。\n\n“雖然就這樣送你們離開也可以，\n但是要不要帶上這個杯子一起走呢？ ”\n\n我接過杯子，杯子裡仍充滿了綠色的物質。\n\n我最後還是沒能理解它到底喝了什麼。"
          ]
        }
      ]
    },
    {
      "id": 90101601,
      "name": "",
      "subDesc": "",
      "desc": "",
      "options": [
        {
          "message": "與所有人分享",
          "result": [
            "如果按照“一杯”來看，這個杯子還是蠻大的。\n\n我想著讓大家分著喝，慢慢地傳遞杯子把液體喝完。\n\n雖然液體通過喉嚨時噁心的感覺折磨著食道，\n但是味道比想像中好很多。"
          ]
        },
        {
          "message": "讓一個人喝完",
          "result": [
            "我讓最口渴的那個人喝完了這杯液體。\n\n味道雖然比想像中的要好很多，\n但是那個人止不住地嘔吐。\n\n喝下那杯液體的人說噁心的感覺在摧殘著喉嚨，\n而且，不時接觸到牙齒的小小的妖精的身體發出一股腥味。\n\n雖然讓人解了渴，\n但是好像出現了別的問題。"
          ]
        }
      ]
    },
    {
      "id": 901017,
      "name": "",
      "subDesc": "",
      "desc": "它記錄著對錯，\n記錄著那位大人降下的對錯。\n\n僅僅記錄，不加判斷。\n\n判斷不應是輔佐官的工作。\n\n輔佐官沉默著，遞給我們綠寶石色的石板。",
      "options": [
        {
          "message": "閱讀石板上的文字"
        },
        {
          "message": "抹去石板上的文字",
          "result": [
            "我拿出尖銳的東西，刻劃著石板上的文字，\n而那位輔佐官只是無聲地站著。\n\n看起來它接納了你的判斷。\n\n不知何時，石板伴隨著嘩啦嘩啦的聲音折斷，\n化為塵土般的東西。"
          ]
        }
      ]
    },
    {
      "id": 901018,
      "name": "",
      "subDesc": "",
      "desc": "這個告示牌好像在指示著什麼。\n為了做到這一點，它將自己綁在樹上。\n\n那種迫切的想告訴我們什麼的姿態，令我感到些許哀傷。",
      "options": [
        {
          "message": "折下薔薇"
        },
        {
          "message": "解開荊棘",
          "result": [
            "我一解開荊棘，\n黃色的肉就嘩啦啦的掉下來。\n\n嘲諷的是，我本以為束縛著它的身體的荊棘在給它帶來傷害，\n但那讓它痛苦的荊棘，其實是在支撐著保持著它的形體。\n\n周圍散落的花代替幾乎完全失去了肌肉的軀體發出悲鳴。"
          ]
        }
      ]
    },
    {
      "id": 901019,
      "name": "",
      "subDesc": "",
      "desc": "這是一片混雜著鹽味與惡臭的荒涼灘塗。\n勉強殘留下的翡翠色的海水裡好像什麼都沒有一樣。\n\n我的面前有一個巨大的貝殼在移動著。\n貝殼一邊移動，一邊撒下散發著惡臭的綠色污物。\n\n這些污物是貝殼從外面攝入的，\n還是貝殼本身產生的呢？",
      "options": [
        {
          "message": "取走一些綠色物質"
        },
        {
          "message": "靠近貝殼",
          "result": [
            "我撥開綠色的物質靠近貝殼。\n\n腳陷進滿是污物的灘塗中時，\n伴隨著強烈的痛楚。\n\n不能再往前走了。\n\n雖然前面難以行走也是原因之一，\n但更多地是再往前走的話或許腳會被溶解掉。\n\n正當我為此事迷惑時，\n貝殼很快移動到了別的地方。"
          ]
        }
      ]
    },
    {
      "id": 901020,
      "name": "",
      "subDesc": "",
      "desc": "一片開著白花，卻又稍顯晦暗的花田擴散著。\n這裡的天空是紅色的，凜冽的寒風吹拂著。\n\n花田的正中，一朵巨大的花朵搖曳著。\n\n就像是在遠處向某人招手一樣。",
      "options": [
        {
          "message": "靠近花甸"
        },
        {
          "message": "招手回應",
          "result": [
            "我感到些許懷念，從遠處招手回應大花。\n\n所有的花瞬間變成了紅色，將花冠朝向我們。\n\n那些紅色花朵的花瓣飄落，乘著風向我們襲來。\n\n好像要懲罰做出這種三心二意般的動作的我們。"
          ]
        }
      ]
    },
    {
      "id": 901021,
      "name": "",
      "subDesc": "",
      "desc": "我看到了在次元裂縫中因為事故被拋下的可悲的乘客。\n\n大部分人連這個乘客消失的事都沒有察覺吧。\n\n起碼運輸公司應該是知道的，\n但公司只是將事故隱瞞下來，就好像這個乘客原本就不存在一般。\n\n於是，他不僅僅是在裂縫中迷失，\n更是失去了在都市中的存在本身，成為了毫無意義的廢棄品。",
      "options": [
        {
          "message": "為他指明方向"
        },
        {
          "message": "站立不動",
          "result": [
            "他茫然地望向這裡，\n\n隨後像是想到什麼，向我們緩緩靠近。\n\n接近後我才發現，那人並非乘客，\n而曾是運輸公司的員工。\n\n胸口垂下的員工證表明了他的身份。\n\n也就是，曾是員工的他認為，\n自己應當完成原本的工作，所以才接近過來。"
          ]
        }
      ]
    },
    {
      "id": 901022,
      "name": "",
      "subDesc": "",
      "desc": "有時，心會迷失方向。\n\n那樣的心將會前往何處？\n\n如若存在收留迷失的心的地方，\n那一定是眼前這樣的場景吧。\n\n面對著空蕩蕩的人形石像，我的心平靜了下來。\n\n隨後，它像是想要抓住什麼似的伸出手。",
      "options": [
        {
          "message": "握住伸來的手",
          "result": [
            "它試圖抓到伸去的手，\n但沒能抓住。\n\n它是不應被看到存在的事物，\n宛若虛影。\n\n它也似乎領悟到這一事實，\n收回了伸來的手……\n\n就那樣自行瓦解，\n化作一座小小的雕像。"
          ]
        },
        {
          "message": "拒絕它"
        }
      ]
    },
    {
      "id": 901023,
      "name": "",
      "subDesc": "",
      "desc": "荒野中，一棵飽含怨念的樹孓然孤立。\n\n在這交雜著令人不悅的氣氛的空間中，\n連天空都似乎不得安寧。\n\n那根如手臂般伸出的樹枝令人印象深刻。\n\n這棵樹雖沒有任何動作，但似乎在渴求著什麼。",
      "options": [
        {
          "message": "為它澆水",
          "result": [
            "我往樹的周圍灑了一些水。\n\n就像是在熾熱的鐵板上澆水似的，\n水如沸騰蒸發般消失。\n\n但，沒有發生什麼特別的事。\n\n樹枝看上去稍稍有了些活力？\n可是，除此之外也沒什麼變化了。"
          ]
        },
        {
          "message": "折斷樹枝",
          "result": [
            "將一直很在意的那根如同手臂般延伸而出的樹枝折下。\n\n隨後數聲驚恐的悲鳴猛地傳來。\n\n我對著折斷的樹枝側耳傾聽，\n發現悲鳴是從那之中傳出的。\n\n雖然有種討厭的感覺，但也有種如果把它扔掉，\n會發生很不好的事的預感。"
          ]
        }
      ]
    },
    {
      "id": 90102301,
      "name": "",
      "subDesc": "",
      "desc": "",
      "options": [
        {
          "message": "多澆些水",
          "result": [
            "我突然察覺到，樹貌似比之前更加有活力了。\n\n不知何時起也感受不到那種令人生厭的感覺。\n\n它一定是乾渴了太久吧。\n\n如手臂般的樹枝動起來，向我靠近。\n\n就像是在對我表達感謝一般，\n它讓我拿走了許多的贈禮。",
            "我又多為它澆了些水。\n\n但水依舊如沸騰蒸發般消失。\n\n吸收的水量似乎變少了些？\n可是，除此之外也沒什麼變化了。"
          ]
        },
        {
          "message": "折斷樹枝",
          "result": [
            "將一直很在意的那根如同手臂般延伸而出的樹枝折下。\n\n隨後數聲驚恐的悲鳴猛地傳來。\n\n我對著折斷的樹枝側耳傾聽，\n發現悲鳴是從那之中傳出的。\n\n雖然有種討厭的感覺，但也有種如果把它扔掉，\n會發生很不好的事的預感。"
          ]
        }
      ]
    },
    {
      "id": 901024,
      "name": "",
      "subDesc": "",
      "desc": "“呱，呱，呱”\n\n巨大的蟾蜍在洞穴中叫著。\n\n洞穴各處粘著青黑色的粘液。\n\n這些粘液好似憂鬱的凝聚。\n\n不同於眼淚或哀傷的，憂鬱的精華。\n\n蟾蜍正不斷生產這種粘液。",
      "options": [
        {
          "message": "模仿叫聲",
          "result": [
            "咕呱，呱。\n\n蟾蜍貌似在用不同的叫聲做出回應。\n\n就像是在回答“知道了”一樣，是表達理解的聲音。\n\n隨後純藍的長舌頭突然伸出，抓住了我們中的一人。\n\n過了一會，被抓走的人從它口中回來了。\n\n完全被浸透了的樣子。\n\n不論被是水分，還是憂鬱。",
            "咕呱，呱。\n\n蟾蜍的聲音低沉，渾濁。\n\n像是在對我們的叫聲表示不解。\n\n它就那樣叫了好幾聲，\n突然高高躍起，離開了這裡。\n\n只剩下了青黑色的粘液。"
          ]
        },
        {
          "message": "坐下慢慢等待",
          "result": [
            "在洞穴中，不知花了多長時間，\n我們等待著蟾蜍叫聲停止。\n\n它眨巴著眼睛凝視我們。\n\n伴隨著“嘶——”的聲音，\n純藍色的長舌頭緩慢接近過來。\n\n舌頭上的是蟾蜍的眼球，\n似乎是想要讓我們拿走。\n\n取走後，它用僅剩的那隻眼睛對我們眨了兩下，\n隨後不知去哪裡了。\n\n是在感謝我們願意傾聽嗎？"
          ]
        }
      ]
    },
    {
      "id": 901025,
      "name": "",
      "subDesc": "",
      "desc": "廣場上有誰孤身獨立。\n\n它揮舞起一隻胳膊盯著我們。\n\n頭上的孔洞看上去既像它的眼睛，也像洞穿的彈痕。\n\n那一定是它手中的那把左輪製造的空洞。\n\n它將槍口對準了我。",
      "options": [
        {
          "message": "接近",
          "result": [
            "朝向我的槍口並不可怕。\n\n那是因為無論扣下多少次扳機，\n無論撥動多少次擊鎚，\n它都只會往自己的頭上打入子彈。\n\n它將原本朝向我的槍口猛地對準自己，\n火光瞬息間迸發而出。\n\n它就此消散，\n唯留一件靜靜落在地板的灰色大衣。"
          ]
        },
        {
          "message": "臥倒",
          "result": [
            "擊中目標的那份幸運，一旦不慎丟失便會隨風而逝；\n\n錯失目標的那份不幸，無論如何躲避都會緊追而來。\n\n槍口雖朝向了它的頭，\n但子彈卻向我們飛來。"
          ]
        }
      ]
    },
    {
      "id": 901026,
      "name": "",
      "subDesc": "",
      "desc": "無數的眼球望向這邊。\n深隱在其中的是盤根錯節的樹枝，但那實際都由人類構成。\n\n天堂有時會埋藏自身，\n也有時會成為人們的心中的歸宿。\n\n一旦這天堂在心中生根發芽，\n便只能透過他人之眼來慢慢欣賞。",
      "options": [
        {
          "message": "閉上雙眼",
          "result": [
            "閉眼仍見天堂。\n\n只要天堂深嵌進心房，\n便再也不能從不願直視之物上避開自己的視線。\n\n你僅所能見的，\n僅有其所願你見的。\n\n即便你緊閉雙眼，\n你的視線卻依舊洞開。\n\n再也不得閉合。"
          ]
        },
        {
          "message": "還以對視",
          "result": [
            "未曾眨眼，徑直回應目光。\n\n它的眼珠紋絲未動。\n\n其中的人即使飽受痛苦，那些眼瞳也毫不在意。\n\n它並非在凝視我。\n\n而是應當存在於我身後的，某處的天堂。"
          ]
        }
      ]
    },
    {
      "id": 901027,
      "name": "",
      "subDesc": "",
      "desc": "啊啊，何等碧藍。\n\n這樣純粹的碧藍，\n何人能夠接近？\n\n愈是接近，身體愈被排斥。\n只是，如此碧藍。\n\n想成為那碧藍。\n\n無比強烈的衝動，\n似乎要撕裂身體，噴湧而出。",
      "options": [
        {
          "message": "前進",
          "result": [
            "藍。\n\n碧藍。\n\n我們亦是碧藍。\n\n我已是碧藍。\n\n深邃的淺薄的溫和的同時愉悅的寒冷的\n溫暖的或是柔軟的涼爽的再或是熾熱的"
          ]
        },
        {
          "message": "任由自身後退",
          "result": [
            "但，我們並不純粹。\n\n如想成為碧藍，\n必需要讓自己那真正澄澈的藍融入碧藍之中。\n\n我們任由自身被推開。\n\n我們被難以言喻的高昂興致包裹著。"
          ]
        },
        {
          "message": "急忙離開",
          "result": [
            "恢復理智後，我迅速背過身。\n\n不能被它吸引。\n\n哪怕是曾目睹過那存在的記憶，\n也不能殘留在腦中。"
          ]
        }
      ]
    },
    {
      "id": 901028,
      "name": "",
      "subDesc": "",
      "desc": "這裡是由荊棘交織而成的蜘蛛巢。\n\n蜘蛛巢或許曾被當做賀禮，其中盛滿了花。\n\n新郎新娘在彷彿由某人的血澆灌出的鮮花中爬行。\n\n它們每爬行一步，手腳便滲出鮮血。\n\n在一方的血流乾之前，另一方會與之上下交換，\n它們就這樣交替爬行著。",
      "options": [
        {
          "message": "摘下鮮花",
          "result": [
            "取下血染的鮮花送去後，它們似乎感到欣喜。\n\n承載祝福的花不知從何時起，\n化為了將它們永世囚禁在蜘蛛巢中的詛咒。\n\n那些花並非它們栽種養育的東西。\n\n只是有誰無趣的情感在滋養著，使得花瓣愈加鮮豔。"
          ]
        },
        {
          "message": "扯斷荊棘",
          "result": [
            "一但嘗試扯斷荊棘，它們就會發出慘叫。\n\n即使會讓自己遍身傷痕，這裡對它們而言仍舊是家。\n\n它們憎惡破壞自己居所的人。\n\n一知半解地接觸他人的痛苦並非是一件明智的選擇。",
            "雖然試圖扯斷荊棘，\n但荊棘比預想的要牢固。\n\n使盡全力嘗試數次，\n卻只徒增了手掌的傷痕。\n\n它們只是靜靜站著，\n一動不動地眺望著這裡。\n\n臉上既未生出憤怒，\n也絲毫不見恐懼的神色。"
          ]
        }
      ]
    },
    {
      "id": 901031,
      "name": "",
      "subDesc": "",
      "desc": "它只是在默默搬運著。\n\n每多搬運一次，\n真空管中的數字也會隨之更新。\n\n機器只為達成目的而存在。\n\n也許讓它做些什麼比較好。",
      "options": [
        {
          "message": "命令它搬運行李"
        },
        {
          "message": "命令它什麼都不要做",
          "result": [
            "接不到任何命令的機器終將失去存在的意義。\n\n將什麼都不做當做目的的機器，\n以不動為己任。\n\n它的身體在吵鬧的沸騰聲的伴隨下升溫，噴出滾熱的蒸汽。\n\n看見它的身體逐漸升溫變成危險的顏色，我急忙衝出房間。"
          ]
        }
      ]
    },
    {
      "id": 901032,
      "name": "",
      "subDesc": "",
      "desc": "這裡是暗無邊際的城市，但建築物的光亮清晰可見。\n\n這座城市貌似是從其中央的巨大雷雲中獲取電力，加以使用。\n\n烏云有著頭和腳。\n\n那副姿態就如同羊一般。\n\n電子羊痛苦不堪。\n\n是因為電力被奪走了嗎？",
      "options": [
        {
          "message": "切斷電纜",
          "result": [
            "瞬間，每家每戶都失去了照明。\n\n電子羊發出如同暴風般的叫聲後，衝向遠方。\n\n無光的城市飄滿了失去光明的悲傷。\n\n它曾待過的地方放著小小的什麼東西。"
          ]
        },
        {
          "message": "接入另一根電纜",
          "result": [
            "電子羊的悲鳴更加淒厲。\n\n令人不悅的悲鳴嘈雜響徹。\n\n整個空間閃閃發光。\n\n建築物的光亮更上一層，亮得似乎要燃燒起來。\n\n隨後那片雲散發的光亮迅速衰弱。\n\n好似沉入了夢境。\n\n停止悲鳴的電子羊合上了雙眼。"
          ]
        }
      ]
    },
    {
      "id": 901033,
      "name": "",
      "subDesc": "",
      "desc": "“這只蜈蚣能發夠出超高壓電流。 ”\n\n水槽中的介紹這樣寫著。\n\n這裡是水族館？又或是研究室？\n\n蜈蚣的體節好像無法順暢移動。\n\n每次動作都會飛濺出火花。\n\n水槽前設置了兩個按鈕。\n\n分別是閃電狀的，以及雨滴狀的按鈕。",
      "options": [
        {
          "message": "按下閃電狀的按鈕",
          "result": [
            "“給蜈蚣施加越多刺激與痛苦，\n它放出的電流就越為強力。 ”\n\n按鈕上的說明寫到。\n\n如果按下閃電狀的按鈕也許就會那樣。\n\n按下按鈕後，機器的轟鳴聲響起，而後沉寂。\n\n“咔嗒”，好像是電池盒一般的東西掉了下來。\n\n蜈蚣從剛才起就一動不動了。"
          ]
        },
        {
          "message": "按下雨滴狀的按鈕"
        }
      ]
    },
    {
      "id": 901034,
      "name": "",
      "subDesc": "",
      "desc": "雖然很黑，但這裡應該是一座工廠。尖銳的機器轟鳴聲不斷迴響。\n\n如同眼睛般的熒光色照明物注視著我。\n\n一個機器人緩緩走來。\n\n或許是因為尚未完成，\n每動一下都能看見它四處裸露的電線。\n\n那滴答而下的液體是防凍液，還是說是血呢？\n\n正當我思考時，機器人胸口處的終端發光了。\n\n似乎可以輸入什麼。",
      "options": [
        {
          "message": "輸入“你好”",
          "result": [
            "機器人吃力地舉起雙臂。\n\n終端上顯示出這樣的話。\n\n<歡迎光臨，親愛的客人。您可否享受本次小鎮觀光？\n這是贈與您的紀念品。>\n\n即使終端顯示著笑臉，\n但從機器人的動作中，我似乎能聽到求救的吶喊聲。"
          ]
        },
        {
          "message": "輸入“再見”",
          "result": [
            "終端變得赤紅，警報聲響徹四周。\n\n機器人劇烈顫抖著，看起來十分痛苦。\n\n<再見。再見。再見再見再jian在見zai>\n\n當終端被那一個詞語佔滿時，\n那個機器人在我眼前爆炸了，許多的零件和肉塊從中迸裂出來。"
          ]
        }
      ]
    },
    {
      "id": 90103401,
      "name": "",
      "subDesc": "",
      "desc": "",
      "options": [
        {
          "message": "輸入“請為我介紹小鎮”",
          "result": [
            "<無法理解您的問題。>\n\n機器人歪著頭，在終端上顯示出這句話。\n\n它一邊反覆嘗試將頭歪向另一側，一邊輸出如下的話：\n\n<莫非客人並未參觀小鎮？>\n\n它似乎在等待答案。"
          ]
        },
        {
          "message": "收下紀念品後離開"
        }
      ]
    },
    {
      "id": 90103402,
      "name": "",
      "subDesc": "",
      "desc": "",
      "options": [
        {
          "message": "說實話",
          "result": [
            "<那請恕我無法贈與您紀念品！>\n\n終端突然咯噠咯噠地向上打開，\n一個機械手臂猛地飛出，試圖從我身上拿走什麼。\n\n<請配合我回收紀念品！說謊是不好的。>\n\n我四處躲閃，但機械手的速度變得更快了。\n\n<如您拒不合作，將依據規則A62GBFE1對您進行處罰！>\n\n不離開這裡似乎就無法停止機器人的行動，\n於是我跌跌撞撞地逃跑了。"
          ]
        },
        {
          "message": "回答“我參觀過小鎮了”",
          "result": [
            "<那或許是參觀程序出現了問題。>\n\n在終端上顯示出這樣的話後，\n那個機器人呆立了許久。\n\n直到我腦中浮現出“他是壞掉了嗎？ ”的想法時，\n終端開始閃動。\n\n<多次嘗試呼叫管理員，無人應答。>\n\n<系統異常。系統異常。>\n\n<重啟中……>\n\n隨後，青色屏幕上接連不斷輸出著某些複雜的文字序列。"
          ]
        },
        {
          "message": "不作回答，就此離開"
        }
      ]
    },
    {
      "id": 901035,
      "name": "",
      "subDesc": "",
      "desc": "“這裡是獨屬於我的空間。 ”\n\n“所以必須要按照我的方法來玩！ ”\n\n這裡似乎是不遵從規則就會發生壞事的地方。\n\n“來猜拳吧！ ”\n\n“我要出剪刀，你呢？ ”",
      "options": [
        {
          "message": "出石頭",
          "result": [
            "我本以為不管怎樣贏了就好。\n\n於是不假思索出了石頭。\n\n它低頭看了看手，莞爾一笑。\n\n“你輸了。 ”\n\n隨後，它的一隻手臂變成了巨大的剪刀。\n\n將我那出了石頭的手臂切下。"
          ]
        },
        {
          "message": "出布",
          "result": [
            "反正也是陪它玩，故意輸掉也不壞。\n\n它低頭盯著張開的手掌，而後鼓起臉。\n\n“你贏了。剪刀正因布的存在才擁有了價值。 ”"
          ]
        },
        {
          "message": "出剪刀",
          "result": [
            "還是不輸不贏的平局更好。\n\n它看著和自己同樣結果的手，露出了稍許掃興的表情。\n\n“怎麼是平手。你是覺得我不會出剪刀嗎？ ”\n\n我不會和不相信我的人玩，\n似乎能聽到它說了這樣的話，\n周圍已經變成完全不同的地方了。"
          ]
        }
      ]
    },
    {
      "id": 901012,
      "name": "",
      "subDesc": "",
      "desc": "一個披著人皮的東西在原地起舞，咔咔作響。\n它很快就發現了我。\n就像蜘蛛一樣，它咔嗒咔嗒地爬了過來向我搭話。\n\n“我昨天做了這個表情。 ”\n\n咻咻。嗒噠噠。\n“你認為我明天應該做什麼樣的表情呢？ ”\n\n咻。嗒噠噠。\n“我們應該做出什麼樣的表情？ ”",
      "options": [
        {
          "message": "我認為要微笑",
          "result": [
            "“微笑？微笑？微笑！ ”\n\n一陣幾乎與噪音無異並令人毛骨悚然的笑聲迸發出來。\n\n“我要微笑！我要微笑！ ”\n\n噼哩，咻，嗒噠噠。\n\n表情迅速地發生了變化，發出的聲音如同僵硬的皮膚被拉伸一般。\n\n這陣聲音呼嘯而過後，我才意識到自己的皮膚已經被奪走了。"
          ]
        },
        {
          "message": "不做任何表情。",
          "result": [
            "“什麼表情也不做？ ”\n\n“我要怎麼才能做到？ ”\n\n“要怎樣？要怎樣？ ”\n\n噼哩，咻，嗒噠噠。\n\n一陣混亂的聲音與急速的旋轉聲攪動著空氣……\n\n“……”\n\n最後，只剩下一副皮革面具留在原地。"
          ]
        },
        {
          "message": "哭泣，直至沉淪。",
          "result": [
            "“嗚嗚嗚！ ”\n\n如同無數生命共同迸發而出的哭聲貫穿雙耳。\n\n“哇！哇！ ”\n\n當那令人失魂落魄的哭聲消失時，\n\n它已經離去了，空餘飽經風霜的心靈。"
          ]
        }
      ]
    },
    {
      "id": 901015,
      "name": "",
      "subDesc": "",
      "desc": "空氣中瀰漫著濃濃的蒸汽。\n\n這些不僅僅是水汽，那蒸汽的顏色是棕色的。\n\n透過蒸汽的帷幕，你聽到了一個聲音。\n\n“嗯嗯！對瓶吹才盡興嘛！ ” \n\n“西邊來的這批貨味道不錯。 ” \n\n “嘿，你喜歡喝酒嗎？ ”",
      "options": [
        {
          "message": "我喜歡。",
          "result": [
            ""
          ]
        },
        {
          "message": "我不喜歡。",
          "result": [
            "“呸！你不喜歡喝只是因為你沒喝過好貨~來！ ”\n\n罪人們堅定的拒絕了它。\n\n“你認真的嗎……？連這種高級貨都不喝？ ”\n\n還是被拒絕了。\n\n“嘖……真掃興。 ”\n\n它把酒瓶放了下來，走回了蒸汽之中。"
          ]
        }
      ]
    },
    {
      "id": 901030,
      "name": "",
      "subDesc": "",
      "desc": "這是一個黑暗的洞穴。\n\n不時從裡面傳來著堅硬的東西相互碰撞產生的巨大迴聲。\n\n噪音的來源是三個碩大的骷髏頭。它們吱嘎作響地靠近了我們。\n\n它們沒有身體，所以它們滾動前進。一邊向我們滾來，他們也一邊不斷地發出噪音。\n\n三個骷髏頭滾到了我們腳邊，它們三個都有著各自的表情。\n\n我們應該選擇其中一個嗎？",
      "options": [
        {
          "message": "選擇在笑的骷髏頭。"
        },
        {
          "message": "選擇憤怒的骷髏頭。"
        },
        {
          "message": "選擇發狂的骷髏頭。"
        }
      ]
    },
    {
      "id": 901036,
      "name": "",
      "subDesc": "",
      "desc": "這朵花曾經是一朵玫瑰，或許小巧又美麗。\n\n但現在，它的體內蘊含的血液散發出一股殘酷的氣味。\n\n玫瑰飲著血越長越大，它啜飲著從附近泉水溢出的鮮血。\n\n無盡無休。\n\n現在，它正用它分杈的根貪婪的痛飲著那條血溪。",
      "options": [
        {
          "message": "堵住溪流，讓它無法繼續飲血。",
          "result": [
            "溪流被堵上了，它也就無法繼續飲用溢出的血。\n\n但是，這對那朵玫瑰並不公平。\n\n玫瑰並不是導致泉水溢出的罪魁禍首。\n\n它紮根在此，僅僅是因為牠喜歡飲血。\n\n而現在它最愛之物的源泉消失了，它就來嘗試奪走我們體內的血了。"
          ]
        },
        {
          "message": "把泉水的入口破壞，讓更多血流出來。",
          "result": [
            "當泉水的入口被破壞，曾經應屬於某人的血像瀑布一樣澆在了玫瑰身上。\n\n玫瑰好似欣喜若狂一般搖動著它的根系，躺在了血池裡。\n\n就那樣，玫瑰垂下了頭沒入了血池中。\n\n在其中央，一朵小花綻放了。也許這就是它對我們的報答？我們小心的撿起了那朵花。"
          ]
        }
      ]
    },
    {
      "id": 901037,
      "name": "",
      "subDesc": "",
      "desc": "我們面前立著一個正在吱嘎作響，搖搖晃晃的東西。\n\n它的內部有著一種粉紅色的液體。 \n\n每當容器搖晃起來，它便上下起伏。\n\n或許是液體的搖動讓這碩大的玻璃瓶也動了起來。\n\n那液體並不單調，而是由不同的液滴混合勾兌而成。\n\n每個液滴都有自己的臉。\n\n其中一滴看起來很悲傷的液滴被它面露鄙夷的同伴們推開了。\n\n巨大的玻璃瓶顫抖了一下，那粉紅色的液滴流了下來。\n\n這液滴一直在哭泣著。",
      "options": [
        {
          "message": "安撫粉色液滴。",
          "result": [
            ""
          ]
        },
        {
          "message": "把粉色液滴放回玻璃瓶內。",
          "result": [
            ""
          ]
        }
      ]
    },
    {
      "id": 901038,
      "name": "",
      "subDesc": "",
      "desc": "“我可以把一切都擦得乾乾淨淨。 ”\n\n“清掃讓人感到愉悅。 ”\n\n“我喜歡和其他人一樣。 \"\n\n“……”\n\n“老實說，我很煩惱。 ”\n\n“我旁邊的那個型號誇口說自己有了獨特的部件。 ”\n\n“那種東西就能讓我變得特別嗎？ ”\n\n“我真的顯得特別嗎？ ”",
      "options": [
        {
          "message": "你是特別的。",
          "result": [
            "“不。我並不特別。 ”\n\n它無視了回答，堅決地駁斥。\n\n“我會繼續平凡的生活，和現在一樣，就像分配給我的那樣。 ”\n\n隨後它以驚人的速度旋轉著，消失在了黑暗中"
          ]
        },
        {
          "message": "你不是特別的。",
          "result": [
            "“我不特別嗎，不特別嗎，不是特別的嗎？ ”\n\n在給出了消極的答覆後，它突然撕扯掉了它身上所有的清潔用具，隨後一頭撞到了牆上。\n\n伴隨著四濺的火星，它在其他物體上剮蹭身體，就好像要把這些東西固定在自己身上。\n\n一段時間後，它停了下來。\n\n“也許我想變得特別。 ”\n\n當空洞的聲音傳達到耳邊時，它已經不見了。"
          ]
        }
      ]
    },
    {
      "id": 901039,
      "name": "",
      "subDesc": "",
      "desc": "這間房間的天花板很高。然而，它也很狹窄，所以從外觀來看它只是一處狹小的空間。\n\n在房間內，看起來像是一位老人的東西坐在椅子上，一動不動地盯著牆上的一幅畫。\n\n在它身後，一股黑暗，厚重且粘稠的煙霧蔓延出來。\n\n也許這就是孤獨在被可視化後所展現的樣子。\n\n“像你們這樣的年輕人來這間屋子做什麼？ ”\n\n它在對我們說話時依然目不轉睛地盯著那幅畫。它意識到這點有多久了？\n\n“你們想听聽我的故事嗎？ ”",
      "options": [
        {
          "message": "告訴它你們很樂意聽些故事。",
          "result": [
            "“我的故事太長了，像你這樣的年輕人在聽完一個故事後可能就已經變得跟我一樣老了。 ”\n\n“這個漫長的故事……它最終只是以我如何想回家，但卻沒能到達的結局告終。 ”\n\n它說著並長嘆了口氣，就像它希望能夠放下這種渴望一般。\n\n“把這幅畫從牆上取下來帶走吧。那樣會更好一些。 ”"
          ]
        },
        {
          "message": "不聽故事離開。",
          "result": [
            "“……”\n\n我們沒有答復，並試著走出房間關上了門。\n\n在那一瞬間，可以看到落寞孤獨的煙霧從狹窄的縫隙中湧出並迸發開來。\n\n我迅速的關上了門……但還是沒能阻止有一團煙霧從中洩露而出。"
          ]
        }
      ]
    },
    {
      "id": 90103901,
      "name": "",
      "subDesc": "",
      "desc": "你要怎麼做？",
      "options": [
        {
          "message": "帶走這幅畫。",
          "result": [
            "當我們把畫從牆上取下來時，一股寒意彷彿壓在我們的背上。\n\n我們轉過身來，發現那湧出的粘稠煙霧比之前要多得多。\n\n“那是我唯一的家了……”\n\n它極想要保持沉默，喃喃自語幾乎像是在哀號。\n\n當我們試圖把這幅畫放回去時……\n\n“不！不要那麼做……把它拿走吧。我已經下定決心了。 ”\n\n它喊道。\n\n“在我奪走你的家之前，帶著它離開。快。 ”\n\n……我們聽從它的懇求，匆匆離開了那個地方。"
          ]
        },
        {
          "message": "留下這幅畫。",
          "result": [
            "“嗚嗚，你為什麼要將其留下？不過我很感激，所以請把這個帶走吧。但這樣很痛苦啊……”\n\n它看這幅畫並不是純粹為了欣賞。\n\n那超越了凝視，成為一種迷戀，或是說一種依戀的狀態。\n\n我們決定不帶走這幅畫。\n\n“為什麼……為什麼要留下它……”\n\n儘管它的聲音顫抖著，但其中略有如釋重負的感覺。\n\n“是啊……這是我再也回不去的家。僅是看著我就會覺得很難過……但如果我看不到它，我的心該要如何平靜下來。 ”\n\n“雖然你選擇留下這幅畫讓我很痛苦……但我必須感謝你。以此作為替代來助力你的旅程吧。 ”\n\n它遞給我們一樣閃閃發光的東西，隨後便又繼續盯著那幅畫。"
          ]
        }
      ]
    },
    {
      "id": 901040,
      "name": "",
      "subDesc": "",
      "desc": "黑暗中有藍星熠熠生輝。\n\n湊近一看，那並非真正的星星。\n\n只是一人手中緊攥著幾顆藍色的玻璃珠。\n\n“這是星星”\n\n但，它斷言那玻璃珠就是星星。\n\n彷彿已經看穿了我的心思。",
      "options": [
        {
          "message": "直言那是玻璃珠。",
          "result": [
            ""
          ]
        },
        {
          "message": "同意那是星星。",
          "result": [
            ""
          ]
        }
      ]
    },
    {
      "id": 901041,
      "name": "",
      "subDesc": "",
      "desc": "這條蜈蚣般的東西包裹在腐爛的布片中。\n\n那塊織物不斷散發著腐肉的氣味，就像是它在被解下來之前曾經包裹著腐爛的屍體。\n\n它的身上掛滿了奇怪的小冊子。\n\n仔細觀察的話，那些是公禱書。\n\n它信仰什麼，它又是為了什麼而祈禱？",
      "options": [
        {
          "message": "詢問它信仰什麼。",
          "result": [
            "當問到它信仰什麼時，它的頭耷拉了下來。\n\n正當我想知道它是否在指向地面時，它開始顫抖著搖晃它的無數條腿。\n\n“它……似乎發怒了。 ”\n\n下一秒，它蹬離地面朝我撲了過來。\n\n信仰只是單純的充當著一種信念而發揮作用。\n\n質疑它的本質……可能並不是我們應當做的事。"
          ]
        },
        {
          "message": "從它的身上拿一本公禱書。",
          "result": [
            ""
          ]
        }
      ]
    },
    {
      "id": 901042,
      "name": "",
      "subDesc": "",
      "desc": "那可能是蛇、蟲子，或是像徵著圓滿和平的形象。\n\n仔細觀察的話，可以看到鐵絲圍欄與糾纏在其中的無數屍體正在移動。\n\n那些以痛苦的方式糾纏在一起的肉塊是那些曾在過去的戰爭中喪生的武裝人員的遺體。\n\n現在，它像是一個活物一般移動著，在曾發生過煙霾戰爭的區域徘徊。\n\n鐵蒺藜像是隔離器一般，在你我之間劃出一條分界線。\n\n然而，如今這條生鏽而佈滿血跡的鐵蒺藜卻將你我死死地絞纏在一起，使我的眼睛嵌入你的肉體。",
      "options": [
        {
          "message": "偷偷摸摸的取下一部分鐵絲。",
          "result": [
            ""
          ]
        },
        {
          "message": "割破指尖將血滴在鐵絲上。",
          "result": [
            ""
          ]
        }
      ]
    },
    {
      "id": 901043,
      "name": "",
      "subDesc": "",
      "desc": "鐺——鐺——鐺——\n\n塑料撞擊的聲音伴隨著液體晃蕩的聲音傳來。\n\n它看起來曾是某公司的員工。\n\n已然破舊的正裝和員工證證明了他的身份。\n\n那員工證又舊又髒，近乎無法辨認。\n\n它的頭上帶著一個裝滿了腦啡肽的盒子，正在不斷的用頭撞向一個似乎是收容單元的門。\n\n它的脖子上戴著一個環形墊圈。也許是為了防止腦啡肽溢出？",
      "options": [
        {
          "message": "切斷環形墊圈。",
          "result": [
            ""
          ]
        },
        {
          "message": "不切斷環形墊圈",
          "result": [
            "鐺——鐺——鐺—— 撞擊和晃蕩的聲音始終不停。\n\n我繼續觀察與聆聽著。\n\n當我更仔細的傾聽時發現這聲音擁有節奏。也許在這些節奏中能找到些許快樂。"
          ]
        }
      ]
    },
    {
      "id": 901047,
      "name": "",
      "subDesc": "",
      "desc": "這是一片漆黑的森林，充斥著濃霧與藤蔓。\n\n一顆看似腐爛卻依舊移動著的蘋果，急切地奔向我。\n\n“請幫幫我，我需要藏起來。 ”\n\n“我只是個可憐的，小小的蘋果……被詛咒後又被拋棄。 ”\n\n我沒來得及回答，蘋果就把它小小的身體藏在了我的腿後。\n\n“……”\n\n 在長滿藤蔓的森林的霧中，隱約可以聽見馬蹄聲。\n\n那是巨大藤蔓組成的馬。\n\n騎在馬上的是一個有著玫瑰頭的實體。\n\n由藤蔓組成的馬站在我面前，吐著充斥青草味的粗氣。\n\n“我在獵殺某人，需要盡快處理。 ”\n\n“我正在找的是個將要成為公主的蘋果，我卻不知道它的準確方位”\n\n“它一定經過了這裡。你知道它去什麼方向了嗎？ ”",
      "options": [
        {
          "message": "告知真相",
          "result": [
            ""
          ]
        },
        {
          "message": "說並不知情",
          "result": [
            "“故事必須順理成章……我的委託人是這麼講的。 ”\n\n“我大抵是同意的。 ”\n\n“如果這就是劇情規定，那我就得照做。 ”\n\n它調轉馬頭朝著來時的方向，慢慢離開。\n\n“啊……如果，我是說，如果故事的走向因為你脫離了軌跡，你就將承擔責任。 ”\n\n留下了意味深長的話，它離開了。"
          ]
        }
      ]
    },
    {
      "id": 901049,
      "name": "",
      "subDesc": "",
      "desc": "一個巨大的蜥蜴樣的機器站在了我們前面。\n\n它長尾的形狀酷似一隻人手，並在向各個方向彎曲後朝著我們的方向伸直，並徑直指向了我們。\n\n“我侍奉的是神一般的下達命令者。 ”\n\n “下達命令者僕人的義務就是遵從命令。 ”\n\n “告訴我，你的命令是什麼？ ”",
      "options": [
        {
          "message": "我命令其死。",
          "result": [
            ""
          ]
        },
        {
          "message": "我命令其生。",
          "result": [
            ""
          ]
        },
        {
          "message": "不下達命令",
          "result": [
            ""
          ]
        }
      ]
    },
    {
      "id": 901051,
      "name": "",
      "subDesc": "",
      "desc": "咔啦——\n\n咔啦——\n\n隨著白霧瀰漫，眼前是一座用帶孔的石頭組成的山。\n\n不知哪里傳來岩石相互碰撞的聲音。\n\n有一個四肢修長、皮膚如石質般的生物正在堆起這座塔。\n\n這是一座為了祈願而堆起的石塔嗎？\n\n還是一個活埋某人的石塚？",
      "options": [
        {
          "message": "在塔上放一塊石頭",
          "result": [
            ""
          ]
        },
        {
          "message": "推倒石塚",
          "result": [
            ""
          ]
        }
      ]
    },
    {
      "id": 901056,
      "name": "",
      "subDesc": "",
      "desc": "這便是翡翠森林，又濕又滑。\n\n看起來很粘稠的綠色的雨傾瀉而下。\n\n你看到邊上有個像拿著雨傘一樣拿著一片草的人。\n\n“哎呀，我可不建議被這場雨淋到。 ”\n\n “來來，快來傘底下。 ”\n\n “要是你站在雨裡面的話，很快就要從頭開始被融化掉了。 ”",
      "options": [
        {
          "message": "走到傘底下，等待雨停。",
          "result": [
            "“怎樣？在這傘底下很愜意，不是嘛？ ” \n\n“就因為這該死的雨，我都找不到食物了。 ” \n\n“至少你們的味道應該還不錯。 ”\n\n“哦，你擔心這雨會融化東西？哈哈哈，當然不會啦。這雨其實能治愈你們的。 ”\n\n“那為什麼我剛剛要那麼說？ ”\n\n “如果剛剛你們還呆在雨裡……我親手把你們柔滑的皮扒下來還得費點功夫。 ” \n\n“但謝天謝地……我現在不需要麻煩了。 ” \n\n它說完了話，便在這對其最幸福的時刻，露出了燦爛的笑容。\n\n雨漸漸停了。"
          ]
        },
        {
          "message": "冒雨離開這裡。",
          "result": [
            ""
          ]
        }
      ]
    },
    {
      "id": 901057,
      "name": "",
      "subDesc": "",
      "desc": "這是一間空無一物的水泥房。\n\n但我無法擺脫或許有什麼東西在這兒的毛骨悚然感。\n\n其他罪人們不同意我並嗤之以鼻。\n\n房間裡有一個開關。 ",
      "options": [
        {
          "message": "按下按鈕。",
          "result": [
            "一按下開關，房間的燈就熄滅了。\n\n在什麼都看不見的黑暗中，出現了一個抖動的身影。\n\n當它與光移動方向相反，才能在沒有光時看到它。\n\n但這也並不意味著它能夠看到光。\n\n它是投影到心中的。\n\n我意識到它不能也不應該被包含在光的光譜中。\n\n這存在於不同緯度，因此也僅能通過不同緯度去感受和觀測到。"
          ]
        },
        {
          "message": "不按按鈕離開房間。",
          "result": [
            "我們決定離開房間，忽略其存在。\n\n“看吧，我告訴過你什麼都沒有！ ”有人責備我，而我想不出什麼反駁的話，因此決定保持安靜。"
          ]
        }
      ]
    },
    {
      "id": 90105701,
      "name": "",
      "subDesc": "",
      "desc": "該怎麼做？",
      "options": [
        {
          "message": "伸手觸摸它。",
          "result": [
            "罪人伸出的手——或者也許是被伸出的——在融化的同時也沒有融化。\n\n他們失去了曾擁有的那隻手，但一隻來自另一維度的手迅速取代了它。"
          ]
        },
        {
          "message": "離開房間。",
          "result": [
            "雖然我們離開時沒有發生什麼別的事，但我在脖子上發現了一些東西。\n\n夜視鏡。\n\n如果我們走進漆黑的環境，這些應該會很有用。"
          ]
        }
      ]
    },
    {
      "id": 901059,
      "name": "",
      "subDesc": "",
      "desc": "在一片寧靜祥和的森林中央，放有一根纖細的樹枝。\n\n一位散發著綠色微光的小小妖精坐在上面。\n\n妖精一言不發，向我們揮揮手，邀請我們過來休息一下。\n\n它看起來像是在微笑，又好像在跳舞。",
      "options": [
        {
          "message": "稍作休息。",
          "result": [
            "妖精揮揮手示意拉進我們的距離。\n\n看起來我們在帶領下來到了一個更加舒適的地方。或者說這就是我們想去相信的。\n\n我們的腳因漫長的旅途而感到疲憊酸痛。"
          ]
        },
        {
          "message": "不休息繼續前進。",
          "result": [
            "我們不能粗心大意停在這裡。\n\n樹枝向我們襲來試圖阻止我們前進，然而我們勉強躲過了它們。\n\n我們已然了解妖精這手勢的真正含義。\n\n“沒有免費的禮物，”有人喃喃自語道。"
          ]
        }
      ]
    },
    {
      "id": 90105901,
      "name": "",
      "subDesc": "",
      "desc": "該怎麼做？",
      "options": [
        {
          "message": "靠得更近些。",
          "result": [
            "妖精的笑容延伸為詭異的咧嘴笑。\n\n無需指出這奇怪之處，每個人都有相同的看法。\n\n儘管我們知道不應該以貌取人，我們依然上了它的當。\n\n我們將會為此付出代價。"
          ]
        },
        {
          "message": "離開。",
          "result": [
            "察覺到了猶豫的神色，我們一直堅信是妖精的它毫不猶豫地向我們撲了過來。\n\n雖然我們勉強躲過了致命傷，但總有一種被背叛的感覺。"
          ]
        }
      ]
    },
    {
      "id": 901062,
      "name": "",
      "subDesc": "",
      "desc": "一條由黑白構成的小巷。\n\n照亮道路的只有一盞路燈，讓整個場景看起來更加模糊不清。\n\n有什麼人站在燈光下。\n\n嗶嗶嗶嗶嗶——\n\n異想體手中的裝置響起了提示音。\n\n“我上個月去一家大公司面試的結果今天出來了。 ”\n\n“這條街的所有人都為考試和面試而做著準備。 ”\n\n“他們在等待結果公佈，賭上了他們的一切。只要他們被告知他們沒有被錄取，他們就會遠走他鄉，從此消失。 ”\n\n“所以，我改變了頭腦。就算我沒有被錄取，我也會欣然飛走。 ”\n\n“能幫我看一下我的結果嗎？ ”\n\n裝置上顯示，它並沒有被錄取。\n\n“怎麼樣？我被錄取了嗎？ ”",
      "options": [
        {
          "message": "告訴它真相。",
          "result": [
            "“所以我落選了。 ”\n\n它一隻手裡拿著的外套落到了地上。\n\n與此同時，它另一隻手拿著的塑料袋開始沙沙作響。\n\n“謝天謝地，實際上，我早就預料到我不會被錄取。 ”\n\n“我很好奇，人死後會去向何方？ ”\n\n“在我們最終的目的地會有綻放的花朵嗎？ ”\n\n在說完這些話之後，它頭上的蝴蝶飛向了天空，而它空虛的軀殼倒在了地上。\n\n而沾滿血跡的袋子中滾出了本屬於那具軀體的頭顱。\n\n幼蟲竟留下了如此沉重的蛹。"
          ]
        },
        {
          "message": "告訴它它被錄取了。",
          "result": [
            "“謝謝你，我該走了。崗前培訓應該就快開始了。 ”\n\n它這麼說著，穿上了剛剛拿在一隻手上的外套。\n\n“我不再需要這個了。 ”\n\n蝴蝶為了前去傳播花粉而離開了。\n\n我們只能希望，在它的目的地至少能照耀著一小束陽光。"
          ]
        }
      ]
    },
    {
      "id": 901063,
      "name": "",
      "subDesc": "",
      "desc": "“這是一處戰場。 ”\n\n“我的槍一定要射殺誰。 ”\n\n異想體說話清晰，大聲上膛。\n\n“在這場血淋淋的戰爭中，有一天魔鬼接近我且建議我做個交易。 ”\n\n“它許諾給予我一把能夠射殺任何事物的槍，但最後一顆彈藥將擊穿我所愛之人的頭顱。 ”\n\n“我笑著接下了槍與彈藥。 ”\n\n“我的愛人，嗯……”\n\n“我曾有過如此親密的人嗎？我現在都不確定。 ”\n\n“我必須為了我愛的人加入這場戰爭，我只記得這些。 ”\n\n我注意到槍手脖子上戴著一個舊吊墜。\n\n“多虧那一點，我可以自由地將槍管指向任何我想要指的人。無論我在哪兒開火，這把霰彈槍都能把任何人如同近距離擊中一樣炸成煙火，多棒啊？ ”\n\n“我敢說那傢伙一定有心愛的人。 ”\n\n“是的，我說的是剛剛被我炸掉腦袋的那個人。 ”\n\n“他們可能記得我記不住的東西。這一切如此令人興奮。 ”\n\n“我的意思是，殺死那些記得自己愛著誰的人。 ”\n\n槍手一邊說話一邊開槍。\n\n那把霰彈槍輕易地射出子彈，如同射手輕鬆的笑容一樣。\n\n“話說回來，你是站在哪一邊的？ ”",
      "options": [
        {
          "message": "告訴槍手看看它脖子上的吊墜。",
          "result": [
            "槍手一打開吊墜便尖叫起來。\n\n“你……你讓我想起了我愛的人。你知道這對我來說意味著什麼嗎？ ”\n\n怒氣沖衝的槍手用槍指著我，扣動扳機。\n\n然而，彈藥消失在空中，槍手倒在地上哭了起來。\n\n“我……不想再記起我愛的人……”\n\n能夠在某處聽到滿意的笑聲。"
          ]
        },
        {
          "message": "告訴槍手你站在他們這邊。",
          "result": [
            ""
          ]
        }
      ]
    },
    {
      "id": 901067,
      "name": "",
      "subDesc": "",
      "desc": "我看到一個被紙塞滿的房間。\n\n也許它曾經很寬敞，但現在，由於成堆的潦草文件佔據了大部分空間，它變得很狹窄。\n\n有個東西在這紙張和文件組成的海中向我們游來。\n\n一隻由紙張組成的蛇向我爬來，跟我說話。\n\n“這是地獄。 ” \n\n“這是世界上所有的人所忽略了的逾期作業和任務的地獄。 ” \n\n“人們也許以為沒有完成作業是件小事……他們什麼都不知道。 ”\n\n “這些作業也想被按時完成並上交！ ”\n\n “所有逾期以及被遺忘的作業都會來到這裡。 ”\n\n “然後他們就會墜入地獄，永遠受苦，永遠被拖延。 ” \n\n“學生們真是殘忍啊！你可能覺得我們只是你可以推遲的小任務，但我們只是想被上交！ ” \n\n“讓我問問你……你有沒有逾期上交過作業？我不管你有什麼特殊情況，告訴我你有沒有遺棄過任何可憐的作業！ ”",
      "options": [
        {
          "message": "說你從來沒有逾期上交過作業。",
          "result": [
            "“好啊，好啊。繼續加油！ ”\n\n“繼續確保按時完成作業。 ”\n\n我感到了強烈的信任感。\n\n如果我之後需要完成任何任務，我應該保證在期限之前提交。"
          ]
        },
        {
          "message": "說你有逾期上交過作業。",
          "result": [
            "‘難怪了，你一來到這裡……’\n\n“這堆文件一直在向你猛烈地沙沙作響。你能聽見嗎？ ”\n\n“這裡是你的名字，對吧？ ”\n\n你聽到這堆褪色的文件發出嘈雜的聲音，並不確定他們見到你是高興還是憤怒。\n\n你沒有選擇，只得面對你過去的錯誤。"
          ]
        }
      ]
    },
    {
      "id": 901076,
      "name": "",
      "subDesc": "",
      "desc": "這是一間醫院。\n\n它黑暗而荒涼，但醫院走廊一直都是這樣。\n\n在燈光閃爍著的走廊盡頭，一個巨大的身影向我們走來。\n\n它以穩定的速度向我們滑來，傳出生鏽的輪子拖拽的聲音。\n\n一個人被緊緊綁在佈滿灰塵的床上，也許是昔日的病人？\n\n當我們想到連估計它躺在那張床上的時間都根本毫無意義的時候。\n\n它終於動了起來，連床一起。\n\n它現在終於能夠享受可以自由奔跑的特權，\n\n它拖著它的輪子，猛烈的沖向了我們。",
      "options": [
        {
          "message": "把他身上的靜脈輸液管拔出。",
          "result": [
            ""
          ]
        },
        {
          "message": "逃跑。",
          "result": [
            "在我們不再能聽見輪子拖拽的聲音時，我們轉身停了下來。\n\n它靜靜的站在走廊裡，似乎放棄了追逐我們的想法。\n\n終有一天，當那張床壞掉，而那些輪子再也無法轉動的時候，它就能離開醫院了。\n\n只消幾步，我們便能離開這裡。"
          ]
        },
        {
          "message": "",
          "result": [
            ""
          ]
        }
      ]
    },
    {
      "id": 901077,
      "name": "",
      "subDesc": "",
      "desc": "這個地方讓人想起廢棄醫院裡的手術室。\n\n哐當幾聲之後，眼中閃過一道刺眼的白光。\n\n這道光馬上就被一隻有著數個頭顱的生物所遮擋。\n\n這些頭都帶著口罩和手術帽，所有人的目光都注視在我身上。\n\n“啊，有病人來了。 ”\n\n“對的，有病人來了。 ”\n\n“病人需要治療。 ”\n\n“哪裡？ ”\n\n“腹部？ ”\n\n“腿部？ ”\n\n“不對，是頭。前額葉。 ”\n\n這些頭一邊各自表達看法，一邊準備手術。",
      "options": [
        {
          "": "message“接受手術。 ”",
          "result": [
            ""
          ]
        },
        {
          "message": "“打破無影燈並逃跑。 ”",
          "result": [
            "隨著破碎聲響起，房間陷入了黑暗。\n鑑於它一生都在強烈的白光下生活，它僅僅是呆在黑暗中就手足無措"
          ]
        },
        {
          "message": "",
          "result": [
            ""
          ]
        }
      ]
    },
    {
      "id": 901078,
      "name": "",
      "subDesc": "",
      "desc": "那長脖的東西頭上有一柄錘子。\n\n它看起來有些像一個玩具，但它無疑是一個異想體。\n\n從它搖搖晃晃站著的樣子來看，它似乎隨時都會墜落，\n\n而正如我們所懷疑的那樣，它的頭承受不住鋼鐵的重量，狠狠地砸到了地板上。\n\n也許要裝滿它身後的瓶子，才能讓錘子重新舉起。",
      "options": [
        {
          "message": "把它用一名罪人的血灌滿.",
          "result": [
            ""
          ]
        },
        {
          "message": "讓罪人們強行抓著頭和瓶子把它抬起來。",
          "result": [
            "頭顱被舉起片刻之後，它顫抖了一下，然後又徑直落下。\n\n“砰。 ”\n\n它的脖子軟弱無力，就這麼毫無目標的摔在了地板上。\n\n我們將地面那空蕩蕩的迴響聲和被折斷的脖子拋在腦後，繼續前行。"
          ]
        }
      ]
    },
    {
      "id": 901079,
      "name": "",
      "subDesc": "",
      "desc": "從甕中伸出的五個附肢是個手掌嗎？\n\n還是一個裸體的人將自己的頭伸進了這金甕之中？\n\n這個人在甕中看到了什麼，才會讓他把自己的頭塞入甕裡？\n\n仍不滿足於頭部的緊縛，他的身體彷彿化作了一個手掌，試圖抓取一切。\n\n它若是抓住了這世上的一切，才終於會稍稍鬆手嗎？",
      "options": [
        {
          "message": "把它的頭從甕中拔出。",
          "result": [
            ""
          ]
        },
        {
          "message": "擁抱它巨大的身體並握手。",
          "result": [
            ""
          ]
        }
      ]
    },
    {
      "id": 901080,
      "name": "",
      "subDesc": "",
      "desc": "面前是一條綿長而寬廣的路。\n\n你看到什麼人在入口處舉著路標。\n\n“單行道，無法掉頭。 ”\n\n“走了這條路，要再回到這可要花上幾個世紀。 ”\n\n如他所說，這條路似乎一直延伸下去，無窮無盡。",
      "options": [
        {
          "message": "不走大路，沿來時的路折返。",
          "result": [
            "'時下的路面還很清靜，但一會你就知道了。很快路上擠滿了車，你如爬行一般夾在其中。\n\n倒車也不行。在你決定回頭時，後面的車早就緊跟了上來。\n\n“不錯的選擇。 ”\n\n它微笑著。\n\n這告示牌依然為每一個途經這條公路的人高舉。"
          ]
        },
        {
          "message": "不走大路，走旁邊的小路",
          "result": [
            "'這可不是個好選擇。\n\n“每個人都必須在公路上遵守同樣的規矩。無論如何，這條高速公路可是為了所有人使用。 ”\n\n“我保證，交通之神絕不會放過這種低賤的捷徑。 ”\n\n走在這岔道上，銳利的目光如芒在背，我只能久久忍受。"
          ]
        }
      ]
    }
  ]
}