{
  "dataList": [
    {
      "id": 1,
      "personalityid": 10401,
      "voiceFile": 0,
      "teller": "良秀",
      "dialog": "太過簡單，不想做了。",
      "usage": "(800101, VERY_HIGH), (800102, VERY_HIGH), (800104, VERY_HIGH), (800105, VERY_HIGH)"
    },
    {
      "id": 2,
      "personalityid": 10401,
      "voiceFile": 0,
      "teller": "良秀",
      "dialog": "還有這麼多別的傢伙，非要挑我不可？",
      "usage": "(800101, HIGH), (800102, HIGH), (800104, HIGH), (800105, HIGH) "
    },
    {
      "id": 3,
      "personalityid": 10401,
      "voiceFile": 0,
      "teller": "良秀",
      "dialog": "似乎值得一做。",
      "usage": "(800101, NORMAL), (800102, NORMAL), (800104, NORMAL), (800105, NORMAL)"
    },
    {
      "id": 4,
      "personalityid": 10401,
      "voiceFile": 0,
      "teller": "良秀",
      "dialog": "雖然不推薦，不過能派我出去是最好不過。",
      "usage": "(800101, LOW), (800102, LOW), (800104, LOW), (800105, LOW)"
    },
    {
      "id": 5,
      "personalityid": 10401,
      "voiceFile": 0,
      "teller": "良秀",
      "dialog": "戰勝逆境正是美麗所在。",
      "usage": "(800101, VERY_LOW), (800102, VERY_LOW), (800104, VERY_LOW), (800105, VERY_LOW) "
    },
    {
      "id": 6,
      "personalityid": 10401,
      "voiceFile": 0,
      "teller": "良秀",
      "dialog": "創作出了美麗的作品。",
      "usage": "(800101, SUCCESS), (800102, SUCCESS), (800104, SUCCESS), (800105, SUCCESS)"
    },
    {
      "id": 7,
      "personalityid": 10401,
      "voiceFile": 0,
      "teller": "良秀",
      "dialog": "哼，試是試了，但不太順利。",
      "usage": "(800101, FAILURE), (800102, FAILURE), (800104, FAILURE), (800105, FAILURE)"
    },
    {
      "id": 8,
      "personalityid": 10402,
      "voiceFile": 0,
      "teller": "Seven協會 良秀",
      "dialog": "",
      "usage": "(800101, VERY_HIGH), (800102, VERY_HIGH), (800104, VERY_HIGH), (800105, VERY_HIGH)"
    },
    {
      "id": 9,
      "personalityid": 10402,
      "voiceFile": 0,
      "teller": "Seven協會 良秀",
      "dialog": "",
      "usage": "(800101, HIGH), (800102, HIGH), (800104, HIGH), (800105, HIGH) "
    },
    {
      "id": 10,
      "personalityid": 10402,
      "voiceFile": 0,
      "teller": "Seven協會 良秀",
      "dialog": "",
      "usage": "(800101, NORMAL), (800102, NORMAL), (800104, NORMAL), (800105, NORMAL)"
    },
    {
      "id": 11,
      "personalityid": 10402,
      "voiceFile": 0,
      "teller": "Seven協會 良秀",
      "dialog": "",
      "usage": "(800101, LOW), (800102, LOW), (800104, LOW), (800105, LOW)"
    },
    {
      "id": 12,
      "personalityid": 10402,
      "voiceFile": 0,
      "teller": "Seven協會 良秀",
      "dialog": "",
      "usage": "(800101, VERY_LOW), (800102, VERY_LOW), (800104, VERY_LOW), (800105, VERY_LOW) "
    },
    {
      "id": 13,
      "personalityid": 10402,
      "voiceFile": 0,
      "teller": "Seven協會 良秀",
      "dialog": "",
      "usage": "(800101, SUCCESS), (800102, SUCCESS), (800104, SUCCESS), (800105, SUCCESS)"
    },
    {
      "id": 14,
      "personalityid": 10402,
      "voiceFile": 0,
      "teller": "Seven協會 良秀",
      "dialog": "",
      "usage": "(800101, FAILURE), (800102, FAILURE), (800104, FAILURE), (800105, FAILURE)"
    }
  ]
}