{
  "dataList": [
    {
      "id": "total_consumed_enkephalin",
      "content": "已消耗腦啡肽"
    },
    {
      "id": "enkephalin_consumption_encourage",
      "content": "喂！該幹活了，經理！罪人們還指望著您呢！"
    },
    {
      "id": "attendance_rewards_description_0",
      "content": "活動期間所消耗的腦啡肽會被記錄下來。"
    },
    {
      "id": "attendance_rewards_description_1",
      "content": "消耗腦啡肽模塊時會換算為等量的20腦啡肽。"
    },
    {
      "id": "attendance_rewards_description_2",
      "content": "鏡像迷宮的每日免費進入不會計算腦啡肽消耗。"
    },
    {
      "id": "april_event_story_popup_title",
      "content": "回看劇情"
    },
    {
      "id": "april_event_story_popup_content",
      "content": "要重新觀看“仲春夜之夢”嗎？"
    }
  ]
}