{
  "dataList": [
    {
      "id": 90100201,
      "title": "",
      "eventDesc": "",
      "prevDesc": "",
      "behaveDesc": "應該命誰上前？",
      "successDesc": [
        "漩渦逐漸減速，\n似已將我寬恕。\n\n對毫無意義之物避而不看，心懷畏敬，\n這等行徑，往往伴隨著些淡薄的自輕。\n\n與此同時，\n眼前的螺旋徐徐旋落。\n視野中再不見有漩渦。"
      ],
      "failureDesc": [
        "即使我側目不看，\n仍無法逃離螺旋。\n\n彷彿受到磁鐵牽引的鐵片，\n我不斷被奪去每一寸視線。\n\n那漩渦並沒有將我寬恕，\n蔑視我不敢直面的踟躕，\n\n螺旋蠶食著內心，愈發深入。"
      ]
    },
    {
      "id": 90100301,
      "title": "",
      "eventDesc": "",
      "prevDesc": "",
      "behaveDesc": "應該命誰上前？",
      "successDesc": [
        "慢慢地步入了濃霧。\n怪異的哭聲從四面八方傳來。\n\n分不清哪裡是前，哪裡是後。\n我們唯有一如既往地繼續行走。\n\n不知不覺，霧氣已然散去，\n源源不絕的灰燼形成了飾品，擺放在前方。\n我們這才意識到，方才穿過的並非是霧。"
      ],
      "failureDesc": [
        "慢慢地步入了濃霧。\n怪異的哭聲從四面八方傳來。\n\n分不清哪裡是前，哪裡是後。\n方向感漸漸變得模糊。\n不知不覺間，連再踏出一步都會感到恐懼。\n\n迷霧愈發濃厚，\n彷彿再也無法脫身。"
      ]
    },
    {
      "id": 90100302,
      "title": "",
      "eventDesc": "",
      "prevDesc": "",
      "behaveDesc": "應該命誰上前？",
      "successDesc": [
        "看著那如同眼睛一般的物體。\n凝視著那唱響無盡絕望的歌，\n與痛哭不止的空洞眼睛。\n\n然後，終於理解了面前的並不是霧，\n接著理解了，那眼睛，那嘴巴，不過都是錯覺。\n只是一片陰影，有著人類似的形狀。\n\n它的哭泣只是風聲在呼嘯，\n一經察覺，一切就都消失了。"
      ],
      "failureDesc": [
        "看著那如同眼睛一般的物體。\n它回望的眼中歌唱著無盡的絕望。\n\n它的形狀變得彷彿比從前還大。就在這個時候。\n我們被霧氣吞沒了。"
      ]
    },
    {
      "id": 90100501,
      "title": "",
      "eventDesc": "",
      "prevDesc": "",
      "behaveDesc": "應該命誰完成？",
      "successDesc": [
        "每解開一個繩結，\n哭聲就會變大一分。\n\n對被困的東西產生了同情，\n每解開一個繩結，應和著那哭聲，我也開始落淚。\n\n一條繩子伴隨著悲傷，\n一條繩子伴隨著哀嘆。\n\n解開所有的繩子之後，裡面空無一人。\n\n這是怎麼回事呢。\n檢查內部，僅有一隻紅色的寶石甲蟲。"
      ],
      "failureDesc": [
        "每解開一個繩結，\n哭聲就會變大一分。\n\n棺材裡不止有一人，\n眾多的人們在棺中相擁哭泣。\n\n隨著棺材破碎，他們全部被釋放了出來。"
      ]
    },
    {
      "id": 90100502,
      "title": "",
      "eventDesc": "",
      "prevDesc": "",
      "behaveDesc": "回去吧。應該讓誰帶路？",
      "successDesc": [
        "別把我留在這裡。\n紅色手臂在空中揮舞，彷彿如此懇求。\n\n但那模樣看上去又像是在道謝，\n感謝自己被留在了原地。\n\n哭聲沒有停止，\n但哪怕只有一點，啜泣稍微平息了下來。"
      ],
      "failureDesc": [
        "為了甩掉令人發寒的感覺，加快了步伐。\n\n但那感覺卻一直跟在身後，陰魂不散。\n\n在某個時刻，停下腳步回頭一看，\n注意到了身後的手。\n\n在那隻手上，還連著另一隻詭異枯槁的鮮紅手臂。\n\n就在啞然失聲的時候，手已經握緊了。\n一個熟悉的聲音加入了棺材中的嚎哭。"
      ]
    },
    {
      "id": 90100601,
      "title": "",
      "eventDesc": "",
      "prevDesc": "",
      "behaveDesc": "誰將給出我們的答案？",
      "successDesc": [
        "“你確定？ ”\n\n紙張隨風飄展，一副難以置信的模樣。\n\n“好吧。如果你知道之後會發生什麼，還堅持要這麼做……”\n\n它向後一步，把咖啡對著自己兜頭澆下。\n接著，一個紙士兵衝向了這裡。\n“你不該低估紙張的韌性。 ”\n\n還沒來得及回應這不尋常的聲音，\n紙片士兵就已經發起了攻擊。"
      ],
      "failureDesc": [
        "“你確定嗎？ ”\n\n“就憑你這樣的軀體，根本無法履行合同裡的內容！ \n\n“紙張罵罵咧咧，\n把咖啡澆在了地板上。\n\n還沒來得及解釋，紙張就把我們趕了出去。"
      ]
    },
    {
      "id": 90100602,
      "title": "",
      "eventDesc": "",
      "prevDesc": "",
      "behaveDesc": "誰將給出我們的答案？",
      "successDesc": [
        "“謝了，託你的福，事情輕鬆了不少。 ”\n\n周圍的紙片士兵開始相互廝殺。\n\n過了一會兒，敗北的紙士兵四分五裂，\n從撕裂的身體中飛出了紙鶴。\n\n一隻散落在地的紙鶴爬向了我。\n\n“那張紙就拜託給你了。 ”\n\n看上去心滿意足的紙張將自己泡進了咖啡。"
      ],
      "failureDesc": [
        "“這就是你拒絕別人的態度嗎？ ”\n\n焦躁的紙發出皺巴巴的聲音。\n\n“說話也要講究基本的方法\n對那些基本素質都不具備的人\n我已經無話可說了。 \n\n”來不及作出任何解釋，\n我們就被趕了出去。"
      ]
    },
    {
      "id": 90100801,
      "title": "",
      "eventDesc": "",
      "prevDesc": "",
      "behaveDesc": "應該命誰完成？",
      "successDesc": [
        "你拔出了刺入泰迪熊胸口的釘子。\n\n結塊的鮮血從空洞中滿溢而出。\n\n在那彷彿源源不絕的鮮血流盡之後，\n泰迪熊的體內只剩一片漆黑。\n\n那空蕩蕩的黑洞，正是空虛啊。"
      ],
      "failureDesc": [
        "刺進人偶胸口的釘子比想像得還要更深，更加堅固。\n\n再怎麼用力拔，\n釘子都像是深深紮根在那裡一樣，\n紋絲不動。\n\n人偶彷彿對此毫無察覺，\n只是俯視著下方。\n\n是因為它不能感到痛苦嗎。"
      ]
    },
    {
      "id": 90101001,
      "title": "",
      "eventDesc": "",
      "prevDesc": "",
      "behaveDesc": "應該命誰完成？",
      "successDesc": [
        "你摘下了它手上的戒指。\n\n它仍然紋絲不動，吟誦不止。\n\n無論眼前發生了什麼，\n它都不會移動吧。\n\n佛像一動不動，\n連吟詠的強弱都不曾變化……\n\n明白了一件事。\n\n雕像所吟之物即為詛咒。"
      ],
      "failureDesc": [
        "你試圖摘下它手上的戒指。\n那一瞬間，它的手腕像是畫圈一樣開始轉動。\n\n再次把手伸向戒指，\n手腕再度轉動起來，拒絕被人奪去。\n\n簡直就像是，我沒有那麼做的資格。"
      ]
    },
    {
      "id": 90101101,
      "title": "",
      "eventDesc": "",
      "prevDesc": "",
      "behaveDesc": "應該命誰完成？",
      "successDesc": [
        "它低沉的聲音平靜下來。\n\n又摸了摸它，\n它舒適的閉上了雙眼。\n\n再摸了摸它，\n好像是內心被溫暖了，它輕輕坐在地上。\n\n最後摸了摸它，\n滿足的它縮成了一小尊雕像。"
      ],
      "failureDesc": [
        "伸手去摸它的時候，\n它的吼聲更兇了。\n\n才剛碰到那柔軟的皮毛，\n狐狸就猛地一躍而起，喉中呼哧作響。\n\n慢慢地接近瞪過來的狐狸，\n卻只見它頭也不回地跑開了。\n\n還能做些什麼？"
      ]
    },
    {
      "id": 90101301,
      "title": "",
      "eventDesc": "",
      "prevDesc": "",
      "behaveDesc": "應該命誰完成？",
      "successDesc": [
        "一張護身符被剝了下來，\n忽然，屋子裡的蠟燭亮了。\n\n再剝下一張，\n蠟燭燃燒著的火光更加劇烈。\n\n站在中央的木偶身軀開始微微顫抖。\n\n應該繼續下去嗎？\n\n這就是它所期待的嗎？"
      ],
      "failureDesc": [
        "什麼都沒發生。\n木偶只是立在那裡，吱嘎作響。\n\n掌中的護身符化為了粘稠的鮮血，\n血液在指間流淌，自縫隙處滴落。"
      ]
    },
    {
      "id": 90101701,
      "title": "",
      "eventDesc": "",
      "prevDesc": "",
      "behaveDesc": "應該命誰閱讀？",
      "successDesc": [
        "這是一塊羅列著難解字符的石板。\n\n雖然無法完全理解，\n但還是有幾個單詞被收入眼底。\n\n審判……定罪……懲戒……\n\n這些相連的詞語，若是試圖理解，\n似乎會為自己招來死亡。\n\n從石板上移開視線，\n正好看見那位記錄者在飛升前，微微頷首。"
      ],
      "failureDesc": [
        "這是一塊羅列著難解字符的石板。\n\n看上去似乎可以理解，\n如果能再多理解一點就好了。\n\n再多一點……再多理解一點就好了……\n\n回過神來的那一刻，那存在已然消失不見。\n徒留自己握在手中的石板。 "
      ]
    },
    {
      "id": 90101801,
      "title": "",
      "eventDesc": "",
      "prevDesc": "",
      "behaveDesc": "應該命誰完成？",
      "successDesc": [
        "折下一支附著其上的薔薇。\n\n將其摘下時，那本以為是花瓣的東西，\n質感卻像是內臟一樣。\n\n為何會有形如花朵的髒器？它是為了什麼而存在的？"
      ],
      "failureDesc": [
        "折下一支附著其上的薔薇。\n\n也許是採摘的動作不夠正確，\n這朵獨一無二的花支離破碎。\n\n指示牌不曾變化。"
      ]
    },
    {
      "id": 90101901,
      "title": "",
      "eventDesc": "",
      "prevDesc": "",
      "behaveDesc": "應該命誰完成？",
      "successDesc": [
        "一些綠色物質被放進了玻璃瓶。\n\n這物質不僅僅是一團污泥，\n泥塗中的眾多幼蟲正在游弋。\n\n幼蟲們互相蠶食，恐怕那並非是蛤蜊產下的子嗣。"
      ],
      "failureDesc": [
        "我拿著玻璃瓶朝它靠近。\n\n然而，躊躇再三後，還是轉身就走。\n\n無法忍受自己要伸出手去，觸碰那團污穢，\n\n不如說，感覺那是碰都不能碰的東西。"
      ]
    },
    {
      "id": 90102001,
      "title": "",
      "eventDesc": "",
      "prevDesc": "",
      "behaveDesc": "誰將被派上前去？",
      "successDesc": [
        "朝著巨大的花前行，\n小花紛紛閃開，讓就一條道路。\n\n每每向著深處進發，\n小花便紛紛凋謝，如同垂首。\n\n就在抵達終點的那一刻，\n巨花俯首獻上了禮物。"
      ],
      "failureDesc": [
        "朝著巨大的花前行，\n\n盛開的小花晃動不止，令人頭暈目眩。\n\n四面八方的花投來視線，注視著自己。\n彷彿要迷失在花海中。\n\n回首望去，巨花仍然在向我招手。",
        "拼盡全力，卻無法接近巨花分毫。\n\n我只能遠眺花朵。\n鬼使神差般地，我向巨花招了招手。\n\n剎那間，所有的花朵染上猩紅，一同將頭顱轉向此處。\n\n在凝視了片刻後，猩紅的花瓣乘著風向我襲來。\n就像是對我三心二意的懲罰一樣。"
      ]
    },
    {
      "id": 90102101,
      "title": "",
      "eventDesc": "",
      "prevDesc": "",
      "behaveDesc": "該如何抉擇？",
      "successDesc": [
        "像是在等待他人為自己指明道路一樣。\n用手指示了方位，隨即它便朝著那個方向跑去。\n\n在它跑開後，地面還殘留下了什麼。\n\n那是一隻藍色的打火機，描繪著翼的徽記。\n\n據說，那是翼發放給員工的供給品。\n\n看來它並非是乘客，而是那家運輸公司的員工。"
      ],
      "failureDesc": [
        "正思考該如何指引方向的時候，\n它開始步履蹣跚地靠近這裡。\n\n無意中隨手為它指了一個方位，\n它便追隨著指令，改變了路線。\n\n片刻過後，金屬板嘎吱作響，彷彿聽到了撕裂的聲音。"
      ]
    },
    {
      "id": 90102201,
      "title": "",
      "eventDesc": "",
      "prevDesc": "",
      "behaveDesc": "該如何抉擇？",
      "successDesc": [
        "身體迅速躲過了它迫近的手臂。\n\n手臂們依然在執著地朝我們靠近。\n\n幸運的是，手臂伸出的長度有限，\n我們得以安全脫身。"
      ],
      "failureDesc": [
        "身體迅速躲過了它迫近的手臂。\n\n但是要避開所有執著靠近的手臂，那可不容易。\n還是有幾隻手撕裂了我們的身體。\n\n儘管逃了出來，卻也遭受了許多損失。"
      ]
    },
    {
      "id": 90103101,
      "title": "",
      "eventDesc": "",
      "prevDesc": "",
      "behaveDesc": "該如何抉擇？",
      "successDesc": [
        "它舉起了附近的一個物體，\n將其從左側帶到了右側。\n\n它身上的計數增加了1。\n\n這是怎麼回事？正當你在思考的時候，\n機器已經抬起手臂，換上了一根新的真空管。\n\n機器把那根舊真空管遞了過來，\n就這麼收到了它的饋贈。"
      ],
      "failureDesc": [
        "它舉起了附近的一件行李，\n將其從左側移動到了右側。\n\n就在這時，它好像被什麼東西卡住了，\n搬運著行李的它止步不前，\n身上的真空管忽然亮起光芒。\n\n層出不窮的數字和文字令人眼花。\n字符串不斷增減，隨後全部消失了。\n\n與此同時，它手中的巨大行李墜向了地面……。\n在那底下，不巧正站著幾個人。"
      ]
    },
    {
      "id": 90103301,
      "title": "",
      "eventDesc": "",
      "prevDesc": "",
      "behaveDesc": "該如何抉擇？",
      "successDesc": [
        "“請刺激蜈蚣，施加痛楚，以增加放電強度。 ”\n這條信息寫在按鈕的上方。\n\n一按下水滴狀的按鈕，箱中就充滿了水。\n蜈蚣的身軀如同跳舞一般在水箱裡扭動著。\n\n看來它並不快樂。"
      ],
      "failureDesc": [
        "“請刺激蜈蚣，施加痛楚，以增加放電強度。 ”\n這條信息寫在按鈕的上方。\n\n一按下水滴狀的按鈕，箱中就充滿了水。\n蜈蚣的身軀如同跳舞一般在水箱裡扭動著。\n\n可以看到它的尾巴正在剮蹭箱壁。\n剎那間，水箱的玻璃忽然出現了裂紋，粉碎四散。\n\n接通了高壓電的水流傾瀉而出，朝著我們兜頭澆了下來。"
      ]
    },
    {
      "id": 90101501,
      "title": "",
      "eventDesc": "",
      "prevDesc": "",
      "behaveDesc": "應該命誰去呢？",
      "successDesc": [
        "“啊，爽！來，喝一杯。 ”\n\n我能感受到一種烈性的，灼熱的液體在我體內翻滾。\n\n“唔姆，我挺喜歡你喝它的樣子！ ”\n\n一陣輕飄飄的感覺過後，我發現身體情況有所好轉。\n\n“感受到神奇之處了麼？這就是藥酒！藥酒！來吧，再來一杯！ ”\n\n又喝了幾杯后，我邁著愉悅的步伐離開了。"
      ],
      "failureDesc": [
        "“啊，爽！來，喝一杯。 ”\n\n我能感受到一種烈性的，灼熱的液體在我體內翻滾。\n\n“嘿……你還好嗎？ ”\n\n我的胃部感到不適，隨後我的視線緩緩移向右邊。\n\n“著實令人惋惜……這是好東西……但我猜你的身體承受不住。你不該再喝了。 ”\n\n我感到頭和視線正旋轉得越來越快，便匆匆離開了。\n\n離開的腳步伴著跌撞和顛簸，這一切全在我的記憶中融為一片模糊。"
      ]
    },
    {
      "id": 90103001,
      "title": "",
      "eventDesc": "",
      "prevDesc": "",
      "behaveDesc": "應該命誰去呢？",
      "successDesc": [
        "我舉起了那個微笑的顱骨。\n\n不管出於什麼原因，它都十分興高采烈，呲牙咧嘴地在我手上亂晃。\n\n突然，你感覺你的身體變輕了。\n\n環顧四周，你注意到每個人似乎都經歷了同樣的事情。\n\n當我看向我的手時，不知不覺間，那個骷髏已經消失了。"
      ],
      "failureDesc": [
        "我舉起了那個微笑的顱骨。\n\n可奇怪的是，剛剛還在笑著的骷髏突然變得面無表情。\n\n想知道究竟是什麼地方出了什麼問題，罪人將頭湊近了骷髏，然後……\n\n“？ ！ ”\n\n骷髏張開了血盆大口，在消失前咬住了{0}。"
      ]
    },
    {
      "id": 90103002,
      "title": "",
      "eventDesc": "",
      "prevDesc": "",
      "behaveDesc": "應該命誰去呢？",
      "successDesc": [
        "我舉起了憤怒的顱骨。\n\n彷彿被什麼東西冒犯到了一般，它怒氣沖天，咬牙切齒地想要咬住空氣中的什麼東西。\n\n突然，我感覺我的手變輕了。\n\n“這是……”\n\n一直嘎嘎作響的骷髏消失得無影無踪，唯有一個發光的物體留在我的手中。"
      ],
      "failureDesc": [
        "我舉起了憤怒的顱骨。\n\n可奇怪的是，剛剛還心情不好的骷髏突然變得面無表情。\n\n想知道究竟是什麼地方出了問題，罪人將頭湊近了骷髏，然後……\n\n“？ ！ ”\n\n骷髏張開了血盆大口，在消失前咬住了{0}。"
      ]
    },
    {
      "id": 90103003,
      "title": "",
      "eventDesc": "",
      "prevDesc": "",
      "behaveDesc": "應該命誰去呢？",
      "successDesc": [
        "我舉起了表情古怪的顱骨。\n\n彷彿被什麼東西逼瘋了一樣，它滾來滾去，牙齒毫無規律地咔咔作響。\n\n正當我不確定該如何處理它時，我的手變輕了，低頭望去……\n\n發現它變成了一個小飾品。"
      ],
      "failureDesc": [
        "我舉起了表情古怪的顱骨。\n\n可奇怪的是，剛剛還在瘋狂扭動的骷髏突然變得面無表情。\n\n想知道究竟什麼地方出了問題，罪人將頭湊近了骷髏，然後……\n\n“？ ！ ”\n\n骷髏張開了血盆大口，在消失前咬住了{0}。"
      ]
    },
    {
      "id": 90103701,
      "title": "",
      "eventDesc": "",
      "prevDesc": "",
      "behaveDesc": "應該命誰來安慰它？",
      "successDesc": [
        "我該怎麼安慰一滴水……\n\n這命令聽起來很是奇怪，但罪人們還是盡了全力去安慰它。\n\n多虧了罪人們的努力，水滴似乎重新振作了起來。\n\n“因為你，我得到了自由。 ”\n\n好像聽到了這樣的回答。\n\n頃刻間，水滴從視野中消失了。一個看起來像個大玻璃瓶的東西留在了原處。"
      ],
      "failureDesc": [
        "我該怎麼安慰一滴水……\n\n這命令聽起來很是奇怪，但罪人們還是盡了全力去安慰它。\n\n但是……特殊水滴的憂鬱的氛圍貌似並沒有得到好轉。\n\n“儘管如此，還是用這些謝謝你。 ”\n\n好像聽到了這樣的回答。\n\n水滴將自己的一半遞給了我們，然後在頃刻間消失不見了。\n\n罪人們都在說自己的身體變輕了。它的那一半想必就是禮物吧。"
      ]
    },
    {
      "id": 90103702,
      "title": "",
      "eventDesc": "",
      "prevDesc": "",
      "behaveDesc": "應該命誰把它放回？",
      "successDesc": [
        "最好還是將它放回它該在的位置。\n\n將水滴拿起，並放回巨大的玻璃瓶中。\n\n我們就這樣看著。\n\n它逐漸滑入其中，水滴的表情中充滿了恐懼和輕蔑、又帶著憤怒和詛咒的感情。\n\n“你不應該那樣做。 ”\n\n“從你的角度看我們可能是一體的。但是對我來說，這裡就是地獄。 ”\n\n我想我聽到了這樣的回答。\n\n就像那玻璃瓶一樣，我們的內心深處也傳來了破裂的聲音。"
      ],
      "failureDesc": [
        "最好還是將它放回它該在的位置。\n\n將水滴拿起，並放回巨大的玻璃瓶中。\n\n我們就這樣看著。\n\n它逐漸滑入其中，水滴的表情中充滿了恐懼和輕蔑、又帶著憤怒和詛咒的感情。\n\n“……啊！ ”\n\n在看到那個表情而失神的一瞬間，水滴直直地滑落又彈起，消失在我們的視野外。\n\n……可能做了不該做的事。"
      ]
    },
    {
      "id": 90104001,
      "title": "",
      "eventDesc": "",
      "prevDesc": "",
      "behaveDesc": "應該命誰來回答？",
      "successDesc": [
        "我告訴那個人，它手中的只是個藍色彈珠。\n\n“是的。在你看來它們當然就是這樣。 ”\n\n那個人很平靜，就好像他早就知道我想說什麼一樣。\n\n“如果你真的這麼想的話，那就隨便吧。 ”\n\n他緩緩搖動著手中的珠子，很快消失了。\n\n感覺我好像知道了什麼重要的真相。"
      ],
      "failureDesc": [
        "我告訴那個人，它手中的只是藍色彈珠。\n\n“你聽起來十分自信。但你真的知道什麼是星星嗎？ ”\n\n“漂浮在黑暗之中的光點。這就是我們所說的星星。 ”\n\n他緩緩地搖動著手中的珠子。\n\n“星星就在你的心中。所以這些藍色的珠子就是星星。 ”\n\n正當你就要把這些話銘記在心間時，他消失了，並告訴我它將要“到藍星去”。\n\n感覺我好像知道了什麼重要的真相。"
      ]
    },
    {
      "id": 90104002,
      "title": "",
      "eventDesc": "",
      "prevDesc": "",
      "behaveDesc": "",
      "successDesc": [
        "一窺其內部無數色彩，便能確信它就是星星。\n\n“有朝一日，我想回歸於那顆藍星。 ”\n\n他們都來自藍星嗎？我能不能前往那顆星星？\n\n“你也這麼想嗎？你也想回到那個地方啊。 ”\n\n我點了點頭。雖然我既不知曉它的位置也並非來自於它，但我有回到它的衝動。\n\n“那就給你這個吧。 ”\n\n它把它緊握著的藍星給了我，並消失了。"
      ],
      "failureDesc": [
        "一窺其內部無數色彩，便能確信它就是星星。\n\n“沒錯，但是……”\n\n他的語氣突然變得憂傷。\n\n“我知道，我無法再回到它的身邊了。 ”\n\n“我只是揮動著我的手臂，散出藍色的光芒，為使自己成為一顆星星。 ”\n\n隨著一陣呼嘯聲，它便消失得無影無踪。\n\n在這之後，我們的頭不知怎麼地感到更加輕盈。"
      ]
    },
    {
      "id": 90104101,
      "title": "",
      "eventDesc": "",
      "prevDesc": "",
      "behaveDesc": "應該命誰把它撕下？",
      "successDesc": [
        "它似乎正全神貫注的祈禱著。\n\n你盡力忽視掉腐爛的臭味，設法從它身上撕下一本公禱書。\n\n它是如此的深深沉浸在其中，甚至沒有註意到我們接近它並拿走了這本冊子。\n\n也許與它堅定的信仰相比，公禱書已經無足輕重了。\n\n無論是什麼樣的信仰和教義，都早已經牢牢地紮根在了它的思想和心靈當中。"
      ],
      "failureDesc": [
        "它似乎正全神貫注的祈禱著。\n\n你盡力忽略掉腐爛的臭味，設法從它身上撕下一本公禱書。\n\n“咯誒誒誒誒？ ！ ”\n\n我們的嘗試是被注意到了嗎？在小冊子被撕下的時候，一種不愉快的聲音迸發了出來。\n\n以為會受到攻擊，我猶豫了一下。但它似乎對我不屑一顧。\n\n它立即開始用下顎刮撓地面，潦草的寫下了一些東西。\n\n……看起來似乎是那本公禱書的內容。"
      ]
    },
    {
      "id": 90104201,
      "title": "",
      "eventDesc": "",
      "prevDesc": "",
      "behaveDesc": "應該命誰把它扯下？",
      "successDesc": [
        "在它停下的間隙，我慢慢向他靠近。\n\n哪怕只是扯下一部分，我也希望也能讓那些被束縛的東西得到些許安寧。\n\n“……！ ”\n\n扯下鐵絲網出乎意料地輕鬆。\n\n但，肉塊沒有絲毫變化。\n\n彷彿在說，不要以為這樣就能輕易地讓它們從那時的苦痛裡解脫。"
      ],
      "failureDesc": [
        "在它停下的間隙，我慢慢向他靠近。\n\n哪怕只是扯下一部分，我也希望也能讓那些被束縛的東西得到些許安寧。\n\n“……！ ”\n\n也許是因為不清楚鐵絲網的構造。我的手扭來扭去，瞬間被捲進鐵絲網中。\n\n“快、快點！ ”\n\n其他人一起費了好一番力氣才拽出我的手臂，然而我的手臂早已佈滿傷痕。"
      ]
    },
    {
      "id": 90104202,
      "title": "",
      "eventDesc": "",
      "prevDesc": "",
      "behaveDesc": "應該命誰來獻出鮮血？",
      "successDesc": [
        "我或許是對它產生了近似於憐憫或是同情的情感。\n\n又或是認為與其共享疼痛可以減輕它們的痛苦。\n\n指尖滴落的鮮血，逐漸浸染入肉中。\n\n終於停下來的它，像是俯視我一般彎下腰。\n\n它或許，認為我與那些在濃厚的煙霾中倒下的人們是相同的。\n\n眼神悲憫的它張開嘴，嘴中似有什麼閃著光。\n\n我拿起了它送來的小小慰問品。"
      ],
      "failureDesc": [
        "我或許是對它產生了近似於憐憫或是同情的情感。\n\n又或是認為與其共享疼痛可以減輕它們的痛苦。\n\n指尖滴落的鮮血，逐漸浸染入肉中。\n\n“……唔！ ”\n\n鐵絲網包裹著的所有屍體與肉體一同發出悲鳴與怒吼。\n\n它也與之同步，暴動起來。\n\n既沒有參與戰爭，亦不曾在現場的我，無法憑藉任何方式融入或理解它們。\n\n這只不過是，半吊子的傲慢。\n\n我只能將暴走的它拋在一邊，逃跑似的離開那裡。"
      ]
    },
    {
      "id": 90104301,
      "title": "",
      "eventDesc": "",
      "prevDesc": "",
      "behaveDesc": "應該命誰去呢？",
      "successDesc": [
        "墊圈一下子就被破開了。可能是老化了。\n\n“咳咳，哈啊……”\n\n腦啡肽從盒子裡流出，而透過盒子上的玻璃窗，能看到一個被腦啡肽浸泡後浮腫而又濕透了的人。\n\n即使知道它不再是人類，徒然的同情心還是向你對它伸出手來。\n\n“把手拿開。 ”\n\n它說。\n\n“這是我……為了生存唯一的選擇。 ”\n\n“我們被活埋在了這裡，沒有任何救援的希望。我們被拋棄了。 ”\n\n“我……我們把我們的頭塞進了腦啡肽，度過了這漫長的時間。 ”\n\n在它解釋完後，便響起了它夾雜著怨恨的聲音。\n\n“為什麼你要現在來救我們？我只想把我的頭埋進那綠水里！ ”\n\n它的臉上滿是憤怒，它戴著那已經空空如也的盒子跑開了。\n\n只剩下一張小小的員工證，以及做了一些不應該做的事情的罪惡感。"
      ],
      "failureDesc": [
        "是墊圈比想像中要結實，還是沒有領會到訣竅？\n\n刀刃不停的被滑溜的墊圈彈開……\n\n“呃啊啊啊……”\n\n那個浸沒在腦啡肽裡的東西把你推開，跑走了。\n\n它是更願意保持那樣嗎？\n\n只剩下了一張小小的員工卡。"
      ]
    },
    {
      "id": 90104701,
      "title": "",
      "eventDesc": "",
      "prevDesc": "",
      "behaveDesc": "應該命誰去吐露真相？",
      "successDesc": [
        "“啊……”\n\n挪動雙腿後我指著下方，感受到了那個顫抖著的蘋果的沮喪。\n\n“哈，我懂了。 ”\n\n“不！不該是這樣！ ”\n\n“故事必須遵守它應有的規則。這也是我們要沿襲的流程，拿著吧。 ”\n\n它拿起一個小蘋果放在馬背上。\n\n“它不再被需要了。這算不上是個禮物，但是作為告訴我的報酬，我將把它贈予你。 ”"
      ],
      "failureDesc": [
        "我正想說出真相，卻感覺腿在發抖。\n\n“……你在隱瞞真相。 ”\n\n我試圖反駁它，但它已經被激怒了。\n\n“滾開！ ”\n\n它用帶刺的絞索狠狠地抽打我……\n\n就在我想方設法避開攻擊時，我發現那個絞索套到了一個爛蘋果。\n\n“順理成章，我收下了。 ”\n\n它抓起蘋果，跑向了另一個方向的森林中。"
      ]
    },
    {
      "id": 90104901,
      "title": "",
      "eventDesc": "",
      "prevDesc": "",
      "behaveDesc": "誰將給出命令？",
      "successDesc": [
        "我命令其死。\n\n“……我明白了。從你的聲音中我能聽出你深刻的目的。 ”\n\n“你的命令將會被執行。 ”\n\n短暫的回答後，它便消失了。\n\n沒過多久，我就听到某處傳來了一聲巨響。\n\n……之後，我們的身體便感到更輕鬆，更有活力了。"
      ],
      "failureDesc": [
        "我命令其死。\n\n“……我理解你的命令了。但是——”\n\n“你的聲音並沒有任何目的。你下達了命令，但並不理解其中的含義。 ”\n\n“作為下達無意義命令的代價，你將受到懲罰。 ”\n\n在我們能回復之前，它尾巴上的手伸了過來。"
      ]
    },
    {
      "id": 90104902,
      "title": "",
      "eventDesc": "",
      "prevDesc": "",
      "behaveDesc": "誰將給出命令？",
      "successDesc": [
        "我命令其生。\n\n“……我明白了。從你的聲音中我能聽出你深刻的目的。 ”\n\n“你的命令將會被執行。 ”\n\n短暫的回答後，它便消失了。\n\n沒過多久，我就听到某處傳來了急促的腳步聲。\n\n當腳步聲從我頭頂掠過，突然有什麼閃閃發亮的東西從空中落下。\n\n……這是它們的禮物嗎？"
      ],
      "failureDesc": [
        "我命令其生。\n\n“……我理解你的命令了。但是——”\n\n“你的聲音並沒有任何目的。你下達了命令，但並不理解其中的含義。 ”\n\n“作為下達無意義命令的代價，你將受到懲罰。 ”\n\n它奪走了我們收集來的某個閃光的東西。"
      ]
    },
    {
      "id": 90104903,
      "title": "",
      "eventDesc": "",
      "prevDesc": "",
      "behaveDesc": "誰將給出命令？",
      "successDesc": [
        "我並沒有給它命令。\n\n“沒有人可以不下命令！ ”\n\n“見它凶狠的搖著尾巴，我們急忙擺手，給了個藉口。 ”\n\n“……我明白了你的命令了。原來是這個意思。 ”\n\n是我們偶然說了什麼引起了它的回應嗎？\n\n“命令將會被執行。 ”\n\n在離開之前，它放下了一個神秘的物品。"
      ],
      "failureDesc": [
        "我並沒有給它命令。\n\n“沒有人可以不下命令！ ”\n\n見它凶狠的搖著尾巴，我們急忙擺手，給了個藉口。\n\n“不僅如此，你甚至犯下了忽視給自己下達命令的罪。 ”\n\n“對於忘記命令責任之罪，我將予以正當的處罰。 ”\n\n倉促的藉口並沒有起效，而那條尾巴畫著優美的弧線砸向了我們。"
      ]
    },
    {
      "id": 90105101,
      "title": "",
      "eventDesc": "",
      "prevDesc": "",
      "behaveDesc": "誰來放下石頭？",
      "successDesc": [
        "你是否虔誠地放下了石塊？\n\n若是如此，願望或能成真。"
      ],
      "failureDesc": [
        "若要將自己的願望凌駕於萬人之上……\n\n要輕拿輕放，謹慎小心。\n\n一塊石頭落地，別的石頭也會應之崩塌。\n\n破壞了這石塔的代價，可從來不輕。"
      ]
    },
    {
      "id": 90105102,
      "title": "",
      "eventDesc": "",
      "prevDesc": "",
      "behaveDesc": "誰來推倒石塔？",
      "successDesc": [
        "已然倒塌的石塔下埋藏著什麼東西。\n\n為什麼它要被埋藏得如此隱秘，我們無從得知。"
      ],
      "failureDesc": [
        "石塔在頃刻間崩塌。\n\n我試著避開落石，卻依然被落石掩埋。\n\n現在，我被永遠地掩埋在這石塔之中。"
      ]
    },
    {
      "id": 90105601,
      "title": "",
      "eventDesc": "",
      "prevDesc": "",
      "behaveDesc": "你要怎麼做?",
      "successDesc": [
        "拒絕了好意, 我們在雨中加快腳步。\n\n奔跑的時候，我突然發現手裡攥著一個東西。\n\n沒有接過那把傘，可能是我們的運氣。"
      ],
      "failureDesc": [
        "‘哎呀……這樣味道可不好了……’\n\n長腿妖精撐著傘，興奮地向我們蹦跳而來。\n\n藏起來的手臂暴露了出來，那上面沾滿了血跡。它跑得飛快，修長的手臂伸向我們，似乎正要扼住我們的脖頸。"
      ]
    },
    {
      "id": 90106301,
      "title": "",
      "eventDesc": "",
      "prevDesc": "",
      "behaveDesc": "命誰去搭話？",
      "successDesc": [
        "“好吧，我們繼續進行慶祝吧。 ”\n\n槍林彈雨的戰場上，歡快的祭典正在秘密上演。\n\n看了一會兒後.，我拿起散落周圍的醫療用品偷偷溜了出去。\n\n直到離開那裡前，槍聲仍在迴盪。"
      ],
      "failureDesc": [
        "“好吧，你什麼也說不出來……”\n\n“你會記得，並將永遠銘記下去。 ”\n\n“那麼，交給我來做好了。 ”\n\n“你所愛的人們會記得你，是又一個人頭落地的受害者。 ”\n\n這裡依然是個戰場，\n\n裝填子彈，是槍手司空見慣的事。"
      ]
    },
    {
      "id": 90107601,
      "title": "",
      "eventDesc": "",
      "prevDesc": "",
      "behaveDesc": "應該命誰去呢？",
      "successDesc": [
        "輸液管已經從體內移除。\n\n紅線被拔出後，它的身體重煥生機，彷彿解除了某種詛咒。\n\n也許那軀體沒有從輸液中獲得營養，反倒是在滋養牠。"
      ],
      "failureDesc": [
        "輸液管糾纏得厲害，沒辦法解開。\n\n我嘗試解開軟管的結扣時，突然感到手上一陣刺痛。\n\n低頭一看手背，一根纏在輸液管上的注射針刺破了我的皮膚。\n\n我趕緊拔了出來，卻突然感到沒來由的頭暈目眩。"
      ]
    },
    {
      "id": 90107701,
      "title": "",
      "eventDesc": "",
      "prevDesc": "",
      "behaveDesc": "",
      "successDesc": [
        "“你將會是我院的新患者。 ”\n\n“這是一個小花園，一個放鬆的避風港。 ”\n\n“我和其他病人相處得很好。 ”\n\n“我沒覺得有多疼，麻藥打得足夠了。 ”\n\n來這里之前，我受過大大小小的傷。\n\n無論身體上的還是精神上的，傷口都得及時治療。\n\n傷痕一旦留下，那就無法挽回了。"
      ],
      "failureDesc": [
        "即便主刀醫生技術再怎麼嫻熟，也並非每台手術都會成功。\n\n而就算多位醫生在場，照樣有可能失敗。\n\n我們能做些什麼？\n\n只能強忍痛苦，一瘸一拐地回去，一如既往。"
      ]
    },
    {
      "id": 90107801,
      "title": "",
      "eventDesc": "",
      "prevDesc": "",
      "behaveDesc": "應該命誰去呢？",
      "successDesc": [
        "它身後的燒瓶被血色裝滿。\n\n滿足於那些血液的重量，它的頭顱再次向著天花板抬起。"
      ],
      "failureDesc": [
        "只是，被抽出的血量超出了我的預想。\n\n彷若重錘落下，我癱倒在地。\n\n滿足於那些血液的重量，它的頭顱再次向著天花板抬起。"
      ]
    },
    {
      "id": 90107901,
      "title": "",
      "eventDesc": "",
      "prevDesc": "",
      "behaveDesc": "應該命誰把它摘下？",
      "successDesc": [
        "嘗試像撣開灰塵一樣輕輕摘下它\n\n是對即便將頭猛擠入其中也無法消散的貪婪的冒犯。\n\n我除默默看向伸出的手外已無他法。"
      ],
      "failureDesc": [
        "我們以為將它摘了下來，但仍無法前進。\n\n看見它到最後仍緊緊抓住衣角，你像被堅韌之物所束縛，體力消耗殆盡。"
      ]
    },
    {
      "id": 90107902,
      "title": "",
      "eventDesc": "",
      "prevDesc": "",
      "behaveDesc": "讓誰來擁抱呢？",
      "successDesc": [
        "擁抱本身既是接納他人。\n\n為抓住什麼而伸出來的手指終能第一次與他人十指相扣。\n\n安靜結合著的手掌之間，一股溫暖的血氣開始流動。\n\n頑固的貪婪之心因而得以鬆弛。"
      ],
      "failureDesc": [
        "在伸手與人相握前怎可忘記擦拭汗水。\n\n你的手滑落開來，而那隻空蕩蕩的手掌扭動著彷彿是在尋找另一隻左手握住。\n\n但它不久就放棄了盲目的抓握行為，看來有過嘗試它便滿足了。"
      ]
    }
  ]
}