{
  "dataList": [
    {
      "id": 1,
      "personalityid": 10102,
      "voicefile": 0,
      "teller": "Seven協會 李箱",
      "dialog": "這種條件下還做不到的話，反倒是異象了。",
      "usage": "(800101, VERY_HIGH), (800102, VERY_HIGH), (800104, VERY_HIGH), (800105, VERY_HIGH)"
    },
    {
      "id": 2,
      "personalityid": 10102,
      "voicefile": 0,
      "teller": "Seven協會 李箱",
      "dialog": "乾脆試一下好了。",
      "usage": "(800101, HIGH), (800102, HIGH), (800104, HIGH), (800105, HIGH) "
    },
    {
      "id": 3,
      "personalityid": 10102,
      "voicefile": 0,
      "teller": "Seven協會 李箱",
      "dialog": "你覺得能，那便能。",
      "usage": "(800101, NORMAL), (800102, NORMAL), (800104, NORMAL), (800105, NORMAL)"
    },
    {
      "id": 4,
      "personalityid": 10102,
      "voicefile": 0,
      "teller": "Seven協會 李箱",
      "dialog": "像是有遺憾也沒問題嗎？",
      "usage": "(800101, LOW), (800102, LOW), (800104, LOW), (800105, LOW)"
    },
    {
      "id": 5,
      "personalityid": 10102,
      "voicefile": 0,
      "teller": "Seven協會 李箱",
      "dialog": "像是做了無意義的事。",
      "usage": "(800101, VERY_LOW), (800102, VERY_LOW), (800104, VERY_LOW), (800105, VERY_LOW) "
    },
    {
      "id": 6,
      "personalityid": 10102,
      "voicefile": 0,
      "teller": "Seven協會 李箱",
      "dialog": "頓生愉悅。",
      "usage": "(800101, SUCCESS), (800102, SUCCESS), (800104, SUCCESS), (800105, SUCCESS)"
    },
    {
      "id": 7,
      "personalityid": 10102,
      "voicefile": 0,
      "teller": "Seven協會 李箱",
      "dialog": "人終將絕望。",
      "usage": "(800101, FAILURE), (800102, FAILURE), (800104, FAILURE), (800105, FAILURE)"
    },
    {
      "id": 8,
      "personalityid": 10101,
      "voicefile": 0,
      "teller": "李箱",
      "dialog": "這種條件下還做不到的話，反倒是異象了。",
      "usage": "(800101, VERY_HIGH), (800102, VERY_HIGH), (800104, VERY_HIGH), (800105, VERY_HIGH)"
    },
    {
      "id": 9,
      "personalityid": 10101,
      "voicefile": 0,
      "teller": "李箱",
      "dialog": "乾脆試一下好了。",
      "usage": "(800101, HIGH), (800102, HIGH), (800104, HIGH), (800105, HIGH) "
    },
    {
      "id": 10,
      "personalityid": 10101,
      "voicefile": 0,
      "teller": "李箱",
      "dialog": "你覺得能，那便能。",
      "usage": "(800101, NORMAL), (800102, NORMAL), (800104, NORMAL), (800105, NORMAL)"
    },
    {
      "id": 11,
      "personalityid": 10101,
      "voicefile": 0,
      "teller": "李箱",
      "dialog": "像是有遺憾也沒問題嗎？",
      "usage": "(800101, LOW), (800102, LOW), (800104, LOW), (800105, LOW)"
    },
    {
      "id": 12,
      "personalityid": 10101,
      "voicefile": 0,
      "teller": "李箱",
      "dialog": "像是做了無意義的事。",
      "usage": "(800101, VERY_LOW), (800102, VERY_LOW), (800104, VERY_LOW), (800105, VERY_LOW) "
    },
    {
      "id": 13,
      "personalityid": 10101,
      "voicefile": 0,
      "teller": "李箱",
      "dialog": "頓生愉悅。",
      "usage": "(800101, SUCCESS), (800102, SUCCESS), (800104, SUCCESS), (800105, SUCCESS)"
    },
    {
      "id": 14,
      "personalityid": 10101,
      "voicefile": 0,
      "teller": "李箱",
      "dialog": "人應絕望。",
      "usage": "(800101, FAILURE), (800102, FAILURE), (800104, FAILURE), (800105, FAILURE)"
    }
  ]
}