{
  "dataList": [
    {
      "id": 1,
      "personalityid": 10801,
      "voiceFile": 0,
      "teller": "以實瑪利",
      "dialog": "問我行不行？別特地問些理所應當的事。",
      "usage": "(800101, VERY_HIGH), (800102, VERY_HIGH), (800104, VERY_HIGH), (800105, VERY_HIGH)"
    },
    {
      "id": 2,
      "personalityid": 10801,
      "voiceFile": 0,
      "teller": "以實瑪利",
      "dialog": "應該可行。如果你的計劃不會像艘破爛擱淺的船一樣。",
      "usage": "(800101, HIGH), (800102, HIGH), (800104, HIGH), (800105, HIGH) "
    },
    {
      "id": 3,
      "personalityid": 10801,
      "voiceFile": 0,
      "teller": "以實瑪利",
      "dialog": "行吧……如果沒別的人能處理，那就我上。",
      "usage": "(800101, NORMAL), (800102, NORMAL), (800104, NORMAL), (800105, NORMAL)"
    },
    {
      "id": 4,
      "personalityid": 10801,
      "voiceFile": 0,
      "teller": "以實瑪利",
      "dialog": "讓我做，我便做，但講真這計劃簡直跟垃圾一樣。",
      "usage": "(800101, LOW), (800102, LOW), (800104, LOW), (800105, LOW)"
    },
    {
      "id": 5,
      "personalityid": 10801,
      "voiceFile": 0,
      "teller": "以實瑪利",
      "dialog": "你認真的？你瘋了？真讓我失望。別和我說話。",
      "usage": "(800101, VERY_LOW), (800102, VERY_LOW), (800104, VERY_LOW), (800105, VERY_LOW) "
    },
    {
      "id": 6,
      "personalityid": 10801,
      "voiceFile": 0,
      "teller": "以實瑪利",
      "dialog": "儘管如此……我還是設法做到了。",
      "usage": "(800101, SUCCESS), (800102, SUCCESS), (800104, SUCCESS), (800105, SUCCESS)"
    },
    {
      "id": 7,
      "personalityid": 10801,
      "voiceFile": 0,
      "teller": "以實瑪利",
      "dialog": "你該派別人上的。別怪我。",
      "usage": "(800101, FAILURE), (800102, FAILURE), (800104, FAILURE), (800105, FAILURE)"
    },
    {
      "id": 8,
      "personalityid": 10802,
      "voiceFile": 0,
      "teller": "R公司 以實瑪利",
      "dialog": "",
      "usage": "(800101, VERY_HIGH), (800102, VERY_HIGH), (800104, VERY_HIGH), (800105, VERY_HIGH)"
    },
    {
      "id": 9,
      "personalityid": 10802,
      "voiceFile": 0,
      "teller": "R公司 以實瑪利",
      "dialog": "",
      "usage": "(800101, HIGH), (800102, HIGH), (800104, HIGH), (800105, HIGH) "
    },
    {
      "id": 10,
      "personalityid": 10802,
      "voiceFile": 0,
      "teller": "R公司 以實瑪利",
      "dialog": "",
      "usage": "(800101, NORMAL), (800102, NORMAL), (800104, NORMAL), (800105, NORMAL)"
    },
    {
      "id": 11,
      "personalityid": 10802,
      "voiceFile": 0,
      "teller": "R公司 以實瑪利",
      "dialog": "",
      "usage": "(800101, LOW), (800102, LOW), (800104, LOW), (800105, LOW)"
    },
    {
      "id": 12,
      "personalityid": 10802,
      "voiceFile": 0,
      "teller": "R公司 以實瑪利",
      "dialog": "",
      "usage": "(800101, VERY_LOW), (800102, VERY_LOW), (800104, VERY_LOW), (800105, VERY_LOW) "
    },
    {
      "id": 13,
      "personalityid": 10802,
      "voiceFile": 0,
      "teller": "R公司 以實瑪利",
      "dialog": "",
      "usage": "(800101, SUCCESS), (800102, SUCCESS), (800104, SUCCESS), (800105, SUCCESS)"
    },
    {
      "id": 14,
      "personalityid": 10802,
      "voiceFile": 0,
      "teller": "R公司 以實瑪利",
      "dialog": "",
      "usage": "(800101, FAILURE), (800102, FAILURE), (800104, FAILURE), (800105, FAILURE)"
    }
  ]
}