{
  "dataList": [
    {
      "id": 1,
      "personalityid": 11201,
      "voiceFile": 0,
      "teller": "格里高爾",
      "dialog": "噢，這種程度的話感覺三兩下就能搞定了吧？",
      "usage": "(800101, VERY_HIGH), (800102, VERY_HIGH), (800104, VERY_HIGH), (800105, VERY_HIGH)"
    },
    {
      "id": 2,
      "personalityid": 11201,
      "voiceFile": 0,
      "teller": "格里高爾",
      "dialog": "看著有點麻煩……但應該能行。",
      "usage": "(800101, HIGH), (800102, HIGH), (800104, HIGH), (800105, HIGH) "
    },
    {
      "id": 3,
      "personalityid": 11201,
      "voiceFile": 0,
      "teller": "格里高爾",
      "dialog": "哎……雖然很麻煩，但是讓做的時候總得做吧。",
      "usage": "(800101, NORMAL), (800102, NORMAL), (800104, NORMAL), (800105, NORMAL)"
    },
    {
      "id": 4,
      "personalityid": 11201,
      "voiceFile": 0,
      "teller": "格里高爾",
      "dialog": "這是命令嗎？如果你是在詢問我的意見的話，還是讓其他傢伙上吧。",
      "usage": "(800101, LOW), (800102, LOW), (800104, LOW), (800105, LOW)"
    },
    {
      "id": 5,
      "personalityid": 11201,
      "voiceFile": 0,
      "teller": "格里高爾",
      "dialog": "……像你這樣的長官，哪天背後被自己人來一槍也不奇怪。",
      "usage": "(800101, VERY_LOW), (800102, VERY_LOW), (800104, VERY_LOW), (800105, VERY_LOW) "
    },
    {
      "id": 6,
      "personalityid": 11201,
      "voiceFile": 0,
      "teller": "格里高爾",
      "dialog": "唔，運氣不錯。",
      "usage": "(800101, SUCCESS), (800102, SUCCESS), (800104, SUCCESS), (800105, SUCCESS)"
    },
    {
      "id": 7,
      "personalityid": 11201,
      "voiceFile": 0,
      "teller": "格里高爾",
      "dialog": "偶爾也會有這種時候。來一根？",
      "usage": "(800101, FAILURE), (800102, FAILURE), (800104, FAILURE), (800105, FAILURE)"
    },
    {
      "id": 8,
      "personalityid": 11202,
      "voiceFile": 0,
      "teller": "六協會 格里高爾",
      "dialog": "",
      "usage": "(800101, VERY_HIGH), (800102, VERY_HIGH), (800104, VERY_HIGH), (800105, VERY_HIGH)"
    },
    {
      "id": 9,
      "personalityid": 11202,
      "voiceFile": 0,
      "teller": "六協會 格里高爾",
      "dialog": "",
      "usage": "(800101, HIGH), (800102, HIGH), (800104, HIGH), (800105, HIGH) "
    },
    {
      "id": 10,
      "personalityid": 11202,
      "voiceFile": 0,
      "teller": "六協會 格里高爾",
      "dialog": "",
      "usage": "(800101, NORMAL), (800102, NORMAL), (800104, NORMAL), (800105, NORMAL)"
    },
    {
      "id": 11,
      "personalityid": 11202,
      "voiceFile": 0,
      "teller": "六協會 格里高爾",
      "dialog": "",
      "usage": "(800101, LOW), (800102, LOW), (800104, LOW), (800105, LOW)"
    },
    {
      "id": 12,
      "personalityid": 11202,
      "voiceFile": 0,
      "teller": "六協會 格里高爾",
      "dialog": "",
      "usage": "(800101, VERY_LOW), (800102, VERY_LOW), (800104, VERY_LOW), (800105, VERY_LOW) "
    },
    {
      "id": 13,
      "personalityid": 11202,
      "voiceFile": 0,
      "teller": "六協會 格里高爾",
      "dialog": "",
      "usage": "(800101, SUCCESS), (800102, SUCCESS), (800104, SUCCESS), (800105, SUCCESS)"
    },
    {
      "id": 14,
      "personalityid": 11202,
      "voiceFile": 0,
      "teller": "六協會 格里高爾",
      "dialog": "",
      "usage": "(800101, FAILURE), (800102, FAILURE), (800104, FAILURE), (800105, FAILURE)"
    }
  ]
}