{
  "dataList": [
    {
      "id": 1,
      "personalityid": 11101,
      "voiceFile": 0,
      "teller": "奧提斯",
      "dialog": "是必勝之舉。您能提供這樣的策略，實在是令人驚嘆。",
      "usage": "(800101, VERY_HIGH), (800102, VERY_HIGH), (800104, VERY_HIGH), (800105, VERY_HIGH)"
    },
    {
      "id": 2,
      "personalityid": 11101,
      "voiceFile": 0,
      "teller": "奧提斯",
      "dialog": "勝率很高。請派我出陣。",
      "usage": "(800101, HIGH), (800102, HIGH), (800104, HIGH), (800105, HIGH) "
    },
    {
      "id": 3,
      "personalityid": 11101,
      "voiceFile": 0,
      "teller": "奧提斯",
      "dialog": "若派我出陣，必不會讓您失望。",
      "usage": "(800101, NORMAL), (800102, NORMAL), (800104, NORMAL), (800105, NORMAL)"
    },
    {
      "id": 4,
      "personalityid": 11101,
      "voiceFile": 0,
      "teller": "奧提斯",
      "dialog": "您的策略十分優秀，但我擔心自身能力不足。",
      "usage": "(800101, LOW), (800102, LOW), (800104, LOW), (800105, LOW)"
    },
    {
      "id": 5,
      "personalityid": 11101,
      "voiceFile": 0,
      "teller": "奧提斯",
      "dialog": "這種糟糕至極的計劃……啊，您是在開玩笑吧？",
      "usage": "(800101, VERY_LOW), (800102, VERY_LOW), (800104, VERY_LOW), (800105, VERY_LOW) "
    },
    {
      "id": 6,
      "personalityid": 11101,
      "voiceFile": 0,
      "teller": "奧提斯",
      "dialog": "能取得勝利都應歸功於您出色的策略。",
      "usage": "(800101, SUCCESS), (800102, SUCCESS), (800104, SUCCESS), (800105, SUCCESS)"
    },
    {
      "id": 7,
      "personalityid": 11101,
      "voiceFile": 0,
      "teller": "奧提斯",
      "dialog": "是我失策了……",
      "usage": "(800101, FAILURE), (800102, FAILURE), (800104, FAILURE), (800105, FAILURE)"
    },
    {
      "id": 8,
      "personalityid": 11102,
      "voiceFile": 0,
      "teller": "劍契組 奧提斯",
      "dialog": "",
      "usage": "(800101, VERY_HIGH), (800102, VERY_HIGH), (800104, VERY_HIGH), (800105, VERY_HIGH)"
    },
    {
      "id": 9,
      "personalityid": 11102,
      "voiceFile": 0,
      "teller": "劍契組 奧提斯",
      "dialog": "",
      "usage": "(800101, HIGH), (800102, HIGH), (800104, HIGH), (800105, HIGH) "
    },
    {
      "id": 10,
      "personalityid": 11102,
      "voiceFile": 0,
      "teller": "劍契組 奧提斯",
      "dialog": "",
      "usage": "(800101, NORMAL), (800102, NORMAL), (800104, NORMAL), (800105, NORMAL)"
    },
    {
      "id": 11,
      "personalityid": 11102,
      "voiceFile": 0,
      "teller": "劍契組 奧提斯",
      "dialog": "",
      "usage": "(800101, LOW), (800102, LOW), (800104, LOW), (800105, LOW)"
    },
    {
      "id": 12,
      "personalityid": 11102,
      "voiceFile": 0,
      "teller": "劍契組 奧提斯",
      "dialog": "",
      "usage": "(800101, VERY_LOW), (800102, VERY_LOW), (800104, VERY_LOW), (800105, VERY_LOW) "
    },
    {
      "id": 13,
      "personalityid": 11102,
      "voiceFile": 0,
      "teller": "劍契組 奧提斯",
      "dialog": "",
      "usage": "(800101, SUCCESS), (800102, SUCCESS), (800104, SUCCESS), (800105, SUCCESS)"
    },
    {
      "id": 14,
      "personalityid": 11102,
      "voiceFile": 0,
      "teller": "劍契組 奧提斯",
      "dialog": "",
      "usage": "(800101, FAILURE), (800102, FAILURE), (800104, FAILURE), (800105, FAILURE)"
    }
  ]
}