{
  "dataList": [
    {
      "id": "battlepass_battlepass",
      "content": "戰鬥通行證"
    },
    {
      "id": "battlepass_passmission",
      "content": "通行證任務"
    },
    {
      "id": "battlepass_dailymission",
      "content": "日常"
    },
    {
      "id": "battlepass_weeklymission",
      "content": "周常"
    },
    {
      "id": "battlepass_seasonmission",
      "content": "賽季"
    },
    {
      "id": "battlepass_freeandpaid",
      "content": "付費{0} 免費{1}"
    },
    {
      "id": "battlepass_mission_tag_normal",
      "content": "常規"
    },
    {
      "id": "battlepass_mission_tag_battle",
      "content": "戰鬥"
    },
    {
      "id": "battlepass_remain_time",
      "content": "剩餘{0}天{1}小時"
    },
    {
      "id": "battlepass_ask_purchase_limbus_pass",
      "content": "購買邊獄通行證時，會在{0}\n期間提供以下福利。"
    },
    {
      "id": "battlepass_limbus_pass_benefit_reward",
      "content": "可以領取邊獄通行證獎勵"
    },
    {
      "id": "battlepass_limbus_pass_benefit_ex_reward",
      "content": "通行證超額獎勵增加"
    },
    {
      "id": "battlepass_level_up",
      "content": "通行證等級提升"
    },
    {
      "id": "battlepass_level_up_ask",
      "content": "要消耗[付費狂氣]來提升通行證等級嗎？"
    },
    {
      "id": "battlepass_level_upgrade",
      "content": "通行證等級提升"
    },
    {
      "id": "battlepass_level_max",
      "content": "已達到<color=#f8c200>最高等級</color>。"
    },
    {
      "id": "battlepass_purchase_level_up_failed",
      "content": "無法購買通行證等級"
    },
    {
      "id": "lack_if_paid_lunacy",
      "content": "付費狂氣不足"
    },
    {
      "id": "remain_days_with_label",
      "content": "剩餘{0}天"
    },
    {
      "id": "remain_hours_with_label",
      "content": "剩餘{0}小時"
    },
    {
      "id": "remain_minutes_with_label",
      "content": "剩餘{0}分"
    },
    {
      "id": "update_progress",
      "content": "通行證經驗上升"
    },
    {
      "id": "able_to_acquire_ex_pass_level_reward",
      "content": "可以領取戰鬥通行證超額獎勵"
    },
    {
      "id": "ask_to_use_paid_lunacy_to_level_up_pass",
      "content": "要消耗 {0} 付費狂氣來提升通行證等級嗎？"
    },
    {
      "id": "battlepass_purchase_level_up",
      "content": "購買通行證等級"
    },
    {
      "id": "lack_of_paid_lunacy",
      "content": "付費狂氣不足。"
    },
    {
      "id": "only_paid_lunacy_for_battlepass_levelup",
      "content": "※通行證等級僅能使用付費狂氣購買。"
    },
    {
      "id": "buy_battlepass_word",
      "content": "購買"
    },
    {
      "id": "battlepass_level_ex_reward",
      "content": "通行證超額獎勵"
    },
    {
      "id": "battlepass_progress",
      "content": "通行證經驗"
    },
    {
      "id": "battlepass_free",
      "content": "免費"
    },
    {
      "id": "battlepass_limbuspass",
      "content": "邊獄通行證"
    },
    {
      "id": "battlepass_unable_levelup_by_level",
      "content": "已達到最高等級"
    },
    {
      "id": "battlepass_reward_opened_at",
      "content": "{0} 更新"
    }
  ]
}