{
  "dataList": [
    {
      "id": "1",
      "content": "請確認所裝備的E.G.O，並且嘗試以能夠獲取相應資源的人格組成隊伍並進行戰鬥。"
    },
    {
      "id": "2",
      "content": "在理智值足夠高的狀態下使用E.G.O將更容易轉變戰局。"
    },
    {
      "id": "3",
      "content": "當敵人的理智值被消耗至陷入恐慌時，他們將會受到各種負面效果的影響，使您獲得顯著的優勢。"
    },
    {
      "id": "4",
      "content": "在角色陷入混亂後，若對其施加傷害使混亂區間降至下一個混亂閾值之下，則可以造成更加強力的額外傷害。"
    }
  ]
}