{
  "dataList": [
    {
      "id": "Enhancement",
      "name": "強壯",
      "desc": "本回合內攻擊技能的威力+{0}。",
      "summary": "攻擊技能威力+{0}",
      "undefined": "-"
    },
    {
      "id": "Agility",
      "name": "迅捷",
      "desc": "本回合內速度值+{0}。",
      "summary": "速度值+{0}",
      "undefined": "-"
    },
    {
      "id": "Endurance",
      "name": "忍耐",
      "desc": "本回合內守備技能的威力+{0}。",
      "summary": "守備技能威力+{0}",
      "undefined": "-"
    },
    {
      "id": "Reduction",
      "name": "虛弱",
      "desc": "本回合內攻擊技能的威力-{0}。",
      "summary": "攻擊技能威力-{0}",
      "undefined": "-"
    },
    {
      "id": "Binding",
      "name": "束縛",
      "desc": "本回合內速度值-{0}。",
      "summary": "速度值-{0}",
      "undefined": "-"
    },
    {
      "id": "Vulnerable",
      "name": "易損",
      "desc": "本回合內受到的傷害+{0}0%（最多疊加至100%）",
      "summary": "受到的傷害+{0}0%",
      "undefined": "-"
    },
    {
      "id": "Taunt",
      "name": "嘲諷",
      "desc": "你必須先攻擊那名擁有嘲諷 的角色！",
      "undefined": "-"
    },
    {
      "id": "ElectricShock",
      "name": "感電",
      "desc": "本回合內受到攻擊時額外受到{0}點固定傷害。"
    },
    {
      "id": "Target",
      "name": "標記",
      "desc": "被擁有被動技能[利刃]的角色指定為目標。",
      "undefined": "-"
    },
    {
      "id": "SelfHarm_LowMorale",
      "name": "自殘（士氣低落）",
      "desc": "回合開始時，獲得2層迅捷 並施加2層易損 。",
      "undefined": "-"
    },
    {
      "id": "SelfHarm_Panic",
      "name": "自殘（陷入恐慌）",
      "desc": "回合開始時，失去10點體力。",
      "undefined": "-"
    },
    {
      "id": "Blame_LowMorale",
      "name": "遷怒（士氣低落）",
      "desc": "回合開始時，獲得2層強壯 並施加2層易損 。",
      "undefined": "-"
    },
    {
      "id": "Blame_Panic",
      "name": "遷怒（陷入恐慌）",
      "desc": "回合開始時，隨機友方單位失去20點理智值。",
      "undefined": "-"
    },
    {
      "id": "EgoErode",
      "name": "E.G.O侵蝕",
      "desc": "失去控制，僅能使用侵蝕技能。",
      "summary": "失去控制。使用侵蝕技能",
      "undefined": "-"
    },
    {
      "id": "Charge",
      "name": "充能",
      "desc": "部分技能發動附加效果所需的資源。最多疊加至20層。\n回合結束時本效果的層數降低1層。",
      "summary": "部分技能的資源",
      "undefined": "-"
    },
    {
      "id": "DamageOverTime",
      "name": "持續損傷",
      "desc": "回合開始時，受到{0}點固定傷害。",
      "summary": "{0}點固定傷害"
    },
    {
      "id": "ResultEnhancement",
      "name": "威力提升",
      "desc": "本回合內技能的威力+{0}。",
      "summary": "技能威力+{0}"
    },
    {
      "id": "Protection",
      "name": "守護",
      "desc": "本回合內受到的傷害-{0}0%（最多疊加至100%）",
      "summary": "受到的傷害-{0}0%"
    },
    {
      "id": "AttackDmgUp",
      "name": "傷害強化",
      "desc": "本回合內造成的傷害+{0}0%（最多疊加至100%）",
      "summary": "造成的傷害+{0}0%"
    },
    {
      "id": "DefenseUp",
      "name": "防禦等級提升",
      "desc": "本回合內防禦等級+{0}",
      "summary": "防禦等級+{0}"
    },
    {
      "id": "PlusCoinValueUp",
      "name": "加算硬幣強化",
      "desc": "本回合內變動值為加算的技能硬幣威力+{0}。",
      "summary": "加算技能硬幣威力+{0}"
    },
    {
      "id": "MinusCoinValueUp",
      "name": "減算硬幣強化",
      "desc": "本回合內變動值為減算的技能硬幣威力+{0}。",
      "summary": "減算技能硬幣威力+{0}"
    },
    {
      "id": "TimesCoinValueUp",
      "name": "乘算硬幣強化",
      "desc": "本回合內變動值為乘算的技能硬幣威力+{0}。",
      "summary": "乘算技能硬幣威力+{0}"
    },
    {
      "id": "Disarming",
      "name": "破綻",
      "desc": "本回合內守備技能的威力-{0}。",
      "summary": "守備技能威力-{0}"
    },
    {
      "id": "ResultReduction",
      "name": "威力降低",
      "desc": "本回合內技能的威力-{0}。",
      "summary": "技能威力-{0}"
    },
    {
      "id": "AttackDmgDown",
      "name": "傷害弱化",
      "desc": "本回合內造成的傷害-{0}0%（最多疊加至100%）",
      "summary": "造成的傷害-{0}0%"
    },
    {
      "id": "DefenseDown",
      "name": "防禦等級降低",
      "desc": "本回合內防禦等級-{0}",
      "summary": "防禦等級-{0}"
    },
    {
      "id": "Paralysis",
      "name": "麻痺",
      "desc": "本回合內使{0}枚硬幣的變動值固定為0。",
      "summary": "{0}枚硬幣變動值為0"
    },
    {
      "id": "PlusCoinValueDown",
      "name": "加算硬幣弱化",
      "desc": "本回合內變動值為加算的技能硬幣威力-{0}。",
      "summary": "加算技能硬幣威力-{0}"
    },
    {
      "id": "MinusCoinValueDown",
      "name": "減算硬幣弱化",
      "desc": "本回合內變動值為減算的技能硬幣威力-{0}。",
      "summary": "減算技能硬幣威力-{0}"
    },
    {
      "id": "TimesCoinValueDown",
      "name": "乘算硬幣弱化",
      "desc": "本回合內變動值為乘算的技能硬幣威力-{0}。",
      "summary": "乘算技能硬幣威力-{0}"
    },
    {
      "id": "BeingGolden",
      "name": "光輝",
      "desc": "回合開始時，每擁有1層本效果則恢復10點體力。",
      "summary": "體力恢復"
    },
    {
      "id": "MoonLight",
      "name": "月華",
      "desc": "部分技能發動附加效果所需的資源。",
      "summary": "用於發動附加效果"
    },
    {
      "id": "Daunted_LowMorale",
      "name": "畏縮（士氣低落）",
      "desc": "回合開始時，施加2層虛弱 。",
      "summary": "施加2層虛弱 ",
      "undefined": "-"
    },
    {
      "id": "Daunted_Panic",
      "name": "畏縮（陷入恐慌）",
      "desc": "回合開始時，施加4層虛弱 。",
      "summary": "施加4層虛弱 "
    },
    {
      "id": "Overwhelm_LowMorale",
      "name": "無措（士氣低落）",
      "desc": "回合開始時，施加2層虛弱 。",
      "summary": "施加2層虛弱 ",
      "undefined": "-"
    },
    {
      "id": "Overwhelm_Panic",
      "name": "無措（陷入恐慌）",
      "desc": "本回合內無法行動。",
      "summary": "無法行動",
      "undefined": "-"
    },
    {
      "id": "Anger_LowMorale",
      "name": "憤怒（士氣低落）",
      "desc": "回合開始時，獲得1層傷害強化 並施加2層易損 。",
      "summary": "獲得1層傷害強化 並施加2層易損 "
    },
    {
      "id": "Anger_Panic",
      "name": "憤怒（陷入恐慌）",
      "desc": "回合開始時，獲得2層傷害強化 並施加5層易損 。",
      "summary": "獲得2層傷害強化 並施加5層易損 "
    },
    {
      "id": "Run_LowMorale",
      "name": "潰退",
      "desc": "無法行動。受到攻擊時，在攻擊結束後戰敗。",
      "summary": "無法行動"
    },
    {
      "id": "Nail",
      "name": "N公司的尖釘",
      "desc": "回合開始時，增加1級流血 強度並施加{0}層流血 。\n回合結束時，本效果的層數減少1層。",
      "summary": "增加1級流血 強度並施加{0}層流血 "
    },
    {
      "id": "Inactible",
      "name": "無法行動",
      "desc": "本回合內無法行動。",
      "summary": "無法行動"
    },
    {
      "id": "Combustion",
      "name": "燒傷",
      "desc": "回合結束時，受到{0}點固定傷害。持續{1}回合。",
      "summary": "{0}點固定傷害"
    },
    {
      "id": "Laceration",
      "name": "流血",
      "desc": "下{1}次擲出硬幣時受到{0}點固定傷害。",
      "summary": "{0}點固定傷害"
    },
    {
      "id": "Vibration",
      "name": "震顫",
      "desc": "在{1}回合內，受到引爆震顫 的攻擊時，混亂閾值前移{0}。",
      "summary": "混亂閾值前移{0}"
    },
    {
      "id": "Burst",
      "name": "破裂",
      "desc": "下{1}次受到攻擊時，額外受到{0}點固定傷害。",
      "summary": "{0}點固定傷害"
    },
    {
      "id": "Sinking",
      "name": "沉淪",
      "desc": "下{1}次受到攻擊時，額外受到{0}點固定理智傷害。(對無理智值的異想體則造成憂鬱屬性傷害)",
      "summary": "{0}點沉淪傷害"
    },
    {
      "id": "Breath",
      "name": "呼吸法",
      "desc": "下{1}次攻擊命中時有{0}x5%的概率產生暴擊。",
      "summary": "{0}x5%暴擊率"
    },
    {
      "id": "BloodPocket",
      "name": "血囊",
      "desc": "積蓄到特定層數後將釋放強力攻擊。",
      "summary": "強力攻擊預備"
    },
    {
      "id": "WaterPocket",
      "name": "水囊",
      "desc": "恢復{0}x20點體力",
      "summary": "額外體力恢復"
    },
    {
      "id": "DogThunder",
      "name": "帶電狀態",
      "desc": "積蓄到特定層數後將進入強化狀態。",
      "summary": "強化自身"
    },
    {
      "id": "Run_Panic",
      "name": "脫逃",
      "desc": "本回合內無法行動。受到攻擊時，在攻擊結束後逃離戰鬥。",
      "summary": "無法行動"
    },
    {
      "id": "Operation",
      "name": "手術",
      "desc": "在層數達到5層時直接陣亡。\n每層減少20%體力上限。\n每層增加20%造成的傷害。\n回合開始時，使自身獲得{0}層迅捷 。",
      "summary": "層數達到5層時直接陣亡"
    },
    {
      "id": "Emergency_Operation",
      "name": "緊急手術",
      "desc": "每層使體力上限增加25%，技能的威力+1。\n本效果的每回合層數增加1層。\n層數達到5層時，角色直接陣亡。",
      "summary": "層數達到5層時直接陣亡"
    },
    {
      "id": "BabayagaTimeLimit",
      "name": "芭芭雅嘎的追獵",
      "desc": "芭芭雅嘎正在迫近。殺出一條血路，不戰鬥就無法生存。",
      "summary": "芭芭雅嘎正在迫近"
    },
    {
      "id": "PinkRibbon_Ishmael",
      "name": "粉色絲帶",
      "desc": "本回合內，每次擲出攻擊技能硬幣時使本效果的層數增加1層。\n回合結束時：施加與本效果相同層數的束縛 ，隨後解除本效果。",
      "summary": "施加{0}層束縛 "
    },
    {
      "id": "Muckworm",
      "name": "蛆蟲",
      "desc": "回合結束時，受到數值等同於本效果層數的暴食傷害並施加1層流血 ，隨後使該效果的層數減少1層。",
      "summary": "受到暴食傷害。施加1層流血 "
    },
    {
      "id": "AttackUp",
      "name": "攻擊等級提升",
      "desc": "本回合內攻擊等級+{0}",
      "summary": "攻擊等級+{0}"
    },
    {
      "id": "AttackDown",
      "name": "攻擊等級降低",
      "desc": "本回合內攻擊等級-{0}",
      "summary": "攻擊等級-{0}"
    },
    {
      "id": "Liu_Meursault_Guard_Buff",
      "name": "堅如泰山",
      "desc": "受到攻擊時，對進攻者施加1層燒傷 。",
      "summary": "對進攻者施加1層燒傷 "
    },
    {
      "id": "SlashResistUp",
      "name": "斬擊耐性",
      "desc": "基於效果層數提高斬擊抗性。(每層0.1%)"
    },
    {
      "id": "PenetrateResistUp",
      "name": "突刺耐性",
      "desc": "基於效果層數提高突刺抗性。(每層0.1%)"
    },
    {
      "id": "HitResistUp",
      "name": "打擊耐性",
      "desc": "基於效果層數提高打擊抗性。(每層0.1%)"
    },
    {
      "id": "SlashDamageUp",
      "name": "斬擊傷害強化",
      "desc": "本回合內造成的斬擊傷害+{0}0%（最多疊加至100%）",
      "summary": "斬擊傷害+{0}0%"
    },
    {
      "id": "PenetrateDamageUp",
      "name": "突刺傷害強化",
      "desc": "本回合內造成的突刺傷害+{0}0%（最多疊加至100%）",
      "summary": "突刺傷害+{0}0%"
    },
    {
      "id": "HitDamageUp",
      "name": "打擊傷害強化",
      "desc": "本回合內造成的打擊傷害+{0}0%（最多疊加至100%）",
      "summary": "打擊傷害+{0}0%"
    },
    {
      "id": "SlashResistDown",
      "name": "斬擊脆弱",
      "desc": "基於效果層數降低斬擊抗性。(每層0.1%)"
    },
    {
      "id": "PenetrateResistDown",
      "name": "突刺脆弱",
      "desc": "基於效果層數降低突刺抗性。(每層0.1%)"
    },
    {
      "id": "HitResistDown",
      "name": "打擊脆弱",
      "desc": "基於效果層數降低打擊抗性。(每層0.1%)"
    },
    {
      "id": "SlashDamageDown",
      "name": "斬擊傷害弱化",
      "desc": "本回合內造成的斬擊傷害-{0}0%（最多疊加至100%）",
      "summary": "斬擊傷害-{0}0%"
    },
    {
      "id": "PenetrateDamageDown",
      "name": "突刺傷害弱化",
      "desc": "本回合內造成的突刺傷害-{0}0%（最多疊加至100%）",
      "summary": "突刺傷害-{0}0%"
    },
    {
      "id": "HitDamageDown",
      "name": "打擊傷害弱化",
      "desc": "本回合內造成的打擊傷害-{0}0%（最多疊加至100%）",
      "summary": "打擊傷害-{0}0%"
    },
    {
      "id": "CrimsonResistDown",
      "name": "暴怒脆弱",
      "desc": "基於效果層數降低暴怒抗性。(每層0.1%)"
    },
    {
      "id": "ScarletResistDown",
      "name": "色欲脆弱",
      "desc": "基於效果層數降低色欲抗性。(每層0.1%)"
    },
    {
      "id": "AmberResistDown",
      "name": "怠惰脆弱",
      "desc": "基於效果層數降低怠惰抗性。 (每層0.1%)"
    },
    {
      "id": "ShamrockResistDown",
      "name": "暴食脆弱",
      "desc": "基於效果層數降低暴食抗性。(每層0.1%)"
    },
    {
      "id": "AzureResistDown",
      "name": "憂鬱脆弱",
      "desc": "基於效果層數降低憂鬱抗性。(每層0.1%)"
    },
    {
      "id": "IndigoResistDown",
      "name": "傲慢脆弱",
      "desc": "基於效果層數降低傲慢抗性。(每層0.1%)"
    },
    {
      "id": "VioletResistDown",
      "name": "嫉妒脆弱",
      "desc": "基於效果層數降低嫉妒抗性。(每層0.1%)"
    },
    {
      "id": "CrimsonResistUp",
      "name": "暴怒耐性",
      "desc": "基於效果層數提高暴怒抗性。(每層0.1%)"
    },
    {
      "id": "ScarletResistUp",
      "name": "色欲耐性",
      "desc": "基於效果層數提高色欲抗性。(每層0.1%)"
    },
    {
      "id": "AmberResistUp",
      "name": "怠惰耐性",
      "desc": "基於效果層數降低怠惰抗性。(每層0.1%)"
    },
    {
      "id": "ShamrockResistUp",
      "name": "暴食耐性",
      "desc": "基於效果層數提高暴食抗性。(每層0.1%)"
    },
    {
      "id": "AzureResistUp",
      "name": "憂鬱耐性",
      "desc": "基於效果層數提高憂鬱抗性。(每層0.1%)"
    },
    {
      "id": "IndigoResistUp",
      "name": "傲慢耐性",
      "desc": "基於效果層數提高傲慢抗性。(每層0.1%)"
    },
    {
      "id": "VioletResistUp",
      "name": "嫉妒耐性",
      "desc": "基於效果層數提高嫉妒抗性。(每層0.1%)"
    },
    {
      "id": "CrimsonDamageDown",
      "name": "暴怒傷害弱化",
      "desc": "本回合內造成的暴怒傷害-{0}0%（最多疊加至100%）",
      "summary": "暴怒傷害-{0}0%"
    },
    {
      "id": "ScarletDamageDown",
      "name": "色欲傷害弱化",
      "desc": "本回合內造成的色欲傷害-{0}0%（最多疊加至100%）",
      "summary": "色欲傷害-{0}0%"
    },
    {
      "id": "AmberDamageDown",
      "name": "怠惰傷害弱化",
      "desc": "本回合內造成的怠惰傷害-{0}0%（最多疊加至100%）",
      "summary": "怠惰傷害-{0}0%"
    },
    {
      "id": "ShamrockDamageDown",
      "name": "暴食傷害弱化",
      "desc": "本回合內造成的暴食傷害-{0}0%（最多疊加至100%）",
      "summary": "暴食傷害-{0}0%"
    },
    {
      "id": "AzureDamageDown",
      "name": "憂鬱傷害弱化",
      "desc": "本回合內造成的憂鬱傷害-{0}0%（最多疊加至100%）",
      "summary": "憂鬱傷害-{0}0%"
    },
    {
      "id": "IndigoDamageDown",
      "name": "傲慢傷害弱化",
      "desc": "本回合內造成的傲慢傷害-{0}0%（最多疊加至100%）",
      "summary": "傲慢傷害-{0}0%"
    },
    {
      "id": "VioletDamageDown",
      "name": "嫉妒傷害弱化",
      "desc": "本回合內造成的嫉妒傷害-{0}0%（最多疊加至100%）",
      "summary": "嫉妒傷害-{0}0%"
    },
    {
      "id": "CrimsonDamageUp",
      "name": "暴怒傷害強化",
      "desc": "本回合內造成的暴怒傷害+{0}0%（最多疊加至100%）",
      "summary": "暴怒傷害+{0}0%"
    },
    {
      "id": "ScarletDamageUp",
      "name": "色欲傷害強化",
      "desc": "本回合內造成的色欲傷害+{0}0%（最多疊加至100%）",
      "summary": "色欲傷害+{0}0%"
    },
    {
      "id": "AmberDamageUp",
      "name": "怠惰傷害強化",
      "desc": "本回合內造成的怠惰傷害+{0}0%（最多疊加至100%）",
      "summary": "怠惰傷害+{0}0%"
    },
    {
      "id": "ShamrockDamageUp",
      "name": "暴食傷害強化",
      "desc": "本回合內造成的暴食傷害+{0}0%（最多疊加至100%）",
      "summary": "暴食傷害+{0}0%"
    },
    {
      "id": "AzureDamageUp",
      "name": "憂鬱傷害強化",
      "desc": "本回合內造成的憂鬱傷害+{0}0%（最多疊加至100%）",
      "summary": "憂鬱傷害+{0}0%"
    },
    {
      "id": "IndigoDamageUp",
      "name": "傲慢傷害強化",
      "desc": "本回合內造成的傲慢傷害+{0}0%（最多疊加至100%）",
      "summary": "傲慢傷害+{0}0%"
    },
    {
      "id": "VioletDamageUp",
      "name": "嫉妒傷害強化",
      "desc": "本回合內造成的嫉妒傷害+{0}0%（最多疊加至100%）",
      "summary": "嫉妒傷害+{0}0%"
    },
    {
      "id": "Curse",
      "name": "詛咒",
      "desc": "回合結束時，施加1層隨機效果，隨後使本效果的層數減少1層。\n隨機效果包括 1層虛弱、 1層破綻、 2層攻擊等級降低、 2層防禦等級降低。",
      "summary": "施加1層隨機效果，隨後層數減少1層"
    },
    {
      "id": "AttackDmgUp_Weak",
      "name": "痛擊",
      "desc": "攻擊抗性為脆弱的目標時造成的傷害+{0}0%",
      "summary": "對脆弱目標造成的傷害+{0}0%"
    },
    {
      "id": "Bullet",
      "name": "彈藥",
      "desc": "部分技能進行攻擊時消耗的資源。缺少彈藥時這些攻擊將不會發動。",
      "summary": "部分技能的資源"
    },
    {
      "id": "Meursault_Last_Remodeling",
      "name": "最終改造",
      "desc": "回合開始時，使自身獲得3層強壯 、忍耐 和迅捷 。在{0}回合後陣亡。"
    },
    {
      "id": "Choice_90103301",
      "name": "掙扎",
      "desc": "本場戰鬥速度值+1。",
      "summary": "速度值+1"
    },
    {
      "id": "Choice_90103402",
      "name": "安心",
      "desc": "本場戰鬥速度值+2。",
      "summary": "速度值+2"
    },
    {
      "id": "Choice_901001",
      "name": "燎原",
      "desc": "戰鬥開場時，技能組內沒有暴怒屬性技能的友方單位施加5級燒傷 強度。"
    },
    {
      "id": "Choice_901007",
      "name": "惜別",
      "desc": "回合開始時，恢復10點體力與理智值。",
      "summary": "體力與理智值+10"
    },
    {
      "id": "Choice_901009",
      "name": "眩目",
      "desc": "戰鬥開場時，技能的威力-1。",
      "summary": "技能威力-1"
    },
    {
      "id": "Choice_901010",
      "name": "空虛",
      "desc": "戰鬥開場時，技能組內沒有色欲屬性技能的友方單位陷入混亂。"
    },
    {
      "id": "Choice_901019",
      "name": "穢物",
      "desc": "戰鬥開場時，速度值-2。",
      "summary": "速度值-2"
    },
    {
      "id": "Choice_1030301",
      "name": "事件效果",
      "desc": "戰鬥開場時，獲得3層強壯 。",
      "summary": "獲得3層強壯 "
    },
    {
      "id": "Choice_1030501",
      "name": "事件效果",
      "desc": "每回合開始時施加5層虛弱 。",
      "summary": "施加5層虛弱 "
    },
    {
      "id": "Choice_1031001",
      "name": "事件效果",
      "desc": "每回合開始時施加3層傷害弱化 。",
      "summary": "施加3層傷害弱化 "
    },
    {
      "id": "Assemble",
      "name": "狂信",
      "desc": "本回合內攻擊擁有尖釘 的目標時，技能的威力+{0}。",
      "summary": "技能威力+{0}"
    },
    {
      "id": "ReinforcedAssemble",
      "name": "克羅默的哨音",
      "desc": "我們無所畏懼，與執柄者同在。"
    },
    {
      "id": "Greedy",
      "name": "渴望",
      "desc": "本回合內施加2層易損 和10層束縛 。同時，獲得一個行動槽並改變自身的行動。",
      "summary": "施加2層易損 和10層束縛 "
    },
    {
      "id": "Desire",
      "name": "慾望",
      "desc": "回合結束時，若本效果的層數高於5層，則受到30點理智傷害，並施加2層易損 和10層束縛 ，隨後解除本效果。",
      "summary": "受到30點理智傷害，施加2層易損 和10層束縛 "
    },
    {
      "id": "GreedyReady",
      "name": "極度渴望",
      "desc": "在{0}回合後使用會施加渴望 的技能。"
    },
    {
      "id": "Decay",
      "name": "腐化外皮",
      "desc": "受到攻擊時，對攻擊者施加3層劇毒 。",
      "summary": "受到攻擊時，對攻擊者施加3層劇毒 "
    },
    {
      "id": "Poison",
      "name": "劇毒",
      "desc": "回合結束時，受到{0}點固定傷害，隨後使本效果的層數減半。",
      "summary": "{0}點固定傷害"
    },
    {
      "id": "Cromer_Target",
      "name": "執柄者的凝視",
      "desc": "本回合內陷入混亂。克羅默對自身造成的傷害+100%。"
    },
    {
      "id": "Cromer_Boredom",
      "name": "接受痛苦吧！",
      "desc": "造成與承受的傷害+100%。\n守備技能的威力-5。"
    },
    {
      "id": "Cromer_Ecstasy",
      "name": "狂喜",
      "desc": "口部部位的物理抗性全部變為“致命”。",
      "summary": "部位的物理抗性削弱"
    },
    {
      "id": "Cromer_Madness",
      "name": "純粹",
      "desc": "使所有部位獲得3層傷害強化 並對其施加3層束縛 ，且它們的物理抗性全部變為“致命”。"
    },
    {
      "id": "Hardening",
      "name": "硬化",
      "desc": "回合開始時，若本效果的層數不低於3層，則使手臂進入完整狀態。"
    },
    {
      "id": "Perfected",
      "name": "完整外殼",
      "desc": "回合開始時，使手臂獲得2層強壯 。當手臂的體力低於50%解除本效果",
      "summary": "獲得2層強壯 "
    },
    {
      "id": "Enrage",
      "name": "狂暴",
      "desc": "本回合內獲得3層強壯 並施加3層易損 ，隨後變自身的行動。受到攻擊時不再獲得本能 層數。",
      "summary": "獲得3層強壯 並施加3層易損 "
    },
    {
      "id": "Aggressive",
      "name": "本能",
      "desc": "回合結束時，若本效果的層數高於4層，則進入進攻狀態。"
    },
    {
      "id": "Whistle_Courage",
      "name": "戰勝恐懼的勇氣",
      "desc": "回合開始時，獲得1層強壯 和2層守護 。",
      "summary": "獲得1層強壯 和2層守護 "
    },
    {
      "id": "Whistle_Fear",
      "name": "令人恐懼的哨音",
      "desc": "回合開始時，施加1層束縛 和1層麻痺 。",
      "summary": "施加1層束縛 和1層麻痺 。"
    },
    {
      "id": "SlashTakeDamageDown",
      "name": "斬擊守護",
      "desc": "本回合內受到的斬擊傷害-{0}0%（最多疊加至100%）",
      "summary": "受到的斬擊傷害-{0}0%"
    },
    {
      "id": "PenetrateTakeDamageDown",
      "name": "突刺守護",
      "desc": "本回合內受到的突刺傷害-{0}0%（最多疊加至100%）",
      "summary": "受到的突刺傷害-{0}0%"
    },
    {
      "id": "HitTakeDamageDown",
      "name": "打擊守護",
      "desc": "本回合內受到的打擊傷害-{0}0%（最多疊加至100%）",
      "summary": "受到的打擊傷害-{0}0%"
    },
    {
      "id": "CrimsonTakeDamageDown",
      "name": "暴怒守護",
      "desc": "本回合內受到的暴怒傷害-{0}0%（最多疊加至100%）",
      "summary": "受到的暴怒傷害-{0}0%"
    },
    {
      "id": "ScarletTakeDamageDown",
      "name": "色欲守護",
      "desc": "本回合內受到的色欲傷害-{0}0%（最多疊加至100%）",
      "summary": "受到的色欲傷害-{0}0%"
    },
    {
      "id": "AmberTakeDamageDown",
      "name": "怠惰守護",
      "desc": "本回合內受到的怠惰傷害-{0}0%（最多疊加至100%）",
      "summary": "受到的怠惰傷害-{0}0%"
    },
    {
      "id": "ShamrockTakeDamageDown",
      "name": "暴食守護",
      "desc": "本回合內受到的暴食傷害-{0}0%（最多疊加至100%）",
      "summary": "受到的暴食傷害-{0}0%"
    },
    {
      "id": "AzureTakeDamageDown",
      "name": "憂鬱守護",
      "desc": "本回合內受到的憂鬱傷害-{0}0%（最多疊加至100%）",
      "summary": "受到的憂鬱傷害-{0}0%"
    },
    {
      "id": "IndigoTakeDamageDown",
      "name": "傲慢守護",
      "desc": "本回合內受到的傲慢傷害-{0}0%（最多疊加至100%）",
      "summary": "受到的傲慢傷害-{0}0%"
    },
    {
      "id": "VioletTakeDamageDown",
      "name": "嫉妒守護",
      "desc": "本回合內受到的嫉妒傷害-{0}0%（最多疊加至100%）",
      "summary": "受到的嫉妒傷害-{0}0%"
    },
    {
      "id": "SlashTakeDamageUp",
      "name": "斬擊易損",
      "desc": "本回合內受到的斬擊傷害+{0}0%（最多疊加至100%）",
      "summary": "受到的斬擊傷害+{0}0%"
    },
    {
      "id": "PenetrateTakeDamageUp",
      "name": "突刺易損",
      "desc": "本回合內受到的突刺傷害+{0}0%（最多疊加至100%）",
      "summary": "受到的突刺傷害+{0}0%"
    },
    {
      "id": "HitTakeDamageUp",
      "name": "打擊易損",
      "desc": "本回合內受到的打擊傷害+{0}0%（最多疊加至100%）",
      "summary": "受到的打擊傷害+{0}0%"
    },
    {
      "id": "CrimsonTakeDamageUp",
      "name": "暴怒易損",
      "desc": "本回合內受到的暴怒傷害+{0}0%（最多疊加至100%）",
      "summary": "受到的暴怒傷害+{0}0%"
    },
    {
      "id": "ScarletTakeDamageUp",
      "name": "色欲易損",
      "desc": "本回合內受到的色欲傷害+{0}0%（最多疊加至100%）",
      "summary": "受到的色欲傷害+{0}0%"
    },
    {
      "id": "AmberTakeDamageUp",
      "name": "怠惰易損",
      "desc": "本回合內受到的怠惰傷害+{0}0%（最多疊加至100%）",
      "summary": "受到的怠惰傷害+{0}0%"
    },
    {
      "id": "ShamrockTakeDamageUp",
      "name": "暴食易損",
      "desc": "本回合內受到的暴食傷害+{0}0%（最多疊加至100%）",
      "summary": "受到的暴食傷害+{0}0%"
    },
    {
      "id": "AzureTakeDamageUp",
      "name": "憂鬱易損",
      "desc": "本回合內受到的憂鬱傷害+{0}0%（最多疊加至100%）",
      "summary": "受到的憂鬱傷害+{0}0%"
    },
    {
      "id": "IndigoTakeDamageUp",
      "name": "傲慢易損",
      "desc": "本回合內受到的傲慢傷害+{0}0%（最多疊加至100%）",
      "summary": "受到的傲慢傷害+{0}0%"
    },
    {
      "id": "VioletTakeDamageUp",
      "name": "嫉妒易損",
      "desc": "本回合內受到的嫉妒傷害+{0}0%（最多疊加至100%）",
      "summary": "受到的嫉妒傷害+{0}0%"
    },
    {
      "id": "LittleCourage",
      "name": "記號",
      "desc": "辛克萊向克羅默抗爭的決心。刻下3個記號的話……",
      "summary": "辛克萊的決心"
    },
    {
      "id": "NailPersonality",
      "name": "尖釘",
      "desc": "回合開始時，增加1級流血 強度並施加{0}層流血 。\n回合結束時，使本效果的層數減半。(向下取整)",
      "summary": "增加1級流血 強度並施加{0}層流血 "
    },
    {
      "id": "AssemblePersonality",
      "name": "狂信",
      "desc": "本回合內攻擊擁有尖釘 的目標時，技能的威力+{0}。",
      "summary": "技能威力+{0}"
    },
    {
      "id": "MarkOfHeresy",
      "name": "凝視",
      "desc": "本回合內受到的突刺和打擊傷害+20%。友方單位擊殺被本效果標記的敵方單位時，使其恢復10點理智值，若該友方單位隸屬於N公司，則在下回合使其獲得1層狂信 。",
      "summary": "受到的突刺和打擊傷害+20%"
    },
    {
      "id": "HitResultUp",
      "name": "打擊強壯",
      "desc": "本回合內打擊技能的威力+{0}。",
      "summary": "打擊技能威力+{0}"
    },
    {
      "id": "WeaknessAnalysis",
      "name": "弱點分析",
      "desc": "本回合內使隨機1個抗性等級為“耐性”或“一般”的攻擊類型[承傷係數+0.2]。",
      "summary": "使抗性為“耐性”或“一般”的攻擊類型[承傷係數+0.2]"
    },
    {
      "id": "Cycle",
      "name": "業報",
      "desc": "受到的傷害+{0}%。回合結束時，若本效果的層數高於108層,則使該角色直接陣亡。",
      "summary": "無我入定的被動"
    },
    {
      "id": "Duress",
      "name": "禁錮",
      "desc": "使目標在3回合內陷入混亂。\n回合開始時，若Kqe-1j-23陷入混亂，則解除本效果。",
      "summary": "Kqe的被動"
    },
    {
      "id": "VioletResultUp",
      "name": "嫉妒強壯",
      "desc": "本回合內嫉妒技能的威力+{0}。",
      "summary": "嫉妒技能威力+{0}"
    },
    {
      "id": "CyclingKarma",
      "name": "業報輪迴",
      "desc": "場上所有角色在攻擊命中時會將自身的部分業報 轉移給目標。場上有無我入定以外的敵方單位存活時，業報 無法轉移給無我入定。",
      "summary": "攻擊命中時轉移業報"
    },
    {
      "id": "TakeHpHealReduce",
      "name": "體力恢復降低",
      "desc": "本回合內通過被動，技能以及硬幣效果恢復的體力量-{0}0%。(最大5層)",
      "summary": "體力恢復量-{0}0%"
    },
    {
      "id": "AttackLevelAdder",
      "name": "攻擊等級+",
      "desc": "本回合內攻擊等級+{0}",
      "summary": "攻擊等級+{0}"
    },
    {
      "id": "Thirst",
      "name": "飢渴",
      "desc": "使即興烹飪 的體力恢復量+{0}0%。\n被動觸發時消耗全部層數。",
      "summary": "即興烹飪 體力恢復量+{0}0%"
    },
    {
      "id": "GainSinStockAdder",
      "name": "罪孽碎片獲取量+",
      "desc": "本回合內使用技能時獲得的罪孽碎片數量+{0}",
      "summary": "罪孽碎片獲取量+{0}"
    },
    {
      "id": "Weak_Chicken",
      "name": "雞群的末日菜餚",
      "desc": "因罪人的菜餚引發的反應。失去體力上限40%的體力",
      "summary": "失去40%體力"
    },
    {
      "id": "Strong_Chicken",
      "name": "難以言表的憤怒",
      "desc": "每回合獲得1層強壯 ",
      "summary": "獲得1層強壯 "
    },
    {
      "id": "DimensionRift",
      "name": "次元裂痕",
      "desc": "回合結束時，施加{0}層破裂 ",
      "summary": "施加破裂 "
    },
    {
      "id": "Scared",
      "name": "恐懼",
      "desc": "回合結束時，若理智值低於-20點，下回合使自身獲得1層守護 ",
      "summary": "回合結束時，若理智值低於-20點，下回合使自身獲得1層守護 "
    },
    {
      "id": "Stressed",
      "name": "壓力",
      "desc": "回合結束時，若理智值低於-25點，下回合使自身獲得1層忍耐 ",
      "summary": "回合結束時，若理智值低於-25點，下回合使自身獲得1層忍耐 "
    },
    {
      "id": "Nervous",
      "name": "焦慮",
      "desc": "回合結束時，若理智值低於-15點，下回合使自身獲得5層防禦等級提升 ",
      "summary": "回合結束時，若理智值低於-15點，下回合使自身獲得5層防禦等級提升 "
    },
    {
      "id": "ShardOfUmbrella",
      "name": "雨傘碎片",
      "desc": "回合結束時，增加{0}x5級破裂 強度",
      "summary": "回合結束時，增加{0}x5級破裂 強度"
    },
    {
      "id": "WrappedCurseTag",
      "name": "糾纏的咒符",
      "desc": "造成的傷害+{0}×n%\n若層數高於9層，則在回合開始時對自身施加2層虛弱 ",
      "summary": "造成的傷害+{0}xn%；若層數高於9層，則在回合開始時對自身施加2層虛弱 "
    },
    {
      "id": "ReattachedCurseTag",
      "name": "復貼的咒符",
      "desc": "若層數高於9層，則在回合結束時對自身施加5層束縛 。\n若層數高於12層，則在回合結束時對自身施加5層虛弱 。",
      "summary": "若層數高於9層，則在回合結束時對自身施加5層束縛 。\n若層數高於12層，則在回合結束時對自身施加5層虛弱 。"
    },
    {
      "id": "ElectricStorage",
      "name": "蓄能",
      "desc": "其身體似乎積蓄了電流。",
      "summary": "표시용"
    },
    {
      "id": "SelfCharge",
      "name": "自體發電",
      "desc": "身體周圍似乎有電流浮現。\n若死亡前自身仍擁有自體發電 ，則消耗完所有層數前固定體力為1",
      "summary": "표시용"
    },
    {
      "id": "Exalted",
      "name": "昂揚",
      "desc": "每回合使自身獲得{0}層傷害強化（最多5層）\n擁有醉意 時無法獲得",
      "summary": "每回合使自身獲得傷害強化 ，擁有醉意 時無法獲得。"
    },
    {
      "id": "Tipsiness",
      "name": "醉意",
      "desc": "拼點威力-{0}（最多5層）",
      "summary": "拼點威力減少等同於本效果層數的數值"
    },
    {
      "id": "Predation",
      "name": "捕食",
      "desc": "似乎在準備使用強力技能。",
      "summary": "표시용"
    },
    {
      "id": "ATL_Agility",
      "name": "再快點！",
      "desc": "獲得2層迅捷 ",
      "summary": "표시용"
    },
    {
      "id": "ATL_Breath",
      "name": "再準點！",
      "desc": "增加3級呼吸法 強度",
      "summary": "표시용"
    },
    {
      "id": "ATL_Target",
      "name": "拿下他！",
      "desc": "統一攻擊同一個敵方單位。",
      "summary": "표시용"
    },
    {
      "id": "ATL_EndureCombustion",
      "name": "燒傷抗性",
      "desc": "受到的燒傷 傷害-{0}0%（最多10層）",
      "summary": "受到的燒傷 傷害-{0}0%"
    },
    {
      "id": "Resonate",
      "name": "共振",
      "desc": "引爆震顫 或前移混亂閾值時，額外造成{0}×3點固定傷害，混亂閾值前移{0}×3%",
      "summary": "引爆震顫 或前移混亂閾值時，額外造成固定傷害並進一步前移混亂閾值"
    },
    {
      "id": "VibrationAssimilation",
      "name": "震顫同步",
      "desc": "拼點目標每擁有5級震顫 強度，其拼點威力便-1",
      "summary": "拼點目標每擁有5級震顫 強度，其拼點威力便-1"
    },
    {
      "id": "CollapseAmpoule",
      "name": "崩解安瓿",
      "desc": "受到體力上限({0}x2)%的傷害。",
      "summary": "受到體力上限({0}x2)%的傷害。"
    },
    {
      "id": "InterlockingTime",
      "name": "嚙合的時間",
      "desc": "減少並儲存最終傷害的30%。當層數為3時，對目標造成所儲存的傷害量1.5倍的固定傷害。",
      "summary": "減少並儲存最終傷害的30%。當層數為3時，對目標造成所儲存的傷害量1.5倍的固定傷害。"
    },
    {
      "id": "TimeRental",
      "name": "借來的時間",
      "desc": "回合結束時，使自身獲得3層迅捷 ，2層傷害強化 。回合結束時，若剩餘數值為1，則在下回合對自身施加4層束縛 ，1層虛弱 ",
      "summary": "回合結束時，使自身獲得3層迅捷 ，2層傷害強化 。回合結束時，若剩餘數值為1，則在下回合對自身施加4層束縛 ，1層虛弱 "
    },
    {
      "id": "Bull_FadedHeat",
      "name": "片刻冷靜",
      "desc": "本體與軀幹的體力上限-50%"
    },
    {
      "id": "Bull_Fever",
      "name": "狂熱",
      "desc": "造成的傷害+{0}0%\n回合結束時本效果減少1層",
      "summary": ""
    },
    {
      "id": "Bull_Sadness",
      "name": "尚未釋懷的哀傷",
      "desc": "下回合施加層數與本效果相同的虛弱 。\n回合結束時，若層數高於3層，則會轉變為愈加膨脹的哀傷 。",
      "summary": ""
    },
    {
      "id": "Bull_ReinforcedSadness",
      "name": "愈加膨脹的哀傷",
      "desc": "改變自身的行為。",
      "summary": "改變自身的行為。"
    },
    {
      "id": "Bull_BuzzingEmotion",
      "name": "飄忽不定的情緒",
      "desc": "回合開始時，隨機對自身施加虛弱 、麻痺 、束縛 中的一種效果，其層數與本效果相同，隨後移除本效果。",
      "summary": "回合開始時，隨機對自身施加虛弱 、麻痺 、束縛 中的一種效果，其層數與本效果相同，隨後移除本效果。"
    },
    {
      "id": "Crazy_LowMorale",
      "name": "瘋狂（士氣低落）",
      "desc": "初次進入士氣低落狀態時，進入無差別攻擊狀態",
      "undefined": "-"
    },
    {
      "id": "Crazy_Panic",
      "name": "瘋狂（陷入恐慌）",
      "desc": "進入無差別攻擊狀態，拼點威力+1，獲得2層傷害強化 ",
      "undefined": "-"
    },
    {
      "id": "Suicide_LowMorale",
      "name": "自盡（士氣低落）",
      "desc": "初次進入士氣低落狀態時，無法行動",
      "undefined": "-"
    },
    {
      "id": "Suicide_Panic",
      "name": "自盡（陷入恐慌）",
      "desc": "3回合內無法行動，回合開始時陣亡，全體友方單位失去10點理智值",
      "undefined": "-"
    },
    {
      "id": "Prowl_LowMorale",
      "name": "徘徊（士氣低落）",
      "desc": "回合開始時，所有友方單位失去2點理智值。",
      "undefined": "-"
    },
    {
      "id": "Prowl_Panic",
      "name": "徘徊（陷入恐慌）",
      "desc": "3回合內，每回合結束時所有友方單位失去5點理智值。3回合結束後逃離戰鬥",
      "undefined": "-"
    },
    {
      "id": "Thorn",
      "name": "荊棘",
      "desc": "受到攻擊時，將所受傷害的50%反彈給攻擊者。",
      "summary": "反彈受到傷害的50%給攻擊者"
    },
    {
      "id": "Fragile_Mind_LowMorale",
      "name": "岌岌可危的心靈",
      "desc": "回合開始時，使自身獲得2層強壯 ，3層束縛 ",
      "summary": "回合開始時，使自身獲得2層強壯 ，3層束縛 "
    },
    {
      "id": "Fragile_Mind_Panic",
      "name": "混亂不安的心靈",
      "desc": "如果處於恐慌狀態則陷入混亂",
      "summary": "如果處於恐慌狀態則陷入混亂"
    },
    {
      "id": "ErodingMind",
      "name": "漸被侵蝕的心靈",
      "desc": "回合開始時，對自身施加2層虛弱 ，2層易損 ，5層束縛 ",
      "summary": "回合開始時，對自身施加2層虛弱 ，2層易損 ，5層束縛 "
    },
    {
      "id": "Blue_LowMorale",
      "name": "抑鬱（士氣低落）",
      "desc": "若拼點時硬幣擲出過反面，則在本回合內使目標拼點威力-1",
      "undefined": "-"
    },
    {
      "id": "Blue_Panic",
      "name": "抑鬱（陷入恐慌）",
      "desc": "若拼點時硬幣擲出過反面，則在本回合內使目標拼點威力-3",
      "undefined": "-"
    },
    {
      "id": "ATL_EndureLaceration",
      "name": "流血抗性",
      "desc": "受到的流血 傷害-{0}0%（最多10層）",
      "summary": "受到的流血 傷害-{0}0%"
    },
    {
      "id": "DongbaekGrow",
      "name": "生長",
      "desc": "回合結束時，本效果的層數+1，並根據其數值增加體力上限。(最多3層)",
      "summary": "回合結束時，本效果的層數+1，並根據其數值增加體力上限。(最多3層)"
    },
    {
      "id": "DongbaekFlorescence",
      "name": "開花",
      "desc": "回合結束時，若本效果的層數高於5層，則受到最大體力（數值）%的怠惰傷害，並進入盛放 狀態\n層數未滿5層時，則會受到(層數x5)點理智傷害，隨後使本效果的層數-1。",
      "summary": ""
    },
    {
      "id": "DongbaekFullBloom",
      "name": "盛放",
      "desc": "無法行動\n回合結束時失去20點理智值；若理智值降為-45，則會完全恢復理智值，並在下回合施加恍惚的意識 \n若本效果在2回合內沒有移除，則在回合結束時移除該效果",
      "summary": ""
    },
    {
      "id": "DongbaekFascination",
      "name": "恍惚的意識",
      "desc": "本回合指定友方作為攻擊目標\n陷入混亂時，在下回合移除本效果\n若本效果在2回合內沒有移除，則在回合結束時移除該效果，並失去30點理智值",
      "summary": ""
    },
    {
      "id": "DongbaekShowdown",
      "name": "對決",
      "desc": "回合開始時，不擁有本效果的單位會進入盛放 狀態\n若李箱擁有本效果，冬柏將獲得1層強壯",
      "summary": ""
    },
    {
      "id": "DongbaekScatterPetal",
      "name": "落英繽紛",
      "desc": "回合結束時，若本效果的層數高於6層，則會進入混亂狀態",
      "summary": ""
    },
    {
      "id": "CrimsonResultUp",
      "name": "暴怒強壯",
      "desc": "本回合內暴怒技能的威力+{0}。",
      "summary": "暴怒技能威力+{0}。"
    },
    {
      "id": "EmittedCurrent",
      "name": "電流釋放",
      "desc": "受到攻擊時，攻擊者獲得1層充能 ；受到憂鬱屬性技能攻擊時，對自身施加1層破裂 ，隨後本效果的層數減少1層。"
    },
    {
      "id": "DistortedDongrangRadiantVanity",
      "name": "光耀的虛榮",
      "desc": "回合開始時，使東朗獲得1層守護 ，1層強壯 "
    },
    {
      "id": "DistortedDongrangEmptyMark",
      "name": "空虛的標記",
      "desc": "成為東朗的攻擊目標。每回合開始時，對自身施加2層束縛 ，受到東朗造成的傷害+50%"
    },
    {
      "id": "DistortedDongrangEarnestAchievement",
      "name": "懇切的成就",
      "desc": "該單位的體力值變為1或是被擊殺，使攻擊者獲得強化"
    },
    {
      "id": "DistortedDongrangEmptyHonor",
      "name": "空虛的榮譽",
      "desc": "東朗擊殺該單位時，失去體力並獲得1層空虛 。下回合弱化"
    },
    {
      "id": "DistortedDongrangMomentaryGlory",
      "name": "剎那的榮光",
      "desc": "層數高於3時，東朗獲得強化"
    },
    {
      "id": "DistortedDongrangEmptiness",
      "name": "空虛",
      "desc": "層數高於4時，東朗陷入混亂"
    },
    {
      "id": "DistortedDongrangFruition",
      "name": "成熟的成果",
      "desc": "使擊殺該單位的目標恢復體力，下回合使該目標獲得1層迅捷 ，1層強壯 "
    },
    {
      "id": "EgoAwakenDongrangRadiantDesire",
      "name": "光耀的慾望",
      "desc": "回合開始時，東朗的傷害量增加，並獲得1層守護 "
    },
    {
      "id": "EgoAwakenDongrangSeed",
      "name": "種子",
      "desc": "回合結束時，若本效果層數高於5層，則下兩回合進入吸收養分 狀態。層數未滿5層時，則減少1層"
    },
    {
      "id": "EgoAwakenDongrangTree",
      "name": "吸收養分",
      "desc": "回合結束時，東朗恢復10點體力"
    },
    {
      "id": "EgoAwakenDongrangOverHeal",
      "name": "過量治療",
      "desc": "根據東朗所恢復的體力，相應增加層數。當其層數高於50時，根據層數造成相應的暴食傷害，下回合對目標施加5層易損 並消除本效果"
    },
    {
      "id": "SinkingSurge",
      "name": "沉淪氾濫",
      "desc": "造成（沉淪 層數×沉淪 強度）理智傷害，隨後移除沉淪 \n若目標的理智值降至-45，則溢出的理智傷害轉化為等量的憂鬱傷害。\n（對於沒有理智值的目標，造成的理智傷害全部轉化為等量的憂鬱傷害）"
    },
    {
      "id": "Blue",
      "name": "眼淚",
      "desc": "回合結束時，自身失去5點理智值\n反面命中時，使目標增加2級沉淪 強度"
    },
    {
      "id": "AmberResultUp",
      "name": "怠惰強壯",
      "desc": "本回合內怠惰技能的威力+{0}。",
      "summary": "怠惰技能威力+{0}"
    },
    {
      "id": "EgoAwakenDongrangTreeDisplay",
      "name": "吸收養分",
      "desc": "回合結束時，東朗恢復10點體力"
    },
    {
      "id": "DongbaekFullBloomDisplay",
      "name": "盛放",
      "desc": "無法行動\n回合結束時失去20點理智值。若理智值降為-45，則完全恢復理智值，並在下回合施加恍惚的意識 \n若本效果在2回合內沒有解除，則在回合結束時解除該效果",
      "summary": ""
    },
    {
      "id": "EgoAwakenDongrangShardOfBrokenConnection",
      "name": "破碎羈絆的殘片",
      "desc": "李箱的技能威力+2\n友方單位被擊殺時，下回合使剩余友方單位獲得1層迅捷 ，1層強壯 （每回合1次）\n在本次戰鬥中，若有1名以上其他友方單位存活，則李箱不會死亡。",
      "summary": ""
    },
    {
      "id": "Choice_1040301",
      "name": "未知的傷口",
      "desc": "本回合中，使自身增加10級破裂 強度",
      "summary": "一回合中，使自身增加10級破裂 強度"
    },
    {
      "id": "TakeHpHealIncrease",
      "name": "體力恢復提升",
      "desc": "本回合內通過被動，技能以及硬幣效果恢復的體力量+{0}0%。(最大5層)",
      "summary": "體力恢復量+{0}0%"
    },
    {
      "id": "Choice_90104001",
      "name": "理解",
      "desc": "戰鬥開始時，獲得所有罪孽碎片各2個。",
      "summary": "獲得所有罪孽碎片各2個。"
    },
    {
      "id": "Choice_9010400101",
      "name": "覺悟",
      "desc": "本場戰鬥中，所有友方單位技能最終威力+2",
      "summary": "技能最終威力+2"
    },
    {
      "id": "Choice_90104002",
      "name": "思慕",
      "desc": "本場戰鬥中，所有友方單位技能最終威力+1",
      "summary": "技能威力+1"
    },
    {
      "id": "S2Mirror2ndFloor",
      "name": "鏡中之鏡 - 第二層",
      "desc": "技能最終威力+1",
      "summary": "技能最終威力+1"
    },
    {
      "id": "S2Mirror3rdFloor",
      "name": "鏡中之鏡 - 第三層",
      "desc": "技能最終威力+1\n攻擊等級+3",
      "summary": "技能最終威力+1，攻擊等級+3"
    },
    {
      "id": "S2Mirror4thFloor",
      "name": "鏡中之鏡 - 第四層",
      "desc": "技能最終威力+1\n攻擊等級+3\n技能基礎威力+1",
      "summary": "技能最終威力+1，攻擊等級+3，技能基礎威力+1。"
    },
    {
      "id": "S2Mirror5thFloor",
      "name": "鏡中之鏡 - 第五層",
      "desc": "技能最終威力+1\n攻擊等級+3\n技能基礎威力+1\n技能加算硬幣威力+2\n技能減算硬幣威力-2",
      "summary": "技能最終威力+1，攻擊等級+3，技能基礎威力+1，技能加算硬幣威力+2，技能減算硬幣威力-2"
    },
    {
      "id": "SkillPowerUp",
      "name": "基礎威力提升",
      "desc": "本回合內，技能基礎威力+{0}",
      "summary": "技能基礎威力+{0}"
    },
    {
      "id": "MaxHpMultiplier",
      "name": "體力上限提升",
      "desc": "恢復體力上限的{0}0",
      "summary": "恢復體力上限的{0}0"
    },
    {
      "id": "StickCoinHeadAndTailToMaxPer",
      "name": "概率坍縮",
      "desc": "每三回合，根據友方單位使用的技能硬幣種類，使硬幣全部為正面或反面",
      "summary": "每三回合，根據硬幣的種類使硬幣全部為正面或反面"
    },
    {
      "id": "RemoveBreakSection",
      "name": "堅韌不拔",
      "desc": "友方單位第一混亂閾值無效",
      "summary": "第一混亂閾值無效"
    },
    {
      "id": "KCorpSerum",
      "name": "K公司的安瓿",
      "desc": "若回合開始低於4層，則恢復體力上限 ({0} × 5) %的體力\n若回合開始時不低於4層，則自身陣亡。",
      "summary": ""
    },
    {
      "id": "Talisman",
      "name": "符咒",
      "desc": "攻擊命中時使目標增加{0} 級破裂 強度，受到攻擊時使自身增加{0} 級破裂 強度\n回合結束時，若層數不低於6層，則消耗全部符咒 ，根據消耗層數相應造成固定傷害",
      "summary": "攻擊命中時使目標增加破裂 強度，受到攻擊時使自身增加破裂 強度"
    },
    {
      "id": "S2Mirror1stFloor_Hard",
      "name": "鏡中之鏡困難 - 第一層",
      "desc": "技能最終威力+1\n攻擊等級+3\n技能基礎威力+1\n加算技能硬幣威力+2\n減算技能硬幣威力-2",
      "summary": "技能最終威力+1，攻擊等級+3，技能基礎威力+1，加算技能硬幣威力+2，減算技能硬幣威力-2"
    },
    {
      "id": "S2Mirror2ndFloor_Hard",
      "name": "鏡中之鏡困難 - 第二層",
      "desc": "技能最終威力+1\n攻擊等級+3\n技能基礎威力+1\n加算技能硬幣威力+2\n減算技能硬幣威力-2",
      "summary": "技能最終威力+1，攻擊等級+3，技能基礎威力+1，加算技能硬幣威力+2，減算技能硬幣威力-2"
    },
    {
      "id": "S2Mirror3rdFloor_Hard",
      "name": "鏡中之鏡困難 - 第三層",
      "desc": "技能最終威力+2\n攻擊等級+3\n技能基礎威力+1\n加算技能硬幣威力+2\n減算技能硬幣威力-2",
      "summary": "技能最終威力+2，攻擊等級+3，技能基礎威力+1，加算技能硬幣威力+2，減算技能硬幣威力-2"
    },
    {
      "id": "S2Mirror4thFloor_Hard",
      "name": "鏡中之鏡困難 - 第四層",
      "desc": "技能最終威力+3\n攻擊等級+3\n技能基礎威力+1\n加算技能硬幣威力+2\n減算技能硬幣威力-2",
      "summary": "技能最終威力+3，攻擊等級+3，技能基礎威力+1，加算技能硬幣威力+2，減算技能硬幣威力-2"
    },
    {
      "id": "S2Mirror5thFloor_Hard",
      "name": "鏡中之鏡困難 - 第五層",
      "desc": "技能最終威力+5\n攻擊等級+3\n技能基礎威力+1\n加算技能硬幣威力+2\n減算技能硬幣威力-2",
      "summary": "技能最終威力+5，攻擊等級+3，技能基礎威力+1，加算技能硬幣威力+2，減算技能硬幣威力-2"
    },
    {
      "id": "MentalSystemResultIncrease_Typo",
      "name": "理智值增加效率",
      "desc": "根據理智值恢復条件的理智值恢復量"
    },
    {
      "id": "MentalSystemResultDecrease_Typo",
      "name": "理智值减少效率",
      "desc": "根據理智值减少条件的理智值减少量"
    },
    {
      "id": "DuelDeclaration",
      "name": "決鬥宣言",
      "desc": "施加決鬥宣言 的單位與持有該狀態的單位拼點時，使施加該狀態的單位拼點威力+1，並在攻擊命中時，下回合使自身獲得1層迅捷 。（每回合最多4層）當該單位對其他單位施加決鬥宣言 時，此效果轉移到新的目標上。當被其他單位施加決鬥宣言 時，此效果被替換。"
    },
    {
      "id": "Aggro",
      "name": "挑釁值",
      "desc": "在集中戰鬥中，挑釁值越高的行動槽受到敵方單位攻擊的概率越高。"
    }
  ]
}