{
  "dataList": [
    {
      "id": "1",
      "content": "領取鏡像迷宮獎勵需要消耗腦啡肽模塊。"
    },
    {
      "id": "2",
      "content": "每個技能都至少包含1枚硬幣。"
    },
    {
      "id": "3",
      "content": "硬幣的威力會隨著其朝向而發生改變。"
    },
    {
      "id": "4",
      "content": "硬幣的朝向也會影響技能效果的發動。"
    },
    {
      "id": "5",
      "content": "所有敵人（除了異想體）都會在理智值低於特定閾值時陷入恐慌。"
    },
    {
      "id": "6",
      "content": "理智值到達最低值的罪人會被E.G.O侵蝕。"
    },
    {
      "id": "7",
      "content": "被E.G.O侵蝕的罪人會無差別地進行攻擊，請多加留意。"
    },
    {
      "id": "8",
      "content": "狀態效果的強度決定了其會造成多少傷害。"
    },
    {
      "id": "9",
      "content": "技能在使用後會轉化成相應罪孽的碎片。"
    },
    {
      "id": "10",
      "content": "多次擊敗同一個異想體可以提升對其的觀察等級，使之後再次挑戰它時對其造成的傷害提高。"
    },
    {
      "id": "11",
      "content": "需要消耗資源的技能會在資源不足時被取消，還請多加留意。"
    },
    {
      "id": "12",
      "content": "速度值會在每回合開始時從人格信息所示的範圍內隨機選擇。"
    },
    {
      "id": "13",
      "content": "速度值決定了敵我雙方的角色在隊伍中的站位。"
    },
    {
      "id": "14",
      "content": "戰鬥開始時，罪人所裝備Z級E.G.O的罪孽抗性作為其初始抗性。"
    },
    {
      "id": "15",
      "content": "在使用E.G.O後，罪人的罪孽抗性將會變為所用E.G.O的數值。"
    },
    {
      "id": "16",
      "content": "防禦技能會固定生成到儀錶盤最下方的行動槽，且會替換槽位中的技能或E.G.O。"
    },
    {
      "id": "17",
      "content": "在E.G.O使用之前將其取消會返還其消耗的罪孽碎片。"
    },
    {
      "id": "18",
      "content": "連鎖之中有2個及以上的同屬性技能時，將會激活罪孽共鳴，並強化參與共鳴的技能。"
    },
    {
      "id": "19",
      "content": "連鎖之中連續鏈接了3個及以上的同屬性技能時，將會激活完全共鳴，並顯著強化連鎖內所有相同屬性的技能。"
    },
    {
      "id": "20",
      "content": "進行拼點的次數越多，拼點結束後獲勝方的傷害倍率就越高。"
    },
    {
      "id": "21",
      "content": "當角色的體力降至混亂閾值之下時，其對所有攻擊類型的抗性都會變為致命，且在下回合結束前無法行動。"
    },
    {
      "id": "22",
      "content": "在迷宮裡，您可以在存檔點恢復所有罪人的狀態並保存進度。"
    },
    {
      "id": "23",
      "content": "所有人格都擁有一個戰鬥型被動技能和一個支援型被動技能。"
    },
    {
      "id": "24",
      "content": "上場的罪人可以通過鏈接特定屬性的技能來激活其戰鬥型被動技能。"
    },
    {
      "id": "25",
      "content": "場下的罪人通過其支援型被動技能來輔助戰鬥。"
    },
    {
      "id": "26",
      "content": "異想體的不同部位可能會有不同的抗性和行為。"
    },
    {
      "id": "27",
      "content": "在與異想體對峙時，您可能會遇到需要進行決斷的情況；根據決斷的結果，您可以獲得各種各樣的效果，甚至可以獲得E.G.O飾品。"
    },
    {
      "id": "28",
      "content": "即使不使用有利的屬性也依然有可能通過判定。"
    },
    {
      "id": "29",
      "content": "在迷宮探索中，戰鬥和事件都可以獲得E.G.O飾品。"
    },
    {
      "id": "30",
      "content": "當敵人的理智值被消耗至陷入恐慌時，他們將會受到各種負面效果的影響。"
    },
    {
      "id": "31",
      "content": "若一個角色在陷入混亂後體力接著降至下一個混亂閾值之下，其受到的傷害將會變得更高。"
    },
    {
      "id": "32",
      "content": "狀態效果的層數決定了效果會生效多久或生效多少次。"
    },
    {
      "id": "33",
      "content": "E.G.O技能將會固定生成在儀錶盤最下方的行動槽。"
    },
    {
      "id": "34",
      "content": "想要激活戰鬥型被動技能或支援型被動技能，需要鏈接或擁有相應屬性的罪孽資源。"
    }
  ]
}