{
  "dataList": [
    {
      "id": "battle_battleunit_guard",
      "content": "守備動作"
    },
    {
      "id": "popup_message_ego_seat_lack",
      "content": "行動槽已被佔用，無法使用E.G.O。"
    },
    {
      "id": "popup_message_ego_resources_lack",
      "content": "罪孽碎片不足，無法使用E.G.O。"
    },
    {
      "id": "option_title",
      "content": "設置"
    },
    {
      "id": "option_btn_exit",
      "content": "退出關卡"
    },
    {
      "id": "option_btn_statistical",
      "content": "戰鬥數據"
    },
    {
      "id": "creature_destroy_notice",
      "content": "部位破壞"
    },
    {
      "id": "oneside_attack",
      "content": "單方面攻擊"
    },
    {
      "id": "guard",
      "content": "防禦"
    },
    {
      "id": "power",
      "content": "威力"
    },
    {
      "id": "require",
      "content": "需求"
    },
    {
      "id": "battle_log_atk_hp",
      "content": "{0}對{1}造成了{2}點傷害！"
    },
    {
      "id": "battle_log_atk_mp",
      "content": "{0}對{1}造成了{2}點理智傷害！"
    },
    {
      "id": "battle_log_recover_hp",
      "content": "{0}為{1}恢復了{2}點體力。"
    },
    {
      "id": "battle_log_guard",
      "content": "{0}進入了守備狀態。"
    },
    {
      "id": "battle_log_buf_to_other",
      "content": "{0}對{1}施加了{3}層{2}。"
    },
    {
      "id": "battle_log_buf_to_self",
      "content": "{0}對自身施加了{2}層{1}。"
    },
    {
      "id": "battle_log_use_ego",
      "content": "{0}覺醒了{1}！！"
    },
    {
      "id": "battle_log_use_ego_corrosion",
      "content": "{1}侵蝕了{0}！！"
    },
    {
      "id": "battle_log_personality_corrosion",
      "content": "{0}崩潰了！！"
    },
    {
      "id": "battle_log_low_morale",
      "content": "{0}的士氣低下！"
    },
    {
      "id": "battle_log_panic",
      "content": "{0}正陷入恐慌！！"
    },
    {
      "id": "choice_result_success",
      "content": "判定成功"
    },
    {
      "id": "choice_result_fail",
      "content": "判定失敗"
    },
    {
      "id": "choice_result_skip",
      "content": "跳過判定"
    },
    {
      "id": "info_button_detailinfo",
      "content": "信息"
    },
    {
      "id": "info_button_skill",
      "content": "技能"
    },
    {
      "id": "info_button_awakenskill",
      "content": "覺醒"
    },
    {
      "id": "info_button_erosionskill",
      "content": "侵蝕"
    },
    {
      "id": "resonance",
      "content": "共鳴"
    },
    {
      "id": "perfect_resonance",
      "content": "完全共鳴"
    },
    {
      "id": "break",
      "content": "陷入混亂"
    },
    {
      "id": "mental_break",
      "content": "陷入崩潰"
    },
    {
      "id": "low_morale",
      "content": "士氣低下"
    },
    {
      "id": "panic",
      "content": "恐慌"
    },
    {
      "id": "status",
      "content": "狀態"
    },
    {
      "id": "status_abnormal",
      "content": "效果"
    },
    {
      "id": "immunity_information",
      "content": "抗性"
    },
    {
      "id": "awaken_ego_skill",
      "content": "覺醒"
    },
    {
      "id": "erosion_ego_skill",
      "content": "侵蝕"
    },
    {
      "id": "turnplace_test_name",
      "content": "廢棄的腦葉公司支部"
    },
    {
      "id": "death",
      "content": "陣亡"
    },
    {
      "id": "slash",
      "content": "斬擊"
    },
    {
      "id": "penetrate",
      "content": "突刺"
    },
    {
      "id": "hit",
      "content": "打擊"
    },
    {
      "id": "action_disable",
      "content": "無法行動"
    },
    {
      "id": "ab_event_select_character",
      "content": "選擇罪人"
    },
    {
      "id": "ab_event_select_desc",
      "content": "信息"
    },
    {
      "id": "ab_event_rate",
      "content": "成功率"
    },
    {
      "id": "formet_event_rate",
      "content": "成功率: {0}"
    },
    {
      "id": "ab_event_decision",
      "content": "進行判定"
    },
    {
      "id": "ab_event_need",
      "content": "需要"
    },
    {
      "id": "ab_battle_resume",
      "content": "回到戰鬥"
    },
    {
      "id": "info_button_choice_log",
      "content": "決斷記錄"
    },
    {
      "id": "info_button_story",
      "content": "故事"
    },
    {
      "id": "info_button_ego",
      "content": "E.G.O"
    },
    {
      "id": "dungeon_encounter_start",
      "content": "開始"
    },
    {
      "id": "dungeon_encounter_battle",
      "content": "常規遭遇戰"
    },
    {
      "id": "dungeon_encounter_ab_battle",
      "content": "異想體遭遇戰"
    },
    {
      "id": "dungeon_encounter_hard_battle",
      "content": "危險的遭遇戰"
    },
    {
      "id": "dungeon_encounter_event",
      "content": "事件"
    },
    {
      "id": "dungeon_encounter_save",
      "content": "檢查點"
    },
    {
      "id": "dungeon_encounter_boss",
      "content": "樓層Boss"
    },
    {
      "id": "bottom_winrate",
      "content": "勝率"
    },
    {
      "id": "bottom_dmg",
      "content": "傷害"
    },
    {
      "id": "ab_event_next",
      "content": "繼續"
    },
    {
      "id": "explanatory",
      "content": "圖例"
    },
    {
      "id": "get_ego_gift",
      "content": "獲得E.G.O飾品"
    },
    {
      "id": "get_ego_gift_desc",
      "content": "獲得E.G.O飾品！"
    },
    {
      "id": "selection",
      "content": "決斷"},
    {
      "id": "result",
      "content": "結果"
    },
    {
      "id": "choice_total_rate",
      "content": "總成功率"
    },
    {
      "id": "enter",
      "content": "進入"
    },
    {
      "id": "recommend_level",
      "content": "推薦等級"
    },
    {
      "id": "enemy_info",
      "content": "敵方信息"
    },
    {
      "id": "enter_clear_requirement",
      "content": "附加挑戰"
    },
    {
      "id": "choice_event_resume",
      "content": "繼續"
    },
    {
      "id": "crime_state_judgment",
      "content": "{0}個決斷"
    },
    {
      "id": "choice_personality",
      "content": "選擇一個罪人來進行判定："
    },
    {
      "id": "success_result",
      "content": "判定閾值"
    },
    {
      "id": "expectation_result",
      "content": "預計數值"
    },
    {
      "id": "outcome_result",
      "content": "結果"
    },
    {
      "id": "choice_event_percent",
      "content": "成功率"
    },
    {
      "id": "skill_expectition_value",
      "content": "預計數值：{0}-{1}"
    },
    {
      "id": "skill_expectition_or_value",
      "content": "預計數值：{0} / {1}"
    },
    {
      "id": "skill_correction_value",
      "content": "{0}變動值：{1}"
    },
    {
      "id": "action_choice_event_result_example_battle",
      "content": "遭遇戰鬥"
    },
    {
      "id": "action_choice_event_result_example_event",
      "content": "事件"
    },
    {
      "id": "action_choice_event_result_example_resume",
      "content": "繼續"
    },
    {
      "id": "areaatk_attack",
      "content": "群體技能"
    },
    {
      "id": "enter_battle",
      "content": "進入戰鬥！"
    },
    {
      "id": "choice_event_five_percent",
      "content": "5%概率"
    },
    {
      "id": "choice_event_five_percent_success",
      "content": "5%成功率"
    },
    {
      "id": "skillinfo_passivetitle",
      "content": "被動技能"
    },
    {
      "id": "skillinfo_coinabilitytitle",
      "content": "技能效果"
    },
    {
      "id": "dungeon_save_desc",
      "content": "已到達檢查點。\n探索進度已保存。\n所有罪人都已被治療。"
    },
    {
      "id": "battle_battleunit_evade",
      "content": "迴避"
    },
    {
      "id": "battle_battleunit_counter",
      "content": "反擊"
    },
    {
      "id": "battle_operation_defence",
      "content": "防禦"
    },
    {
      "id": "battle_increase_mp",
      "content": "理智值上升"
    },
    {
      "id": "battle_decrease_mp",
      "content": "理智值下降"
    },
    {
      "id": "dungeon_encounter_type_start",
      "content": "開始"
    },
    {
      "id": "dungeon_encounter_type_battle",
      "content": "常規遭遇戰"
    },
    {
      "id": "dungeon_encounter_type_ab_battle",
      "content": "異想體遭遇戰"
    },
    {
      "id": "dungeon_encounter_type_hard_battle",
      "content": "危險的遭遇戰"
    },
    {
      "id": "dungeon_encounter_type_event",
      "content": "事件"
    },
    {
      "id": "dungeon_encounter_type_save",
      "content": "安全屋"
    },
    {
      "id": "dungeon_encounter_type_boss",
      "content": "Boss遭遇戰"
    },
    {
      "id": "battle_mp",
      "content": "理智值"
    },
    {
      "id": "abnormality_part_hp",
      "content": "部位體力"
    },
    {
      "id": "abnormality_research_level",
      "content": "觀察等級"
    },
    {
      "id": "abnormality_no_research_level",
      "content": "缺少數據"
    },
    {
      "id": "Insufficient_conditions",
      "content": "未滿足條件"
    },
    {
      "id": "skillinfo_keyword",
      "content": "關鍵詞"
    },
    {
      "id": "ability_turn",
      "content": "層數"
    },
    {
      "id": "ego_erosion",
      "content": "E.G.O侵蝕"
    },
    {
      "id": "continuous_turn",
      "content": "強度"
    },
    {
      "id": "status_buff_list",
      "content": "效果"
    },
    {
      "id": "stack",
      "content": "層數"
    },
    {
      "id": "slash_resistance",
      "content": "斬擊抵抗"
    },
    {
      "id": "penetrate_resistance",
      "content": "突刺抵抗"
    },
    {
      "id": "hit_resistance",
      "content": "打擊抵抗"
    },
    {
      "id": "Lack_Buff",
      "content": "缺少{0}！"
    },
    {
      "id": "received_the_golden_bough",
      "content": "金枝已回收"
    },
    {
      "id": "destroyable",
      "content": "可破壞"
    },
    {
      "id": "resumption",
      "content": "繼續"
    },
    {
      "id": "stage_GiveUp",
      "content": "放棄"
    },
    {
      "id": "show_skillTool",
      "content": "展示技能工具欄"
    },
    {
      "id": "auto_coinToss",
      "content": "自動投擲"
    },
    {
      "id": "babayaga_alert",
      "content": "剩餘{0}次機會。"
    },
    {
      "id": "battle_operation_offset",
      "content": "偏移"
    },
    {
      "id": "oneside_defense",
      "content": "單方面防禦"
    },
    {
      "id": "cantIdentify",
      "content": "<color=#ff0000>[無法選定]</color>"
    },
    {
      "id": "popup_message_ego_irrevocable",
      "content": "無法取消先前回合中生成的E.G.O技能。"
    },
    {
      "id": "stock",
      "content": "持有時"
    },
    {
      "id": "stable",
      "content": "穩定"
    },
    {
      "id": "un_stable",
      "content": "失控"
    },
    {
      "id": "vibration_explosion",
      "content": "震顫引爆！"
    },
    {
      "id": "sinking_surge",
      "content": "沉淪氾濫！"
    },
    {
      "id": "targetSlotWeight",
      "content": "攻擊容量"
    }
  ]
}