{
  "dataList": [
    {
      "id": "CLEAR_STAGE",
      "content": "通過任意關卡{0}次"
    },
    {
      "id": "KILL_ENEMY_ANY",
      "content": "擊敗{0}個敵人"
    },
    {
      "id": "KILL_ENEMY_ABNORMALITY",
      "content": "鎮壓{0}個異想體"
    },
    {
      "id": "SOMEONE_PARTICIPATED_IN_BATTLE",
      "content": "派遣{1}進行{0}場戰鬥"
    },
    {
      "id": "MIRROR_DUNGEON_TRY",
      "content": "進入鏡像迷宮{0}次"
    },
    {
      "id": "MIRROR_DUNGEON_CLEAR",
      "content": "通過鏡像迷宮{0}次"
    },
    {
      "id": "BATTLEPASS_LEVELUP",
      "content": "戰鬥通行證等級達到{0}"
    },
    {
      "id": "USE_EGO_20402",
      "content": "使用{0}次良秀的“終末火柴之光”E.G.O"
    },
    {
      "id": "USE_ANNOUNCER_2",
      "content": "讓格里高爾進行播報{0}次"
    },
    {
      "id": "LOGIN_ONCE",
      "content": "每日登陸{0}次"
    },
    {
      "id": "LOGIN_MULTIPLE",
      "content": "累計登陸達到{0}天"
    },
    {
      "id": "EXPDUNGEON_CLEAR",
      "content": "通過經驗副本{0}次"
    },
    {
      "id": "THREADDENGEON_CLEAR",
      "content": "通過紡錘副本{0}次"
    }
  ]
}