{
  "dataList": [
    {
      "id": 1,
      "name": "李箱"
    },
    {
      "id": 2,
      "name": "浮士德"
    },
    {
      "id": 3,
      "name": "堂吉訶德"
    },
    {
      "id": 4,
      "name": "良秀"
    },
    {
      "id": 5,
      "name": "默爾索"
    },
    {
      "id": 6,
      "name": "鴻璐"
    },
    {
      "id": 7,
      "name": "希斯克利夫"
    },
    {
      "id": 8,
      "name": "以實瑪利"
    },
    {
      "id": 9,
      "name": "羅佳"
    },
    {
      "id": 10,
      "name": "辛克萊"
    },
    {
      "id": 11,
      "name": "奧提斯"
    },
    {
      "id": 12,
      "name": "格里高爾"
    }
  ]
}