{
  "dataList": [
    {
      "id": "EGO_GIFT",
      "content": "E.G.O飾品"
    },
    {
      "id": "OnStageStart",
      "content": "進入關卡"
    },
    {
      "id": "IncludeSkillAttribute",
      "content": "判定：技能组内包含此罪孽的"
    },
    {
      "id": "NotIncludeSkillAttribute",
      "content": "判定：技能组内不含此罪孽的"
    },
    {
      "id": "NextBattle",
      "content": "參與下場戰鬥"
    },
    {
      "id": "LowestMp",
      "content": "理智值最低"
    },
    {
      "id": "FAILURE",
      "content": "判定失敗"
    },
    {
      "id": "SUCCESS",
      "content": "判定成功"
    }
  ]
}