{
  "dataList": [
    {
      "id": "daily_login_event_title",
      "content": "簽到活動"
    },
    {
      "id": "daily_login_event_description",
      "content": "※ 以遊戲內每日重置為基準（當日05:00 ~ 次日04:59 (CST)），每天都可以領取登錄當天對應的獎勵。\n※ 當天未領取的獎勵將於次日過期，屆時無法補領。因此請務必及時領取。"
    },
    {
      "id": "daily_login_event_weekly_format",
      "content": "第{0}週"
    }
  ]
}