{
  "dataList": [
    {
      "id": "ADDITIONAL_COST_START",
      "description": "初始經費+{0}"
    },
    {
      "id": "ADDITIONAL_COST_AFTER_WIN_BATTLE",
      "description": "戰鬥勝利後額外獲得{0}經費"
    },
    {
      "id": "EGO_RESOURCE",
      "description": "所有罪孽碎片+{0}"
    },
    {
      "id": "EGO_RESOURCE_FORMATION",
      "description": "初始編隊時人格技能屬性的罪孽碎片+{0}"
    },
    {
      "id": "HP_RECOVER_RATE_AFTER_WIN_BATTLE",
      "description": "戰鬥勝利後，回復體力上限的{0}%"
    },
    {
      "id": "MP_RECOVER_NUMBER_AFTER_EVENT_ENCOUNTER",
      "description": "事件結束後，回復{0}點理智值 "
    },
    {
      "id": "AttackLevelAdder",
      "description": "攻擊等級+{0}"
    },
    {
      "id": "AttackLevelMultiply",
      "description": "攻擊等級+{0}%"
    },
    {
      "id": "DefenseLevelAdder",
      "description": "防禦等級+{0}"
    },
    {
      "id": "DefenseLevelMultiply",
      "description": "防禦等級+{0}%"
    },
    {
      "id": "MaxHpAdder",
      "description": "體力上限+{0}"
    },
    {
      "id": "MaxHpMultiply",
      "description": "體力上限+{0}%"
    },
    {
      "id": "MaxSpeedUpAdder",
      "description": "最大速度值+{0}"
    },
    {
      "id": "AttackDamageAdder",
      "description": "造成的傷害+{0}"
    },
    {
      "id": "AttackDamageMultiply",
      "description": "造成的傷害+{0}%"
    },
    {
      "id": "TakeAttackDamageReducer",
      "description": "受到的傷害-{0}"
    },
    {
      "id": "TakeAttackDamageMultipliedReducer",
      "description": "受到的傷害-{0}%"
    },
    {
      "id": "StickCoinHeadAndTailToMaxPer",
      "description": "每{0}回合，根據友方單位使用的技能硬幣種類，使硬幣全部為正面或反面"
    },
    {
      "id": "RemoveBreakSection",
      "description": "無視友方單位的第一個混亂閾值"
    }
  ]
}