{
  "dataList": [
    {
      "id": 10401,
      "stageList": [
        {
          "id": 10401,
          "title": "綻放的九人會",
          "desc": "我們進入了金枝共鳴之處，黃色花朵飛舞飄散的空間。那裡是李箱“唯一能夠呼吸的地方”。罪人們必須朗讀各自放置的劇本，做出符合這空間的表演。隨後過去的冬柏伴隨著華美的煙火現身。"
        },
        {
          "id": 10402,
          "title": "綻放的九人會",
          "desc": "我們進入了金枝共鳴之處，黃色花朵飛舞飄散的空間。那裡是李箱“唯一能夠呼吸的地方”。罪人們必須朗讀各自放置的劇本，做出符合這空間的表演。隨後過去的冬柏伴隨著華美的煙火現身。"
        },
        {
          "id": 10403,
          "title": "綻放的九人會",
          "desc": "我們進入了金枝共鳴之處，黃色花朵飛舞飄散的空間。那裡是李箱“唯一能夠呼吸的地方”。罪人們必須朗讀各自放置的劇本，做出符合這空間的表演。隨後過去的冬柏伴隨著華美的煙火現身。"
        },
        {
          "id": 10404,
          "title": "綻放的九人會",
          "desc": "我們進入了金枝共鳴之處，黃色花朵飛舞飄散的空間。那裡是李箱“唯一能夠呼吸的地方”。罪人們必須朗讀各自放置的劇本，做出符合這空間的表演。隨後過去的冬柏伴隨著華美的煙火現身。"
        },
        {
          "id": 10405,
          "title": "綻放的九人會",
          "desc": "我們進入了金枝共鳴之處，黃色花朵飛舞飄散的空間。那裡是李箱“唯一能夠呼吸的地方”。罪人們必須朗讀各自放置的劇本，做出符合這空間的表演。隨後過去的冬柏伴隨著華美的煙火現身。"
        },
        {
          "id": 10406,
          "title": "綻放的九人會",
          "desc": "我們進入了金枝共鳴之處，黃色花朵飛舞飄散的空間。那裡是李箱“唯一能夠呼吸的地方”。罪人們必須朗讀各自放置的劇本，做出符合這空間的表演。隨後過去的冬柏伴隨著華美的煙火現身。"
        },
        {
          "id": 10407,
          "title": "綻放的九人會",
          "desc": "我們進入了金枝共鳴之處，黃色花朵飛舞飄散的空間。那裡是李箱“唯一能夠呼吸的地方”。罪人們必須朗讀各自放置的劇本，做出符合這空間的表演。隨後過去的冬柏伴隨著華美的煙火現身。"
        },
        {
          "id": 10408,
          "title": "綻放的九人會",
          "desc": "罪人們雖然感到尷尬，但還是盡力完成了朗讀。綻放著鮮花，能聽見鳥鳴的九人會即使失去了顏色，也依舊充滿了笑容與親切。"
        },
        {
          "id": 10409,
          "title": "綻放的九人會",
          "desc": "罪人們雖然感到尷尬，但還是盡力完成了朗讀。綻放著鮮花，能聽見鳥鳴的九人會即使失去了顏色，也依舊充滿了笑容與親切。"
        },
        {
          "id": 10410,
          "title": "綻放的九人會",
          "desc": "罪人們雖然感到尷尬，但還是盡力完成了朗讀。綻放著鮮花，能聽見鳥鳴的九人會即使失去了顏色，也依舊充滿了笑容與親切。"
        },
        {
          "id": 10411,
          "title": "綻放的九人會",
          "desc": "靈之向九人會的成員們展示了自己研製的技術——玻璃窗。有人驚嘆，也有人感到擔憂。親切和諧的九人會逐漸出現了變化的影子。"
        },
        {
          "id": 10412,
          "title": "綻放的九人會",
          "desc": "靈之向九人會的成員們展示了自己研製的技術——玻璃窗。有人驚嘆，也有人感到擔憂。親切和諧的九人會逐漸出現了變化的影子。"
        },
        {
          "id": 10413,
          "title": "綻放的九人會",
          "desc": "九人會時期的李箱，將靈之的玻璃窗以自己的方式重新構築，研發了新的技術。在那技術中，李箱遇見了左撇子的自己。"
        },
        {
          "id": 10414,
          "title": "綻放的九人會",
          "desc": "九人會時期的李箱，將靈之的玻璃窗以自己的方式重新構築，研發了新的技術。在那技術中，李箱遇見了左撇子的自己。"
        },
        {
          "id": 10415,
          "title": "綻放的九人會",
          "desc": "這次出現的不是九人會，而是某個遙遠的過去的故事。在無邊寂靜的郊區某處，某位不知名的少年的故事，如同夜空中閃爍的斑斕繁星一般展開。"
        },
        {
          "id": 10416,
          "title": "綻放的九人會",
          "desc": "這次出現的不是九人會，而是某個遙遠的過去的故事。在無邊寂靜的郊區某處，某位不知名的少年的故事，如同夜空中閃爍的斑斕繁星一般展開。"
        },
        {
          "id": 10417,
          "title": "綻放的九人會",
          "desc": "空間發生變化，罪人們俯瞰著T公司的街道。扭曲著，失去顏色的人們正在街上行走。"
        },
        {
          "id": 10418,
          "title": "綻放的九人會",
          "desc": "空間發生變化，罪人們俯瞰著T公司的街道。扭曲著，失去顏色的人們正在街上行走。"
        },
        {
          "id": 10419,
          "title": "綻放的九人會",
          "desc": "空間發生變化，罪人們俯瞰著T公司的街道。扭曲著，失去顏色的人們正在街上行走。"
        },
        {
          "id": 10421,
          "title": "變得嘈雜的九人會",
          "desc": "不知何時，繁華凋零，九人會逐漸嘈雜起來。但無人知曉，這只是單純地喧囂，還是變化的一部分。"
        },
        {
          "id": 10422,
          "title": "變得嘈雜的九人會",
          "desc": "不知何時，繁華凋零，九人會逐漸嘈雜起來。但無人知曉，這只是單純地喧囂，還是變化的一部分。"
        },
        {
          "id": 10423,
          "title": "變得嘈雜的九人會",
          "desc": "技術開始被附加上價值，九人會中也傳來了十分細微的裂痕聲。"
        },
        {
          "id": 10424,
          "title": "變得嘈雜的九人會",
          "desc": "技術開始被附加上價值，九人會中也傳來了十分細微的裂痕聲。"
        },
        {
          "id": 10425,
          "title": "變得嘈雜的九人會",
          "desc": "如果所有故事都能迎來幸福結局，那就再好不過了吧。"
        },
        {
          "id": 10426,
          "title": "變得嘈雜的九人會",
          "desc": "如果所有故事都能迎來幸福結局，那就再好不過了吧。"
        },
        {
          "id": 10427,
          "title": "變得嘈雜的九人會",
          "desc": "如果所有故事都能迎來幸福結局，那就再好不過了吧。"
        },
        {
          "id": 10428,
          "title": "變得嘈雜的九人會",
          "desc": "如果所有故事都能迎來幸福結局，那就再好不過了吧。"
        },
        {
          "id": 10429,
          "title": "變得嘈雜的九人會",
          "desc": "九人會的辦公室中央放著異樣的物品。回憶起組建九人會的目的，各自的心逐漸產生分歧。"
        },
        {
          "id": 10430,
          "title": "變得嘈雜的九人會",
          "desc": "熟悉的聲音漸漸將九人會埋沒。九早已不再是九，而自認為無罪的事物也終將成為罪孽回歸。"
        },
        {
          "id": 10431,
          "title": "逐漸枯萎的九人會",
          "desc": "熟悉的聲音漸漸將九人會埋沒。九早已不再是九，而自認為無罪的事物也終將成為罪孽回歸。"
        },
        {
          "id": 10432,
          "title": "逐漸枯萎的九人會",
          "desc": "熟悉的聲音漸漸將九人會埋沒。九早已不再是九，而自認為無罪的事物也終將成為罪孽回歸。"
        },
        {
          "id": 10433,
          "title": "逐漸枯萎的九人會",
          "desc": "熟悉的聲音漸漸將九人會埋沒。九早已不再是九，而自認為無罪的事物也終將成為罪孽回歸。。"
        },
        {
          "id": 10434,
          "title": "逐漸枯萎的九人會",
          "desc": "各自仍未明晰自身想要守護的事物，卻有客人唐突拜訪了九人會。"
        },
        {
          "id": 10435,
          "title": "逐漸枯萎的九人會",
          "desc": "各自仍未明晰自身想要守護的事物，卻有客人唐突拜訪了九人會。 "
        },
        {
          "id": 10436,
          "title": "逐漸枯萎的九人會",
          "desc": "未染上一絲顏色，與燃燒的九人會一同消逝。在支離破碎的碎片中，李箱選擇了停止，即漠不關心。"
        },
        {
          "id": 10437,
          "title": "逐漸枯萎的九人會",
          "desc": "未染上一絲顏色，與燃燒的九人會一同消逝。在支離破碎的碎片中，李箱選擇了停止，即漠不關心"
        },
        {
          "id": 10438,
          "title": "逐漸枯萎的九人會",
          "desc": "歲月流逝，史蒂芬妮慢慢衰老，K公司迎來了新的變化。"
        },
        {
          "id": 10440,
          "title": "N公司的四方形房間",
          "desc": "在仇甫的引導下，李箱來到了四面塗上純白的四方形的房間。在那裡，長久沉默著的李箱與鏡一起掩埋了歲月。"
        },
        {
          "id": 10441,
          "title": "N公司的四方形房間",
          "desc": "在仇甫的引導下，李箱來到了四面塗上純白的四方形的房間。在那裡，長久沉默著的李箱與鏡一起掩埋了歲月。"
        },
        {
          "id": 10442,
          "title": "N公司的四方形房間",
          "desc": "在仇甫的引導下，李箱來到了四面塗上純白的四方形的房間。在那裡，長久沉默著的李箱與鏡一起掩埋了歲月。"
        },
        {
          "id": 10443,
          "title": "N公司的四方形房間",
          "desc": "那裡為數不多的訪客只有赫爾曼和仇甫。仇甫不斷催促他加入新的九人會。"
        },
        {
          "id": 10444,
          "title": "N公司的四方形房間",
          "desc": "那裡為數不多的訪客只有赫爾曼和仇甫。仇甫不斷催促他加入新的九人會。"
        },
        {
          "id": 10445,
          "title": "N公司的四方形房間",
          "desc": "那裡為數不多的訪客只有赫爾曼和仇甫。仇甫不斷催促他加入新的九人會。"
        },
        {
          "id": 10446,
          "title": "N公司的四方形房間",
          "desc": "從某時起，箱李開始說起意義不明的話，並向李箱述說了兩種選擇。"
        },
        {
          "id": 10447,
          "title": "N公司的四方形房間",
          "desc": "從某時起，箱李開始說起意義不明的話，並向李箱述說了兩種選擇。"
        },
        {
          "id": 10448,
          "title": "N公司的四方形房間",
          "desc": "從某時起，箱李開始說起意義不明的話，並向李箱述說了兩種選擇。"
        },
        {
          "id": 10449,
          "title": "N公司的四方形房間",
          "desc": "從某時起，箱李開始說起意義不明的話，並向李箱述說了兩種選擇。"
        },
        {
          "id": 10450,
          "title": "N公司的四方形房間",
          "desc": "從某時起，箱李開始說起意義不明的話，並向李箱述說了兩種選擇。"
        },
        {
          "id": 10451,
          "title": "N公司的四方形房間",
          "desc": "走出四方形的李箱搖搖晃晃地向某處走去。隨後畫面轉到東朗。曾經的他會轉入K公司，將自己的技術交出去吧。"
        },
        {
          "id": 10452,
          "title": "K公司某處的實驗室",
          "desc": "走出四方形的李箱搖搖晃晃地向某處走去。隨後畫面轉到東朗。曾經的他會轉入K公司，將自己的技術交出去吧。"
        },
        {
          "id": 10453,
          "title": "K公司某處的實驗室",
          "desc": "扭曲的東朗受到致命傷，奄奄一息。但真的就這樣結束了嗎？東朗的目光像是朝向了某個和平的原野一般，變得平靜。"
        }
      ]
    }
  ]
}