{
  "dataList": [
    {
      "id": 10201,
      "stageList": [
        {
          "id": 10,
          "title": "採礦場入口",
          "desc": "哪怕我們獲取了進入地下室的權利，但腦葉公司的這個支部似乎早已被賭場取代。奴隸們在牆上鑿著洞，保鏢在一旁監視著他們工作，大罪則將鐵欄杆咬的咯咯響……有許多麻煩擋在了我們面前。"
        },
        {
          "id": 20,
          "title": "第1採礦場",
          "desc": "哪怕我們獲取了進入地下室的權利，但腦葉公司的這個支部似乎早已被賭場取代。奴隸們在牆上鑿著洞，保鏢在一旁監視著他們工作，大罪則將鐵欄杆咬的咯咯響……有許多麻煩擋在了我們面前。 "
        },
        {
          "id": 21,
          "title": "第2採礦場",
          "desc": "哪怕我們獲取了進入地下室的權利，但腦葉公司的這個支部似乎早已被賭場取代。奴隸們在牆上鑿著洞，保鏢在一旁監視著他們工作，大罪則將鐵欄杆咬的咯咯響……有許多麻煩擋在了我們面前。 "
        },
        {
          "id": 22,
          "title": "第3採礦場",
          "desc": "哪怕我們獲取了進入地下室的權利，但腦葉公司的這個支部似乎早已被賭場取代。奴隸們在牆上鑿著洞，保鏢在一旁監視著他們工作，大罪則將鐵欄杆咬的咯咯響……有許多麻煩擋在了我們面前。 "
        },
        {
          "id": 30,
          "title": "第4採礦場",
          "desc": "哪怕我們獲取了進入地下室的權利，但腦葉公司的這個支部似乎早已被賭場取代。奴隸們在牆上鑿著洞，保鏢在一旁監視著他們工作，大罪則將鐵欄杆咬的咯咯響……有許多麻煩擋在了我們面前。 "
        },
        {
          "id": 31,
          "title": "爆炸物隔間",
          "desc": "哪怕我們獲取了進入地下室的權利，但腦葉公司的這個支部似乎早已被賭場取代。奴隸們在牆上鑿著洞，保鏢在一旁監視著他們工作，大罪則將鐵欄杆咬的咯咯響……有許多麻煩擋在了我們面前。 "
        },
        {
          "id": 40,
          "title": "避難所",
          "desc": "哪怕我們獲取了進入地下室的權利，但腦葉公司的這個支部似乎早已被賭場取代。奴隸們在牆上鑿著洞，保鏢在一旁監視著他們工作，大罪則將鐵欄杆咬的咯咯響……有許多麻煩擋在了我們面前。 "
        },
        {
          "id": 50,
          "title": "地下工廠入口",
          "desc": "格里高爾驚為天人的起義宣言讓保鏢們把大罪放了出來。不過，仔細觀察一下這些生物的話……它們似乎並不聽從任何指令，而只是選擇攻擊任何出現在視線範圍內的人類。如果是這樣的話……"
        },
        {
          "id": 110,
          "title": "1號生產線",
          "desc": "我們設法抵達了下一層。等著我們的，是一些無人看守的、五顏六色的集裝箱。\n這附近沒有人，可既然如此，我們進來時感受到的不祥之兆又是從何而起？"
        },
        {
          "id": 111,
          "title": "2號生產線",
          "desc": "我們設法抵達了下一層。等著我們的，是一些無人看守的、五顏六色的集裝箱。\n這附近沒有人，可既然如此，我們進來時感受到的不祥之兆又是從何而起？"
        },
        {
          "id": 112,
          "title": "3號生產線",
          "desc": "我們設法抵達了下一層。等著我們的，是一些無人看守的、五顏六色的集裝箱。\n這附近沒有人，可既然如此，我們進來時感受到的不祥之兆又是從何而起？"
        },
        {
          "id": 120,
          "title": "注塑室",
          "desc": "我們必須得把這些唱著歡樂歌謠，可實則冷酷無情的改造人打倒，這樣才能通過這裡。"
        },
        {
          "id": 121,
          "title": "彩色分裝站",
          "desc": "我們必須得把這些唱著歡樂歌謠，可實則冷酷無情的改造人打倒，這樣才能通過這裡。"
        },
        {
          "id": 130,
          "title": "裝配產線",
          "desc": "我們必須得把這些唱著歡樂歌謠，可實則冷酷無情的改造人打倒，這樣才能通過這裡。"
        },
        {
          "id": 140,
          "title": "維護站點",
          "desc": "我們必須得把這些唱著歡樂歌謠，可實則冷酷無情的改造人打倒，這樣才能通過這裡。"
        },
        {
          "id": 151,
          "title": "備用發電站",
          "desc": "我們必須得把這些唱著歡樂歌謠，可實則冷酷無情的改造人打倒，這樣才能通過這裡。"
        },
        {
          "id": 150,
          "title": "引人入勝的大輪盤",
          "desc": "我們必須得把這些唱著歡樂歌謠，可實則冷酷無情的改造人打倒，這樣才能通過這裡。"
        },
        {
          "id": 10214,
          "title": "備用發電站",
          "desc": "我們必須得把這些唱著歡樂歌謠，可實則冷酷無情的改造人打倒，這樣才能通過這裡。"
        },
        {
          "id": 160,
          "title": "安全性檢查設施",
          "desc": "我們必須得把這些唱著歡樂歌謠，可實則冷酷無情的改造人打倒，這樣才能通過這裡。"
        },
        {
          "id": 170,
          "title": "最終加工室",
          "desc": "我們必須得把這些唱著歡樂歌謠，可實則冷酷無情的改造人打倒，這樣才能通過這裡。"
        },
        {
          "id": 161,
          "title": "質控室",
          "desc": "我們必須得把這些唱著歡樂歌謠，可實則冷酷無情的改造人打倒，這樣才能通過這裡。"
        },
        {
          "id": 171,
          "title": "廢棄物處理場",
          "desc": "我們必須得把這些唱著歡樂歌謠，可實則冷酷無情的改造人打倒，這樣才能通過這裡。"
        },
        {
          "id": 180,
          "title": "安保室",
          "desc": "我們必須得把這些唱著歡樂歌謠，可實則冷酷無情的改造人打倒，這樣才能通過這裡。"
        },
        {
          "id": 190,
          "title": "前進基地",
          "desc": "我們必須得把這些唱著歡樂歌謠，可實則冷酷無情的改造人打倒，這樣才能通過這裡。"
        },
        {
          "id": 200,
          "title": "雪原岔道",
          "desc": "在經過集裝箱時，周圍空氣變得愈發寒涼。大塊的冰塊提示著我們已經即將抵達旅途的終點。"
        },
        {
          "id": 210,
          "title": "暴風雪境",
          "desc": "在經過集裝箱時，周圍空氣變得愈發寒涼。大塊的冰塊提示著我們已經即將抵達旅途的終點。"
        },
        {
          "id": 211,
          "title": "暴風雪境",
          "desc": "在經過集裝箱時，周圍空氣變得愈發寒涼。大塊的冰塊提示著我們已經即將抵達旅途的終點。"
        },
        {
          "id": 220,
          "title": "冰凍廢墟",
          "desc": "在經過集裝箱時，周圍空氣變得愈發寒涼。大塊的冰塊提示著我們已經即將抵達旅途的終點。"
        },
        {
          "id": 221,
          "title": "掩埋藏身處",
          "desc": "在經過集裝箱時，周圍空氣變得愈發寒涼。大塊的冰塊提示著我們已經即將抵達旅途的終點。"
        },
        {
          "id": 230,
          "title": "暴風雪境",
          "desc": "在經過集裝箱時，周圍空氣變得愈發寒涼。大塊的冰塊提示著我們已經即將抵達旅途的終點。"
        },
        {
          "id": 231,
          "title": "暴風雪境",
          "desc": "在經過集裝箱時，周圍空氣變得愈發寒涼。大塊的冰塊提示著我們已經即將抵達旅途的終點。"
        },
        {
          "id": 240,
          "title": "毀壞村莊",
          "desc": "在經過集裝箱時，周圍空氣變得愈發寒涼。大塊的冰塊提示著我們已經即將抵達旅途的終點。"
        },
        {
          "id": 250,
          "title": "鄰里沉眠的冰霜城堡",
          "desc": "我們穿過冰封的土地，來到了礦井的盡頭。在遠處，我看見了一座由冰鑄就的巨大城堡……和一位不速之客。"
        }
      ]
    }
  ]
}