{
  "dataList": [
    {
      "id": 10301,
      "stageList": [
        {
          "id": 10,
          "title": "地下室入口",
          "desc": "異端審判官們所佔領的腦葉公司支部，如今已化作了施行恐怖虐殺的拷問室。卡爾夫鎮的居民們僅僅以接受了義體手術為由，無力地承受著這痛苦。"
        },
        {
          "id": 11,
          "title": "地下室入口",
          "desc": "在地下室的入口處見到了瀕死的索德。面對那確認埃菲生死的迫切詢問，我們誰也沒能說出事實。"
        },
        {
          "id": 12,
          "title": "地下室入口",
          "desc": "異端審判官們所佔領的腦葉公司支部，如今已化作了施行恐怖虐殺的拷問室。卡爾夫鎮的居民們僅僅以接受了義體手術為由，無力地承受著這痛苦。"
        },
        {
          "id": 20,
          "title": "設備間",
          "desc": "在地下室的入口處見到了瀕死的索德。面對那確認埃菲生死的迫切詢問，我們誰也沒能說出事實。"
        },
        {
          "id": 21,
          "title": "設備間",
          "desc": "在地下室的入口處見到了瀕死的索德。面對那確認埃菲生死的迫切詢問，我們誰也沒能說出事實。"
        },
        {
          "id": 22,
          "title": "設備間",
          "desc": "在地下室的入口處見到了瀕死的索德。面對那確認埃菲生死的迫切詢問，我們誰也沒能說出事實。"
        },
        {
          "id": 30,
          "title": "隔離區域",
          "desc": "儘管經過了數次戰鬥，名為圭多的存在仍堅挺著他那恐怖的執念。終於他不再動作，我們將索德留在原地，走向了下個區域。所有的一切都混亂而慘不忍睹。誰也沒開口說話。"
        },
        {
          "id": 31,
          "title": "第一道門",
          "desc": "儘管經過了數次戰鬥，名為圭多的存在仍堅挺著他那恐怖的執念。終於他不再動作，我們將索德留在原地，走向了下個區域。所有的一切都混亂而慘不忍睹。誰也沒開口說話。"
        },
        {
          "id": 32,
          "title": "被封鎖的門",
          "desc": "總是能聽到有什麼東西在地上爬來爬去的聲音。想要知道其真面目，但也有著不知道也好的想法。"
        },
        {
          "id": 33,
          "title": "被遺忘的通道",
          "desc": "儘管經過了數次戰鬥，名為圭多的存在仍堅挺著他那恐怖的執念。終於他不再動作，我們將索德留在原地，走向了下個區域。所有的一切都混亂而慘不忍睹。誰也沒開口說話。"
        },
        {
          "id": 40,
          "title": "監獄區域",
          "desc": "一邊和被侵蝕的審判官們戰鬥著，我們向金枝所在之處繼續前進。"
        },
        {
          "id": 50,
          "title": "侵蝕體隔離所",
          "desc": "總是能聽到有什麼東西在地上爬來爬去的聲音。想要知道其真面目，但也有著不知道也好的想法。"
        },
        {
          "id": 51,
          "title": "精兵訓練所",
          "desc": "總是能聽到有什麼東西在地上爬來爬去的聲音。想要知道其真面目，但也有著不知道也好的想法。"
        },
        {
          "id": 52,
          "title": "監獄區域",
          "desc": "一邊和被侵蝕的審判官們戰鬥著，我們向金枝所在之處繼續前進。"
        },
        {
          "id": 53,
          "title": "舊倉庫",
          "desc": "總是能聽到有什麼東西在地上爬來爬去的聲音。想要知道其真面目，但也有著不知道也好的想法。 "
        },
        {
          "id": 60,
          "title": "拷問室",
          "desc": "總是能聽到有什麼東西在地上爬來爬去的聲音。想要知道其真面目，但也有著不知道也好的想法。"
        },
        {
          "id": 61,
          "title": "禮拜室",
          "desc": "總是能聽到有什麼東西在地上爬來爬去的聲音。想要知道其真面目，但也有著不知道也好的想法。"
        },
        {
          "id": 62,
          "title": "被封鎖的區域",
          "desc": "總是能聽到有什麼東西在地上爬來爬去的聲音。想要知道其真面目，但也有著不知道也好的想法。"
        },
        {
          "id": 101,
          "title": "地下教堂 走廊",
          "desc": "我們到達了下一層。到處都能看見審判官們造出的拷問器具和肉塊，還有無法承受痛苦而逐漸死去的卡爾夫鎮的居民們。最難以忍受的是時不時傳來的不知何人的口哨聲。"
        },
        {
          "id": 102,
          "title": "地下教堂 走廊",
          "desc": "我們到達了下一層。到處都能看見審判官們造出的拷問器具和肉塊，還有無法承受痛苦而逐漸死去的卡爾夫鎮的居民們。最難以忍受的是時不時傳來的不知何人的口哨聲。"
        },
        {
          "id": 110,
          "title": "被封鎖的祈禱室",
          "desc": "我們到達了下一層。到處都能看見審判官們造出的拷問器具和肉塊，還有無法承受痛苦而逐漸死去的卡爾夫鎮的居民們。最難以忍受的是時不時傳來的不知何人的口哨聲。"
        },
        {
          "id": 111,
          "title": "地下禮拜堂 走廊",
          "desc": "我們到達了下一層。到處都能看見審判官們造出的拷問器具和肉塊，還有無法承受痛苦而逐漸死去的卡爾夫鎮的居民們。最難以忍受的是時不時傳來的不知何人的口哨聲。"
        },
        {
          "id": 120,
          "title": "被封鎖的祈禱室",
          "desc": "我們到達了下一層。到處都能看見審判官們造出的拷問器具和肉塊，還有無法承受痛苦而逐漸死去的卡爾夫鎮的居民們。最難以忍受的是時不時傳來的不知何人的口哨聲。"
        },
        {
          "id": 121,
          "title": "能聽見悲鳴的房間",
          "desc": "我們到達了下一層。到處都能看見審判官們造出的拷問器具和肉塊，還有無法承受痛苦而逐漸死去的卡爾夫鎮的居民們。最難以忍受的是時不時傳來的不知何人的口哨聲。"
        },
        {
          "id": 130,
          "title": "第二道門",
          "desc": "我們到達了下一層。到處都能看見審判官們造出的拷問器具和肉塊，還有無法承受痛苦而逐漸死去的卡爾夫鎮的居民們。最難以忍受的是時不時傳來的不知何人的口哨聲。"
        },
        {
          "id": 140,
          "title": "化膿之間",
          "desc": "我們到達了下一層。到處都能看見審判官們造出的拷問器具和肉塊，還有無法承受痛苦而逐漸死去的卡爾夫鎮的居民們。最難以忍受的是時不時傳來的不知何人的口哨聲。"
        },
        {
          "id": 150,
          "title": "禮拜堂內部",
          "desc": "我們到達了下一層。到處都能看見審判官們造出的拷問器具和肉塊，還有無法承受痛苦而逐漸死去的卡爾夫鎮的居民們。最難以忍受的是時不時傳來的不知何人的口哨聲。"
        },
        {
          "id": 151,
          "title": "禮拜堂入口",
          "desc": "我們到達了下一層。到處都能看見審判官們造出的拷問器具和肉塊，還有無法承受痛苦而逐漸死去的卡爾夫鎮的居民們。最難以忍受的是時不時傳來的不知何人的口哨聲。"
        },
        {
          "id": 152,
          "title": "默想之橋",
          "desc": "我們到達了下一層。到處都能看見審判官們造出的拷問器具和肉塊，還有無法承受痛苦而逐漸死去的卡爾夫鎮的居民們。最難以忍受的是時不時傳來的不知何人的口哨聲。"
        },
        {
          "id": 152,
          "title": "淚之祭壇",
          "desc": "我們到達了下一層。到處都能看見審判官們造出的拷問器具和肉塊，還有無法承受痛苦而逐漸死去的卡爾夫鎮的居民們。最難以忍受的是時不時傳來的不知何人的口哨聲。"
        },
        {
          "id": 160,
          "title": "淚之祭壇",
          "desc": "我們到達了下一層。到處都能看見審判官們造出的拷問器具和肉塊，還有無法承受痛苦而逐漸死去的卡爾夫鎮的居民們。最難以忍受的是時不時傳來的不知何人的口哨聲。"
        },
        {
          "id": 161,
          "title": "聖具間",
          "desc": "我們到達了下一層。到處都能看見審判官們造出的拷問器具和肉塊，還有無法承受痛苦而逐漸死去的卡爾夫鎮的居民們。最難以忍受的是時不時傳來的不知何人的口哨聲。"
        },
        {
          "id": 162,
          "title": "中央區域",
          "desc": "我們到達了下一層。到處都能看見審判官們造出的拷問器具和肉塊，還有無法承受痛苦而逐漸死去的卡爾夫鎮的居民們。最難以忍受的是時不時傳來的不知何人的口哨聲。 "
        },
        {
          "id": 163,
          "title": "祭壇入口",
          "desc": "我們到達了下一層。到處都能看見審判官們造出的拷問器具和肉塊，還有無法承受痛苦而逐漸死去的卡爾夫鎮的居民們。最難以忍受的是時不時傳來的不知何人的口哨聲。"
        },
        {
          "id": 164,
          "title": "贖罪之祭壇",
          "desc": "我們到達了下一層。到處都能看見審判官們造出的拷問器具和肉塊，還有無法承受痛苦而逐漸死去的卡爾夫鎮的居民們。最難以忍受的是時不時傳來的不知何人的口哨聲。"
        },
        {
          "id": 170,
          "title": "淨化所",
          "desc": "我們到達了下一層。到處都能看見審判官們造出的拷問器具和肉塊，還有無法承受痛苦而逐漸死去的卡爾夫鎮的居民們。最難以忍受的是時不時傳來的不知何人的口哨聲。"
        },
        {
          "id": 180,
          "title": "禮拜堂內部",
          "desc": "我們到達了下一層。到處都能看見審判官們造出的拷問器具和肉塊，還有無法承受痛苦而逐漸死去的卡爾夫鎮的居民們。最難以忍受的是時不時傳來的不知何人的口哨聲。"
        },
        {
          "id": 181,
          "title": "第三道門",
          "desc": "我們到達了下一層。到處都能看見審判官們造出的拷問器具和肉塊，還有無法承受痛苦而逐漸死去的卡爾夫鎮的居民們。最難以忍受的是時不時傳來的不知何人的口哨聲。"
        },
        {
          "id": 182,
          "title": "禮拜堂內部",
          "desc": "我們到達了下一層。到處都能看見審判官們造出的拷問器具和肉塊，還有無法承受痛苦而逐漸死去的卡爾夫鎮的居民們。最難以忍受的是時不時傳來的不知何人的口哨聲。"
        },
        {
          "id": 190,
          "title": "資格判別台",
          "desc": "我們到達了下一層。到處都能看見審判官們造出的拷問器具和肉塊，還有無法承受痛苦而逐漸死去的卡爾夫鎮的居民們。最難以忍受的是時不時傳來的不知何人的口哨聲。"
        },
        {
          "id": 1100,
          "title": "前往聖所的道路",
          "desc": "我們到達了下一層。到處都能看見審判官們造出的拷問器具和肉塊，還有無法承受痛苦而逐漸死去的卡爾夫鎮的居民們。最難以忍受的是時不時傳來的不知何人的口哨聲。 "
        },
        {
          "id": 210,
          "title": "儀式廣場",
          "desc": "已經被金枝所影響的這片空間化作了無盡的屍體堆起的山丘。能看到正在向某人膜拜著的審判官們。"
        },
        {
          "id": 220,
          "title": "儀式廣場",
          "desc": "一邊聽著對於某些人而言很熟悉、對於某些人而言很陌生的鐘聲，我們看到了辛克萊的過去。嘈雜的教室，吵吵嚷嚷的學生們，以及坐在其中的辛克萊。"
        },
        {
          "id": 230,
          "title": "儀式廣場",
          "desc": "一邊聽著對於某些人而言很熟悉、對於某些人而言很陌生的鐘聲，我們看到了辛克萊的過去。嘈雜的教室，吵吵嚷嚷的學生們，以及坐在其中的辛克萊。"
        },
        {
          "id": 240,
          "title": "儀式廣場",
          "desc": "一邊聽著對於某些人而言很熟悉、對於某些人而言很陌生的鐘聲，我們看到了辛克萊的過去。嘈雜的教室，吵吵嚷嚷的學生們，以及坐在其中的辛克萊。"
        },
        {
          "id": 250,
          "title": "儀式廣場",
          "desc": "一邊聽著對於某些人而言很熟悉、對於某些人而言很陌生的鐘聲，我們看到了辛克萊的過去。嘈雜的教室，吵吵嚷嚷的學生們，以及坐在其中的辛克萊。"
        },
        {
          "id": 260,
          "title": "儀式廣場",
          "desc": "一邊聽著對於某些人而言很熟悉、對於某些人而言很陌生的鐘聲，我們看到了辛克萊的過去。嘈雜的教室，吵吵嚷嚷的學生們，以及坐在其中的辛克萊。"
        },
        {
          "id": 270,
          "title": "儀式廣場",
          "desc": "一邊聽著對於某些人而言很熟悉、對於某些人而言很陌生的鐘聲，我們看到了辛克萊的過去。嘈雜的教室，吵吵嚷嚷的學生們，以及坐在其中的辛克萊。"
        },
        {
          "id": 280,
          "title": "儀式廣場",
          "desc": "如同災禍般破裂的辛克萊那惡夢般的時光迎來了終結。唯有克羅默滿足於這一切，笑得不能自已。"
        },
        {
          "id": 290,
          "title": "儀式廣場",
          "desc": "如同災禍般破裂的辛克萊那惡夢般的時光迎來了終結。唯有克羅默滿足於這一切，笑得不能自已。"
        },
        {
          "id": 2100,
          "title": "屍體堆起的山丘",
          "desc": "如同災禍般破裂的辛克萊那惡夢般的時光迎來了終結。唯有克羅默滿足於這一切，笑得不能自已。"
        }
      ]
    }
  ]
}