{
  "dataList": [
    {
      "id": 8501,
      "name": "記憶中扭曲的士兵",
      "desc": "本體"
    },
    {
      "id": 850101,
      "name": "軀幹",
      "desc": "部位"
    },
    {
      "id": 8502,
      "name": "記憶中絕望的士兵",
      "desc": "本體"
    },
    {
      "id": 850201,
      "name": "軀幹",
      "desc": "部位"
    },
    {
      "id": 8503,
      "name": "記憶中被侵蝕的士兵",
      "desc": "本體"
    },
    {
      "id": 850301,
      "name": "軀幹",
      "desc": "部位"
    },
    {
      "id": 8504,
      "name": "記憶中潰爛的G公司總經理",
      "desc": "本體"
    },
    {
      "id": 850401,
      "name": "軀幹",
      "desc": "部位"
    },
    {
      "id": 8505,
      "name": "陽光的流浪樂隊成員",
      "desc": "本體"
    },
    {
      "id": 850501,
      "name": "軀幹",
      "desc": "部位"
    },
    {
      "id": 8506,
      "name": "輕快的流浪樂隊成員",
      "desc": "本體"
    },
    {
      "id": 850601,
      "name": "軀幹",
      "desc": "部位"
    },
    {
      "id": 8507,
      "name": "危險的鐵工會成員",
      "desc": "本體"
    },
    {
      "id": 850701,
      "name": "軀幹",
      "desc": "部位"
    },
    {
      "id": 8508,
      "name": "正在熱身的鐵工會成員",
      "desc": "本體"
    },
    {
      "id": 850801,
      "name": "軀幹",
      "desc": "部位"
    },
    {
      "id": 8509,
      "name": "艾達",
      "desc": "本體"
    },
    {
      "id": 850901,
      "name": "軀幹",
      "desc": "部位"
    },
    {
      "id": 8510,
      "name": "悲泣蟾蜍",
      "desc": "本體"
    },
    {
      "id": 851001,
      "name": "軀幹",
      "desc": "部位"
    },
    {
      "id": 851002,
      "name": "左眼",
      "desc": "部位"
    },
    {
      "id": 851003,
      "name": "右眼",
      "desc": "部位"
    },
    {
      "id": 8511,
      "name": "奉承的N公司異端審判官",
      "desc": "敵方單位"
    },
    {
      "id": 851101,
      "name": "軀幹",
      "desc": "部位"
    },
    {
      "id": 8512,
      "name": "順從的N公司異端審判官",
      "desc": "敵方單位"
    },
    {
      "id": 851201,
      "name": "軀幹",
      "desc": "部位"
    },
    {
      "id": 8513,
      "name": "進行拷問的N公司異端審判官",
      "desc": "敵方單位"
    },
    {
      "id": 851301,
      "name": "軀幹",
      "desc": "部位"
    },
    {
      "id": 8514,
      "name": "擅長審訊的N公司異端審判官",
      "desc": "敵方單位"
    },
    {
      "id": 851401,
      "name": "軀幹",
      "desc": "部位"
    },
    {
      "id": 8515,
      "name": "執著的N公司異端審判官",
      "desc": "敵方單位"
    },
    {
      "id": 851501,
      "name": "軀幹",
      "desc": "部位"
    },
    {
      "id": 8516,
      "name": "極度喜悅的N公司異端審判官",
      "desc": "敵方單位"
    },
    {
      "id": 851601,
      "name": "軀幹",
      "desc": "部位"
    },
    {
      "id": 8517,
      "name": "執著的圭多",
      "desc": "敵方單位"
    },
    {
      "id": 851701,
      "name": "軀幹",
      "desc": "部位"
    },
    {
      "id": 8518,
      "name": "折射的巷頭惡犬",
      "desc": "本體"
    },
    {
      "id": 851801,
      "name": "軀幹",
      "desc": "部位"
    },
    {
      "id": 851802,
      "name": "電線桿",
      "desc": "部位"
    },
    {
      "id": 851803,
      "name": "人類",
      "desc": "部位"
    },
    {
      "id": 851804,
      "name": "頭部",
      "desc": "部位"
    },
    {
      "id": 8519,
      "name": "kqe-1j-23",
      "desc": "本體"
    },
    {
      "id": 851901,
      "name": "軀幹",
      "desc": "部位"
    },
    {
      "id": 8520,
      "name": "市民之心",
      "desc": "本體"
    },
    {
      "id": 852001,
      "name": "心臟",
      "desc": "部位"
    },
    {
      "id": 8521,
      "name": "K公司3級員工",
      "desc": "本體"
    },
    {
      "id": 852101,
      "name": "軀幹",
      "desc": "部位"
    },
    {
      "id": 8522,
      "name": "無所不有的異端審判官",
      "desc": "本體"
    },
    {
      "id": 852201,
      "name": "軀幹",
      "desc": "部位"
    },
    {
      "id": 8523,
      "name": "強化後的K公司3級員工",
      "desc": "本體"
    },
    {
      "id": 852301,
      "name": "軀幹",
      "desc": "部位"
    },
    {
      "id": 8524,
      "name": "斷首魚",
      "desc": "本體"
    },
    {
      "id": 852401,
      "name": "軀幹",
      "desc": "部位"
    },
    {
      "id": 852402,
      "name": "右臂",
      "desc": "部位"
    },
    {
      "id": 852403,
      "name": "左臂",
      "desc": "部位"
    },
    {
      "id": 852404,
      "name": "尾部",
      "desc": "部位"
    },
    {
      "id": 8525,
      "name": "蠢蠢欲動的異端審判官",
      "desc": "本體"
    },
    {
      "id": 852501,
      "name": "軀幹",
      "desc": "部位"
    },
    {
      "id": 852502,
      "name": "左臂",
      "desc": "部位"
    },
    {
      "id": 852503,
      "name": "右臂",
      "desc": "部位"
    },
    {
      "id": 8526,
      "name": "試圖成為原初的克羅默",
      "desc": "本體"
    },
    {
      "id": 852601,
      "name": "右臂",
      "desc": "部位"
    },
    {
      "id": 852602,
      "name": "左臂",
      "desc": "部位"
    },
    {
      "id": 852603,
      "name": "口部",
      "desc": "部位"
    },
    {
      "id": 8527,
      "name": "無我入定",
      "desc": "本體"
    },
    {
      "id": 852701,
      "name": "佛像",
      "desc": "部位"
    },
    {
      "id": 852702,
      "name": "石頭底座",
      "desc": "部位"
    },
    {"id": 8528,
      "name": "受誘的圭多",
      "desc": "敵方單位"
    },
    {
      "id": 852801,
      "name": "軀幹",
      "desc": "部位"
    },
    {
      "id": 8529,
      "name": "受誘的艾德",
      "desc": "敵方單位"
    },
    {
      "id": 852901,
      "name": "軀幹",
      "desc": "部位"
    },
    {
      "id": 8530,
      "name": "受誘而潰爛的G公司總經理",
      "desc": "敵方單位"
    },
    {
      "id": 853001,
      "name": "軀幹",
      "desc": "部位"
    },
    {
      "id": 8531,
      "name": "沉著的K公司安檢人員",
      "desc": "敵方單位"
    },
    {
      "id": 853101,
      "name": "軀幹",
      "desc": "部位"
    },
    {
      "id": 8532,
      "name": "可靠的K公司安檢人員",
      "desc": "敵方單位"
    },
    {
      "id": 853201,
      "name": "軀幹",
      "desc": "部位"
    },
    {
      "id": 8533,
      "name": "克羅默",
      "desc": "敵方單位"
    },
    {
      "id": 853301,
      "name": "軀幹",
      "desc": "部位"
    },
    {
      "id": 8534,
      "name": "K公司3級員工",
      "desc": "本體"
    },
    {
      "id": 853401,
      "name": "軀幹",
      "desc": "部位"
    },
    {
      "id": 8535,
      "name": "向前逼近的異端審判官",
      "desc": "本體"
    },
    {
      "id": 853501,
      "name": "軀幹",
      "desc": "部位"
    },
    {
      "id": 8536,
      "name": "四足野獸",
      "desc": "本體"
    },
    {
      "id": 853601,
      "name": "軀幹",
      "desc": "部位"
    },
    {
      "id": 8537,
      "name": "折射的斷首魚",
      "desc": "本體"
    },
    {
      "id": 853701,
      "name": "軀幹",
      "desc": "部位"
    },
    {
      "id": 853702,
      "name": "右臂",
      "desc": "部位"
    },
    {
      "id": 853703,
      "name": "左臂",
      "desc": "部位"
    },
    {
      "id": 853704,
      "name": "尾部",
      "desc": "部位"
    },
    {
      "id": 8538,
      "name": "巷頭惡犬",
      "desc": "本體"
    },
    {
      "id": 853801,
      "name": "軀幹",
      "desc": "部位"
    },
    {
      "id": 853802,
      "name": "電線桿",
      "desc": "部位"
    },
    {
      "id": 853803,
      "name": "人類",
      "desc": "部位"
    },
    {
      "id": 853804,
      "name": "頭部",
      "desc": "部位"
    }
  ]
}