{
  "dataList": [
    {
      "id": 9001,
      "name": "煉獄炎蝶之夢",
      "desc": "通過技能效果使已擁有燒傷 的敵人增加燒傷 強度時，使隨機敵人增加共計3級燒傷 強度。\n\n激活暴怒完全共鳴時，則在戰鬥開始時使隨機敵人增加共計5級燒傷 強度。",
      "simpleDesc": [
        {
          "abilityID": 9001,
          "simpleDesc": "隨機增加3級燒傷 強度"
        },
        {
          "abilityID": 90011,
          "simpleDesc": "隨機增加5級燒傷 強度"
        }
      ]
    },
    {
      "id": 9002,
      "name": "倒錯症",
      "desc": "通過技能擊殺敵人時，獲得1個擊殺技能所對應的罪孽碎片。\n\n若該技能為暴怒技能，則改為獲得擊殺者所有技能對應的罪孽碎片各1個。",
      "simpleDesc": [
        {
          "abilityID": 9002,
          "simpleDesc": "獲得1個技能所對應的罪孽碎片"
        },
        {
          "abilityID": 90021,
          "simpleDesc": "獲得所有技能所對應的罪孽碎片各1個"
        }
      ]
    },
    {
      "id": 9003,
      "name": "塵歸塵",
      "desc": "戰鬥開始時，若所有敵人（或所有異想體部位）都擁有燒傷 ，則使所有敵人增加2級燒傷 強度。",
      "simpleDesc": [
        {
          "abilityID": 9003,
          "simpleDesc": "增加2級燒傷 強度"
        }
      ]
    },
    {
      "id": 9004,
      "name": "輸血袋",
      "desc": "通過技能對敵人造成傷害時，恢復技能使用者已失去體力7.5%的體力（同一角色每回合至多觸發1次）。\n\n若該技能為暴怒技能，則恢復量改為15%。",
      "simpleDesc": [
        {
          "abilityID": 9004,
          "simpleDesc": "恢復已失去體力7.5%的體力"
        },
        {
          "abilityID": 90041,
          "simpleDesc": "恢復已失去體力15%的體力"
        }
      ]
    },
    {
      "id": 9005,
      "name": "嗜傷甲蟲",
      "desc": "使用暴怒技能或擁有流血 效果的技能造成傷害時，使目標增加3級流血 強度。",
      "simpleDesc": [
        {
          "abilityID": 9005,
          "simpleDesc": "增加3級流血 強度"
        }
      ]
    },
    {
      "id": 9006,
      "name": "咖啡與紙鶴",
      "desc": "回合開始時，獲得1個罪孽碎片，其屬性為上回合未使用罪孽屬性中的隨機一種。\n\n若上回合使用了色欲技能，則改為獲得所有上回合未使用罪孽屬性的碎片各1個。",
      "simpleDesc": [
        {
          "abilityID": 9006,
          "simpleDesc": "獲得1個隨機罪孽碎片"
        },
        {
          "abilityID": 90061,
          "simpleDesc": "獲得所有罪孽碎片各1個"
        }
      ]
    },
    {
      "id": 9007,
      "name": "黯淡的紅焰蛾",
      "desc": "每回合中首次使用技能造成傷害後，在下回合開始時對1名隨機敵人造成該技能傷害量50%的固定傷害。\n\n若該技能為色欲技能，則改為對2名隨機敵人造成固定傷害。",
      "simpleDesc": [
        {
          "abilityID": 9007,
          "simpleDesc": "造成固定傷害"
        },
        {
          "abilityID": 90071,
          "simpleDesc": "造成固定傷害"
        }
      ]
    },
    {
      "id": 9008,
      "name": "染血鐵釘",
      "desc": "使用單硬幣技能造成傷害時，使目標增加1級流血 強度並對其施加2層防禦等級降低 。\n\n若目標擁有流血 ，則增加的流血 強度改為3級。",
      "simpleDesc": [
        {
          "abilityID": 9008,
          "simpleDesc": "增加1級流血 強度並施加2層防禦等級降低 "
        },
        {
          "abilityID": 90081,
          "simpleDesc": "增加3級流血 強度並施加2層防禦等級降低 "
        }
      ]
    },
    {
      "id": 9009,
      "name": "熾熱的犧牲",
      "desc": "使用色欲技能或擁有燒傷 效果的技能造成傷害時，使目標增加3級燒傷 強度。\n\n回合開始時，若敵方的燒傷 強度總數不低於20級，則使所有敵方的燒傷 強度翻倍。",
      "simpleDesc": [
        {
          "abilityID": 9009,
          "simpleDesc": "增加3級燒傷 強度"
        },
        {
          "abilityID": 90091,
          "simpleDesc": "燒傷 強度翻倍"
        }
      ]
    },
    {
      "id": 9010,
      "name": "血腥墜飾",
      "desc": "回合開始時，使1名隨機友方單位獲得2層傷害強化 。\n\n優先選取擁有色欲技能的友方單位，滿足該條件的友方單位獲得3層。",
      "simpleDesc": [
        {
          "abilityID": 9010,
          "simpleDesc": "獲得2層傷害強化 ；擁有色欲技能時，額外獲得1層傷害強化 。"
        }
      ]
    },
    {
      "id": 9011,
      "name": "狐雨",
      "desc": "激活怠惰完全共鳴或使用範圍技能時：\n\n在戰鬥開始時，使全體友方單位技能威力+2。",
      "simpleDesc": [
        {
          "abilityID": 9011,
          "simpleDesc": "技能威力+2"
        }
      ]
    },
    {
      "id": 9012,
      "name": "此刻的神色",
      "desc": "使用怠惰技能或打擊技能擊殺敵人時，使擊殺者的打擊技能威力+2，持續到下回合結束。",
      "simpleDesc": [
        {
          "abilityID": 9012,
          "simpleDesc": "打擊技能威力+2"
        }
      ]
    },
    {
      "id": 9013,
      "name": "成捆的符咒",
      "desc": "使用單個技能造成至少12點傷害時，使目標增加2級破裂 強度。\n\n若該技能為斬擊技能，則增加的破裂 強度改為4級。",
      "simpleDesc": [
        {
          "abilityID": 9013,
          "simpleDesc": "增加2級破裂 強度"
        },
        {
          "abilityID": 90131,
          "simpleDesc": "增加4級破裂 強度"
        }
      ]
    },
    {
      "id": 9014,
      "name": "鏽蝕的紀念幣",
      "desc": "戰鬥開始時，若友方單位使用的首個單硬幣技能未能擊殺敵人，則會再次使用該技能。\n\n使用怠惰技能或單硬幣技能擊殺敵人時，使擊殺者在下回合內的技能威力+1。",
      "simpleDesc": [
        {
          "abilityID": 9014,
          "simpleDesc": "再次使用技能"
        },
        {
          "abilityID": 90141,
          "simpleDesc": "技能威力+1"
        }
      ]
    },
    {
      "id": 9015,
      "name": "血與汗與淚",
      "desc": "技能對陷入混亂的敵人造成的傷害+10%。\n\n若技能為怠惰技能，則加成改為+20%",
      "simpleDesc": [
        {
          "abilityID": 9015,
          "simpleDesc": "造成的傷害+10%"
        },
        {
          "abilityID": 90151,
          "simpleDesc": "造成的傷害+20%"
        }
      ]
    },
    {
      "id": 9016,
      "name": "綠光果實",
      "desc": "使用暴食技能對未陷入混亂的敵人造成傷害，或通過技能效果施加震顫 時，使隨機敵人增加共計4級震顫 強度。",
      "simpleDesc": [
        {
          "abilityID": 9016,
          "simpleDesc": "隨機增加4級震顫 強度"
        }
      ]
    },
    {
      "id": 9017,
      "name": "字符石板",
      "desc": "敵人陷入混亂時，使體力最低的友方單位恢復其體力上限5%的體力。\n\n若該友方單位擁有暴食技能，則恢復量改為10%",
      "simpleDesc": [
        {
          "abilityID": 9017,
          "simpleDesc": "恢復體力上限5%的體力"
        },
        {
          "abilityID": 90171,
          "simpleDesc": "恢復體力上限10%的體力"
        }
      ]
    },
    {
      "id": 9018,
      "name": "玫瑰王冠",
      "desc": "回合開始時，使1名隨機敵人增加4級破裂 強度。\n\n激活暴食完全共鳴後，在戰鬥開始時使所有敵人增加2級破裂 強度。",
      "simpleDesc": [
        {
          "abilityID": 9018,
          "simpleDesc": "增加4級破裂 強度"
        },
        {
          "abilityID": 90181,
          "simpleDesc": "增加2級破裂 強度"
        }
      ]
    },
    {
      "id": 9019,
      "name": "粘性淤漿",
      "desc": "使用暴食技能或突刺技能造成傷害時，對目標施加2層防禦等級降低 。",
      "simpleDesc": [
        {
          "abilityID": 9019,
          "simpleDesc": "施加2層防禦等級降低 "
        }
      ]
    },
    {
      "id": 9020,
      "name": "白樹棉",
      "desc": "回合開始時，解除敵人的混亂，並使其增加(8+混亂等級x4)級流血 強度 ，隨後對其施加2層流血 。",
      "simpleDesc": [
        {
          "abilityID": 9020,
          "simpleDesc": "增加(8+混亂等級x4)級流血 強度並對其施加2層流血"
        }
      ]
    },
    {
      "id": 9021,
      "name": "藍色芝寶牌打火機",
      "desc": "回合開始時，獲得憂鬱罪孽碎片和隨機2種其他罪孽碎片各1個。",
      "simpleDesc": [
        {
          "abilityID": 9021,
          "simpleDesc": "獲得憂鬱罪孽碎片和隨機2種其他罪孽碎片各1個"
        }
      ]
    },
    {
      "id": 9022,
      "name": "幻痛",
      "desc": "非範圍技能造成的傷害+15%。\n\n激活憂鬱完全共鳴後，在戰鬥階段開始時使全體友方單位獲得2層攻擊等級提升 。",
      "simpleDesc": [
        {
          "abilityID": 9022,
          "simpleDesc": "造成的傷害+15%"
        },
        {
          "abilityID": 90221,
          "simpleDesc": "獲得2層攻擊等級提升 "
        }
      ]
    },
    {
      "id": 9023,
      "name": "雷霆樹枝",
      "desc": "使用技能增加破裂 強度時，額外增加1級破裂 強度並施加1層破裂 。",
      "simpleDesc": [
        {
          "abilityID": 9023,
          "simpleDesc": "增加1級破裂 強度並施加1層破裂 "
        }
      ]
    },
    {
      "id": 9024,
      "name": "融化的眼球",
      "desc": "敵人的震顫 被引爆時，對其施加5層防禦等級降低 。",
      "simpleDesc": [
        {
          "abilityID": 9024,
          "simpleDesc": "施加5層防禦等級降低 "
        }
      ]
    },
    {
      "id": 9025,
      "name": "灰色大衣",
      "desc": "使用範圍技能時，其造成的傷害+20%。\n\n使用憂鬱技能或範圍技能時造成傷害時，恢復該友方單位傷害量20%的體力。",
      "simpleDesc": [
        {
          "abilityID": 9025,
          "simpleDesc": "造成的傷害+20%"
        },
        {
          "abilityID": 90251,
          "simpleDesc": "恢復傷害量20%的體力"
        }
      ]
    },
    {
      "id": 9026,
      "name": "刺青：大器晚成",
      "desc": "使用傲慢技能或單硬幣技能時，該友方單位獲得2層攻擊等級提升 與2層防禦等級提升 。",
      "simpleDesc": [
        {
          "abilityID": 9026,
          "simpleDesc": "獲得2層攻擊等級提升 與2層防禦等級提升 "
        }
      ]
    },
    {
      "id": 9027,
      "name": "谷底之星",
      "desc": "使用技能造成打擊傷害時，對目標造成5點理智傷害。\n\n若該技能為傲慢技能，則額外造成3點理智傷害。",
      "simpleDesc": [
        {
          "abilityID": 9027,
          "simpleDesc": "造成5點理智傷害"
        },
        {
          "abilityID": 90271,
          "simpleDesc": "額外造成3點理智傷害"
        }
      ]
    },
    {
      "id": 9028,
      "name": "偏見",
      "desc": "關卡開始時，體力最低的友方單位恢復其體力上限15%的體力。\n\n激活傲慢完全共鳴後，在戰鬥開始時使體力最低的友方單位恢復已失去體力10%的體力。",
      "simpleDesc": [
        {
          "abilityID": 9028,
          "simpleDesc": "恢復體力上限15%的體力"
        },
        {
          "abilityID": 90281,
          "simpleDesc": "恢復已失去體力10%的體力"
        }
      ]
    },
    {
      "id": 9029,
      "name": "又小又淘氣的玩偶",
      "desc": "面對擁有流血 的目標時，造成的傷害+10%，受到的傷害-20%。\n\n擁有傲慢技能的友方單位造成/受到的傷害量改為+20%/-30%。",
      "simpleDesc": [
        {
          "abilityID": 9029,
          "simpleDesc": "造成的傷害+10%"
        },
        {
          "abilityID": 90291,
          "simpleDesc": "受到的傷害-20%"
        },
        {
          "abilityID": 90292,
          "simpleDesc": "造成的傷害+20%"
        },
        {
          "abilityID": 90293,
          "simpleDesc": "受到的傷害-30%"
        }
      ]
    },
    {
      "id": 9030,
      "name": "收藏頭骨",
      "desc": "使用傲慢技能或突刺技能擊殺敵人時，使擊殺者的突刺技能威力+2，持續2回合。",
      "simpleDesc": [
        {
          "abilityID": 9030,
          "simpleDesc": "突刺技能威力+2"
        }
      ]
    },
    {
      "id": 9031,
      "name": "輝光變動儀",
      "desc": "關卡開始時，對所有敵人施加4層震顫並增加4級震顫 強度 。\n\n使用嫉妒技能造成傷害時，使目標增加2級震顫 強度。",
      "simpleDesc": [
        {
          "abilityID": 9031,
          "simpleDesc": "施加4層震顫 "
        },
        {
          "abilityID": 90311,
          "simpleDesc": "增加2級震顫 強度"
        }
      ]
    },
    {
      "id": 9032,
      "name": "夢中的電子羊",
      "desc": "使用嫉妒技能或斬擊技能擊殺敵人時，使擊殺者的斬擊技能威力+2，持續2回合。\n\n激活嫉妒完全共鳴後，在戰鬥開始時使全體友方單位獲得2層攻擊等級提升 與2層防禦等級提升 。",
      "simpleDesc": [
        {
          "abilityID": 9032,
          "simpleDesc": "斬擊技能威力+2"
        },
        {
          "abilityID": 90321,
          "simpleDesc": "獲得2層攻擊等級提升 與2層防禦等級提升 "
        }
      ]
    },
    {
      "id": 9033,
      "name": "標載電池",
      "desc": "使用技能造成傷害時，使目標增加3級破裂 強度。\n\n若該技能為嫉妒技能，則額外增加2級破裂 強度。",
      "simpleDesc": [
        {
          "abilityID": 9033,
          "simpleDesc": "增加3級破裂 強度"
        },
        {
          "abilityID": 90331,
          "simpleDesc": "增加5級破裂 強度"
        }
      ]
    },
    {
      "id": 9034,
      "name": "精確邏輯電路",
      "desc": "使用嫉妒技能或擁有燒傷 效果的技能造成傷害時，使目標增加(技能硬幣總數/2)級燒傷 強度（向上取整）。","simpleDesc": [
        {
          "abilityID": 9034,
          "simpleDesc": "增加(技能硬幣總數/2)級燒傷 強度"
        }
      ]
    },
    {
      "id": 9035,
      "name": "巫毒娃娃",
      "desc": "回合開始時，對所有敵人造成3點固定傷害。\n\n對體力低於33%的敵人施加1層虛弱 。",
      "simpleDesc": [
        {
          "abilityID": 9035,
          "simpleDesc": "造成3點固定傷害"
        },
        {
          "abilityID": 90351,
          "simpleDesc": "造成3點固定傷害並施加1層虛弱 "
        }
      ]
    },
    {
      "id": 9036,
      "name": "卡蜜拉",
      "desc": "戰鬥開始時，對非異想體敵人造成其體力上限20%的固定傷害。",
      "simpleDesc": [
        {
          "abilityID": 9036,
          "simpleDesc": "造成體力上限20%的固定傷害"
        }
      ]
    },
    {
      "id": 9037,
      "name": "瓶中嬰孩",
      "desc": "關卡開始時，獲得所有罪孽碎片各1個。",
      "simpleDesc": [
        {
          "abilityID": 9037,
          "simpleDesc": "獲得所有罪孽碎片各1個"
        }
      ]
    },
    {
      "id": 9038,
      "name": "異想狩獵",
      "desc": "進入異想體戰鬥時，使全體友方單位獲得2層傷害強化 。",
      "simpleDesc": [
        {
          "abilityID": 9038,
          "simpleDesc": "獲得2層傷害強化 "
        }
      ]
    },
    {
      "id": 9039,
      "name": "歸鄉路途",
      "desc": "進入戰鬥時，全體友方單位恢復其體力上限12%的體力。",
      "simpleDesc": [
        {
          "abilityID": 9039,
          "simpleDesc": "恢復體力上限12%的體力。"
        }
      ]
    },
    {
      "id": 9040,
      "name": "明勢晶球",
      "desc": "選擇E.G.O飾品時，獲得1個額外的選項。",
      "simpleDesc": [
        {
          "abilityID": 9040,
          "simpleDesc": "增加E.G.O飾品選項"
        }
      ]
    },
    {
      "id": 9041,
      "name": "赤色指令",
      "desc": "友方單位技能對目標施加沉淪 時，下回合使該人格的攻擊等級增加1級（最多3級）。\n\n若該人格持有憤怒技能，則改為每次施加沉淪 時，下回合使該人格的攻擊等級增加2級（最多4級）。",
      "simpleDesc": [
        {
          "abilityID": 9041,
          "simpleDesc": "下回合使攻擊等級增加1級（最多3級）"
        },
        {
          "abilityID": 90411,
          "simpleDesc": "下回合使攻擊等級增加2級（最多4級）"
        }
      ]
    },
    {
      "id": 9042,
      "name": "煙霾與鐵絲網",
      "desc": "友方單位通過技能給予的流血數值翻倍。\n\n回合結束時處於流血狀態的敵方單位在下回合速度-2",
      "simpleDesc": [
        {
          "abilityID": 9042,
          "simpleDesc": "施加流血 量變為2倍"
        },
        {
          "abilityID": 90421,
          "simpleDesc": "速度值減少2"
        }
      ]
    },
    {
      "id": 9043,
      "name": "員工證",
      "desc": "暴怒完全共鳴，或任意友方單位使用能夠獲得充能 層數的技能時觸發。\n\n下回合開始時，全體友方單位獲得3層充能 。（每回合觸發一次）",
      "simpleDesc": [
        {
          "abilityID": 9043,
          "simpleDesc": "獲得3層充能 "
        }
      ]
    },
    {
      "id": 9044,
      "name": "震盪手環",
      "desc": "每當使用技能對敵方造成傷害時，下回合使目標增加1級震顫 強度。\n\n當技能屬性是暴怒時，效果得以強化，對敵方造成傷害時，下回合使目標增加2級震顫 強度。",
      "simpleDesc": [
        {
          "abilityID": 9044,
          "simpleDesc": "增加1級震顫 強度"
        },
        {
          "abilityID": 90441,
          "simpleDesc": "增加2級震顫 強度"
        }
      ]
    },
    {
      "id": 9045,
      "name": "炎鱗",
      "desc": "回合開始時，擁有不少於30級燒傷 強度的敵人，受到（燒傷 強度×燒傷 層數）的固定傷害。\n\n若敵方單位是異想體，合算所有部位的燒傷 強度，當此數值是60以上時觸發效果，對有燒傷 的部位中體力上限最高的部位造成（合算燒傷 強度×有燒傷 的部位的燒傷 層數的均值）的固定傷害。",
      "simpleDesc": [
        {
          "abilityID": 9045,
          "simpleDesc": "（燒傷強度×燒傷層數）點固定傷害"
        },
        {
          "abilityID": 90451,
          "simpleDesc": "（合計的燒傷強度×擁有燒傷效果的部位的平均燒傷層數）點固定傷害"
        }
      ]
    },
    {
      "id": 9046,
      "name": "煙斗",
      "desc": "回合開始時，擁有呼吸法 的友方單位獲得1層最終威力提升 。\n\n對於擁有不低於5層呼吸法 的友方單位，效果得到強化，獲得2層最終威力提升 。",
      "simpleDesc": [
        {
          "abilityID": 9046,
          "simpleDesc": "獲得1層最終威力提升 "
        },
        {
          "abilityID": 90461,
          "simpleDesc": "獲得2層最終威力提升 "
        }
      ]
    },
    {
      "id": 9047,
      "name": "荊棘套索",
      "desc": "回合開始時，對所有敵方單位施加與其速度值相等的破裂 強度。\n\n激活色欲完全共鳴時，戰鬥階段開始時，使隨機敵方單位增加3級破裂 強度並施加3層破裂 。",
      "simpleDesc": [
        {
          "abilityID": 9047,
          "simpleDesc": "增加與速度值相等的破裂 強度"
        },
        {
          "abilityID": 90471,
          "simpleDesc": "增加3級破裂 強度並施加3層破裂 "
        }
      ]
    },
    {
      "id": 9048,
      "name": "鏽蝕的美工刀",
      "desc": "對不處於混亂的敵方單位使用技能施加流血 時，使目標增加1級流血 強度並施加1層流血 。\n\n若該技能為色欲技能，則改為使目標增加3級流血 強度並施加1層流血 。",
      "simpleDesc": [
        {
          "abilityID": 9048,
          "simpleDesc": "增加1級流血 強度並獲得1層流血 "
        },
        {
          "abilityID": 90481,
          "simpleDesc": "增加3級流血 強度並施加1層流血 "
        }
      ]
    },
    {
      "id": 9049,
      "name": "荊棘之路",
      "desc": "使用施加沉淪 的技能對敵方單位造成傷害時，回合結束時額外增加3級沉淪 強度並施加2層沉淪 。（對同一個敵方單位每回合只觸發一次效果）\n\n若色欲完全共鳴，戰鬥開始時，對所有敵方單位（若是異想體，對隨機部位）增加2級沉淪 強度並施加3層沉淪 。",
      "simpleDesc": [
        {
          "abilityID": 9049,
          "simpleDesc": "施加2層沉淪 並增加3級沉淪 強度"
        },
        {
          "abilityID": 90491,
          "simpleDesc": "施加3層沉淪 並增加2級沉淪 強度"
        }
      ]
    },
    {
      "id": 9050,
      "name": "紅染樹棉",
      "desc": "戰鬥開始時，使所有敵方單位增加1級流血 強度並對其施加15層流血 。（若為異想體，則對所有部位造成此效果。）\n\n回合開始時，具有流血 的敵人在本回合的進攻與防禦等級降低（流血 強度/3）。（最大為30）",
      "simpleDesc": [
        {
          "abilityID": 9050,
          "simpleDesc": "施加1級流血 強度並增加15層流血 "
        },
        {
          "abilityID": 90501,
          "simpleDesc": "本回合內減少(流血 強度/3)級攻擊等級和防禦等級（最多30級）"
        }
      ]
    },
    {
      "id": 9051,
      "name": "石塚",
      "desc": "友方單位通過技能獲得的呼吸法 強度變為1.5倍。\n\n若友方單位使用了怠惰屬性的技能擊殺了敵方單位，則下一回合開始時增加2級呼吸法 強度並獲得2層呼吸法 。",
      "simpleDesc": [
        {
          "abilityID": 9051,
          "simpleDesc": "呼吸法 強度變為1.5倍"
        },
        {
          "abilityID": 90511,
          "simpleDesc": "增加2級呼吸法 強度並獲得2層呼吸法 "
        }
      ]
    },
    {
      "id": 9052,
      "name": "戶外移動電源",
      "desc": "回合開始時，使隨機2名友方單位獲得2層充能 。\n\n激活怠惰完全共鳴時，戰鬥階段開始時，使隨機友方單位獲得3層充能 。",
      "simpleDesc": [
        {
          "abilityID": 9052,
          "simpleDesc": "增加2層充能 "
        },
        {
          "abilityID": 90521,
          "simpleDesc": "增加3層充能 "
        }
      ]
    },
    {
      "id": 9053,
      "name": "土歸土",
      "desc": "戰鬥開始時，使所有敵方單位增加2級燒傷 強度並對其施加2層燒傷 。（對異想體則隨機選取一個部位。）\n\n激活怠惰完全共鳴時，戰鬥階段開始時，使所有敵方單位增加2級燒傷 強度並對其施加2層燒傷 。（對異想體則隨機選取一個部位）",
      "simpleDesc": [
        {
          "abilityID": 9053,
          "simpleDesc": "增加2級燒傷 強度 並施加2層燒傷 "
        },
        {
          "abilityID": 90531,
          "simpleDesc": "增加2級燒傷 強度 並施加2層燒傷"
        }
      ]
    },
    {
      "id": 9054,
      "name": "融化的時鐘發條",
      "desc": "回合開始時，擁有沉淪 的敵人攻擊等級和防禦等級在該回合內減少3。",
      "simpleDesc": [
        {
          "abilityID": 9054,
          "simpleDesc": "本回合內攻擊等級，防禦等級減少3級"
        }
      ]
    },
    {
      "id": 9055,
      "name":"暴雨",
      "desc": "回合開始時，使所有敵方單位（若為異想體，對所有部位）增加(當前回合數 x2)的震顫 強度，施加2層震顫 。\n\n回合結束時，對所有敵方單位（若為異想體，對所有部位）施加震顫 引爆。",
      "simpleDesc": [
        {
          "abilityID": 9055,
          "simpleDesc": "施加(當前回合數×2)級震顫 強度並增加2層震顫 "
        },
        {
          "abilityID": 90551,
          "simpleDesc": "施加震顫 引爆"
        }
      ]
    },
    {
      "id": 9056,
      "name": "四葉草",
      "desc": "當擁有呼吸法 的友方使用技能對敵方造成暴擊時，下回合獲得5級呼吸法 強度和2層呼吸法 層數。（每回合1次）\n\n若技能為暴食技能，則改為7級呼吸法 強度和3層呼吸法 層數。",
      "simpleDesc": [
        {
          "abilityID": 9056,
          "simpleDesc": "增加5級呼吸法 強度並獲得2層呼吸法 "
        },
        {
          "abilityID": 90561,
          "simpleDesc": "增加7級呼吸法 強度並獲得3層呼吸法 "
        }
      ]
    },
    {
      "id": 9057,
      "name": "夜視鏡",
      "desc": "回合開始時，若有友方單位擁有不低於15層充能 ，則發動效果。\n\n戰鬥階段開始時，該友方單位消耗3層充能，本回合內攻擊等級+5.",
      "simpleDesc": [
        {
          "abilityID": 9057,
          "simpleDesc": "增加5級攻擊等級"
        }
      ]
    },
    {
      "id": 9058,
      "name": "磁盤碎片",
      "desc": "回合開始時，上一回合每使用了一個暴食以外屬性的E.G.O技能，便獲得1隨機屬性的罪孽碎片。\n\n若上回合使用了暴食屬性E.G.O技能，則改為：上一回合每使用了一個暴食屬性的E.G.O技能，便獲得3隨機屬性的罪孽碎片。",
      "simpleDesc": [
        {
          "abilityID": 9058,
          "simpleDesc": "隨機獲得1種罪孽碎片"
        },
        {
          "abilityID": 90581,
          "simpleDesc": "隨機獲得3種罪孽碎片"
        }
      ]
    },
    {
      "id": 9059,
      "name": "仲冬夜夢魘",
      "desc": "使用技能使敵方單位失去體力時，使目標增加3級沉淪 強度\n\n若該技能為暴食技能，則改為每次使敵方單位失去體力，使目標增加5級沉淪 強度",
      "simpleDesc": [
        {
          "abilityID": 9059,
          "simpleDesc": "增加3級沉淪 強度"
        },
        {
          "abilityID": 90591,
          "simpleDesc": "增加5級沉淪 強度"
        }
      ]
    },
    {
      "id": 9060,
      "name": "亢奮",
      "desc": "回合開始時，使所有敵方單位（若為異想體，則對所有部位）增加3級震顫 強度，施加3層破裂 。\n\n回合結束時，對擁有3層以上破裂 的所有敵人（若為異想體，則根據部位另外判定）施加(破裂 強度×破裂 層數)的固定傷害，消耗目標擁有的2層破裂 ",
      "simpleDesc": [
        {
          "abilityID": 9060,
          "simpleDesc": "增加3級破裂 強度並施加3層破裂 "
        },
        {
          "abilityID": 90601,
          "simpleDesc": "施加(破裂 強度×破裂層數)的固定傷害，消耗目標擁有的2層震顫 "
        }
      ]
    },
    {
      "id": 9061,
      "name": "遺骸碎片",
      "desc": "戰鬥階段開始時對擁有沉淪的敵方單位造成的傷害增加12.5%，而來自該單位的傷害減少12.5%。\n\n若是擁有憂鬱屬性技能的友軍，則會使效果強化為對擁有沉淪的敵方單位造成的傷害增加20%，而來自該單位的傷害減少20%。",
      "simpleDesc": [
        {
          "abilityID": 9061,
          "simpleDesc": "造成的傷害增加12.5%"
        },
        {
          "abilityID": 90611,
          "simpleDesc": "受到的傷害減少12.5%"
        },
        {
          "abilityID": 90612,
          "simpleDesc": "造成的傷害增加20%"
        },
        {
          "abilityID": 90613,
          "simpleDesc": "受到的傷害減少20%"
        }
      ]
    },
    {
      "id": 9062,
      "name": "簡歷",
      "desc": "回合結束時，擁有不少於7層充能 的友方單位在下回合獲得1層迅捷 。\n\n若該友方單位擁有憂鬱技能，則改為獲得2層迅捷 與1層最終威力提升 。",
      "simpleDesc": [
        {
          "abilityID": 9062,
          "simpleDesc": "下回合獲得1層迅捷 "
        },
        {
          "abilityID": 90621,
          "simpleDesc": "下回合獲得2層迅捷 ，1層威力提升 "
        }
      ]
    },
    {
      "id": 9063,
      "name": "追憶吊墜",
      "desc": "戰鬥階段開始時，隨機使一名友方單位增加3級呼吸法 強度。\n\n優先適用於擁有憂鬱屬性技能的友方單位，且該情況下將使其增加3級呼吸法 強度並獲得2層呼吸法 。",
      "simpleDesc": [
        {
          "abilityID": 9063,
          "simpleDesc": "獲得3級呼吸法 強度"
        },
        {
          "abilityID": 90631,
          "simpleDesc": "獲得3級呼吸法 強度，獲得2層呼吸法 層數"
        }
      ]
    },
    {
      "id": 9064,
      "name": "損壞的左輪手槍",
      "desc": "回合開始時，擁有破裂 的敵方單位攻擊等級在該回合內降低3級。",
      "simpleDesc": [
        {
          "abilityID": 9064,
          "simpleDesc": "本回合內攻擊等級降低3級"
        }
      ]
    },
    {
      "id": 9065,
      "name": "美感",
      "desc": "對由於精神值降低而獲得負面效果（士氣低落，恐慌）的敵方單位造成的傷害增加35%。\n\n對沒有精神值的敵方單位觸發沉淪效果時，不對其造成憂鬱屬性傷害，而是以所有罪孽屬性中最有效的屬性傷害進行替代。",
      "simpleDesc": [
        {
          "abilityID": 9065,
          "simpleDesc": "造成的傷害增加35%"
        },
        {
          "abilityID": 90651,
          "simpleDesc": "變更為罪孽屬性中最有效的屬性傷害"
        }
      ]
    },
    {
      "id": 9066,
      "name": "霧化器",
      "desc": "戰鬥開始時，使全體友方單位增加4級呼吸法 強度並獲得4層呼吸法 。\n\n激活傲慢完全共鳴時，在戰鬥階段開始時，使全體友方單位增加2級呼吸法 強度並獲得2層呼吸法 。",
      "simpleDesc": [
        {
          "abilityID": 9066,
          "simpleDesc": "增加4級呼吸法 強度並獲得4層呼吸法 層數"
        },
        {
          "abilityID": 90661,
          "simpleDesc": "增加2級呼吸法 強度並獲得2層呼吸法 層數"
        }
      ]
    },
    {
      "id": 9067,
      "name": "特別合約",
      "desc": "戰鬥中通過施加傷害使敵方單位陷入混亂時，額外造成相當於33%目標最大體力（若為異想體，則為相應的部位）的體力傷害，並在下回合對其施加2層易損。（每場戰鬥限1次）",
      "simpleDesc": [
        {
          "abilityID": 9067,
          "simpleDesc": "造成33%的最大體力傷害，下回合施加2層易損 "
        }
      ]
    },
    {
      "id": 9068,
      "name": "盛大歡迎",
      "desc": "戰鬥開始時，獲得5個傲慢屬性罪孽碎片。\n\n敵方單位死亡時，獲得2個傲慢屬性罪孽碎片，並隨機獲得2種其餘屬性的罪孽碎片各1個。",
      "simpleDesc": [
        {
          "abilityID": 9068,
          "simpleDesc": "獲得5個傲慢屬性罪孽碎片"
        },
        {
          "abilityID": 90681,
          "simpleDesc": "獲得2個傲慢屬性罪孽碎片，並隨機獲得2種其餘屬性的罪孽碎片各1個"
        }]
    },
    {
      "id": 9069,
      "name": "護腕",
      "desc": "回合開始時，擁有不少於5層充能 的友方單位獲得1層傷害強化 。\n\n若該友方單位擁有傲慢技能，則改為獲得2層傷害強化 。",
      "simpleDesc": [
        {
          "abilityID": 9069,
          "simpleDesc": "獲得1層傷害強化 "
        },
        {
          "abilityID": 90691,
          "simpleDesc": "獲得2層傷害強化 "
        }
      ]
    },
    {
      "id": 9070,
      "name": "明鏡止水",
      "desc": "大幅增加友方單位所造成的暴擊傷害。\n\n若因暴擊消耗了呼吸法 層數，則下回合該人格獲得2層基礎威力提升 。",
      "simpleDesc": [
        {
          "abilityID": 9070,
          "simpleDesc": "下個回合獲得2層基礎威力提升 "
        }
      ]
    },
    {
      "id": 9071,
      "name": "燒焦的圓盤",
      "desc": "擁有燒傷 的敵方單位（若為異想體，則在部位破壞時）死亡時，將剩餘燒傷 強度的一半（向上取整）在下一回合開始時施加給燒傷 強度最低的一名敵方單位。\n\n回合開始時，擁有燒傷 的敵方單位在本回合內攻擊等級降低4級。",
      "simpleDesc": [
        {
          "abilityID": 9071,
          "simpleDesc": "施加相當於死亡的敵方單位所剩餘燒傷數值一半的燒傷 "
        },
        {
          "abilityID": 90711,
          "simpleDesc": "本回合內攻擊等級減少4級"
        }
      ]
    },
    {
      "id": 9072,
      "name": "避雷針",
      "desc": "戰鬥開始時，全體友方單位獲得3層充能 。\n\n如果至少兩名參與戰鬥的友方單位技能組包含嫉妒屬性技能，則改為5層充能 。",
      "simpleDesc": [
        {
          "abilityID": 9072,
          "simpleDesc": "獲得3層充能 "
        },
        {
          "abilityID": 90721,
          "simpleDesc": "獲得5層充能 "
        }
      ]
    },
    {
      "id": 9073,
      "name": "腦啡肽試劑組",
      "desc": "每當使用技能獲得呼吸法時，都會額外增加1級呼吸法 強度並獲得1層呼吸法 。\n\n若此技能的屬性為嫉妒，則改為每次獲得呼吸法時都會額外增加2級呼吸法 強度並獲得2層呼吸法 。",
      "simpleDesc": [
        {
          "abilityID": 9073,
          "simpleDesc": "增加1級呼吸法 強度並獲得1層呼吸法 "
        },
        {
          "abilityID": 90731,
          "simpleDesc": "增加2級呼吸法 強度並獲得2層呼吸法 "
        }
      ]
    },
    {
      "id": 9074,
      "name": "無頭肖像",
      "desc": "戰鬥開始時，對所有精神值不高於0的敵方單位（若為異想體，則對一個隨機部位）施加2級沉淪 強度。\n\n每當使用一次嫉妒屬性技能時，都會於下一回合對隨機單位（若為異想體，則對一個隨機部位）增加共1級沉淪 強度。",
      "simpleDesc": [
        {
          "abilityID": 9074,
          "simpleDesc": "增加2級沉淪 強度"
        },
        {
          "abilityID": 90741,
          "simpleDesc": "下個回合在所有敵方單位隨機增加共1級沉淪 強度"
        }
      ]
    },
    {
      "id": 9075,
      "name": "充能式手套",
      "desc": "最大充能數+10\n\n戰鬥開始時，全體友方獲得5層充能 。",
      "simpleDesc": [
        {
          "abilityID": 9075,
          "simpleDesc": "充能 上限+10"
        },
        {
          "abilityID": 90751,
          "simpleDesc": "獲得5層充能 "
        }
      ]
    },
    {
      "id": 9076,
      "name": "便攜急救包",
      "desc": "回合開始時，使體力低於50%的1名友方單位恢復25%的最大體力。(每場戰鬥僅觸發一次，若單位死亡則不觸發)",
      "simpleDesc": [
        {
          "abilityID": 9076,
          "simpleDesc": "恢復25%的最大體力"
        }
      ]
    },
    {
      "id": 9077,
      "name": "止痛片",
      "desc": "回合開始時，若有處於混亂狀態的友方單位，則使其恢復體力上限的12.5%並在本回合獲得3層守護 。",
      "simpleDesc": [
        {
          "abilityID": 9077,
          "simpleDesc": "恢復體力上限的12.5%，並在本回合內獲得3層守護 "
        }
      ]
    },
    {
      "id": 9078,
      "name": "渴欲之鎚",
      "desc": "贏得戰鬥時，獲得(死亡敵方單位數量×3)點經費。",
      "simpleDesc": [
        {
          "abilityID": 9078,
          "simpleDesc": "獲得3點經費"
        }
      ]
    },
    {
      "id": 9079,
      "name": "金甕",
      "desc": "贏得戰鬥時獲得的經費增加20%。（不受初始增益與其他E.G.O飾品的影響）",
      "simpleDesc": [
        {
          "abilityID": 9079,
          "simpleDesc": "獲得的經費增加20%"
        }
      ]
    },
    {
      "id": 9080,
      "name": "生存的路標",
      "desc": "向下一層移動時，所有人格恢復體力上限的12.5%並獲得100點經費。",
      "simpleDesc": [
        {
          "abilityID": 9080,
          "simpleDesc": "恢復體力上限的12.5%，獲得100點經費"
        }
      ]
    },
    {
      "id": 9081,
      "name": "信念",
      "desc": "使用硬幣類型為加算的技能後，在下回合開始時使該人格的理智值變為最大值（侵蝕情況除外）。",
      "simpleDesc": [
        {
          "abilityID": 9036,
          "simpleDesc": "理智值變為最大值"
        }
      ]
    },
    {
      "id": 9082,
      "name": "緣分殘片",
      "desc": "進行人格與E.G.O的編成時所需經費減少30%。",
      "simpleDesc": [
        {
          "abilityID": 9082,
          "simpleDesc": "造成體力上限20%的固定傷害"
        }
      ]
    },
    {
      "id": 9083,
      "name": "月之記憶",
      "desc": "全體敵方（異想體則為所有部位）的物理抗性及罪孽抗性全部變為“致命”。",
      "simpleDesc": [
        {
          "abilityID": 9083,
          "simpleDesc": "物理抗性及罪孽抗性全部變為“致命”"
        }
      ]
    },
    {
      "id": 9084,
      "name": "入場券",
      "desc": "參戰人數上限 +1。",
      "simpleDesc": [
        {
          "abilityID": 9084,
          "simpleDesc": "參戰人數上限 +1。"
        }
      ]
    },
    {
      "id": 9085,
      "name": "金色入場券",
      "desc": "參戰人數上限 +2。",
      "simpleDesc": [
        {
          "abilityID": 9085,
          "simpleDesc": "參戰人數上限 +2。"
        }
      ]
    }
  ]
}