{
  "dataList": [
    {
      "id": 8001,
      "name": "黑檀女王的蘋果",
      "desc": "本體"
    },
    {
      "id": 800101,
      "name": "果實",
      "desc": "部位"
    },
    {
      "id": 800102,
      "name": "左側枝幹",
      "desc": "部位"
    },
    {
      "id": 800103,
      "name": "右側枝幹",
      "desc": "部位"
    },
    {
      "id": 800104,
      "name": "根部",
      "desc": "部位"
    },
    {
      "id": 90004,
      "name": "數數的混混",
      "desc": "敵方單位"
    },
    {
      "id": 90005,
      "name": "銳利的混混",
      "desc": "敵方單位"
    },
    {
      "id": 90006,
      "name": "飢不擇食的混混",
      "desc": "敵方單位"
    },
    {
      "id": 90007,
      "name": "混混頭領",
      "desc": "敵方單位"
    },
    {
      "id": 90008,
      "name": "暴躁的殘兵",
      "desc": "敵方單位"
    },
    {
      "id": 90009,
      "name": "驚訝的殘兵",
      "desc": "敵方單位"
    },
    {
      "id": 90010,
      "name": "襤褸的殘兵",
      "desc": "敵方單位"
    },
    {
      "id": 90011,
      "name": "卑鄙的殘兵",
      "desc": "敵方單位"
    },
    {
      "id": 90012,
      "name": "粗俗的殘兵",
      "desc": "敵方單位"
    },
    {
      "id": 90013,
      "name": "鋒利的殘兵",
      "desc": "敵方單位"
    },
    {
      "id": 90001,
      "name": "變強的殘兵",
      "desc": "敵方單位"
    },
    {
      "id": 90002,
      "name": "愈演愈烈的殘兵",
      "desc": "敵方單位"
    },
    {
      "id": 90003,
      "name": "殘忍的殘兵",
      "desc": "敵方單位"
    },
    {
      "id": 90014,
      "name": "記憶中扭曲的士兵",
      "desc": "敵方單位"
    },
    {
      "id": 90015,
      "name": "記憶中絕望的士兵",
      "desc": "敵方單位"
    },
    {
      "id": 90016,
      "name": "記憶中被侵蝕的士兵",
      "desc": "敵方單位"
    },
    {
      "id": 91001,
      "name": "舊G公司總經理",
      "desc": "敵方頭目"
    },
    {
      "id": 91002,
      "name": "記憶中潰爛的G公司總經理",
      "desc": "敵方頭目"
    },
    {
      "id": 8901,
      "name": "暴食大罪",
      "desc": "本體"
    },
    {
      "id": 8005,
      "name": "暴食大罪",
      "desc": "本體"
    },
    {
      "id": 8006,
      "name": "怠惰大罪",
      "desc": "本體"
    },
    {
      "id": 8007,
      "name": "暴怒大罪",
      "desc": "本體"
    },
    {
      "id": 8002,
      "name": "終末日曆",
      "desc": "本體"
    },
    {
      "id": 80022,
      "name": "終末日曆",
      "desc": "本體"
    },
    {
      "id": 80023,
      "name": "終末日曆",
      "desc": "本體"
    },
    {
      "id": 80024,
      "name": "終末日曆",
      "desc": "本體"
    },
    {
      "id": 8003,
      "name": "終末土偶",
      "desc": "本體"
    },
    {
      "id": 8004,
      "name": "燃燒終末土偶",
      "desc": "本體"
    },
    {
      "id": 8008,
      "name": "金蘋果",
      "desc": "本體"
    },
    {
      "id": 8009,
      "name": "假蘋果",
      "desc": "本體"
    },
    {
      "id": 8010,
      "name": "我變強了嗎？當真？",
      "desc": "本體"
    },
    {
      "id": 8011,
      "name": "變得更強了！真的？",
      "desc": "本體"
    },
    {
      "id": 8012,
      "name": "你想挨打嗎？很想？",
      "desc": "本體"
    },
    {
      "id": 8013,
      "name": "魅惑的粉紅鞋",
      "desc": "本體"
    },
    {
      "id": 8014,
      "name": "粉紅鞋所占之人",
      "desc": "本體"
    },
    {
      "id": 8015,
      "name": "嘎吱嘎吱？來吧！",
      "desc": "本體"
    },
    {
      "id": 8016,
      "name": "憂鬱大罪",
      "desc": "本體"
    },
    {
      "id": 8017,
      "name": "色欲大罪",
      "desc": "本體"
    },
    {
      "id": 8018,
      "name": "傲慢大罪",
      "desc": "本體"
    },
    {
      "id": 8019,
      "name": "長夢初醒的鄰居",
      "desc": "本體"
    },
    {
      "id": 8020,
      "name": "重新站起的鄰居",
      "desc": "本體"
    },
    {
      "id": 8021,
      "name": "凍結的奴隸礦工",
      "desc": "本體"
    },
    {
      "id": 8022,
      "name": "寒冷的奴隸礦工",
      "desc": "本體"
    },
    {
      "id": 8023,
      "name": "芭芭雅嘎",
      "desc": "本體"
    },
    {
      "id": 8024,
      "name": "向前逼近的異端審判官",
      "desc": "本體"
    },
    {
      "id": 8025,
      "name": "四足野獸",
      "desc": "本體"
    },
    {
      "id": 8026,
      "name": "無所不有的異端審判官",
      "desc": "本體"
    },
    {
      "id": 8027,
      "name": "爬行的異端審判官",
      "desc": "本體"
    },
    {
      "id": 8028,
      "name": "蠢蠢欲動的異端審判官",
      "desc": "本體"
    },
    {
      "id": 8029,
      "name": "克羅默",
      "desc": "本體"
    },
    {
      "id": 8030,
      "name": "試圖成為原初的克羅默",
      "desc": "本體"
    },
    {
      "id": 8031,
      "name": "斷首魚",
      "desc": "本體"
    },
    {
      "id": 8032,
      "name": "巷頭惡犬",
      "desc": "本體"
    },
    {
      "id": 890101,
      "name": "軀幹",
      "desc": "部位"
    },
    {
      "id": 800501,
      "name": "軀幹",
      "desc": "部位"
    },
    {
      "id": 800601,
      "name": "軀幹",
      "desc": "部位"
    },
    {
      "id": 800701,
      "name": "軀幹",
      "desc": "部位"
    },
    {
      "id": 800201,
      "name": "左臂",
      "desc": "部位"
    },
    {
      "id": 800202,
      "name": "右臂",
      "desc": "部位"
    },
    {
      "id": 800203,
      "name": "面部",
      "desc": "部位"
    },
    {
      "id": 800301,
      "name": "頭部",
      "desc": "部位"
    },
    {
      "id": 800401,
      "name": "頭部",
      "desc":"部位"
    },
    {
      "id": 800801,
      "name": "軀幹",
      "desc": "部位"
    },
    {
      "id": 800901,
      "name": "頭部",
      "desc": "部位"
    },
    {
      "id": 800902,
      "name": "軀幹",
      "desc": "部位"
    },
    {
      "id": 800903,
      "name": "腿部",
      "desc": "部位"
    },
    {
      "id": 801001,
      "name": "軀幹",
      "desc": "部位"
    },
    {
      "id": 801101,
      "name": "軀幹",
      "desc": "部位"
    },
    {
      "id": 801201,
      "name": "軀幹",
      "desc": "部位"
    },
    {
      "id": 801202,
      "name": "左臂",
      "desc": "部位"
    },
    {
      "id": 801301,
      "name": "軀幹",
      "desc": "部位"
    },
    {
      "id": 801401,
      "name": "軀幹",
      "desc": "部位"
    },
    {
      "id": 801501,
      "name": "軀幹",
      "desc": "部位"
    },
    {
      "id": 801502,
      "name": "左臂",
      "desc": "部位"
    },
    {
      "id": 801601,
      "name": "軀幹",
      "desc": "部位"
    },
    {
      "id": 801701,
      "name": "軀幹",
      "desc": "部位"
    },
    {
      "id": 801801,
      "name": "軀幹",
      "desc": "部位"
    },
    {
      "id": 801901,
      "name": "軀幹",
      "desc": "部位"
    },
    {
      "id": 802001,
      "name": "軀幹",
      "desc": "部位"
    },
    {
      "id": 802101,
      "name": "軀幹",
      "desc": "部位"
    },
    {
      "id": 802201,
      "name": "軀幹",
      "desc": "部位"
    },
    {
      "id": 802301,
      "name": "軀幹",
      "desc": "部位"
    },
    {
      "id": 802401,
      "name": "右臂",
      "desc": "部位"
    },
    {
      "id": 802402,
      "name": "軀幹",
      "desc": "部位"
    },
    {
      "id": 802501,
      "name": "軀幹",
      "desc": "部位"
    },
    {
      "id": 802601,
      "name": "軀幹",
      "desc": "部位"
    },
    {
      "id": 802701,
      "name": "軀幹",
      "desc": "部位"
    },
    {
      "id": 802801,
      "name": "軀幹",
      "desc": "部位"
    },
    {
      "id": 802802,
      "name": "左臂",
      "desc": "部位"
    },
    {
      "id": 802803,
      "name": "右臂",
      "desc": "部位"
    },
    {
      "id": 802901,
      "name": "軀幹",
      "desc": "部位"
    },
    {
      "id": 803001,
      "name": "右臂",
      "desc": "部位"
    },
    {
      "id": 803002,
      "name": "左臂",
      "desc": "部位"
    },
    {
      "id": 803003,
      "name": "口部",
      "desc": "部位"
    },
    {
      "id": 803004,
      "name": "軀幹",
      "desc": "部位"
    },
    {
      "id": 803101,
      "name": "軀幹",
      "desc": "部位"
    },
    {
      "id": 803102,
      "name": "右腿",
      "desc": "部位"
    },
    {
      "id": 803103,
      "name": "左腿",
      "desc": "部位"
    },
    {
      "id": 803104,
      "name": "尾部",
      "desc": "部位"
    },
    {
      "id": 803201,
      "name": "軀幹",
      "desc": "部位"
    },
    {
      "id": 803202,
      "name": "電線桿",
      "desc": "部位"
    },
    {
      "id": 803203,
      "name": "人類",
      "desc": "部位"
    },
    {
      "id": 803204,
      "name": "頭部",
      "desc": "部位"
    },
    {
      "id": 90017,
      "name": "土裡土氣的豆豆幫成員",
      "desc": "敵方單位"
    },
    {
      "id": 90018,
      "name": "表現欲強的豆豆幫成員",
      "desc": "敵方單位"
    },
    {
      "id": 90019,
      "name": "討厭豆子的豆豆幫成員",
      "desc": "敵方單位"
    },
    {
      "id": 91003,
      "name": "豆豆幫幫主",
      "desc": "敵方頭目"
    },
    {
      "id": 90020,
      "name": "刻薄的賭場警衛",
      "desc": "敵方單位"
    },
    {
      "id": 90021,
      "name": "自信的賭場警衛",
      "desc": "敵方單位"
    },
    {
      "id": 90022,
      "name": "下定決心的賭場警衛",
      "desc": "敵方單位"
    },
    {
      "id": 90023,
      "name": "賭場警衛隊隊長",
      "desc": "敵方單位"
    },
    {
      "id": 90024,
      "name": "陽光的流浪樂隊成員",
      "desc": "敵方單位"
    },
    {
      "id": 90025,
      "name": "輕快的流浪樂隊成員",
      "desc": "敵方單位"
    },
    {
      "id": 91004,
      "name": "艾達",
      "desc": "敵方頭目"
    },
    {
      "id": 90026,
      "name": "危險的鐵工會成員",
      "desc": "敵方單位"
    },
    {
      "id": 90027,
      "name": "正在熱身的鐵工會成員",
      "desc": "敵方單位"
    },
    {
      "id": 90028,
      "name": "沉著的K公司安檢人員",
      "desc": "敵方單位"
    },
    {
      "id": 90029,
      "name": "沉默的K公司安檢人員",
      "desc": "敵方單位"
    },
    {
      "id": 90030,
      "name": "正經的K公司安檢人員",
      "desc": "敵方單位"
    },
    {
      "id": 90031,
      "name": "可靠的K公司安檢人員",
      "desc": "敵方單位"
    },
    {
      "id": 90032,
      "name": "奉承的N公司異端審判官",
      "desc": "敵方單位"
    },
    {
      "id": 90033,
      "name": "順從的N公司異端審判官",
      "desc": "敵方單位"
    },
    {
      "id": 90034,
      "name": "侍奉的N公司異端審判官",
      "desc": "敵方單位"
    },
    {
      "id": 90035,
      "name": "進行拷問的N公司異端審判官",
      "desc": "敵方單位"
    },
    {
      "id": 90036,
      "name": "擅長審訊的N公司異端審判官",
      "desc": "敵方單位"
    },
    {
      "id": 90037,
      "name": "享受痛苦的N公司異端審判官",
      "desc": "敵方單位"
    },
    {
      "id": 90038,
      "name": "執著的N公司異端審判官",
      "desc": "敵方單位"
    },
    {
      "id": 90039,
      "name": "極度喜悅的N公司異端審判官",
      "desc": "敵方單位"
    },
    {
      "id": 90040,
      "name": "無畏的N公司異端審判官",
      "desc": "敵方單位"
    },
    {
      "id": 91005,
      "name": "執著的圭多",
      "desc": "敵方單位"
    },
    {
      "id": 91006,
      "name": "執著的圭多",
      "desc": "敵方單位"
    },
    {
      "id": 99004,
      "name": "飢不擇食的混混",
      "desc": "敵方單位"
    },
    {
      "id": 99005,
      "name": "數數的混混",
      "desc": "敵方單位"
    },
    {
      "id": 99006,
      "name": "銳利的混混",
      "desc": "敵方單位"
    },
    {
      "id": 99007,
      "name": "數數的混混",
      "desc": "敵方單位"
    },
    {
      "id": 99008,
      "name": "銳利的混混",
      "desc": "敵方單位"
    },
    {
      "id": 99009,
      "name": "飢不擇食的混混",
      "desc": "敵方單位"
    },
    {
      "id": 99010,
      "name": "數數的混混",
      "desc": "敵方單位"
    },
    {
      "id": 99011,
      "name": "銳利的混混",
      "desc": "敵方單位"
    },
    {
      "id": 99012,
      "name": "數數的混混",
      "desc": "敵方單位"
    },
    {
      "id": 99013,
      "name": "銳利的混混",
      "desc": "敵方單位"
    },
    {
      "id": 99014,
      "name": "數數的混混",
      "desc": "敵方單位"
    },
    {
      "id": 99015,
      "name": "飢不擇食的混混",
      "desc": "敵方單位"
    },
    {
      "id": 99016,
      "name": "數數的混混",
      "desc": "敵方單位"
    },
    {
      "id": 99017,
      "name": "飢不擇食的混混",
      "desc": "敵方單位"
    },
    {
      "id": 99018,
      "name": "混混頭領",
      "desc": "敵方單位"
    },
    {
      "id": 99019,
      "name": "數數的混混",
      "desc": "敵方單位"
    },
    {
      "id": 99020,
      "name": "飢不擇食的混混",
      "desc": "敵方單位"
    },
    {
      "id": 99021,
      "name": "銳利的混混",
      "desc": "敵方單位"
    },
    {
      "id": 90041,
      "name": "奴隸",
      "desc": "敵方單位"
    },
    {
      "id": 8033,
      "name": "蠢蠢欲動的野獸",
      "desc": "本體"
    },
    {
      "id": 803301,
      "name": "軀幹",
      "desc": "部位"
    },
    {
      "id": 803302,
      "name": "右臂",
      "desc": "部位"
    },
    {
      "id": 97101,
      "name": "卑鄙的殘兵",
      "desc": "敵方單位"
    },
    {
      "id": 97102,
      "name": "粗俗的殘兵",
      "desc": "敵方單位"
    },
    {
      "id": 97103,
      "name": "鋒利的殘兵",
      "desc": "敵方單位"
    },
    {
      "id": 97104,
      "name": "變強的殘兵",
      "desc": "敵方單位"
    },
    {
      "id": 97105,
      "name": "愈演愈烈的殘兵",
      "desc": "敵方單位"
    },
    {
      "id": 97106,
      "name": "殘忍的殘兵",
      "desc": "敵方單位"
    },
    {
      "id": 97107,
      "name": "記憶中扭曲的士兵",
      "desc": "敵方單位"
    },
    {
      "id": 97108,
      "name": "記憶中絕望的士兵",
      "desc": "敵方單位"
    },
    {
      "id": 97109,
      "name": "記憶中被侵蝕的士兵",
      "desc": "敵方單位"
    },
    {
      "id": 97151,
      "name": "舊G公司總經理",
      "desc": "敵方頭目"
    },
    {
      "id": 97152,
      "name": "記憶中潰爛的G公司總經理",
      "desc": "敵方頭目"
    },
    {
      "id": 97201,
      "name": "刻薄的賭場警衛",
      "desc": "敵方單位"
    },
    {
      "id": 97202,
      "name": "自信的賭場警衛",
      "desc": "敵方單位"
    },
    {
      "id": 97203,
      "name": "下定決心的賭場警衛",
      "desc": "敵方單位"
    },
    {
      "id": 97204,
      "name": "陽光的流浪樂隊成員",
      "desc": "敵方單位"
    },
    {
      "id": 97205,
      "name": "輕快的流浪樂隊成員",
      "desc": "敵方單位"
    },
    {
      "id": 97206,
      "name": "危險的鐵工會成員",
      "desc": "敵方單位"
    },
    {
      "id": 97207,
      "name": "正在熱身的鐵工會成員",
      "desc": "敵方單位"
    },
    {
      "id": 97251,
      "name": "賭場警衛隊隊長",
      "desc": "敵方單位"
    },
    {
      "id": 97252,
      "name": "艾達",
      "desc": "敵方頭目"
    },
    {
      "id": 97301,
      "name": "奉承的N公司異端審判官",
      "desc": "敵方單位"
    },
    {
      "id": 97302,
      "name": "順從的N公司異端審判官",
      "desc": "敵方單位"
    },
    {
      "id": 97303,
      "name": "侍奉的N公司異端審判官",
      "desc": "敵方單位"
    },
    {
      "id": 97304,
      "name": "進行拷問的N公司異端審判官",
      "desc": "敵方單位"
    },
    {
      "id": 97305,
      "name": "擅長審訊的N公司異端審判官",
      "desc": "敵方單位"
    },
    {
      "id": 97306,
      "name": "享受痛苦的N公司異端審判官",
      "desc": "敵方單位"
    },
    {
      "id": 97307,
      "name": "執著的N公司異端審判官",
      "desc": "敵方單位"
    },
    {
      "id": 97308,
      "name": "極度喜悅的N公司異端審判官",
      "desc": "敵方單位"
    },
    {
      "id": 97309,
      "name": "無畏的N公司異端審判官",
      "desc": "敵方單位"
    },
    {
      "id": 97351,
      "name": "執著的圭多",
      "desc": "敵方單位"
    },
    {
      "id": 8701,
      "name": "黑檀女王的蘋果",
      "desc": "本體"
    },
    {
      "id": 870101,
      "name": "果實",
      "desc": "部位"
    },
    {
      "id": 870102,
      "name": "左側枝幹",
      "desc": "部位"
    },
    {
      "id": 870103,
      "name": "右側枝幹",
      "desc": "部位"
    },
    {
      "id": 870104,
      "name": "根部",
      "desc": "部位"
    },
    {
      "id": 8702,
      "name": "斷首魚",
      "desc": "本體"
    },
    {
      "id": 870201,
      "name": "軀幹",
      "desc": "部位"
    },
    {
      "id": 870202,
      "name": "右腿",
      "desc": "部位"
    },
    {
      "id": 870203,
      "name": "左腿",
      "desc": "部位"
    },
    {
      "id": 870204,
      "name": "尾部",
      "desc": "部位"
    },
    {
      "id": 8703,
      "name": "金蘋果",
      "desc": "本體"
    },
    {
      "id": 870301,
      "name": "軀幹",
      "desc": "部位"
    },
    {
      "id": 8704,
      "name": "假蘋果",
      "desc": "本體"
    },
    {
      "id": 870401,
      "name": "頭部",
      "desc": "部位"
    },
    {
      "id": 870402,
      "name": "軀幹",
      "desc": "部位"
    },
    {
      "id": 870403,
      "name": "腿部",
      "desc": "部位"
    },
    {
      "id": 8705,
      "name": "巷頭惡犬",
      "desc": "本體"
    },
    {
      "id": 870501,
      "name": "軀幹",
      "desc": "部位"
    },
    {
      "id": 870502,
      "name": "電線桿",
      "desc": "部位"
    },
    {
      "id": 870503,
      "name": "人類",
      "desc": "部位"
    },
    {
      "id": 870504,
      "name": "頭部",
      "desc": "部位"
    },
    {
      "id": 8706,
      "name": "我變強了嗎？當真？",
      "desc": "本體"
    },
    {
      "id": 870601,
      "name": "軀幹",
      "desc": "部位"
    },
    {
      "id": 8707,
      "name": "變得更強了！真的？",
      "desc": "本體"
    },
    {
      "id": 870701,
      "name": "軀幹",
      "desc": "部位"
    },
    {
      "id": 8708,
      "name": "你想挨打嗎？很想？",
      "desc": "本體"
    },
    {
      "id": 870801,
      "name": "軀幹",
      "desc": "部位"
    },
    {
      "id": 870802,
      "name": "左臂",
      "desc": "部位"
    },
    {
      "id": 8709,
      "name": "魅惑的粉紅鞋",
      "desc": "本體"
    },
    {
      "id": 870901,
      "name": "軀幹",
      "desc": "部位"
    },
    {
      "id": 8710,
      "name": "粉紅鞋所占之人",
      "desc": "本體"
    },
    {
      "id": 871001,
      "name": "軀幹",
      "desc": "部位"
    },
    {
      "id": 8711,
      "name": "嘎吱嘎吱？來吧！",
      "desc": "本體"
    },
    {
      "id": 871101,
      "name": "軀幹",
      "desc": "部位"
    },
    {
      "id": 871102,
      "name": "左臂",
      "desc": "部位"
    },
    {
      "id": 8712,
      "name": "終末日曆",
      "desc": "本體"
    },
    {
      "id": 871201,
      "name": "左臂",
      "desc": "部位"
    },
    {
      "id": 871202,
      "name": "右臂",
      "desc": "部位"
    },
    {
      "id": 871203,
      "name": "面部",
      "desc": "部位"
    },
    {
      "id": 87122,
      "name": "終末日曆",
      "desc": "本體"
    },
    {
      "id": 87123,
      "name": "終末日曆",
      "desc": "本體"
    },
    {
      "id": 87124,
      "name": "終末日曆",
      "desc": "本體"
    },
    {
      "id": 8713,
      "name": "終末土偶",
      "desc": "本體"
    },
    {
      "id": 871301,
      "name": "頭部",
      "desc": "部位"
    },
    {
      "id": 8714,
      "name": "燃燒終末土偶",
      "desc": "本體"
    },
    {
      "id": 871401,
      "name": "頭部",
      "desc": "部位"
    },
    {
      "id": 8721,
      "name": "黑檀女王的蘋果",
      "desc": "本體"
    },
    {
      "id": 872101,
      "name": "果實",
      "desc": "部位"
    },
    {
      "id": 872102,
      "name": "左側枝幹",
      "desc": "部位"
    },
    {
      "id": 872103,
      "name": "右側枝幹",
      "desc": "部位"
    },
    {
      "id": 872104,
      "name": "根部",
      "desc": "部位"
    },
    {
      "id": 8722,
      "name": "斷首魚",
      "desc": "本體"
    },
    {
      "id": 872201,
      "name": "軀幹",
      "desc": "部位"
    },
    {
      "id": 872202,
      "name": "右腿",
      "desc": "部位"
    },
    {
      "id": 872203,
      "name": "左腿",
      "desc": "部位"
    },
    {
      "id": 872204,
      "name": "尾部",
      "desc": "部位"
    },
    {
      "id": 8723,
      "name": "金蘋果",
      "desc": "本體"
    },
    {
      "id": 872301,
      "name": "軀幹",
      "desc": "部位"
    },
    {
      "id": 8724,
      "name": "假蘋果",
      "desc": "本體"
    },
    {
      "id": 872401,
      "name": "頭部",
      "desc": "部位"
    },
    {
      "id": 872402,
      "name": "軀幹",
      "desc": "部位"
    },
    {
      "id": 872403,
      "name": "腿部",
      "desc": "部位"
    },
    {
      "id": 8725,
      "name": "巷頭惡犬",
      "desc": "本體"
    },
    {
      "id": 872501,
      "name": "軀幹",
      "desc": "部位"
    },
    {
      "id": 872502,
      "name": "電線桿",
      "desc": "部位"
    },
    {
      "id": 872503,
      "name": "人類",
      "desc": "部位"
    },
    {
      "id": 872504,
      "name": "頭部",
      "desc": "部位"
    },
    {
      "id": 8726,
      "name": "我變強了嗎？當真？",
      "desc": "本體"
    },
    {
      "id": 872601,
      "name": "軀幹",
      "desc": "部位"
    },
    {
      "id": 8727,
      "name": "變得更強了！真的？",
      "desc": "本體"
    },
    {
      "id": 872701,
      "name": "軀幹",
      "desc": "部位"
    },
    {
      "id": 8728,
      "name": "你想挨打嗎？很想？",
      "desc": "本體"
    },
    {
      "id": 872801,
      "name": "軀幹",
      "desc": "部位"
    },
    {
      "id": 872802,
      "name": "左臂",
      "desc": "部位"
    },
    {
      "id": 8729,
      "name": "魅惑的粉紅鞋",
      "desc": "本體"
    },
    {
      "id": 872901,
      "name": "軀幹",
      "desc": "部位"
    },
    {
      "id": 8730,
      "name": "粉紅鞋所占之人",
      "desc": "本體"
    },
    {
      "id": 873001,
      "name": "軀幹",
      "desc": "部位"
    },
    {
      "id": 8731,
      "name": "嘎吱嘎吱？來吧！ ",
      "desc": "本體"
    },
    {
      "id": 873101,
      "name": "軀幹",
      "desc": "部位"
    },
    {
      "id": 873102,
      "name": "左臂",
      "desc": "部位"
    },
    {
      "id": 8732,
      "name": "終末日曆",
      "desc": "本體"
    },
    {
      "id": 873201,
      "name": "左臂",
      "desc": "部位"
    },
    {
      "id": 873202,
      "name": "右臂",
      "desc": "部位"
    },
    {
      "id": 873203,
      "name": "面部",
      "desc": "部位"
    },
    {
      "id": 87322,
      "name": "終末日曆",
      "desc": "本體"
    },
    {
      "id": 87323,
      "name": "終末日曆",
      "desc": "本體"
    },
    {
      "id": 87324,
      "name": "終末日曆",
      "desc": "本體"
    },
    {
      "id": 8733,
      "name": "終末土偶",
      "desc": "本體"
    },
    {
      "id": 873301,
      "name": "頭部",
      "desc": "部位"
    },
    {
      "id": 8734,
      "name": "燃燒終末土偶",
      "desc": "本體"
    },
    {
      "id": 873401,
      "name": "頭部",
      "desc": "部位"
    },
    {
      "id": 90042,
      "name": "混亂的K公司安檢人員",
      "desc": "敵方單位"
    },
    {
      "id": 90043,
      "name": "忙亂的K公司安檢人員",
      "desc": "敵方單位"
    },
    {
      "id": 90044,
      "name": "窘迫的K公司安檢人員",
      "desc": "敵方單位"
    },
    {
      "id": 90045,
      "name": "驚慌的K公司安檢人員",
      "desc": "敵方單位"
    },
    {
      "id": 8034,
      "name": "獵頭雞 a.k.a 小鳳",
      "desc": "本體"
    },
    {
      "id": 803401,
      "name": "軀幹",
      "desc": "部位"
    },
    {
      "id": 8035,
      "name": "獵頭雞 a.k.a 小鳳",
      "desc": "本體"
    },
    {
      "id": 803501,
      "name": "軀幹",
      "desc": "部位"
    },
    {
      "id": 8036,
      "name": "獵頭雞 a.k.a 小鳳",
      "desc": "本體"
    },
    {
      "id": 803601,
      "name": "軀幹",
      "desc": "部位"
    },
    {
      "id": 8037,
      "name": "獵頭雞 a.k.a 小鳳",
      "desc": "本體"
    },
    {
      "id": 803701,
      "name": "軀幹",
      "desc": "部位"
    },
    {
      "id": 8038,
      "name": "鳳老爹",
      "desc": "本體"
    },
    {
      "id": 803801,
      "name": "軀幹",
      "desc": "部位"
    },
    {
      "id": 8039,
      "name": "鳳老爹",
      "desc": "本體"
    },
    {
      "id": 803901,
      "name": "軀幹",
      "desc": "部位"
    },
    {
      "id": 803902,
      "name": "炸雞桶",
      "desc": "部位"
    },
    {
      "id": 8040,
      "name": "香辣鳳老爹",
      "desc": "本體"
    },
    {
      "id": 804001,
      "name": "軀幹",
      "desc": "部位"
    },
    {
      "id": 804002,
      "name": "炸雞桶",
      "desc": "部位"
    },
    {
      "id": 8041,
      "name": "黃銅公牛 - 流淚",
      "desc": "本體"
    },
    {
      "id": 804101,
      "name": "軀幹",
      "desc": "部位"
    },
    {
      "id": 804102,
      "name": "頭部",
      "desc": "部位"
    },
    {
      "id": 8042,
      "name": "K公司 攝像無人機",
      "desc": "本體"
    },
    {
      "id": 804201,
      "name": "軀幹",
      "desc": "部位"
    },
    {
      "id": 8043,
      "name": "腦葉公司E.G.O::狐雨 - 冬柏",
      "desc": "本體"
    },
    {
      "id": 804301,
      "name": "軀幹",
      "desc": "部位"
    },
    {
      "id": 8044,
      "name": "冬柏 E.G.O::山茶花",
      "desc": "本體"
    },
    {
      "id": 804401,
      "name": "軀幹",
      "desc": "部位"
    },
    {
      "id": 8045,
      "name": "電擊蜈蚣",
      "desc": "本體"
    },
    {
      "id": 804501,
      "name": "軀幹",
      "desc": "部位"
    },
    {
      "id": 804502,
      "name": "頭",
      "desc": "部位"
    },
    {
      "id": 8046,
      "name": "流浪狐狸",
      "desc": "本體"
    },
    {
      "id": 804601,
      "name": "軀幹",
      "desc": "部位"
    },
    {
      "id": 804602,
      "name": "頭",
      "desc": "部位"
    },
    {
      "id": 8047,
      "name": "因而無人哭泣",
      "desc": "本體"
    },
    {
      "id": 804701,
      "name": "軀幹",
      "desc": "部位"
    },
    {
      "id": 804702,
      "name": "右臂",
      "desc": "部位"
    },
    {
      "id": 8048,
      "name": "妖精紳士",
      "desc": "本體"
    },
    {
      "id": 804801,
      "name": "軀幹",
      "desc": "部位"
    },
    {
      "id": 804802,
      "name": "左臂",
      "desc": "部位"
    },
    {
      "id": 8049,
      "name": "否定一切的東朗",
      "desc": "本體"
    },
    {
      "id": 8050,
      "name": "綻放E.G.O::歸田",
      "desc": "本體"
    },
    {
      "id": 8051,
      "name": "妖精酒",
      "desc": "本體"
    },
    {
      "id": 805101,
      "name": "酒樽",
      "desc": "部位"
    },
    {
      "id": 8052,
      "name": "舊傘",
      "desc": "本體"
    },
    {
      "id": 805201,
      "name": "傘",
      "desc": "部位"
    },
    {
      "id": 8053,
      "name": "冬柏的傘",
      "desc": "本體"
    },
    {
      "id": 805301,
      "name": "軀幹",
      "desc": "部位"
    },
    {
      "id": 8054,
      "name": "即將綻放的花",
      "desc": "本體"
    },
    {
      "id": 805401,
      "name": "花蕾",
      "desc": "部位"
    },
    {
      "id": 90046,
      "name": "K公司 攝像無人機",
      "desc": "敵方單位"
    },
    {
      "id": 90047,
      "name": "粗製的鋸刃無人機",
      "desc": "敵方單位"
    },
    {
      "id": 90048,
      "name": "粗製的破壞球無人機",
      "desc": "敵方單位"
    },
    {
      "id": 90049,
      "name": "完整的鋸刃無人機",
      "desc": "敵方單位"
    },
    {
      "id": 90050,
      "name": "完整的破壞球無人機",
      "desc": "敵方單位"
    },
    {
      "id": 91007,
      "name": "堅固的複合機械",
      "desc": "敵方頭目"
    },
    {
      "id": 90051,
      "name": "自信的玫瑰扳手工坊收尾人",
      "desc": "敵方單位"
    },
    {
      "id": 90052,
      "name": "高傲的玫瑰扳手工坊收尾人",
      "desc": "敵方單位"
    },
    {
      "id": 90053,
      "name": "顫抖的玫瑰扳手工坊收尾人",
      "desc": "敵方單位"
    },
    {
      "id": 91008,
      "name": "玫瑰扳手工坊代表 尼柯",
      "desc": "敵方頭目"
    },
    {
      "id": 90054,
      "name": "受到威脅的K公司1級員工",
      "desc": "敵方雜兵"
    },
    {
      "id": 90055,
      "name": "焦慮的K公司1級員工",
      "desc": "敵方雜兵"
    },
    {
      "id": 90056,
      "name": "被破解的K公司再生無人機",
      "desc": "敵方雜兵"
    },
    {
      "id": 90057,
      "name": "被破解的K公司再生無人機",
      "desc": "敵方雜兵"
    },
    {
      "id": 90058,
      "name": "腦葉公司 E.G.O::蕩漾",
      "desc": "敵方雜兵"
    },
    {
      "id": 90059,
      "name": "腦葉公司 E.G.O::朱符",
      "desc": "敵方雜兵"
    },
    {
      "id": 90060,
      "name": "腦葉公司 E.G.O::蕩漾",
      "desc": "敵方雜兵"
    },
    {
      "id": 90061,
      "name": "腦葉公司 E.G.O::朱符",
      "desc": "敵方雜兵"
    },
    {
      "id": 91009,
      "name": "腦葉公司E.G.O::朱符 - 馬里勒",
      "desc": "敵方 頭目"
    },
    {
      "id": 90062,
      "name": "復活的腦葉公司E.G.O::蕩漾",
      "desc": "敵方雜兵"
    },
    {
      "id": 90063,
      "name": "復活的腦葉公司E.G.O::朱符",
      "desc": "敵方雜兵"
    },
    {
      "id": 90064,
      "name": "復活的K公司安檢人員",
      "desc": "敵方雜兵"
    },
    {
      "id": 90065,
      "name": "復活的K公司安檢人員",
      "desc": "敵方雜兵"
    },
    {
      "id": 90066,
      "name": "復活的K公司1級員工",
      "desc": "敵方雜兵"
    },
    {
      "id": 90067,
      "name": "復活的K公司1級員工",
      "desc": "敵方雜兵"
    },
    {
      "id": 90068,
      "name": "復活的K公司三級員工",
      "desc": "敵方雜兵"
    },
    {
      "id": 90069,
      "name": "復活的K公司三級員工",
      "desc": "敵方雜兵"
    },
    {
      "id": 90070,
      "name": "想像中的T公司3級徵收人員",
      "desc": "敵方雜兵"
    },
    {
      "id": 91010,
      "name": "復活的腦葉公司E.G.O::紅籍-馬里勒",
      "desc": "敵方雜兵"
    },
    {
      "id": 90071,
      "name": "K公司 拘捕無人機",
      "desc": "敵方單位"
    },
    {
      "id": 90072,
      "name": "K公司 攝像無人機",
      "desc": "敵方單位"
    },
    {
      "id": 90073,
      "name": "恐慌的K公司安檢人員",
      "desc": "敵方雜兵"
    },
    {
      "id": 90074,
      "name": "顫抖的K公司安檢人員",
      "desc": "敵方雜兵"
    },
    {
      "id": 90075,
      "name": "僵硬的K公司安檢人員",
      "desc": "敵方雜兵"
    },
    {
      "id": 90076,
      "name": "警惕的K公司安保人員",
      "desc": "敵方雜兵"
    },
    {
      "id": 8055,
      "name": "盛開的花朵",
      "desc": "本體"
    },
    {
      "id": 805501,
      "name": "花蕾",
      "desc": "部位"
    },
    {
      "id": 80442,
      "name": "冬柏E.G.O::山茶花",
      "desc": "本體"
    },
    {
      "id": 8056,
      "name": "虛榮之樹",
      "desc": "本體"
    },
    {
      "id": 805601,
      "name": "虛榮之果",
      "desc": "部位"
    },
    {
      "id": 8057,
      "name": "長有疙瘩的樹",
      "desc": "本體"
    },
    {
      "id": 805701,
      "name": "疙瘩",
      "desc": "部位"
    },
    {
      "id": 8060,
      "name": "慾望之樹",
      "desc": "本體"
    },
    {
      "id": 806001,
      "name": "慾望",
      "desc": "部位"
    },
    {
      "id": 804901,
      "name": "軀幹",
      "desc": "部位"
    },
    {
      "id": 8058,
      "name": "妖精鮟鱇",
      "desc": "本體"
    },
    {
      "id": 805801,
      "name": "軀幹",
      "desc": "部位"
    },
    {
      "id": 80492,
      "name": "否定一切的東朗",
      "desc": "本體"
    },
    {
      "id": 80493,
      "name": "否定一切的東朗",
      "desc": "本體"
    },
    {
      "id": 8061,
      "name": "吸收之樹",
      "desc": "本體"
    },
    {
      "id": 806101,
      "name": "樹",
      "desc": "部位"
    },
    {
      "id": 805001,
      "name": "軀幹",
      "desc": "部位"
    },
    {
      "id": 805802,
      "name": "頭部",
      "desc": "部位"
    },
    {
      "id": 805803,
      "name": "左臂",
      "desc": "部位"
    },
    {
      "id": 8059,
      "name": "長腿妖精",
      "desc": "本體"
    },
    {
      "id": 805901,
      "name": "軀幹",
      "desc": "部位"
    },
    {
      "id": 805902,
      "name": "左臂",
      "desc": "部位"
    },
    {
      "id": 8064,
      "name": "暴食罪種",
      "desc": "本體"
    },
    {
      "id": 8065,
      "name": "怠惰罪種",
      "desc": "本體"
    },
    {
      "id": 8066,
      "name": "暴怒罪種",
      "desc": "本體"
    },
    {
      "id": 8067,
      "name": "憂鬱罪種",
      "desc": "本體"
    },
    {
      "id": 8068,
      "name": "色欲罪種",
      "desc": "本體"
    },
    {
      "id": 8069,
      "name": "傲慢罪種",
      "desc": "本體"
    },
    {
      "id": 806401,
      "name": "軀幹",
      "desc": "部位"
    },
    {
      "id": 806501,
      "name": "軀幹",
      "desc": "部位"
    },
    {
      "id": 806601,
      "name": "軀幹",
      "desc": "部位"
    },
    {
      "id": 806701,
      "name": "軀幹",
      "desc": "部位"
    },
    {
      "id": 806801,
      "name": "軀幹",
      "desc": "部位"
    },
    {
      "id": 806901,
      "name": "軀幹",
      "desc": "部位"
    },
    {
      "id": 805903,
      "name": "頭",
      "desc": "部位"
    },
    {
      "id": 8062,
      "name": "巨大的葉子",
      "desc": "本體"
    },
    {
      "id": 806201,
      "name": "軀幹",
      "desc": "部位"
    },
    {
      "id": 8075,
      "name": "悲泣蟾蜍",
      "desc": "本體"
    },
    {
      "id": 807501,
      "name": "軀幹",
      "desc": "部位"
    },
    {
      "id": 807502,
      "name": "左眼",
      "desc": "部位"
    },
    {
      "id": 807503,
      "name": "右眼",
      "desc": "部位"
    },
    {
      "id": 8076,
      "name": "kqe-1j-23",
      "desc": "本體"
    },
    {
      "id": 807601,
      "name": "軀幹",
      "desc": "部位"
    },
    {
      "id": 8077,
      "name": "市民之心",
      "desc": "本體"
    },
    {
      "id": 807701,
      "name": "心臟",
      "desc": "部位"
    },
    {
      "id": 8078,
      "name": "無我入定",
      "desc": "本體"
    },
    {
      "id": 807801,
      "name": "佛像",
      "desc": "部位"
    },
    {
      "id": 807802,
      "name": "石頭底座",
      "desc": "部位"
    },
    {
      "id": 8079,
      "name": "受誘的圭多",
      "desc": "敵方單位"
    },
    {
      "id": 807901,
      "name": "軀幹",
      "desc": "部位"
    },
    {
      "id": 8080,
      "name": "受誘的艾達",
      "desc": "敵方單位"
    },
    {
      "id": 808001,
      "name": "軀幹",
      "desc": "部位"
    },
    {
      "id": 8081,
      "name": "受誘且潰爛的G公司部長",
      "desc": "敵方單位"
    },
    {
      "id": 808101,
      "name": "軀幹",
      "desc": "部位"
    },
    {
      "id": 8082,
      "name": "克羅默",
      "desc": "敵方單位"
    },
    {
      "id": 808201,
      "name": "軀幹",
      "desc": "部位"
    },
    {
      "id": 8083,
      "name": "夢為完人的克羅默",
      "desc": "本體"
    },
    {
      "id": 808301,
      "name": "右臂",
      "desc": "部位"
    },
    {
      "id": 808302,
      "name": "左臂",
      "desc": "部位"
    },
    {
      "id": 808303,
      "name": "大嘴",
      "desc": "部位"
    },
    {
      "id": 90082,
      "name": "K公司3級摘除人員",
      "desc": "敵方單位"
    },
    {
      "id": 8084,
      "name": "斷首魚",
      "desc": "本體"
    },
    {
      "id": 808401,
      "name": "軀幹",
      "desc": "部位"
    },
    {
      "id": 808402,
      "name": "右腳",
      "desc": "部位"
    },
    {
      "id": 808403,
      "name": "左腳",
      "desc": "部位"
    },
    {
      "id": 808404,
      "name": "尾部",
      "desc": "部位"
    },
    {
      "id": 8085,
      "name": "巷頭惡犬",
      "desc": "本體"
    },
    {
      "id": 808501,
      "name": "軀幹",
      "desc": "部位"
    },
    {
      "id": 808502,
      "name": "電線桿",
      "desc": "部位"
    },
    {
      "id": 808503,
      "name": "人",
      "desc": "部位"
    },
    {
      "id": 808504,
      "name": "頭部",
      "desc": "部位"
    },
    {
      "id": 8086,
      "name": "電擊蜈蚣",
      "desc": "本體"
    },
    {
      "id": 808601,
      "name": "軀幹",
      "desc": "部位"
    },
    {
      "id": 808602,
      "name": "頭部",
      "desc": "部位"
    },
    {
      "id": 8087,
      "name": "流浪狐狸",
      "desc": "本體"
    },
    {
      "id": 808701,
      "name": "軀幹",
      "desc": "部位"
    },
    {
      "id": 808702,
      "name": "頭部",
      "desc": "部位"
    },
    {
      "id": 8088,
      "name": "舊傘",
      "desc": "本體"
    },
    {
      "id": 808801,
      "name": "傘",
      "desc": "部位"
    },
    {
      "id": 8089,
      "name": "因而無人哭泣",
      "desc": "本體"
    },
    {
      "id": 808901,
      "name": "軀幹",
      "desc": "部位"
    },
    {
      "id": 808902,
      "name": "右臂",
      "desc": "部位"
    },
    {
      "id": 8090,
      "name": "紳士妖精",
      "desc": "本體"
    },
    {
      "id": 809001,
      "name": "軀幹",
      "desc": "部位"
    },
    {
      "id": 809002,
      "name": "左臂",
      "desc": "部位"
    },
    {
      "id": 8091,
      "name": "妖精酒",
      "desc": "本體"
    },
    {
      "id": 809101,
      "name": "酒樽",
      "desc": "部位"
    },
    {
      "id": 8092,
      "name": "長腿妖精",
      "desc": "本體"
    },
    {
      "id": 809201,
      "name": "軀幹",
      "desc": "部位"
    },
    {
      "id": 809202,
      "name": "左臂",
      "desc": "部位"
    },
    {
      "id": 809203,
      "name": "頭部",
      "desc": "部位"
    },
    {
      "id": 8093,
      "name": "巨大的葉子",
      "desc": "本體"
    },
    {
      "id": 809301,
      "name": "軀幹",
      "desc": "部位"
    },
    {
      "id": 8094,
      "name": "金蘋果",
      "desc": "本體"
    },
    {
      "id": 8095,
      "name": "假蘋果",
      "desc": "本體"
    },
    {
      "id": 809401,
      "name": "軀幹",
      "desc": "部位"
    },
    {
      "id": 809501,
      "name": "頭部",
      "desc": "部位"
    },
    {
      "id": 809502,
      "name": "軀幹",
      "desc": "部位"
    },
    {
      "id": 8096,
      "name": "黃銅公牛 - 流淚",
      "desc": "本體"
    },
    {
      "id": 809601,
      "name": "軀幹",
      "desc": "部位"
    },
    {
      "id": 809602,
      "name": "頭部",
      "desc": "部位"
    }
  ]
}