{
  "dataList": [
    {
      "id": "filter_title_ego_type",
      "content": "稀有度"
    },
    {
      "id": "filter_title_ego_level",
      "content": "等級"
    },
    {
      "id": "number_of_targets",
      "content": "索敵方式"
    },
    {
      "id": "SINGLE_TARGET",
      "content": "單體"
    },
    {
      "id": "MULTIPLE_TARGET",
      "content": "群體"
    },
    {
      "id": "filter_title_attribute",
      "content": "罪孽屬性"
    },
    {
      "id": "filter_awaken_state",
      "content": "同步階段"
    },
    {
      "id": "filter_normal",
      "content": "階段1/2"
    },
    {
      "id": "filter_awaken",
      "content": "階段3"
    },
    {
      "id": "filter_skill_keyword",
      "content": "關鍵詞"
    },
    {
      "id": "sorting_acqisition",
      "content": "最近獲得"
    },
    {
      "id": "filter_title_ego_gacksung",
      "content": "解析階段"
    }
  ]
}