{
  "dataList": [
    {
      "id": "1",
      "content": "標準提取"
    },
    {
      "id": "2",
      "content": "必得提取：3★人格"
    },
    {
      "id": "3",
      "content": "新晉經理的迎新提取"
    },
    {
      "id": "4",
      "content": "[第1賽季]必得提取：3★人格"
    },
    {
      "id": "101",
      "content": "定向提取：格里高爾"
    },
    {
      "id": "102",
      "content": "新人格定向提取：N公司#1"
    },
    {
      "id": "103",
      "content": "定向提取：羅佳"
    },
    {
      "id": "104",
      "content": "新人格定向提取：N公司#2"
    },
    {
      "id": "105",
      "content": "定向提取：希斯克利夫"
    },
    {
      "id": "106",
      "content": "新人格定向提取：Seven協會 6科科長 奧提斯&六協會 5科 鴻璐"
    },
    {
      "id": "107",
      "content": "定向提取：堂吉訶德"
    },
    {
      "id": "108",
      "content": "新人格定向提取：地獄雞"
    },
    {
      "id": "109",
      "content": "定向提取：鴻璐"
    },
    {
      "id": "110",
      "content": "新人格定向提取：N公司#3"
    },
    {
      "id": "111",
      "content": "定向提取：浮士德"
    },
    {
      "id": "112",
      "content": "E.G.O定向提取：次元撕裂者 李箱&鴻璐"
    },
    {
      "id": "113",
      "content": "定向提取：默爾索"
    },
    {
      "id": "114",
      "content": "新人格定向提取：玫瑰扳手工坊"
    },
    {
      "id": "5",
      "content": "[第2賽季]必得提取：3★人格"
    },
    {
      "id": "115",
      "content": "新人格定向提取：技術解放聯盟&玫瑰扳手工坊"
    },
    {
      "id": "116",
      "content": "定向提取：奧提斯"
    },
    {
      "id": "117",
      "content": "新人格定向提取：技術解放聯盟#2"
    },
    {
      "id": "118",
      "content": "定向提取：辛克萊"
    },
    {
      "id": "119",
      "content": "新人格定向提取：技術解放聯盟#3"
    },
    {
      "id": "120",
      "content": "E.G.O定向提取：赤瞳&赤瞳（開）"
    },
    {
      "id": "121",
      "content": "新人格定向提取：六協會南部4科 以實瑪利"
    },
    {
      "id": "122",
      "content": "定向提取：李箱"
    },
    {
      "id": "123",
      "content": "新人格定向提取：R公司第四集團軍 犀牛隊 默爾索・Zwei協會南部5科 羅佳"
    },
    {
      "id": "124",
      "content": "新人格定向提取：Cinq協會 南部5科科長 堂吉訶德"
    }
  ]
}