{
  "dataList": [
    {
      "id": "introduce_word_1",
      "content": "布隆布隆"
    },
    {
      "id": "introduce_word_2",
      "content": "哐哧哐哧"
    },
    {
      "id": "introduce_word_3",
      "content": "鐘錶頭"
    },
    {
      "id": "introduce_word_4",
      "content": "蟲男"
    },
    {
      "id": "introduce_word_5",
      "content": "吵・豬・折・脖"
    },
    {
      "id": "introduce_word_6",
      "content": "洗衣"
    },
    {
      "id": "introduce_word_7",
      "content": "巴士掃除"
    },
    {
      "id": "introduce_word_8",
      "content": "正義之化身"
    },
    {
      "id": "introduce_word_9",
      "content": "撲通撲通"
    },
    {
      "id": "introduce_word_10",
      "content": "爭吵"
    },
    {
      "id": "introduce_word_11",
      "content": "疑問"
    },
    {
      "id": "introduce_word_12",
      "content": "舞蹈時間"
    },
    {
      "id": "introduce_word_13",
      "content": "祈禱"
    },
    {
      "id": "introduce_word_14",
      "content": "腦啡肽"
    },
    {
      "id": "introduce_word_15",
      "content": "邊獄公司"
    },
    {
      "id": "introduce_word_16",
      "content": "金枝"
    },
    {
      "id": "introduce_word_17",
      "content": "砰砰"
    },
    {
      "id": "introduce_word_18",
      "content": "右轉"
    },
    {
      "id": "introduce_word_19",
      "content": "滴答滴答"
    },
    {
      "id": "introduce_word_20",
      "content": "流行"
    },
    {
      "id": "introduce_word_21",
      "content": "李箱"
    },
    {
      "id": "introduce_word_22",
      "content": "紅色"
    },
    {
      "id": "introduce_word_23",
      "content": "格里高爾"
    },
    {
      "id": "introduce_word_24",
      "content": "羅佳"
    },
    {
      "id": "introduce_word_25",
      "content": "以實瑪利"
    },
    {
      "id": "introduce_word_26",
      "content": "浮士德"
    },
    {
      "id": "introduce_word_27",
      "content": "堂吉訶德"
    },
    {
      "id": "introduce_word_28",
      "content": "奧提斯"
    },
    {
      "id": "introduce_word_29",
      "content": "鴻璐"
    },
    {
      "id": "introduce_word_30",
      "content": "默爾索"
    },
    {
      "id": "introduce_word_31",
      "content": "希斯克利夫"
    },
    {
      "id": "introduce_word_32",
      "content": "但丁"
    },
    {
      "id": "introduce_word_33",
      "content": "辛克萊"
    },
    {
      "id": "introduce_word_34",
      "content": "良秀"
    },
    {
      "id": "introduce_word_35",
      "content": "聖誕節"
    },
    {
      "id": "introduce_word_36",
      "content": "雞肉串"
    },
    {
      "id": "introduce_word_37",
      "content": "小鬍子"
    },
    {
      "id": "introduce_word_38",
      "content": "釘與錘"
    },
    {
      "id": "introduce_word_39",
      "content": "垃圾"
    },
    {
      "id": "introduce_word_40",
      "content": "罪人"
    },
    {
      "id": "introduce_sentence_1",
      "content": "我可以{0}嗎？"
    },
    {
      "id": "introduce_sentence_2",
      "content": "您好，我是{0}。"
    },
    {
      "id": "introduce_sentence_3",
      "content": "{0}將前往4區。"
    },
    {
      "id": "introduce_sentence_4",
      "content": "我想成為像{0}那樣的人。"
    },
    {
      "id": "introduce_sentence_5",
      "content": "{0}，到了之後叫醒我。"
    },
    {
      "id": "introduce_sentence_6",
      "content": "{0}不是就夠了嗎？"
    },
    {
      "id": "introduce_sentence_7",
      "content": "不過是毫無意義的{0}罷了。"
    },
    {
      "id": "introduce_sentence_8",
      "content": "諸如{0}之類的直接無視就好，經理先生。"
    },
    {
      "id": "introduce_sentence_9",
      "content": "我們是{0}，不是伸張正義的“英雄”。"
    },
    {
      "id": "introduce_sentence_10",
      "content": "人生總是充滿{0}。"
    },
    {
      "id": "introduce_sentence_11",
      "content": "正在照常處理{0}。"
    },
    {
      "id": "introduce_sentence_12",
      "content": "諸位，請看看{0}！"
    },
    {
      "id": "introduce_sentence_13",
      "content": "我決定從今以後只專注於{0}！"
    },
    {
      "id": "introduce_sentence_14",
      "content": "如果做好了覺悟，那就試試{0}吧。"
    },
    {
      "id": "introduce_sentence_15",
      "content": "您曾經見過這些{0}嗎？"
    },
    {
      "id": "introduce_sentence_16",
      "content": "每當心情鬱悶時，我就會藉{0}來放縱些許。"
    },
    {
      "id": "introduce_sentence_17",
      "content": "{0}並不總是正確的。"
    },
    {
      "id": "introduce_sentence_18",
      "content": "{0}是我們當下僅存的希望。"
    },
    {
      "id": "introduce_sentence_19",
      "content": "心情好的{0}，心情好的到達。"
    },
    {
      "id": "introduce_sentence_20",
      "content": "吾！為了給予弱者{0}而來！"
    },
    {
      "id": "introduce_sentence_21",
      "content": "只靠{0}還搞不定……"
    },
    {
      "id": "introduce_sentence_22",
      "content": "你那樣看著我也沒用的，{0}。"
    },
    {
      "id": "introduce_sentence_23",
      "content": "我們正在做這世上最沒意義的{0}！"
    },
    {
      "id": "introduce_sentence_24",
      "content": "真是的……這也能稱之為{0}嗎，哼……"
    },
    {
      "id": "introduce_sentence_25",
      "content": "{0}是從哪個石頭縫裡蹦出來的？"
    },
    {
      "id": "introduce_sentence_26",
      "content": "啊，該{0}的時間到了。"
    },
    {
      "id": "introduce_sentence_27",
      "content": "吾做夢都想成為像您一樣超厲害的{0}！ "
    },
    {
      "id": "introduce_sentence_28",
      "content": "太慢了。數到了{0}，你們卻沒有回來。"
    },
    {
      "id": "introduce_sentence_29",
      "content": "我記下{0}了。"
    },
    {
      "id": "introduce_sentence_30",
      "content": "抱歉，之後給你買{0}。"
    },
    {
      "id": "introduce_sentence_31",
      "content": "吾怎能對{0}視而不見？"
    },
    {
      "id": "introduce_sentence_32",
      "content": "還記得{0}吧。"
    },
    {
      "id": "introduce_sentence_33",
      "content": "瞅我幹啥啊？想被{0}嗎？"
    },
    {
      "id": "introduce_sentence_34",
      "content": "呃……{0}真是一團糟。"
    },
    {
      "id": "introduce_sentence_35",
      "content": "來見我吧，{0}！"
    },
    {
      "id": "introduce_sentence_36",
      "content": "但你是我的{0}呢。"
    },
    {
      "id": "introduce_sentence_37",
      "content": "梅菲喜歡{0}。"
    },
    {
      "id": "introduce_sentence_38",
      "content": "喂！這{0}還有嗎？怪好吃的。"
    },
    {
      "id": "introduce_sentence_39",
      "content": "叫我{0}吧。"
    },
    {
      "id": "introduce_sentence_40",
      "content": "請盡力而為，{0}。"
    },
    {
      "id": "introduce_word_41",
      "content": "消化"
    },
    {
      "id": "introduce_word_42",
      "content": "救援"
    },
    {
      "id": "introduce_sentence_41",
      "content": "想來點能暖暖{0}的湯嗎？"
    },
    {
      "id": "introduce_sentence_42",
      "content": "向您致敬！！！！！吾懇求您在離去之前試試這{0}！！！！！"
    },
    {
      "id": "introduce_word_43",
      "content": "炸雞"
    },
    {
      "id": "introduce_word_44",
      "content": "處理食材"
    },
    {
      "id": "introduce_sentence_43",
      "content": "{0}，進炸鍋裡去吧。"
    },
    {
      "id": "introduce_word_45",
      "content": "審判"
    },
    {
      "id": "introduce_sentence_45",
      "content": "吾絕不輕信{0}的話語！"
    },
    {
      "id": "introduce_word_46",
      "content": "淨化"
    },
    {
      "id": "introduce_sentence_46",
      "content": "{0}應該沒問題……吧？"
    },
    {
      "id": "introduce_word_47",
      "content": "通路"
    },
    {
      "id": "introduce_sentence_47",
      "content": "至終，此為{0}。"
    },
    {
      "id": "introduce_word_48",
      "content": "世界"
    },
    {
      "id": "introduce_sentence_48",
      "content": "想要躍遷至下一個{0}的話……"
    },
    {
      "id": "introduce_word_49",
      "content": "工坊"
    },
    {
      "id": "introduce_sentence_49",
      "content": "……是，十分感謝您的來電。這裡是{0}。一直以來承蒙您關照。"
    },
    {
      "id": "introduce_word_50",
      "content": "全壓"
    },
    {
      "id": "introduce_sentence_50",
      "content": "好……要{0}咯~。來吧，放馬過來！"
    },
    {
      "id": "introduce_word_51",
      "content": "這邊"
    },
    {
      "id": "introduce_sentence_51",
      "content": "好……{0}來了！"
    },
    {
      "id": "introduce_word_52",
      "content": "競技場"
    },
    {
      "id": "introduce_sentence_52",
      "content": "這是能讓你為之奔騰的至高的{0}。"
    },
    {
      "id": "introduce_word_53",
      "content": "朋友"
    },
    {
      "id": "introduce_sentence_53",
      "content": "現在，我再也沒有{0}了。"
    },
    {
      "id": "introduce_word_54",
      "content": "奶油"
    },
    {
      "id": "introduce_sentence_54",
      "content": "沒放{0}吧？謝啦……"
    },
    {
      "id": "introduce_word_55",
      "content": "釋放"
    },
    {
      "id": "introduce_sentence_55",
      "content": "現在是{0}時間。"
    },
    {
      "id": "introduce_word_56",
      "content": "關心"
    },
    {
      "id": "introduce_sentence_56",
      "content": "我不需要……多餘的{0}！"
    },
    {
      "id": "introduce_word_57",
      "content": "眼睛"
    },
    {
      "id": "introduce_sentence_57",
      "content": "{0}的前途黯淡無光。"
    },
    {
      "id": "introduce_word_58",
      "content": "傘"
    },
    {
      "id": "introduce_sentence_58",
      "content": "不知{0}是否會滴水。"
    },
    {
      "id": "introduce_word_59",
      "content": "香"
    },
    {
      "id": "introduce_sentence_59",
      "content": "我認為那{0}絢麗無比。"
    },
    {
      "id": "introduce_word_60",
      "content": "妖精酒"
    },
    {
      "id": "introduce_sentence_60",
      "content": "唔……再來杯{0}……"
    },
    {
      "id": "introduce_word_61",
      "content": "部署"
    },
    {
      "id": "introduce_sentence_61",
      "content": "啊~終於能{0}啦~"
    },
    {
      "id": "introduce_word_62",
      "content": "符咒"
    },
    {
      "id": "introduce_sentence_62",
      "content": "一定要貼上{0}……"
    },
    {
      "id": "introduce_word_63",
      "content": "蜘蛛"
    },
    {
      "id": "introduce_sentence_63",
      "content": "{0}們會喜歡的……"
    },
    {
      "id": "introduce_word_64",
      "content": "眼睛"
    },
    {
      "id": "introduce_sentence_64",
      "content": "睜開了{0}。"
    },
    {
      "id": "introduce_word_65",
      "content": "牛肉麵"
    },
    {
      "id": "introduce_sentence_65",
      "content": "回去路上要順便吃點{0}嗎？"
    },
    {
      "id": "introduce_word_66",
      "content": "犀牛隊"
    },
    {
      "id": "introduce_sentence_66",
      "content": "{0}，突擊。"
    },
    {
      "id": "introduce_word_67",
      "content": "盯梢任務"
    },
    {
      "id": "introduce_sentence_67",
      "content": "噓，現在正在{0}呢。"
    },
    {
      "id": "introduce_word_68",
      "content": "幼稚"
    },
    {
      "id": "introduce_sentence_68",
      "content": "如何，汝仍認為吾{0}嗎？"
    }
  ]
}