{
  "dataList": [
    {
      "id": 1,
      "name": "付費狂氣",
      "desc": "具象為薔薇形態的結晶。能夠用於提取或是購買腦啡肽盒子。",
      "flavor": "似乎總是朝向某處的薔薇般的結晶。據說這種花與人類相似，能夠在某條河水的滋養下生長綻開。"
    },
    {
      "id": 2,
      "name": "免費狂氣",
      "desc": "具象為薔薇形態的結晶。能夠用於提取或是購買腦啡肽盒子。",
      "flavor": "似乎總是朝向某處的薔薇般的結晶。據說這種花與人類相似，能夠在某條河水的滋養下生長綻開。"
    },
    {
      "id": 3,
      "name": "狂氣",
      "desc": "具象為薔薇形態的結晶。能夠用於提取或是購買腦啡肽盒子。",
      "flavor": "人正因心懷狂氣，才有前進的動力。"
    },
    {
      "id": 11,
      "name": "腦啡肽模塊",
      "desc": "能夠用於進入副本。",
      "flavor": "由特殊密封材料製成的球型模塊。\n[介紹]相比於以往的氣態腦啡肽，一定劑量的液態腦啡肽能更加穩定地發揮作用。\n將模組與特定的插座結合，便能把腦啡肽轉化為能源。\n[注意]腦啡肽模塊化是一種單向不可逆過程，模組僅可通過插座消耗\n嚴禁在預期用途外使用或改造。"
    },
    {
      "id": 101,
      "name": "提取券",
      "desc": "能夠用於1次提取。",
      "flavor": "由梅菲斯托費勒斯號提取能量的源頭：狂氣所編制的一種消耗品。\n一眼看上去雖然像張薄薄的紙，但彷彿有某物正在其中搏動。"
    },
    {
      "id": 102,
      "name": "十連提取券",
      "desc": "能夠用於10次提取。",
      "flavor": "由梅菲斯托費勒斯號提取能量的源頭：狂氣所編制的一種消耗品。\n一眼看上去雖然像張薄薄的紙，但彷彿有某物正在其中搏動。"
    },
    {
      "id": 103,
      "name": "3★人格必得十連提取券",
      "desc": "能夠用於10次提取，並確保至少出現一個3★人格",
      "flavor": "印有某種標記的特殊提取券。其能以十分的把握提取出僅存於罕見世界中的人格。紙片正激烈搖曳著、搏動著。"
    },
    {
      "id": 104,
      "name": "[第1賽季]3★人格必得十連提取券",
      "desc": "能夠用於10次提取，並確保至少出現一個[第1賽季]的3★人格",
      "flavor": "印有某種標記的特殊提取券。其能以十分的把握提取出僅存於罕見世界中的人格。紙片正激烈搖曳著、搏動著。"
    },
    {
      "id": 105,
      "name": "[第2賽季]3★人格必得十連提取券",
      "desc": "能夠用於10次提取，並確保至少出現一個[第2賽季]的3★人格。",
      "flavor": "印有某種標記的特殊提取券。其能以十分的把握提取出僅存於罕見世界中的人格。紙片正激烈搖曳著、搏動著。 "
    },
    {
      "id": 201,
      "name": "紡錘",
      "desc": "能夠用於人格同步與E.G.O異想解析。",
      "flavor": "紡錘是為將所有可能性如絲線般紡織在一起的物品。\n我司將其活用於多個方面，例如人格同步或異想解析。"
    },
    {
      "id": 211,
      "name": "人格訓練券I",
      "desc": "使用後給予50點人格經驗值。",
      "flavor": "寄宿著曾經歷的、正經歷的和將來或許會經歷的事情的訓練券。\n“那些未曾經歷的事情，將深刻烙印於我的腦海中。 ”"
    },
    {
      "id": 212,
      "name": "人格訓練券II",
      "desc": "使用後給予200點人格經驗值。",
      "flavor": "寄宿著曾經歷的、正經歷的和將來或許會經歷的事情的訓練券。\n“嗯~ 我明明從沒去過都市南部，但為什麼會有種親切感呢……”"
    },
    {
      "id": 213,
      "name": "人格訓練券III",
      "desc": "使用後給予1000點人格經驗值。",
      "flavor": "寄宿著曾經歷的、正經歷的和將來或許會經歷的事情的訓練券。\n“……如果以前就有這麼方便的東西，那我或許能更輕鬆地走出那段猶如地獄般的回憶吧。 ”"
    },
    {
      "id": 221,
      "name": "人格等級直升券I",
      "desc": "使用後能夠使人格等級直接升至10級。",
      "flavor": "突破限制，能產生過量經驗的訓練券。\n“哇嗚！吾之身軀比以往更能伸張正義了！ ”"
    },
    {
      "id": 222,
      "name": "人格等級直升券II",
      "desc": "使用後能夠使人格等級直接升至20級。",
      "flavor": "突破限制，能產生過量經驗的訓練券。\n“心裡……莫名冷靜下來了。有種能……完成曾經做不到的事的感覺。 ”"
    },
    {
      "id": 223,
      "name": "人格等級直升券III",
      "desc": "使用後能夠使人格等級直接升至30級。",
      "flavor": "突破限制，能產生過量經驗的訓練券。\n“這玩意兒要是在戰爭時就能入手，那肯定會出大問題。試想，如果能在數秒之間培養出久經沙場的老兵……”"
    },
    {
      "id": 301,
      "name": "腦啡肽盒子",
      "desc": "使用後能夠恢復60點腦啡肽。",
      "flavor": "可以穩定保存液態腦啡肽的容器。\n[注意]未遵照規定順序操作本容器，將有可能導致腦啡肽洩露等事故發生。\n不當吸入腦啡肽可能會引發多項尚未驗證的精神疾病。"
    },
    {
      "id": 401,
      "name": "紡錘箱",
      "desc": "打開後能夠獲得1-3個紡錘。",
      "flavor": "束縛住可能性的箱子。\n沒有人知道其中能汲取出多少種可能性。"
    },
    {
      "id": 1101,
      "name": "[第1賽季]自我碎片箱",
      "desc": "打開後能夠獲得1-3個隨機罪人的自我碎片。",
      "flavor": "罪人的自我碎片被隨機採集並封存於箱子中。沒人知道其中裝著誰的碎片。\n將它拿到安靜的地方，似乎還能隱約聽見喃喃的細語聲。"
    },
    {
      "id": 1201,
      "name": "[第1賽季]自我碎片自選箱",
      "desc": "打開後能夠獲得1-3個指定罪人的自我碎片。",
      "flavor": "能獲得任一罪人自我碎片的箱子。\n據浮士德所述，其結果會根據經理開箱時的選擇而定。"
    },
    {
      "id": 1102,
      "name": "[第2賽季]自我碎片箱",
      "desc": "打開後能夠獲得1-3個隨機罪人的自我碎片。",
      "flavor": "罪人的自我碎片被隨機採集並封存於箱子中。沒人知道其中裝著誰的碎片。\n將它拿到安靜的地方，似乎還能隱約聽見喃喃的細語聲。"
    },
    {
      "id": 1202,
      "name": "[第2賽季]自我碎片自選箱",
      "desc": "打開後能夠獲得1-3個指定罪人的自我碎片。",
      "flavor": "能獲得任一罪人自我碎片的箱子。\n據浮士德所述，其結果會根據經理開箱時的選擇而定。"
    },
    {
      "id": 10101,
      "name": "[第1賽季]自我碎片-李箱",
      "desc": "能夠在自動販賣機中購買李箱的人格和E.G.O，或兌換成紡錘。",
      "flavor": "將罪人們的“某一刻”具象化的碎片。其騰空飄浮。\n若不抓住那股可能性，它們最終只會隨風而逝。"
    },
    {
      "id": 10201,
      "name": "[第1賽季]自我碎片-浮士德",
      "desc": "能夠在自動販賣機中購買浮士德的人格和E.G.O，或兌換成紡錘。",
      "flavor": "將罪人們的“某一刻”具象化的碎片。其騰空飄浮。\n若不抓住那股可能性，它們最終只會隨風而逝。"
    },
    {
      "id": 10301,
      "name": "[第1賽季]自我碎片-堂吉訶德",
      "desc": "能夠在自動販賣機中購買堂吉訶德的人格和E.G.O，或兌換成紡錘。",
      "flavor": "將罪人們的“某一刻”具象化的碎片。其騰空飄浮。\n若不抓住那股可能性，它們最終只會隨風而逝。"
    },
    {
      "id": 10401,
      "name": "[第1賽季]自我碎片-良秀",
      "desc": "能夠在自動販賣機中購買良秀的人格和E.G.O，或兌換成紡錘。",
      "flavor": "將罪人們的“某一刻”具象化的碎片。其騰空飄浮。\n若不抓住那股可能性，它們最終只會隨風而逝。"
    },
    {
      "id": 10501,
      "name": "[第1賽季]自我碎片-默爾索",
      "desc": "能夠在自動販賣機中購買默爾索的人格和E.G.O，或兌換成紡錘。",
      "flavor": "將罪人們的“某一刻”具象化的碎片。其騰空飄浮。\n若不抓住那股可能性，它們最終只會隨風而逝。"
    },
    {
      "id": 10601,
      "name": "[第1賽季]自我碎片-鴻璐",
      "desc": "能夠在自動販賣機中購買鴻璐的人格和E.G.O，或兌換成紡錘。",
      "flavor": "將罪人們的“某一刻”具象化的碎片。其騰空飄浮。\n若不抓住那股可能性，它們最終只會隨風而逝。"
    },
    {
      "id": 10701,
      "name": "[第1賽季]自我碎片-希斯克利夫",
      "desc": "能夠在自動販賣機中購買希斯克利夫的人格和E.G.O，或兌換成紡錘。",
      "flavor": "將罪人們的“某一刻”具象化的碎片。其騰空飄浮。\n若不抓住那股可能性，它們最終只會隨風而逝。"
    },
    {
      "id": 10801,
      "name": "[第1賽季]自我碎片-以實瑪利",
      "desc": "能夠在自動販賣機中購買以實瑪利的人格和E.G.O，或兌換成紡錘。 ",
      "flavor": "將罪人們的“某一刻”具象化的碎片。其騰空飄浮。\n若不抓住那股可能性，它們最終只會隨風而逝。"
    },
    {
      "id": 10901,
      "name": "[第1賽季]自我碎片-羅佳",
      "desc": "能夠在自動販賣機中購買羅佳的人格和E.G.O，或兌換成紡錘。",
      "flavor": "將罪人們的“某一刻”具象化的碎片。其騰空飄浮。\n若不抓住那股可能性，它們最終只會隨風而逝。"
    },
    {
      "id": 11001,
      "name": "[第1賽季]自我碎片-辛克萊",
      "desc": "能夠在自動販賣機中購買辛克萊的人格和E.G.O，或兌換成紡錘。",
      "flavor": "將罪人們的“某一刻”具象化的碎片。其騰空飄浮。\n若不抓住那股可能性，它們最終只會隨風而逝。"
    },
    {
      "id": 11101,
      "name": "[第1賽季]自我碎片-奧提斯",
      "desc": "能夠在自動販賣機中購買奧提斯的人格和E.G.O，或兌換成紡錘。",
      "flavor": "將罪人們的“某一刻”具象化的碎片。其騰空飄浮。\n若不抓住那股可能性，它們最終只會隨風而逝。"
    },
    {
      "id": 11201,
      "name": "[第1賽季]自我碎片-格里高爾",
      "desc": "能夠在自動販賣機中購買格里高爾的人格和E.G.O，或兌換成紡錘。",
      "flavor": "將罪人們的“某一刻”具象化的碎片。其騰空飄浮。\n若不抓住那股可能性，它們最終只會隨風而逝。"
    },
    {
      "id": 10001,
      "name": "[第1賽季]自我碎片-選擇的罪人",
      "desc": "道具獲取概率詳情(請只翻譯name）",
      "flavor": ""
    },
    {
      "id": 10102,
      "name": "[第2賽季]自我碎片-李箱",
      "desc": "能夠在自動販賣機中購買李箱的人格和E.G.O，或兌換成紡錘。",
      "flavor": "將罪人們的“某一刻”具象化的碎片。其騰空飄浮。\n若不抓住那股可能性，它們最終只會隨風而逝。"
    },
    {
      "id": 10202,
      "name": "[第2賽季]自我碎片-浮士德",
      "desc": "能夠在自動販賣機中購買浮士德的人格和E.G.O，或兌換成紡錘。",
      "flavor": "將罪人們的“某一刻”具象化的碎片。其騰空飄浮。\n若不抓住那股可能性，它們最終只會隨風而逝。"
    },
    {
      "id": 10302,
      "name": "[第2賽季]自我碎片-堂吉訶德",
      "desc": "能夠在自動販賣機中購買堂吉訶德的人格和E.G.O，或兌換成紡錘。",
      "flavor": "將罪人們的“某一刻”具象化的碎片。其騰空飄浮。\n若不抓住那股可能性，它們最終只會隨風而逝。"
    },
    {
      "id": 10402,
      "name": "[第2賽季]自我碎片-良秀",
      "desc": "能夠在自動販賣機中購買良秀的人格和E.G.O，或兌換成紡錘。",
      "flavor": "將罪人們的“某一刻”具象化的碎片。其騰空飄浮。\n若不抓住那股可能性，它們最終只會隨風而逝。"
    },
    {
      "id": 10502,
      "name": "[第2賽季]自我碎片-默爾索",
      "desc": "能夠在自動販賣機中購買默爾索的人格和E.G.O，或兌換成紡錘。",
      "flavor": "將罪人們的“某一刻”具象化的碎片。其騰空飄浮。\n若不抓住那股可能性，它們最終只會隨風而逝。"
    },
    {
      "id": 10602,
      "name": "[第2賽季]自我碎片-鴻璐",
      "desc": "能夠在自動販賣機中購買鴻璐的人格和E.G.O，或兌換成紡錘。",
      "flavor": "將罪人們的“某一刻”具象化的碎片。其騰空飄浮。\n若不抓住那股可能性，它們最終只會隨風而逝。"
    },
    {
      "id": 10702,
      "name": "[第2賽季]自我碎片-希斯克利夫",
      "desc": "能夠在自動販賣機中購買希斯克利夫的人格和E.G.O，或兌換成紡錘。",
      "flavor": "將罪人們的“某一刻”具象化的碎片。其騰空飄浮。\n若不抓住那股可能性，它們最終只會隨風而逝。"
    },
    {
      "id": 10802,
      "name": "[第2賽季]自我碎片-以實瑪利",
      "desc": "能夠在自動販賣機中購買以實瑪利的人格和E.G.O，或兌換成紡錘。",
      "flavor": "將罪人們的“某一刻”具象化的碎片。其騰空飄浮。\n若不抓住那股可能性，它們最終只會隨風而逝。"
    },
    {
      "id": 10902,
      "name": "[第2賽季]自我碎片-羅佳",
      "desc": "能夠在自動販賣機中購買羅佳的人格和E.G.O，或兌換成紡錘。",
      "flavor": "將罪人們的“某一刻”具象化的碎片。其騰空飄浮。\n若不抓住那股可能性，它們最終只會隨風而逝。"
    },
    {
      "id": 11002,
      "name": "[第2賽季]自我碎片-辛克萊",
      "desc": "能夠在自動販賣機中購買辛克萊的人格和E.G.O，或兌換成紡錘。",
      "flavor": "將罪人們的“某一刻”具象化的碎片。其騰空飄浮。\n若不抓住那股可能性，它們最終只會隨風而逝。"
    },
    {
      "id": 11102,
      "name": "[第2賽季]自我碎片-奧提斯",
      "desc": "能夠在自動販賣機中購買奧提斯的人格和E.G.O，或兌換成紡錘。",
      "flavor": "將罪人們的“某一刻”具象化的碎片。其騰空飄浮。\n若不抓住那股可能性，它們最終只會隨風而逝。"
    },
    {
      "id": 11202,
      "name": "[第2賽季]自我碎片-格里高爾",
      "desc": "能夠在自動販賣機中購買格里高爾的人格和E.G.O，或兌換成紡錘。",
      "flavor": "將罪人們的“某一刻”具象化的碎片。其騰空飄浮。\n若不抓住那股可能性，它們最終只會隨風而逝。"
    },
    {
      "id": 10002,
      "name": "[第2賽季]自我碎片-選擇的罪人",
      "desc": "道具獲取概率詳情(請只翻譯name）",
      "flavor": ""
    },
    {
      "id": 4,
      "name": "[理想]",
      "desc": "道具獲取概率詳情(請只翻譯name）",
      "flavor": ""
    },
    {
      "id": 20001,
      "name": "廢料",
      "desc": "설명 추가해주세요",
      "flavor": ""
    },
    {
      "id": 20002,
      "name": "馬蹄鐵",
      "desc": "설명 추가해주세요",
      "flavor": ""
    }
  ]
}