{
  "dataList": [
    {
      "id": 1,
      "name": "狂氣",
      "desc": "包含140狂氣。"
    },
    {
      "id": 2,
      "name": "一捆狂氣",
      "desc": "包含588狂氣。"
    },
    {
      "id": 3,
      "name": "一束狂氣",
      "desc": "包含2028狂氣。"
    },
    {
      "id": 4,
      "name": "一箱狂氣",
      "desc": "包含4294狂氣。"
    },
    {
      "id": 5,
      "name": "一大袋狂氣",
      "desc": "包含8206狂氣。"
    },
    {
      "id": 6,
      "name": "一倉庫狂氣",
      "desc": "包含16672狂氣。"
    },
    {
      "id": 11,
      "name": "狂氣",
      "desc": "包含70狂氣。"
    },
    {
      "id": 12,
      "name": "一捆狂氣",
      "desc": "包含294狂氣。\n您還會額外獲得31免費狂氣。"
    },
    {
      "id": 13,
      "name": "一束狂氣",
      "desc": "包含1014狂氣。\n您還會額外獲得156免費狂氣。"
    },
    {
      "id": 14,
      "name": "一箱狂氣",
      "desc": "包含2147狂氣。\n您還會額外獲得323免費狂氣。"
    },
    {
      "id": 15,
      "name": "一大袋狂氣",
      "desc": "包含4103狂氣。\n您還會額外獲得642免費狂氣。"
    },
    {
      "id": 16,
      "name": "一倉庫狂氣",
      "desc": "包含8336狂氣。\n您還會額外獲得1349免費狂氣。"
    },
    {
      "id": 21,
      "name": "月度狂氣補給",
      "desc": "購買後立刻獲得650狂氣。\n之後的30天內每天登陸時都可以領取65免費狂氣。"
    },
    {
      "id": 22,
      "name": "月度狂氣禮包",
      "desc": "購買後立刻獲得130狂氣。\n之後的30天內每天登陸時都可以領取39免費狂氣。"
    },
    {
      "id": 101,
      "name": "每月提取組合包",
      "desc": "包含以下物品的每月組合包：\n\n· 狂氣 x650\n· 十連提取券 x1"
    },
    {
      "id": 102,
      "name": "每月訓練組合包",
      "desc": "包含以下物品的每月組合包：\n\n· 狂氣 x1690\n· 十連提取券 x2\n· 人格等級直升券II x1\n· 人格等級直升券I x2\n· 人格訓練券III x10\n· 人格訓練券II x30"
    },
    {
      "id": 103,
      "name": "每月紡錘組合包",
      "desc": "包含以下物品的每月組合包：\n\n· 狂氣 x1690\n· 十連提取券 x2\n· 紡錘 x120"
    },
    {
      "id": 111,
      "name": "新晉經理組合包",
      "desc": "提供給新晉經理的一次性組合包。內含以下物品：\n\n· 3★必得十連提取券x1\n· 十連提取券x1"
    },
    {
      "id": 121,
      "name": "第1賽季限定補給包",
      "desc": "僅在第1賽季期間可以購買。內含以下物品：\n\n· 狂氣 x5040\n· 十連提取券 x3\n· 人格等級直升券III x1\n· 人格訓練券II x40\n· 紡錘 x80\n· 第1賽季自我碎片自選箱 x40"
    },
    {
      "id": 131,
      "name": "每週提取組合包",
      "desc": "包含以下物品的每週組合包：\n\n· 狂氣 x273\n· 提取券 x5"
    },
    {
      "id": 133,
      "name": "每週紡錘組合包",
      "desc": "包含以下物品的每週組合包：\n\n· 紡錘 x75"
    },
    {
      "id": 134,
      "name": "每週腦啡肽組合包",
      "desc": "包含以下物品的每週組合包：\n\n· 腦啡肽盒子 x20"
    },
    {
      "id": 999,
      "name": "邊獄通行證",
      "desc": "將戰鬥通行證升級為邊獄通行證。\n\n※ 僅對當前賽季生效。"
    },
    {
      "id": 122,
      "name": "第2賽季限定補給包",
      "desc": "僅在第2賽季期間可以購買。內含以下物品：\n\n· 狂氣 x5040\n· 十連提取券 x3\n· 人格等級直升券III x1\n· 人格訓練券III x30\n· 紡錘 x80\n· 第2賽季自我碎片自選箱 x40"
    }
  ]
}