{
  "dataList": [
    {
      "id": "mainui_settings_game",
      "content": "玩法"
    },
    {
      "id": "mainui_settings_graphic",
      "content": "圖形"
    },
    {
      "id": "mainui_settings_sound",
      "content": "音量"
    },
    {
      "id": "mainui_settings_notice",
      "content": "通知"
    },
    {
      "id": "mainui_settings_etc",
      "content": "雜項"
    },
    {
      "id": "mainui_settings_download",
      "content": "下載"
    },
    {
      "id": "mainui_settings_download_complete",
      "content": "下載完成"
    },
    {
      "id": "mainui_settings_video_resource",
      "content": "視頻資源"
    },
    {
      "id": "mainui_settings_audio_resource",
      "content": "音頻資源"
    },
    {
      "id": "mainui_settings_animation_resource",
      "content": "動效資源"
    },
    {
      "id": "mainui_settings_ego_presentation",
      "content": "E.G.O動效"
    },
    {
      "id": "mainui_settings_on",
      "content": "開啟"
    },
    {
      "id": "mainui_settings_off",
      "content": "關閉"
    },
    {
      "id": "mainui_settings_play_once_per_day",
      "content": "每天一次"
    },
    {
      "id": "mainui_settings_resolution",
      "content": "分辨率"
    },
    {
      "id": "mainui_settings_resolution_windowded",
      "content": "窗口化"
    },
    {
      "id": "mainui_settings_resolution_fullscreen",
      "content": "全屏"
    },
    {
      "id": "mainui_settings_texquality",
      "content": "材質質量"
    },
    {
      "id": "mainui_settings_resolution_warning",
      "content": "高分辨率可能會導致設備發熱並增加功耗。"
    },
    {
      "id": "mainui_settings_fps_warning",
      "content": "高幀數可能會導致設備發熱並增加功耗。"
    },
    {
      "id": "mainui_settings_low",
      "content": "低"
    },
    {
      "id": "mainui_settings_middle",
      "content": "中"
    },
    {
      "id": "mainui_settings_high",
      "content": "高"
    },
    {
      "id": "mainui_settings_postprocessing",
      "content": "後處理"
    },
    {
      "id": "mainui_settings_ppon",
      "content": "開啟"
    },
    {
      "id": "mainui_settings_ppoff",
      "content": "關閉"
    },
    {
      "id": "mainui_settings_ppdesc",
      "content": "控制戰鬥中的鏡頭效果。影響遊戲性能。"
    },
    {
      "id": "mainui_settings_antialiasing",
      "content": "抗鋸齒"
    },
    {
      "id": "mainui_settings_clear",
      "content": "恢復默認"
    },
    {
      "id": "mainui_settings_clear_ask",
      "content": "要將所有選項都恢復為默認狀態嗎？"
    },
    {
      "id": "mainui_settings_render_acceleration",
      "content": "加速渲染"
    },
    {
      "id": "mainui_settings_sound_master",
      "content": "總音量"
    },
    {
      "id": "mainui_settings_sound_sfx",
      "content": "音效音量"
    },
    {
      "id": "mainui_settings_sound_voice",
      "content": "語音音量"
    },
    {
      "id": "mainui_settings_sound_battle_announcer",
      "content": "播報音量"
    },
    {
      "id": "mainui_settings_notice_enkephalin_full",
      "content": "恢復腦啡肽"
    },
    {
      "id": "mainui_settings_notice_ads",
      "content": "廣告通知"
    },
    {
      "id": "mainui_settings_notice_ads_night",
      "content": "廣告通知（夜間）"
    },
    {
      "id": "mainui_settings_change_launguage",
      "content": "語言"
    },
    {
      "id": "mainui_settings_change_launguage_ask",
      "content": "更改語言需要重啟遊戲來使改變生效。"
    },
    {
      "id": "mainui_settings_faq_btn",
      "content": "聯繫客服"
    },
    {
      "id": "connect_to_google_account",
      "content": "綁定Google帳號"
    },
    {
      "id": "connect_to_apple_account",
      "content": "綁定Apple帳號"
    },
    {
      "id": "explain_sucession",
      "content": "帳號停用後，所有遊戲數據和消費記錄都會被清除。"
    },
    {
      "id": "explain_sucession_remain_days",
      "content": "您由7天的後悔期。期間可通過登錄來恢復帳號的使用。"
    },
    {
      "id": "explain_writing_code_for_sucession",
      "content": "※ 若您同意上述條款，\n請輸入輸入框中的字符。"
    },
    {
      "id": "explain_secession_status",
      "content": "該帳號目前正處於停用倒計時。\n剩餘時間：{0}天{1}小時{2}分\n\n您可以通過進行登錄來恢復帳號。\n要恢復帳號嗎？"
    },
    {
      "id": "recover",
      "content": "恢復"
    },
    {
      "id": "request_sucession",
      "content": "停用帳號"
    },
    {
      "id": "request_sucession_success",
      "content": "已成功請求停用。"
    },
    {
      "id": "mainui_settings_account",
      "content": "帳號"
    },
    {
      "id": "account_secede",
      "content": "停用帳號"
    },
    {
      "id": "connected_accounts",
      "content": "關聯帳號"
    },
    {
      "id": "mainui_settings_bloom",
      "content": "泛光"
    },
    {
      "id": "mainui_settings_blur",
      "content": "模糊"
    },
    {
      "id": "mainui_settings_bloomdesc",
      "content": "控制泛光模糊效果。影響遊戲性能。"
    },
    {
      "id": "mainui_settings_blurdesc",
      "content": "控制模糊效果。影響遊戲性能。"
    }
  ]
}