{
  "dataList": [
    {
      "id": "loginui_sign_in_with_google",
      "content": "Google登錄"
    },
    {
      "id": "loginui_sign_in_with_apple",
      "content": "Apple登錄"
    },
    {
      "id": "loginui_sign_in_with_steam",
      "content": "Steam登錄"
    },
    {
      "id": "loginui_sign_in_with_guest",
      "content": "遊客登錄"
    },
    {
      "id": "loginui_sign_out_current_account",
      "content": "登出"
    },
    {
      "id": "loginui_sign_out_current_account_desc",
      "content": "登出現有的帳戶嗎？\n如果正以遊客身份登錄，帳戶數據可能會丟失。"
    },
    {
      "id": "loginui_sign_out_switch_account_desc",
      "content": "登出現有的帳戶\n並登錄選擇的帳戶嗎？\n如果正以遊客身份登錄，帳戶數據可能會丟失。"
    },
    {
      "id": "switch_account",
      "content": "切換帳號"
    },
    {
      "id": "user_agreements",
      "content": "服務條款"
    },
    {
      "id": "title_game_data_download",
      "content": "下載遊戲數據"
    },
    {
      "id": "content_game_data_download",
      "content": "正在下載{0}的數據。"
    },
    {
      "id": "content_game_data_download_description",
      "content": "當設備空間不足時，將會返回標題界面。"
    },
    {
      "id": "content_game_data_download_recommend",
      "content": "推薦在Wi-Fi環境下進行下載。"
    },
    {
      "id": "switch_allcacheclear",
      "content": "清除所有緩存"
    },
    {
      "id": "switch_oldcacheclear",
      "content": "清除舊緩存"
    },
    {
      "id": "networkingerror_content",
      "content": "網絡連接不穩定。\n請檢查您的網絡連接。"
    },
    {
      "id": "networkingerror_close",
      "content": "關閉"
    },
    {
      "id": "networkingerror_retry",
      "content": "重試"
    },
    {
      "id": "loginui_ok",
      "content": "確認"
    },
    {
      "id": "login_cancel",
      "content": "取消"
    },
    {
      "id": "loginui_loading_battlehint",
      "content": "戰鬥提示"
    },
    {
      "id": "servererror_content",
      "content": "服務器發生錯誤。\n請稍後再試。"
    },
    {
      "id": "forcequit_content",
      "content": "遊戲無法運行。\n即將關閉遊戲。"
    },
    {
      "id": "serverstate_openpreparation",
      "content": "巴士仍在準備中！"
    },
    {
      "id": "serverstate_regularcheck",
      "content": "服務器正在例行維護。"
    },
    {
      "id": "serverstate_temporary_check",
      "content": "服務器正在進行臨時維護。"
    },
    {
      "id": "serverstate_verify_invaliduser",
      "content": "帳戶不存在或已被停用。"
    },
    {
      "id": "serverstate_verify_ban",
      "content": "帳戶被封禁。"
    },
    {
      "id": "serverstate_verify_invalidauth",
      "content": "發生錯誤。\n請重新登錄。"
    },
    {
      "id": "guestlogin_failed_try_newguest",
      "content": "沒有檢測到遊客帳戶。\n要建立新帳戶嗎？"
    },
    {
      "id": "secession_remain_days",
      "content": "該帳號將在倒計時結束後停用。\n剩餘時間：{0}天{1}小時{2}分\n\n可以通過進行登錄來恢復帳號。\n要恢復帳號嗎？"
    },
    {
      "id": "secession_canceled",
      "content": "帳號恢復成功。"
    },
    {
      "id": "serverstate_verify_invalidclientversion",
      "content": "需要下載新版遊戲客戶端。"
    },
    {
      "id": "create_guest",
      "content": "創建遊客帳號"
    },
    {
      "id": "ask_to_remove_all_cache",
      "content": "要清除所有緩存嗎？"
    },
    {
      "id": "networkingerror_update",
      "content": "跳轉至商店頁面"
    }
  ]
}