{
  "dataList": [
    {
      "id": "move_to_inventory",
      "content": "跳轉至背包"
    },
    {
      "id": "progress_personality_gacksung",
      "content": "進行同步"
    },
    {
      "id": "mainui_reinforce_support_passive",
      "content": "支援被動 [{0}] 強化"
    },
    {
      "id": "mainui_reinforce_battle_passive",
      "content": "被動技能 [{0}] 強化"
    },
    {
      "id": "mainui_battle_passsive_reinforce",
      "content": "被動技能強化"
    },
    {
      "id": "mainui_support_passsive_reinforce",
      "content": "支援被動技能強化"
    },
    {
      "id": "mainui_target_num_label",
      "content": "攻擊容量"
    },
    {
      "id": "mainui_awaken_requirement_label",
      "content": "所需物品"
    }
  ]
}