{
  "dataList": [
    {
      "id": 2010111,
      "name": "沉默",
      "desc": "受到攻擊時，下回合獲得3層束縛 ，使用目標抗性為“脆弱”或“致命”的技能攻擊目標時造成的傷害+20%\n（每回合1次）"
    },
    {
      "id": 2010211,
      "name": "火星",
      "desc": "拼點勝利時，對目標施加(暴怒完全共鳴數/2)級強度的燒傷 。\n（每個技能1次）"
    },
    {
      "id": 2010311,
      "name": "石頭爺爺",
      "desc": "回合開始時，使自身獲得3層打擊守護 與怠惰守護 。"
    },
    {
      "id": 2020111,
      "name": "倦怠",
      "desc": "攻擊技能的威力+2。\n若本場戰鬥超過10回合，每回合開始時使自身獲得2層守護 ，同時使自身攻擊技能威力-2。"
    },
    {
      "id": 2020211,
      "name": "液膜",
      "desc": "回合開始時，使體力最低的友方單位獲得2層守護 。(包括自身)"
    },
    {
      "id": 2020311,
      "name": "好痛！",
      "desc": "每有一項負面狀態，使自身造成的傷害+10%。(最多50%)"
    },
    {
      "id": 2030111,
      "name": "熱情過盛",
      "desc": "攻擊命中時，若目標帶有流血 ，則使自身恢復3點體力。"
    },
    {
      "id": 2030211,
      "name": "憂鬱浪潮",
      "desc": "使儀錶盤最右端的技能指向的目標在攻擊之後使對象失去(2x憂鬱完全共鳴數)點理智值。\n(對異想體則造成憂鬱屬性傷害)"
    },
    {
      "id": 2040111,
      "name": "藝術",
      "desc": "上一回合每擊殺一名敵方單位，就使自身造成與受到的傷害+5%。。"
    },
    {
      "id": 2040211,
      "name": "終末火柴之光",
      "desc": "使自身使用的第4個技能威力+4，每次命中時對目標施加4級燒傷 強度。"
    },
    {
      "id": 2050111,
      "name": "拒絕判斷",
      "desc": "戰鬥開始時，若自身被3個及以上技能指定為目標，則使自身獲得3層守護 。"
    },
    {
      "id": 2050211,
      "name": "最終改造",
      "desc": "若自身在體力低於25%時使用了E.G.O技能“脫線一擊”，則使自身每回合獲得3層強壯 ，忍耐 和迅捷 ，但自身會在3回合後陣亡。"
    },
    {
      "id": 2050311,
      "name": "天啟",
      "desc": "儀錶盤最左側的技能拼點勝利後，在下回合使隨機友方單位獲得1層強壯或1層忍耐。"
    },
    {
      "id": 2060111,
      "name": "漣漪",
      "desc": "戰鬥開始時，使理智值最低的友方單位恢復(憂鬱共鳴數)點理智值\n陷入恐慌的友方單位除外。"
    },
    {
      "id": 2060211,
      "name": "縛身絲帶",
      "desc": "下回合對儀錶盤最左側技能的目標施加(色欲共鳴數/4)層色欲易損 。"
    },
    {
      "id": 2070111,
      "name": "傲氣",
      "desc": "其他友方單位擊殺敵人時，在下回合使自身獲得2層強壯 ，2層迅捷 和4層易損。"
    },
    {
      "id": 2070211,
      "name": "咆哮",
      "desc": "擊殺敵人後，使自身獲得(嫉妒完全共鳴數/2)層充能 。"
    },
    {
      "id": 2080111,
      "name": "強迫症",
      "desc": "進行自身有利的拼點時，拼點威力+2。\n進行自身不利的拼點時，拼點威力-2。"
    },
    {
      "id": 2080211,
      "name": "粉色絲帶",
      "desc": "拼點勝利時，在下回合對目標施加1層粉色絲帶 。"
    },
    {
      "id": 2080311,
      "name": "火星飛散",
      "desc": "自身的攻擊命中時，若目標擁有燒傷 ，則使3名隨機敵人增加1級燒傷 強度。"
    },
    {
      "id": 2090111,
      "name": "斷絕",
      "desc": "理智值恢復效率 +1，理智值減少效率 -1 。"
    },
    {
      "id": 2090211,
      "name": "火種",
      "desc": "擊殺擁有燒傷 的敵人後，使自身恢復體力上限(暴怒共鳴數)%的體力。"
    },
    {
      "id": 2090311,
      "name": "寒氣",
      "desc": "自身的攻擊命中時，若目標的沉淪 強度高於5級，則對其施加1層束縛 和1層虛弱 。\n（每個目標最多3次）"
    },
    {
      "id": 2100111,
      "name": "不穩定",
      "desc": "攻擊命中時，如果硬幣與前一個硬幣的正反不同，則失去10點理智值，下回合獲得1層傷害強化。"
    },
    {
      "id": 2100211,
      "name": "活祭儀式",
      "desc": "用攻擊或反擊技能擊殺敵人後，獲得5個該技能對應屬性的罪孽碎片。"
    },
    {
      "id": 2110111,
      "name": "完美戰術",
      "desc": "若自身在整個回合內沒有受到任何攻擊，則在下回合使自身獲得1層傷害強化 。"
    },
    {
      "id": 2110211,
      "name": "猜疑之枝",
      "desc": "回合開始時，使自身獲得1層突刺傷害強化 。\n自身的攻擊正面命中時，下回合對目標施加1層束縛 和1層破裂。"
    },
    {
      "id": 2110311,
      "name": "入定",
      "desc": "回合開始時，使自身獲得1層色欲傷害強化 。\n若自身的理智值低於0則額外獲得1層。"
    },
    {
      "id": 2120111,
      "name": "異形發作",
      "desc": "回合開始時，若自身的體力低於25%，則使自身恢復15點體力並獲得2層守護 。\n使自身以外的1名隨機友方單位失去15點理智值。"
    },
    {
      "id": 2120211,
      "name": "蛆蟲",
      "desc": "自身的攻擊命中時，有(暴食共鳴數x8)%的概率對目標施加5層蛆蟲 。"
    },
    {
      "id": 2120311,
      "name": "吸收養分",
      "desc": "擊殺擁有破裂 的敵人後，使自身恢復體力上限(暴食共鳴數)%的體力。"
    },
    {
      "id": 2030311,
      "name": "無序放電",
      "desc": "戰鬥開始時，使隨機友方單位獲得(嫉妒完全共鳴數/2)層充能 。"
    },
    {
      "id": 2020411,
      "name": "適應型放電",
      "desc": "自身擁有充能 時，每層充能 使自身造成的傷害+2%。\n技能的充能 層數消耗量降低2層。"
    },
    {
      "id": 2030411,
      "name": "暴食巨釜",
      "desc": "回合開始時，將2個非色欲屬性的罪孽碎片轉化為1個色欲罪孽碎片。"
    },
    {
      "id": 2100311,
      "name": "燉菜噴湧",
      "desc": "自身的攻擊反面命中時，使目標增加1級燒傷 強度。"
    },
    {
      "id": 2010411,
      "name": "徬徨之人",
      "desc": "回合開始時，若自身在上回合未受到傷害，則獲得4層充能 \n命中速度值低於自身的目標時，對目標施加1層破裂 。(每回合最多3次)"
    },
    {
      "id": 2060311,
      "name": "糾纏態現狀復原",
      "desc": "命中擁有負面狀態的目標時，使自身獲得1層充能 。(每回合最多4次)\n戰鬥中自身的體力首次降至0時，消耗所有充能 層數，並根據所消耗的層數來按比例恢復體力。(每場戰鬥僅生效一次，最多恢復體力上限25%的體力)"
    },
    {
      "id": 2050411,
      "name": "無法抑制的興奮",
      "desc": "戰鬥開始時，若自身被2個及以上技能指定為目標，則使技能基礎威力+1 ，受到攻擊時，使對方增加1級燒傷 強度。（每回合最多生效5次）"
    },
    {
      "id": 2080411,
      "name": "在歡呼聲中斷氣",
      "desc": "目標的體力低於30%時，憤怒屬性技能的傷害 +20%"
    },
    {
      "id": 2110411,
      "name": "狩獵的呼吸",
      "desc": "拼點結束後，獲得2層呼吸法 \n陷入混亂時獲得2層守護 ，從混亂狀態恢復後 獲得5層呼吸法 "
    },
    {
      "id": 2070311,
      "name": "神經質的放電",
      "desc": "受到攻擊時，消耗1層充能 ，使自身恢復體力上限2.5%的體力\n若受到攻擊時體力不高於40%，則在發動體力恢復效果前，獲得1層充能 （該被動每回合最多可獲得10層充能 ）"
    },
    {
      "id": 2120411,
      "name": "交流放電",
      "desc": "正面命中時，自身消耗2層充能 並使擁有充能 的友方單位中充能 層數最少的單位獲得1層充能 "
    },
    {
      "id": 2010511,
      "name": "雨過天晴",
      "desc": "回合開始時。全體友方單位恢復3點理智值"
    },
    {
      "id": 2040311,
      "name": "蛛網",
      "desc": "拼點勝利後，下回合對目標施加1層束縛 （每回合最多3次）"
    },
    {
      "id": 2040411,
      "name": "捕食",
      "desc": "如果該單位在本回合內恢復超過體力上限的10%，則在下回合獲得1層強壯 "
    }
  ]
}