{
  "dataList": [
    {
      "id": 90001,
      "name": "蟲的肉體",
      "desc": "回合結束時，恢復5點體力。"
    },
    {
      "id": 90002,
      "name": "補充養分",
      "desc": "擊殺敵人時，恢復20點體力。下回合使自身獲得5層忍耐 。"
    },
    {
      "id": 90003,
      "name": "利刃",
      "desc": "攻擊命中時，使目標增加1-2級流血 強度。\n回合開始時，優先攻擊擁有標記 的角色。"
    },
    {
      "id": 90004,
      "name": "士氣低下",
      "desc": "每當友方單位被擊殺時，自身永久獲得1層易損 。"
    },
    {
      "id": 90005,
      "name": "懲戒",
      "desc": "體力低於50%時，下回合使自身獲得5層強壯 。"
    },
    {
      "id": 90006,
      "name": "精神波動",
      "desc": "攻擊命中時，使目標失去10點理智值。"
    },
    {
      "id": 9000101,
      "name": "負傷的強化肉體",
      "desc": "回合開始時，若自身的體力低於50%，則恢復1點體力。"
    },
    {
      "id": 9000102,
      "name": "強化肉體",
      "desc": "回合開始時，若自身的體力低於50%，則恢復2點體力。"
    },
    {
      "id": 9000103,
      "name": "被侵蝕的強化肉體",
      "desc": "回合開始時，若自身的體力低於50%，則恢復4點體力。"
    },
    {
      "id": 9100301,
      "name": "老大哥",
      "desc": "本角色陣亡時，全體友方單位失去45點理智值。"
    },
    {
      "id": 9100302,
      "name": "小崽子們！",
      "desc": "每當友方單位被擊殺時，本角色失去15點理智值。"
    },
    {
      "id": 9100401,
      "name": "派對時間",
      "desc": "每回合使包含自身在內的全體友方單位恢復10點理智值。\n回合開始時，若自身理智值高於20點，則獲得1層強壯 和1層忍耐 。"
    },
    {
      "id": 9100402,
      "name": "派對結束",
      "desc": "本角色陣亡時，全體友方單位失去45點理智值。"
    },
    {
      "id": 9002801,
      "name": "HP彈",
      "desc": "回合開始時，恢復15點體力。\n若自身的體力低於50%，則額外恢復15點體力。"
    },
    {
      "id": 9003201,
      "name": "高貴的犧牲在此",
      "desc": "友方單位被擊殺時，下回合開始時使自身獲得1層強壯 。"
    },
    {
      "id": 9003801,
      "name": "處刑的喜悅",
      "desc": "擊殺敵人後，下回合開始時使自身獲得2層傷害強化 。"
    },
    {
      "id": 9100501,
      "name": "執柄者之鎚",
      "desc": "回合開始時，若本角色存活，則使全體友方單位恢復10點理智值。\n若本角色陣亡，則使全體友方單位失去45點理智值。"
    },
    {
      "id": 9100601,
      "name": "執念",
      "desc": "體力低於50%時，則下回合開始時解除自身的負面狀態，並且每回合獲得4層狂信 ，1層強壯 和1層忍耐 。"
    },
    {
      "id": 9100502,
      "name": "汝當錘！",
      "desc": "自身擁有狂信 時，使自身造成的傷害+50%。"
    },
    {
      "id": 9004601,
      "name": "機械精神",
      "desc": "理智值固定為0。"
    },
    {
      "id": 9004602,
      "name": "堅硬的外皮",
      "desc": "受到的流血 及燒傷 傷害減半"
    },
    {
      "id": 9004603,
      "name": "注意搖晃",
      "desc": "自身受到引爆震顫的攻擊時，混亂閾值前移量 +50%"
    },
    {
      "id": 9004604,
      "name": "注意損壞",
      "desc": "自身受到破裂造成的傷害時，受傷害量 +30%（小數點向下取整）"
    },
    {
      "id": 9004901,
      "name": "破裂功能損傷",
      "desc": "陷入混亂後，此後施加的破裂 強度，破裂 層數減少1"
    },
    {
      "id": 9005001,
      "name": "震顫功能損傷",
      "desc": "陷入混亂後，此後施加的震動 強度，震動 層數減少1"
    },
    {
      "id": 9100701,
      "name": "攻擊功能過熱",
      "desc": "自身的攻擊造成混亂時，下回合使自身獲得3層傷害強化 "
    },
    {
      "id": 9100702,
      "name": "破裂功能完全損傷",
      "desc": "陷入混亂後，此後施加的破裂 強度，破裂 層數減少3"
    },
    {
      "id": 9100703,
      "name": "震顫功能完全損傷",
      "desc": "陷入混亂後，此後施加的震顫 強度，震顫 層數減少3"
    },
    {
      "id": 9100801,
      "name": "扳手啟動",
      "desc": "本回合中，根據正面命中的硬幣數量，獲得相應層數的共振。（最多10層）"
    },
    {
      "id": 9100802,
      "name": "玫瑰扳手工坊代表",
      "desc": "在本波次中，根據陣亡的友方單位數量使目標額外增加相應震顫 強度"
    },
    {
      "id": 9100803,
      "name": "這就是最後了嗎",
      "desc": "單獨在場時，每回合獲得1層共振和1層震顫同步。"
    },
    {
      "id": 9100804,
      "name": "那就沒辦法了",
      "desc": "單獨在場時，下回合將攻擊目標鎖定為自身最後攻擊的對象"
    },
    {
      "id": 9100901,
      "name": "絞纏的咒符",
      "desc": "根據本回合內拼點次數，獲得相應層數的糾纏的咒符 "
    },
    {
      "id": 9100902,
      "name": "捆縛的咒符",
      "desc": "當擁有10層糾纏的咒符 時，消耗全部層數並使自身混亂閾值後退10"
    },
    {
      "id": 9100903,
      "name": "倍增的咒符",
      "desc": "體力值低於30%時，複貼的咒符 層數+1"
    },
    {
      "id": 9100904,
      "name": "侵蝕的咒符",
      "desc": "體力值低於30%時，攻擊後若目標擁有5層複貼的咒符 ，則下回合對目標施加2層麻痺 "
    },
    {
      "id": 9006201,
      "name": "流淌的憂鬱",
      "desc": "反面命中時，使目標增加2級沉淪 強度"
    },
    {
      "id": 9006202,
      "name": "溢出的哀傷",
      "desc": "回合結束時，自身失去5點理智值"
    },
    {
      "id": 9006101,
      "name": "醉意",
      "desc": "每擁有5層昂揚 ，則獲得5層醉意 。"
    },
    {
      "id": 9006102,
      "name": "醒酒",
      "desc": "擁有5層醉意 時，使用守備技能。"
    },
    {
      "id": 9006801,
      "name": "注射恢復安瓿",
      "desc": "回合開始時，恢復20點體力"
    },
    {
      "id": 9006802,
      "name": "緊急注射安瓿",
      "desc": "體力不高於25%時，使自身恢復體力上限40%的體力（最多1次）"
    },
    {
      "id": 9007001,
      "name": "黃金時間",
      "desc": "回合結束時，若剩餘體力為12%~24%，則立刻使自身恢復體力上限65%的體力。解除混亂狀態。（最多1次）"
    },
    {
      "id": 9007002,
      "name": "時間逆向回溯",
      "desc": "觸發黃金時間後，回合結束時對自身施加3層易損 "
    },
    {
      "id": 9005401,
      "name": "恐怖裝置",
      "desc": "友方單位攻擊友方單位時，造成3點理智傷害。"
    }
  ]
}