{
  "dataList": [
    {
      "id": "10102_getCondition_normal",
      "content": "獲得Seven協會 南部6科 李箱"
    },
    {
      "id": "10102_getCondition_gacksung",
      "content": "Seven協會 南部6科 李箱 3階段同步完成"
    },
    {
      "id": "10103_getCondition_normal",
      "content": "獲得劍契組 殺手 李箱"
    },
    {
      "id": "10103_getCondition_gacksung",
      "content": "劍契組 殺手 李箱 3階段同步完成"
    },
    {
      "id": "10202_getCondition_normal",
      "content": "獲得W公司 2級清掃人員 浮士德"
    },
    {
      "id": "10202_getCondition_gacksung",
      "content": "W公司 2級清掃人員 浮士德 3階段同步完成"
    },
    {
      "id": "10203_getCondition_normal",
      "content": "獲得腦葉公司 倖存者 浮士德"
    },
    {
      "id": "10203_getCondition_gacksung",
      "content": "腦葉公司 倖存者 浮士德 3階段同步完成"
    },
    {
      "id": "10302_getCondition_normal",
      "content": "獲得W公司 3級清掃人員 堂吉訶德"
    },
    {
      "id": "10302_getCondition_gacksung",
      "content": "W公司 3級清掃人員 堂吉訶德 3階段同步完成"
    },
    {
      "id": "10303_getCondition_normal",
      "content": "獲得し協會 南部5科科長 堂吉訶德"
    },
    {
      "id": "10303_getCondition_gacksung",
      "content": "し協會 南部5科科長 堂吉訶德 3階段同步完成"
    },
    {
      "id": "10402_getCondition_normal",
      "content": "獲得Seven協會 南部6科 良秀"
    },
    {
      "id": "10402_getCondition_gacksung",
      "content": "Seven協會 南部6科 良秀 3階段同步完成"
    },
    {
      "id": "10403_getCondition_normal",
      "content": "獲得黑雲會 若眾 良秀"
    },
    {
      "id": "10403_getCondition_gacksung",
      "content": "黑雲會 若眾 良秀 3階段同步完成"
    },
    {
      "id": "10502_getCondition_normal",
      "content": "獲得六協會 南部6科 默爾索"
    },
    {
      "id": "10502_getCondition_gacksung",
      "content": "六協會 南部6科 默爾索 3階段同步完成"
    },
    {
      "id": "10503_getCondition_normal",
      "content": "獲得W公司 2級清掃人員 默爾索"
    },
    {
      "id": "10503_getCondition_gacksung",
      "content": "W公司 2級清掃人員 默爾索 3階段同步完成"
    },
    {
      "id": "10602_getCondition_normal",
      "content": "獲得黑雲會 若眾 鴻璐"
    },
    {
      "id": "10602_getCondition_gacksung",
      "content": "黑雲會 若眾 鴻璐 3階段同步完成"
    },
    {
      "id": "10603_getCondition_normal",
      "content": "獲得豆豆幫 幫主 鴻璐"
    },
    {
      "id": "10603_getCondition_gacksung",
      "content": "豆豆幫 幫主 鴻璐 3階段同步完成"
    },
    {
      "id": "10702_getCondition_normal",
      "content": "獲得し協會 南部5科 希斯克利夫"
    },
    {
      "id": "10702_getCondition_gacksung",
      "content": "し協會 南部5科 希斯克利夫 3階段同步完成"
    },
    {
      "id": "10703_getCondition_normal",
      "content": "獲得R公司 第四集團軍 兔子隊 希斯克利夫"
    },
    {
      "id": "10703_getCondition_gacksung",
      "content": "R公司 第四集團軍 兔子隊 希斯克利夫 3階段同步完成"
    },
    {
      "id": "10802_getCondition_normal",
      "content": "獲得R公司 第四集團軍 馴鹿隊 以實瑪利"
    },
    {
      "id": "10802_getCondition_gacksung",
      "content": "R公司 第四集團軍 馴鹿隊 以實瑪利 3階段同步完成"
    },
    {
      "id": "10803_getCondition_normal",
      "content": "獲得 し協會 南部5科 以實瑪利"
    },
    {
      "id": "10803_getCondition_gacksung",
      "content": "し協會 南部5科 以實瑪利 3階段同步完成"
    },
    {
      "id": "10804_getCondition_normal",
      "content": "獲得LCCB 係長 以實瑪利"
    },
    {
      "id": "10804_getCondition_gacksung",
      "content": "LCCB 係長 以實瑪利 3階段同步完成"
    },
    {
      "id": "10902_getCondition_normal",
      "content": "獲得黑雲會 若眾 羅佳"
    },
    {
      "id": "10902_getCondition_gacksung",
      "content": "黑雲會 若眾 羅佳 3階段同步完成"
    },
    {
      "id": "10903_getCondition_normal",
      "content": "獲得LCCB 係長 羅佳"
    },
    {
      "id": "10903_getCondition_gacksung",
      "content": "LCCB 係長 羅佳 3階段同步完成"
    },
    {
      "id": "11002_getCondition_normal",
      "content": "獲得劍契組 殺手 辛克萊"
    },
    {
      "id": "11002_getCondition_gacksung",
      "content": "劍契組 殺手 辛克萊 3階段同步完成"
    },
    {
      "id": "11003_getCondition_normal",
      "content": "獲得Zwei協會 南部6科 辛克萊"
    },
    {
      "id": "11003_getCondition_gacksung",
      "content": "Zwei協會 南部6科 辛克萊 3階段同步完成"
    },
    {
      "id": "11004_getCondition_normal",
      "content": "獲得流浪樂隊 頭目 辛克萊"
    },
    {
      "id": "11004_getCondition_gacksung",
      "content": "流浪樂隊 頭目 辛克萊 3階段同步完成"
    },
    {
      "id": "11102_getCondition_normal",
      "content": "獲得劍契組 封口人 奧提斯"
    },
    {
      "id": "11102_getCondition_gacksung",
      "content": "劍契組 封口人 奧提斯 3階段同步完成"
    },
    {
      "id": "11103_getCondition_normal",
      "content": "獲得G公司 部門經理 奧提斯"
    },
    {
      "id": "11103_getCondition_gacksung",
      "content": "G公司 部門經理 奧提斯 3階段同步完成"
    },
    {
      "id": "11202_getCondition_normal",
      "content": "獲得六協會 南部6科 格里高爾"
    },
    {
      "id": "11202_getCondition_gacksung",
      "content": "六協會 南部6科 格里高爾 3階段同步完成"
    },
    {
      "id": "11203_getCondition_normal",
      "content": "獲得G公司 科長助理 格里高爾"
    },
    {
      "id": "11203_getCondition_gacksung",
      "content": "G公司 科長助理 格里高爾 3階段同步完成"
    },
    {
      "id": "10504_getCondition_normal",
      "content": "獲得N公司 大錘 默爾索"
    },
    {
      "id": "10504_getCondition_gacksung",
      "content": "N公司 大錘 默爾索 3階段同步完成"
    },
    {
      "id": "10904_getCondition_normal",
      "content": "獲得N公司 中錘 羅佳"
    },
    {
      "id": "10904_getCondition_gacksung",
      "content": "N公司 中錘 羅佳 3階段同步完成"
    },
    {
      "id": "10204_getCondition_normal",
      "content": "獲得執柄者 浮士德"
    },
    {
      "id": "10204_getCondition_gacksung",
      "content": "執柄者 浮士德 3階段同步完成"
    },
    {
      "id": "10704_getCondition_normal",
      "content": "獲得N公司 小錘 希斯克利夫"
    },
    {
      "id": "10704_getCondition_gacksung",
      "content": "N公司 小錘 希斯克利夫 3階段同步完成"
    },
    {
      "id": "11104_getCondition_normal",
      "content": "獲得Seven協會 南部6科科長 奧提斯"
    },
    {
      "id": "11104_getCondition_gacksung",
      "content": "Seven協會 南部6科科長 奧提斯 3階段同步完成"
    },
    {
      "id": "10604_getCondition_normal",
      "content": "獲得六協會 南部5科 鴻璐"
    },
    {
      "id": "10604_getCondition_gacksung",
      "content": "六協會 南部5科 鴻璐 3階段同步完成"
    },
    {
      "id": "10404_getCondition_normal",
      "content": "獲得良・派 廚師長 良秀"
    },
    {
      "id": "10404_getCondition_gacksung",
      "content": "良・派 廚師長 良秀 3階段同步完成"
    },
    {
      "id": "11204_getCondition_normal",
      "content": "獲得良·派 幫廚 格里高爾"
    },
    {
      "id": "11204_getCondition_gacksung",
      "content": "良・派 幫廚 格里高爾 3階段同步完成"
    },
    {
      "id": "10304_getCondition_normal",
      "content": "獲得N公司 中錘 堂吉訶德"
    },
    {
      "id": "10304_getCondition_gacksung",
      "content": "N公司 中錘 堂吉訶德 3階段同步完成"
    },
    {
      "id": "11005_getCondition_normal",
      "content": "獲得準執柄者 辛克萊"
    },
    {
      "id": "11005_getCondition_gacksung",
      "content": "準執柄者 辛克萊 3階段同步完成"
    },
    {
      "id": "10905_getCondition_normal",
      "content": "獲得玫瑰扳手工坊 代表 羅佳"
    },
    {
      "id": "10905_getCondition_gacksung",
      "content": "玫瑰扳手工坊 代表 羅佳 3階段同步完成"
    },
    {
      "id": "10505_getCondition_normal",
      "content": "獲得玫瑰扳手工坊 收尾人 默爾索"
    },
    {
      "id": "10505_getCondition_gacksung",
      "content": "玫瑰扳手工坊 收尾人 默爾索 3階段同步完成"
    },
    {
      "id": "10705_getCondition_normal",
      "content": "獲得腦葉公司E.G.O::狐雨：希斯克利夫"
    },
    {
      "id": "10705_getCondition_gacksung",
      "content": "腦葉公司E.G.O::狐雨：希斯克利夫 3階段同步完成"
    },
    {
      "id": "11205_getCondition_normal",
      "content": "獲得玫瑰扳手工坊 收尾人 格里高爾"
    },
    {
      "id": "11205_getCondition_gacksung",
      "content": "玫瑰扳手工坊 收尾人 格里高爾 3階段同步完成"
    },
    {
      "id": "10104_getCondition_normal",
      "content": "綻放\nE.G.O::山茶花 李箱 獲得時"
    },
    {
      "id": "10104_getCondition_gacksung",
      "content": "綻放\nE.G.O::山茶花 李箱 獲得時"
    },
    {
      "id": "10805_getCondition_normal",
      "content": "獲得腦葉公司E.G.O::蕩漾：以實瑪利"
    },
    {
      "id": "10805_getCondition_gacksung",
      "content": "腦葉公司E.G.O::蕩漾：以實瑪利 3階段同步完成"
    },
    {
      "id": "10605_getCondition_normal",
      "content": "獲得K公司 3級摘除人員 鴻璐"
    },
    {
      "id": "10605_getCondition_gacksung",
      "content": "K公司 3級摘除人員 鴻璐 3階段同步完成"
    },
    {
      "id": "11006_getCondition_normal",
      "content": "獲得腦葉公司E.G.O::朱符 辛克萊"
    },
    {
      "id": "11006_getCondition_gacksung",
      "content": "腦葉公司E.G.O::朱符 辛克萊 3階段同步完成"
    },
    {
      "id": "10806_getCondition_normal",
      "content": "獲得六協會 南部4科 以實瑪利"
    },
    {
      "id": "10806_getCondition_gacksung",
      "content": "六協會 南部4科 以實瑪利 3階段同步完成"
    },
    {
      "id": "10506_getCondition_normal",
      "content": "獲得R公司 第四集團軍 犀牛隊 默爾索"
    },
    {
      "id": "10506_getCondition_gacksung",
      "content": "R公司 第四集團軍 犀牛隊 默爾索 3階段同步完成"
    },
    {
      "id": "10906_getCondition_normal",
      "content": "獲得Zwei協會 南部5科 羅佳"
    },
    {
      "id": "10906_getCondition_gacksung",
      "content": "Zwei協會 南部5科 羅佳 3階段同步完成"
    },
    {
      "id": "10305_getCondition_normal",
      "content": "獲得Cinq協會 5科 科長"
    },
    {
      "id": "10305_getCondition_gacksung",
      "content": "Cinq協會 5科 科長 堂吉訶德 3階段同步完成"
    }
  ]
}