{
  "dataList": [
    {
      "id": 800101,
      "name": "蘋果的黃金期",
      "desc": "果實被破壞後，使所有部位獲得2層易損。\n果實會在一回合後再生。",
      "summary": "果實被破壞後，使所有部位獲得2層易損 。"
    },
    {
      "id": 800102,
      "name": "如果它出現了就是bug1",
      "desc": "當頭部再生一次後，體力再度低於50%時出現判定事件。"
    },
    {
      "id": 800103,
      "name": "如果它出現了就是bug2",
      "desc": "第3回合開始時，出現能夠消除綠色枝幹的效果的判定事件。"
    },
    {
      "id": 800104,
      "name": "纏繞的根",
      "desc": "回合開始時，對所有敵人施加1層束縛 ，直到根部被破壞為止。",
      "summary": "對所有敵人施加1層束縛 ，直到根部被破壞為止。"
    },
    {
      "id": 800105,
      "name": "唯一的根",
      "desc": "每有一個未被破壞的手臂部位，根部便獲得2層強壯 。"
    },
    {
      "id": 800201,
      "name": "血祭開幕",
      "desc": "終末土偶被全部擊殺後，進入下一階段。"
    },
    {
      "id": 800202,
      "name": "如果它出現了也是bug",
      "desc": "第2階段的第2回合開始時，出現判定事件1。"
    },
    {
      "id": 800203,
      "name": "火祭開幕",
      "desc": "手臂被全部破壞，或本體體力低於70%時，進入下一階段。"
    },
    {
      "id": 800204,
      "name": "熱氣",
      "desc": "第3階段時，每回合使所有敵人增加3級燒傷 強度。"
    },
    {
      "id": 800205,
      "name": "如果它出現了也是bug",
      "desc": "體力低於上限的60%時，出現判定事件2。"
    },
    {
      "id": 800206,
      "name": "星祭開幕",
      "desc": "本體的體力低於25%時，進入下一階段。"
    },
    {
      "id": 800207,
      "name": "如果它出現了也是bug",
      "desc": "第4階段的第2回合開始時，出現判定事件3。"
    },
    {
      "id": 800301,
      "name": "偶像崇拜",
      "desc": "體力值歸零時不會陣亡，並以無法行動且無法被選為目標的狀態留在場上。\n終末日曆被鎮壓時將被一併鎮壓。"
    },
    {
      "id": 800801,
      "name": "碎裂的黃金",
      "desc": "每回合根據光輝 層數按比例恢復體力。"
    },
    {
      "id": 800901,
      "name": "",
      "desc": ""
    },
    {
      "id": 800902,
      "name": "中樞毀壞",
      "desc": "頭部被破壞的下一回合，所有部位無法行動。被破壞的頭部將在一回合後再生。"
    },
    {
      "id": 800903,
      "name": "腐爛的蘋果",
      "desc": "軀幹被破壞後，每個回合開始時對所有部位施加2層虛弱 。"
    },
    {
      "id": 800904,
      "name": "這個文本是bug",
      "desc": "這個文本是bug"
    },
    {
      "id": 801001,
      "name": "強化工廠啟動",
      "desc": "自身陣亡時，下回合獲得1層手術 並復活。"
    },
    {
      "id": 801002,
      "name": "你必須變強",
      "desc": "每回合獲得1層守護 。"
    },
    {
      "id": 801201,
      "name": "你必須變強",
      "desc": "每回合獲得2層守護 。"
    },
    {
      "id": 801301,
      "name": "搖晃的慾望",
      "desc": "進入渴望 狀態後，施加2層易損 ，10層束縛 ，獲得一個行動槽並改變自身的行動模式。"
    },
    {
      "id": 801302,
      "name": "席捲其身的慾望",
      "desc": "每減少30%體力，進入渴望 狀態。"
    },
    {
      "id": 801904,
      "name": "深入肌膚的恐懼",
      "desc": "在本波次中，根據被擊殺的友方單位數量獲得相應層數的守護 。(最多5層)"
    },
    {
      "id": 802401,
      "name": "隨脈而動的手臂",
      "desc": "回合開始時，根據本能 的層數獲得相應層數的強壯 和守護 。"
    },
    {
      "id": 802402,
      "name": "受損傷的手臂",
      "desc": "受到傷害時失去1層本能 。"
    },
    {
      "id": 802403,
      "name": "軀殼修復",
      "desc": "回合結束時，若本回合內未受到傷害，則恢復5%的體力，獲得1層本能 。"
    },
    {
      "id": 802404,
      "name": "狂亂的雙眼",
      "desc": "擁有至少4層本能 時將進入攻擊模式，低於4層本能 時將進入防禦模式。"
    },
    {
      "id": 802501,
      "name": "膨脹的攻擊性",
      "desc": "受到攻擊時，獲得1層本能 。回合結束時，若擁有超過4層本能 ，則進入狂暴 狀態。"
    },
    {
      "id": 802502,
      "name": "狂暴",
      "desc": "進入狂暴 狀態時，自身獲得3層強壯並施加3層易損 ，隨後改變自身的行動。被攻擊時不再積蓄“本能”層數。"
    },
    {
      "id": 802503,
      "name": "蕩漾的暴怒",
      "desc": "體力低於50%時，每回合都進入狂暴 狀態。"
    },
    {
      "id": 802701,
      "name": "膨脹的攻擊性",
      "desc": "受到攻擊時，獲得1層本能 。回合結束時，若擁有超過4層本能 ，則進入狂暴 狀態。"
    },
    {
      "id": 802702,
      "name": "狂暴",
      "desc": "進入狂暴 狀態時，自身獲得3層強壯並施加3層易損 ，隨後改變自身的行動。被攻擊時不再積蓄“本能”層數。"
    },
    {
      "id": 802801,
      "name": "腐化外皮",
      "desc": "回合開始時，若自身體力低於50%，則受到攻擊時，對攻擊者施加3層 劇毒。"
    },
    {
      "id": 802802,
      "name": "脫皮",
      "desc": "破壞本條手臂後，若下一回合結束前未能破壞另一條手臂，則本條手臂將會以另一條手臂的體力值再生。"
    },
    {
      "id": 802803,
      "name": "痛苦蠕動",
      "desc": "兩條手臂均被破壞後，每回合對自身施加5層易損 ，並對所有敵人施加10層劇毒 。"
    },
    {
      "id": 802804,
      "name": "蠢蠢欲動的本能",
      "desc": "擁有至少4層本能 時將進入攻擊模式，低於4層本能 時將進入防禦模式。"
    },
    {
      "id": 803302,
      "name": "被切斷的手臂",
      "desc": "手臂被破壞後，每回合對自身施加5層易損 。"
    },
    {
      "id": 802901,
      "name": "令人恐懼的哨音",
      "desc": "記號 少於3個時，每回合對辛克萊施加1層束縛 和1層麻痺 。"
    },
    {
      "id": 802902,
      "name": "戰勝恐懼的勇氣",
      "desc": "記號 達到3個或以上時，每回合使辛克萊獲得1層強壯 和2層守護 。"
    },
    {
      "id": 802903,
      "name": "接受痛苦吧！",
      "desc": "回合開始時，若未被破壞的部位擁有流血 或燒傷 層數，則恢復體力上限的15%，獲得3層強壯 。恢復比例與威力提升 根據記號 的個數按比減少。"
    },
    {
      "id": 802904,
      "name": "處刑的歡愉",
      "desc": "擊殺敵人後，下回合開始時使自身獲得2層迅捷 和5層傷害強化 。"
    },
    {
      "id": 803001,
      "name": "滿溢而出的喜悅",
      "desc": "從第3回合開始，每2回合便進入狂喜 狀態。"
    },
    {
      "id": 803002,
      "name": "綻放的純粹",
      "desc": "克羅默的本體體力低於50%時，在剩餘回合中將進入純粹 狀態。"
    },
    {
      "id": 803003,
      "name": "無瑕的肉身",
      "desc": "手臂被破壞後，對該部位施加兩層虛弱 。"
    },
    {
      "id": 803101,
      "name": "血囊",
      "desc": "暴怒耐性提升。\n憂鬱耐性降低。"
    },
    {
      "id": 803102,
      "name": "水囊",
      "desc": "水囊 持續期間，本體恢復（數值x20）點體力。"
    },
    {
      "id": 803103,
      "name": "鮮血沸騰",
      "desc": "當處於血囊 狀態的軀幹部位被破壞，對所有敵人造成20點固定傷害。"
    },
    {
      "id": 803201,
      "name": "避雷針",
      "desc": "電線桿被攻擊時，對攻擊者施加2層感電 。\n擁有超過5層帶電狀態 時，下回合開始改為對攻擊者施加3層感電 。\n（持續到帶電狀態 層數降至0為止。）\n受到怠惰屬性的攻擊時，對攻擊者施加的感電 層數減半。(向上取整)"
    },
    {
      "id": 803202,
      "name": "帶電狀態",
      "desc": "電線桿未被破壞時，攻擊結束後使自身獲得1層帶電狀態 。電線桿被攻擊時，失去1層帶電狀態 。"
    },
    {
      "id": 803203,
      "name": "破裂的碎片",
      "desc": "電線桿陷入混亂或被破壞時，帶電狀態 層數歸零。本回合內巷頭惡犬的攻擊全部中斷。"
    },
    {
      "id": 803401,
      "name": "小鳳小鳳到處走動",
      "desc": "回合結束時，隨機使1名敵人損失3點理智值。"
    },
    {
      "id": 803701,
      "name": "小鳳小鳳力量爆棚",
      "desc": "回合結束時，下回合對包含自身在內的全體友方單位獲得2層傷害強化 與2層守護 。"
    },
    {
      "id": 803901,
      "name": "幸福的雞",
      "desc": "回合結束時，根據參與戰鬥的生雞數量，使自身恢復（生雞數量*5）的體力。"
    },
    {
      "id": 803902,
      "name": "憂鬱的雞",
      "desc": "回合結束時，根據參與戰鬥的生雞數量，使所有敵人損失（生雞數量*5）的理智值。"
    },
    {
      "id": 803903,
      "name": "衰弱的雞",
      "desc": "部位被破壞時，根據直到部位被破壞為止陣亡的生雞數量，每回合對自身施加相應層數的脆弱 。"
    },
    {
      "id": 803904,
      "name": "變強的雞",
      "desc": "未進入部位破壞狀態時，每回合根據存活的生雞數量獲得相應層數的傷害強化 。"
    },
    {
      "id": 804101,
      "name": "愈加膨脹的哀傷",
      "desc": "回合結束時，若擁有3層以上尚未釋懷的哀傷，則下回合生成頭部並改變自身的行為"
    },
    {
      "id": 804102,
      "name": "無法自拔的悲傷",
      "desc": "回合結束時，若擁有3層以上尚未釋懷的哀傷且頭部被破壞，則在下回合陷入混亂"
    },
    {
      "id": 804103,
      "name": "無力化",
      "desc": "頭部陷入混亂時，下一回合所有部位陷入混亂。"
    },
    {
      "id": 804104,
      "name": "完全無力化",
      "desc": "頭部被破壞後，下一回合所有部位陷入混亂。此後的戰鬥中，對所有部位施加3層虛弱 。"
    },
    {
      "id": 804501,
      "name": "鮮活的神經",
      "desc": "該單位垂死時，本回合所有技能全部取消\n根據自身擁有的自體發電 層數，獲得相應層數的自體發電 "
    },
    {
      "id": 804502,
      "name": "活動的神經",
      "desc": "該單位垂死時，每使用1個攻擊技能則消耗1層自體發電 \n消耗自身自體發電 層數攻擊敵方單位，直至全部消耗"
    },
    {
      "id": 804503,
      "name": "頑強的生命力",
      "desc": "每5回合，獲得與頭部體力值相等的護盾"
    },
    {
      "id": 804504,
      "name": "斷絕的生命力",
      "desc": "在“盤繞”後，護盾每次全部消耗，則消耗自體發電 \n下回合所有部位陷入混亂"
    },
    {
      "id": 804601,
      "name": "損壞的傘",
      "desc": "背部被破壞時，每回合對自身施加3層易損 。額外增加2級破裂強度 "
    },
    {
      "id": 804602,
      "name": "磨損殆盡的傘",
      "desc": "頭部的傘被破壞時，每回合對自身施加3層攻擊等級降低 ，額外增加2級沉淪 強度"
    },
    {
      "id": 804603,
      "name": "最後的掙扎",
      "desc": "剩餘15%體力時，每回合速度值固定為1。對自身施加1層虛弱 \n新召喚的舊傘體力值增加30%。每回合使用技能“尋找某物的哭聲”"
    },
    {
      "id": 804701,
      "name": "蔓延的火種",
      "desc": "回合結束時，若自身擁有燒傷 ，則下回合根據自身擁有的燒傷 數值，對擁有糾纏的咒符 的全體目標施加相應數值的燒傷 "
    },
    {
      "id": 804702,
      "name": "被破壞的手段",
      "desc": "手臂部位被破壞時，手臂所造成傷害-20%"
    },
    {
      "id": 804801,
      "name": "醉意令人打嗝！",
      "desc": "對擁有高於5層醉意 的敵方單位使用特定技能後，陷入混亂。"
    },
    {
      "id": 804802,
      "name": "香氣四溢吧？",
      "desc": "由內而外散發的莫名的香氣使人興致昂揚。\n波次開始時，隨機使1名罪人獲得5層昂揚 "
    },
    {
      "id": 805201,
      "name": "被捨棄的舊傘",
      "desc": "自身被擊殺時，下回合使擊殺該單位的罪人獲得2層迅捷 \n對流浪狐狸的所有部位施加2層束縛 。施加1層雨傘碎片 "
    },
    {
      "id": 804301,
      "name": "岌岌可危的精神",
      "desc": "回合結束時，失去10點理智值。"
    },
    {
      "id": 804302,
      "name": "岌岌可危的心靈",
      "desc": "士氣低落狀態時，獲得2層強壯 ，3層束縛 "
    },
    {
      "id": 804303,
      "name": "混亂不安的心靈",
      "desc": "如果處於恐慌狀態則陷入混亂"
    },
    {
      "id": 804304,
      "name": "決心",
      "desc": "從恐慌狀態中恢復時，使理智值回復至最大，並獲得2層迅捷 ，2層強壯 。"
    },
    {
      "id": 804305,
      "name": "腦葉公司 E.G.O",
      "desc": "戰鬥開始時，擁有體力值為1200點的護盾。"
    },
    {
      "id": 805301,
      "name": "封閉的心",
      "desc": "每當該單位被破壞後，對冬柏施加5層沉淪 ，使全體罪人消耗2層沉淪 。下回合使全體罪人獲得1層守護 ，2層強壯 "
    },
    {
      "id": 804401,
      "name": "綻放",
      "desc": "第5回合開始時，生成4朵擁有3層成長 的即將綻放的花 。"
    },
    {
      "id": 804402,
      "name": "盛開的內心",
      "desc": "體力低於50%時，進入第2階段。在進入第2階段前體力不會低於50%"
    },
    {
      "id": 804403,
      "name": "對決",
      "desc": "體力低於50%時，指定1名特定單位使用特殊技能\n若李箱擁有對決 效果，則冬柏獲得1層強壯 \n若李箱贏得對決，則下回合使全體友方單位獲得3層傷害強化 "
    },
    {
      "id": 804404,
      "name": "開花的代價",
      "desc": "技能春風爛漫 拼點失敗時，損失10點理智值"
    },
    {
      "id": 805401,
      "name": "茁壯成長的花",
      "desc": "生成時擁有1層生長 "
    },
    {
      "id": 804901,
      "name": "不該存在的文字 (翻譯 x)",
      "desc": "不該存在的文字 (翻譯 x)"
    },
    {
      "id": 804902,
      "name": "不該存在的文字 (翻譯 x))",
      "desc": "不該存在的文字 (翻譯 x)"
    },
    {
      "id": 804903,
      "name": "自我破壞",
      "desc": "所有技能變為敵我不分。每使用一個技能則損失體力值上限的2%"
    },
    {
      "id": 804904,
      "name": "自我救贖",
      "desc": "體力恢復效果變為2倍"
    },
    {
      "id": 805601,
      "name": "光耀的虛榮",
      "desc": "回合開始時，若該單位存活，則使東朗獲得1層守護 ，1層強壯 "
    },
    {
      "id": 805602,
      "name": "懇切的成就",
      "desc": "該單位擁有懇切的成就 時，將適用以下效果。\n- 只能被東朗的攻擊擊殺\n- 該單位被罪人攻擊至1點體力值時，恢復罪人的體力，並使該單位獲得空虛的榮譽\n- 東朗擊殺該單位時，恢復東朗的體力，下回合使其獲得強化"
    },
    {
      "id": 805603,
      "name": "空虛的榮譽",
      "desc": "該單位擁有空虛的榮譽 時，將適用以下效果。\n- 僅能被東朗擊殺\n- 東朗擊殺該單位時，東朗損失體力值，獲得1層空虛 且下回合被削弱"
    },
    {
      "id": 805701,
      "name": "成熟的成果",
      "desc": "使擊殺該單位的目標恢復其體力值上限的5%，下回合使該目標獲得1層迅捷 ，1層強壯 "
    },
    {
      "id": 805001,
      "name": "向著理想",
      "desc": "現存體力達到體力上限的85%，50%時，生成兩株慾望之樹 且更改技能模式"
    },
    {
      "id": 806001,
      "name": "光耀的慾望",
      "desc": "回合開始時，若該單位存活，則東朗的傷害量增加，並獲得1層守護 "
    },
    {
      "id": 805004,
      "name": "背道而馳的代價",
      "desc": "技能豐收時間 失敗時，損失5點理智值"
    },
    {
      "id": 805005,
      "name": "苦笑",
      "desc": "陷入恐慌時，回合開始時獲得2層守護 且理智值恢復為0"
    },
    {
      "id": 805006,
      "name": "低效判斷",
      "desc": "從混亂狀態恢復時，獲得1層強壯 "
    },
    {
      "id": 805007,
      "name": "消耗體力",
      "desc": "使用技能請成為我的養分 3次後，下回合陷入混亂"
    },
    {
      "id": 805002,
      "name": "向著理想",
      "desc": "現存體力達到體力上限的85%時，生成兩株慾望之樹 且更改技能模式"
    },
    {
      "id": 805003,
      "name": "向著理想",
      "desc": "現存體力達到體力上限的50%時，生成兩株慾望之樹 且更改技能模式"
    },
    {
      "id": 805901,
      "name": "稍作休息",
      "desc": "生成巨大的四葉草後，回合結束時自身恢復30點體力"
    },
    {
      "id": 805902,
      "name": "丟失的手段",
      "desc": "手臂部位被破壞後，每回合獲得2層虛弱 "
    },
    {
      "id": 805903,
      "name": "受損的綠蔭",
      "desc": "破壞葉子部位後，每回合獲得2層防禦等級降低 ，1層易損 "
    },
    {
      "id": 806201,
      "name": "污染的葉子",
      "desc": "每回合開始時，長腿妖精獲得1層體力恢復提升 ，1層強壯 。"
    },
    {
      "id": 80620101,
      "name": "污染的葉子",
      "desc": "每回合開始時，長腿妖精獲得1層體力恢復提升 ，1層強壯 。"
    }
  ]
}