{
  "dataList": [
    {
      "id": "1",
      "nameList": [
        {
          "id": "0",
          "content": "進入1號線"
        },
        {
          "id": "1",
          "content": "首站 - 遭遇"
        },
        {
          "id": "2",
          "content": "第2站 - 敘舊"
        },
        {
          "id": "3",
          "content": "第3站 - 沉淪"
        },
        {
          "id": "4",
          "content": "第4站 - 再會"
        },
        {
          "id": "5",
          "content": "第5站 - 絕緣"
        },
        {
          "id": "6",
          "content": "第6站 - 提撥"
        },
        {
          "id": "7",
          "content": "第7站 - 斷首"
        },
        {
          "id": "8",
          "content": "第8站 - 存在"
        },
        {
          "id": "9",
          "content": "第9站 - 血清"
        },
        {
          "id": "10",
          "content": "第10站 - 岔舌"
        },
        {
          "id": "11",
          "content": "第11站 - 導電"
        },
        {
          "id": "12",
          "content": "第12站 - 淨化"
        },
        {
          "id": "13",
          "content": "終點站 - 無我"
        }
      ]
    }
  ]
}