{
  "dataList": [
    {
      "id": "1",
      "title": "首站：遭遇",
      "desc": "<color=#990000><b> [折射率：3%] </b></color>\n\n剛剛登上列車後才不久，\n車輛似乎就已經停了下來。\n雖然感覺上還有些陌生，\n但在經歷兩三場戰鬥之後，情況應該就會有所改變。"
    },
    {
      "id": "2",
      "title": "第2站：敘舊",
      "desc": "<color=#990000><b> [折射率：8%] </b></color>\n\n它們是在某一刻，我們曾經遇到過的東西。\n這可能只是另一場遭遇戰。\n又或者，是在未來的某些時刻我們將會接觸到的存在。"
    },
    {
      "id": "3",
      "title": "第3站：沉淪",
      "desc": "<color=#990000><b> [折射率：13%] </b></color>\n\n傳來了一陣陰鬱而悲傷的哭聲。\n儘管我們很想留在此處繼續聆聽下去，\n但我們不能停留太久。\n為了抵達下一站，我們別無選擇，只能去面對它。"
    },
    {
      "id": "4",
      "title": "第4站：再會",
      "desc": "<color=#990000><b> [折射率：19%] </b></color>\n\n那些人曾經無情地追捕過我們。\n看到他們再次與我們對峙……\n不知為何，這有點讓我感到噁心。"
    },
    {
      "id": "5",
      "title": "第5站：絕緣",
      "desc": "<color=#990000><b> [折射率：23%] </b></color>\n\n咆哮的雷聲震顫著空氣。\n深邃的黑暗會被時不時的一道紫色的閃電所刺穿。\n聲音越來越接近，\n光線越來越明亮。\n那等待著我們的東西，逐漸變得清晰。"
    },
    {
      "id": "6",
      "title": "第6站：提撥",
      "desc": "<color=#990000><b> [折射率：34%] </b></color>\n\n雷鳴般的嗡嗡聲似乎仍在耳邊縈繞。\n等等，不對。\n這聲音雖然聽上去很相似，但又不完全一致。\n鐵鏽與肉類燒焦的氣味，就這樣飄過我們的身邊。"
    },
    {
      "id": "7",
      "title": "第7站：斷首",
      "desc": "<color=#990000><b> [折射率：42%] </b></color>\n\n遭受了眾多反射與折射後，\n強烈的眩暈感讓我產生了一種想把腦袋給扯下來的衝動。\n強忍住本不該存在的嘔吐衝動，\n一個新的生命出現在眼前，\n我很慶幸我的衝動僅僅只停留在念頭。"
    },
    {
      "id": "8",
      "title": "第8站：存在",
      "desc": "<color=#990000><b> [折射率：51%] </b></color>\n\n那些公司的自動裝置並不是已知唯一可以再生的生物。\n回頭看去……還有一種生物從戰鬥中吸取了經驗。\n它們會模仿他人化為己物。\n這是一種借他人之物來掩蓋自身存在的東西。"
    },
    {
      "id": "9",
      "title": "第9站：血清",
      "desc": "<color=#990000><b> [折射率：59%] </b></color>\n\n這個標誌所代表的公司，曾經一度把我們逼到絕境。\n那些能在受傷的瞬間就治癒的人……\n這場戰鬥想必需要足夠的果斷與決心。"
    },
    {
      "id": "10",
      "title": "第10站：岔舌",
      "desc": "<color=#990000><b> [折射率：71%] </b></color>\n\n蠕動的舌頭分叉為兩半，不知道該指向哪個方向。\n不知道該指向哪個方向，\n緊張地伸出又縮回。\n我們和它都處於危險當中。\n哪怕是一個錯誤的選擇，都可能讓我們被反射到這個鏡面之外。"
    },
    {
      "id": "11",
      "title": "第11站：導電",
      "desc": "<color=#990000><b> [折射率：84%] </b></color>\n\n這些是我們在幾個車站前曾經看到過的生物。\n他們為什麼會這樣聚在一起，\n完全是個謎團。\n或許它們在折射時被投射到了同一位置，\n又或者，它們可能只是像水導電那樣，自然而然的結合在一起。"
    },
    {
      "id": "12",
      "title": "第12站：淨化",
      "desc": "<color=#990000><b> [折射率：92%] </b></color>\n\n它就這樣，以它所認為的最純粹的形態站在那裡。\n一位罪人驚呼，“這怎麼可能！ ”，\n然而在一個如此扭曲的世界中，\n這樣的說法不會有什麼意義。\n我們之間唯一被允許的交流，就是武器相擊碰撞的聲響。"
    },
    {
      "id": "13",
      "title": "終點站：無我",
      "desc": "<color=#990000><b> [折射率：99%] </b></color>\n\n這就是極限了。\n即使是片刻的放鬆，感覺也會讓我們被彈回來時的地方。\n一時的大意，就會使我們所有的努力都化為烏有。\n如果我們能度過這一關，就能抵達終點站。\n讓我們放空思想，繼續前行——彷彿那邊空無一物。"
    }
  ]
}