{
  "dataList": [
    {
      "id": "10101",
      "title": "布隆布隆",
      "place": "梅菲斯托費勒斯上",
      "desc": "巴士內瀰漫著尷尬又嚴峻的氛圍。儘管我得到了“經理”的職位，卻並不清楚現在該採取何種行動。於是我下定決心向對面那位有著昆蟲手臂的罪人詢問巴士的目的地。"
    },
    {
      "id": "10102",
      "title": "舞蹈時間",
      "place": "4區後巷某處",
      "desc": "我聽從了倒轉時鐘這一威脅似的請求，經歷了無數次比死亡還恐怖的痛苦。巴士內部在不愉快的氛圍中陷入寂靜，我也打算沉默不語。真希望能就這樣安安靜靜地到達4區……"
    },
    {
      "id": "10103",
      "title": "巴士甲板",
      "place": "4區 後巷",
      "desc": "有一幫衝著巴士而來的後巷的地痞流氓襲擊了我們。但是不知為何，我們並沒有直接殺死他們，而是給他們留了一口氣，並把他們的身體挪到了梅菲斯托費勒斯的前方……"
    },
    {
      "id": "10104",
      "title": "腦啡肽",
      "place": "4區後巷某處",
      "desc": "欣賞了一番處理屍體比罪人們還可靠的梅菲斯托費勒斯。雖然我第一次見到這輛巴士的時候就覺得它不同尋常，但它到底是什麼？浮士德哆嗦著嘴唇，看上去是有話要說。"
    },
    {
      "id": "10105",
      "title": "尤莉",
      "place": "4區後巷某處",
      "desc": "正當巴士的‘用餐’在某種程度上告一段落時，維吉里烏斯隨即大聲說道馬上就會有客人要來。我好奇誰將會和我們一同踏上這場不盡人意的旅程。"
    },
    {
      "id": "10106",
      "title": "地圖",
      "place": "4區後巷某處",
      "desc": "來訪的客人是曾在腦葉公司任職的，名叫尤莉的收尾人。看她似乎對於巴士吞食屍體的場面司空見慣的樣子，可見她一定吃過不少苦。而這位尤莉小姐看了看地圖後，突然有些不安似的望向了駕駛席……"
    },
    {
      "id": "10107",
      "title": "三人組",
      "place": "4區後巷某處",
      "desc": "雖說現在才發現這件事也算得上是走運……卡戎是路痴這一衝擊性的事實擺在了面前。尤莉再也坐不住了，挽起袖管說要去教卡戎怎麼看地圖，看不下去的辛克萊也自然地加入了其中。雖然有些吵鬧……但是我覺得這樣的場景也值得一看。"
    },
    {
      "id": "10108",
      "title": "害蟲",
      "place": "4區後巷某處",
      "desc": "正透過巴士車窗觀看後巷風景的羅佳突然渾身一顫。順著她的視線看去，那裡聚集著一群有著蟲子腦袋的人。隨後格里高爾的表情也瞬間僵住。與羅佳顯露出的厭惡感不同，那明顯是完全不同的表情。"
    },
    {
      "id": "10109",
      "title": "嚮導",
      "place": "4區 腦葉公司支部前",
      "desc": "幾經折騰，我們最終抵達了舊腦葉公司支部。入口附近聚集了我們從未見過的人們，就好像在等著我們一樣……"
    },
    {
      "id": "10110",
      "title": "8階收尾人",
      "place": "4區 腦葉公司支部前",
      "desc": "在我們即將踏入腦葉公司支部之時，維吉里烏斯突然悄悄地叫住了我。他好像要單獨和我說些什麼。"
    },
    {
      "id": "10111",
      "title": "D-02支部",
      "place": "4區 腦葉公司支部內某處",
      "desc": "我們來到了地下。這裡遍地是散發出腐臭味的屍體，還爬滿了蛆蟲。這裡到底發生過什麼？以及，我們最終能否順利地將金枝奪回？"
    }
  ]
}