{
  "dataList": [
    {
      "id": "MirrorWorld_Name_1",
      "content": "黑雲會與劍契的世界"
    },
    {
      "id": "MirrorWorld_Name_2",
      "content": "六協會南部的世界"
    },
    {
      "id": "MirrorWorld_Name_3",
      "content": "Zwei協會南部的世界"
    },
    {
      "id": "MirrorWorld_Name_4",
      "content": "し協會南部的世界"
    },
    {
      "id": "MirrorWorld_Name_5",
      "content": "Seven協會南部的世界"
    },
    {
      "id": "MirrorWorld_Name_6",
      "content": "W公司的世界"
    },
    {
      "id": "MirrorWorld_Name_7",
      "content": "R公司的世界"
    },
    {
      "id": "MirrorWorld_Name_8",
      "content": "（章節II）LCCB的世界"
    },
    {
      "id": "MirrorWorld_Name_9",
      "content": "（章節I）舊L公司的世界"
    },
    {
      "id": "MirrorWorld_Name_10",
      "content": "（章節I）舊G公司的世界"
    },
    {
      "id": "MirrorWorld_Name_11",
      "content": "（章節II）J公司後巷的世界"
    },
    {
      "id": "MirrorWorld_Name_12",
      "content": "（章節III）N公司的世界"
    },
    {
      "id": "MirrorWorld_Name_13",
      "content": "23區後巷的世界"
    },
    {
      "id": "MirrorWorld_Name_14",
      "content": "（章節IV）K公司的世界"
    }
  ]
}