{
  "dataList": [
    {
      "id": 10301,
      "title": "哼唱",
      "place": "梅菲斯托費勒斯 上",
      "desc": "維吉里烏斯向我們公佈了下一個目的地。當所有人都顯得神采奕奕時，有位罪人卻表現得十分古怪……"
    },
    {
      "id": 10302,
      "title": "盤查",
      "place": "通往K公司 檢查站的路上",
      "desc": "我們很驚訝，本次的目的地居然是K巢。據說，進入巢必須得經過安檢口的層層盤查，需要辦理的入境手續也十分繁雜。"
    },
    {
      "id": 10303,
      "title": "紫色編碼",
      "place": "K巢檢查關口",
      "desc": "我們等著檢查關口辦公室的面試，並且維吉里烏斯和以實瑪利正在依據程序指導我們。希望我們能通過……"
    },
    {
      "id": 10304,
      "title": "禁忌",
      "place": "K巢檢查關口",
      "desc": "我們親愛的堂吉訶德對不義的難耐再一次捅了婁子。K巢武裝成員把我們團團圍住，而維吉里烏斯僅僅在那袖手旁觀，對我們的再次失手感到失望。"
    },
    {
      "id": 10305,
      "title": "禁忌 2",
      "place": "K公司 檢查站",
      "desc": "與K公司保安的鬥爭在持續。他們看起來很難受傷……而我們越來越疲憊。"
    },
    {
      "id": 10306,
      "title": "HP彈",
      "place": "K公司 檢查站",
      "desc": "K公司奇點生產的HP彈讓我們對他們造成的任何傷害無效化。罪人們正在失去耐心。"
    },
    {
      "id": 10307,
      "title": "齊格飛",
      "place": "K巢檢查關口",
      "desc": "一個從外面來的男人以極快的速度靠近。這位極其快活且充滿活力的人是齊格飛，他和維吉里烏斯有些交集。在友好的交流過後，他衝向了我們的罪人。"
    },
    {
      "id": 10308,
      "title": "埃菲索德，又一次的小插曲。",
      "place": "K公司 檢查站外面",
      "desc": "在與齊格飛混亂的交戰後，我們和一對熟人在出口碰面了，他們倆用著與之前相同的自信和舉止同我們打招呼……"
    },
    {
      "id": 10309,
      "title": "他們達成的交易",
      "place": "梅菲斯托費勒斯上",
      "desc": "回到巴士，我察覺到緊張的氣氛。維吉里烏斯似乎不想讓今天的事情輕易翻篇。祝你好運，堂吉訶德……"
    },
    {
      "id": 10310,
      "title": "異端審判官",
      "place": "卡爾夫鎮入口",
      "desc": "當所有事告一段落，我們終於繼續了我們在卡爾夫鎮的旅程。在我們能夠享受這短暫的平靜之前，某個自稱為“異端審判官”的人在巴士的後窗上砸了個洞。"
    },
    {
      "id": 10311,
      "title": "異端審判官2",
      "place": "卡爾夫鎮入口",
      "desc": "先遣隊最終聯繫了我們。從聯絡器中傳來的神秘聲音暗示了正在發生的事，讓辛克萊陷入了恐慌。"
    },
    {
      "id": 10312,
      "title": "異端審判官3",
      "place": "卡爾夫鎮入口",
      "desc": "成群的異端審判官持續地攻擊我們。他們是誰，還有他們為什麼那麼執著於要把我的腦袋弄下來？"
    },
    {
      "id": 10313,
      "title": "平安夜",
      "place": "卡爾夫鎮內",
      "desc": "我們已經到達了卡爾夫鎮。一首熟悉的歌，伴著幾顆飾有驚駭之物的樹木所構成的恐怖光景，迎接著我們的到來。"
    },
    {
      "id": 10314,
      "title": "平安夜 2",
      "place": "卡爾夫鎮內",
      "desc": "辛克萊的家鄉“卡爾夫”鎮內的大部分居民都從事著義體生產的工作。浮士德詳細描述了自從扭曲現象越來越頻繁，公眾也越來越傾向於排斥義肢使用者的情況。"
    },
    {
      "id": 10315,
      "title": "淨化",
      "place": "卡爾夫鎮內",
      "desc": "義體堆積在小鎮的角落裡，宛如一個垃圾填埋場。突然間我開始思考，我的真正的本質到底是什麼。"
    },
    {
      "id": 10316,
      "title": "勇氣",
      "place": "卡爾夫鎮內",
      "desc": "辛克萊努力壓抑自己的恐懼令我深感憐憫。他看著我，想起了他很久以前的一位朋友。"
    },
    {
      "id": 10317,
      "title": "篝火",
      "place": "辛克萊宅邸 入口",
      "desc": "我們到達了辛克萊家的宅邸前。被釘死在尖釘上的義體人在花園中等待著我們。在這些被釘死的屍體中，有一個我們無法直視的人。"
    },
    {
      "id": 10318,
      "title": "篝火2",
      "place": "辛克萊宅邸 入口",
      "desc": "克羅默行走在熊熊燃燒的宅邸中。罪人們被圭多不可動搖的行軍深深地打擊到了。"
    },
    {
      "id": 10319,
      "title": "惡夢",
      "place": "辛克萊宅邸 入口",
      "desc": "我們艱難的擊敗了圭多，但是辛克萊看起來在盡力壓抑住他巨大的罪惡感。"
    },
    {
      "id": 10320,
      "title": "地下通道",
      "place": "辛克萊宅邸 地下通道內某處",
      "desc": "辛克萊向我們展示了有神秘通道的地下室。浮士德認為這些通道是N公司員工挖的。"
    },
    {
      "id": 10321,
      "title": "地下通道2",
      "place": "辛克萊宅邸 地下通道內某處",
      "desc": "我們繼續穿過地下通道。看起來我們越來越接近腦葉公司支部了。"
    },
    {
      "id": 10322,
      "title": "K-02支部",
      "place": "辛克萊宅邸 地下通道內某處",
      "desc": "我們到達了腦葉公司支部。這地方雜亂無章地擺放著各種工具、肉塊和器械，就像一間拷問室一樣。"
    }
  ]
}