{
  "dataList": [
    {
      "id": "acheive",
      "content": "獲得人格時"
    },
    {
      "id": "dialog01",
      "content": "對話 1"
    },
    {
      "id": "dialog02",
      "content": "對話 2"
    },
    {
      "id": "dialog03",
      "content": "對話 3"
    },
    {
      "id": "sync_dialog01",
      "content": "同步後對話1"
    },
    {
      "id": "sync_dialog02",
      "content": "同步後對話2"
    },
    {
      "id": "morning_dialog",
      "content": "早間大廳對話"
    },
    {
      "id": "lunch_dialog",
      "content": "午間大廳對話"
    },
    {
      "id": "dinner_dialog",
      "content": "晚間大廳對話"
    },
    {
      "id": "alone_dialog",
      "content": "閒置"
    },
    {
      "id": "synchronization",
      "content": "進行同步"
    },
    {
      "id": "organization",
      "content": "人格出戰"
    },
    {
      "id": "success",
      "content": "戰鬥勝利"
    },
    {
      "id": "ex_success",
      "content": "EX CLEAR戰鬥勝利"
    },
    {
      "id": "failure",
      "content": "戰鬥失敗"
    },
    {
      "id": "P10102",
      "content": "Seven協會 南部6科：李箱的故事"
    },
    {
      "id": "P10103",
      "content": "劍契組 殺手：李箱的故事"
    },
    {
      "id": "seven_yisang_profile",
      "content": "李箱\n男\n9月23日\nA\n176CM\n70KG"
    },
    {
      "id": "seven_yisang_analysis",
      "content": "該罪人曾經是[已編輯]翼中最年輕的首席研究員。與其他罪人相比，其擁有更為優秀的智力。但對於我們所選擇的經理而言，與之交流將略顯困難。雖說如此，完全避免與其溝通也有可能帶來風險。該罪人偶爾會長時間沉默不語，那是因為他正在腦中處理一連串的問題，此時我們建議您靜下心來，耐心等待。"
    },
    {
      "id": "blade_yisang_profile",
      "content": "李箱\n男\n9月23日\nA\n176CM\n70KG"
    },
    {
      "id": "blade_yisang_analysis",
      "content": "該罪人曾經是[已編輯]翼中最年輕的首席研究員。與其他罪人相比，其擁有更為優秀的智力。但對於我們所選擇的經理而言，與之交流將略顯困難。雖說如此，完全避免與其溝通也有可能帶來風險。該罪人偶爾會長時間沉默不語，那是因為他正在腦中處理一連串的問題，此時我們建議您靜下心來，耐心等待。"
    },
    {
      "id": "P10202",
      "content": "W公司 2級清掃人員：浮士德的故事"
    },
    {
      "id": "P10203",
      "content": "腦葉公司 倖存者：浮士德的故事"
    },
    {
      "id": "wcorp_faust_profile",
      "content": "浮士德\n女\n9月23日\nA\n174CM\n59KG"
    },
    {
      "id": "wcorp_faust_analysis",
      "content": "該罪人開發了邊獄公司的巴士——梅菲斯托費勒斯的引擎。她聲稱在都市中，沒有人能在智慧層面上與她相媲美，這話未必就是錯的。也許在和經理您交談的時候，您會發現她的態度高高在上，而這樣的態度也許會敗壞您的心情。由於該罪人舉止傲慢，彷彿不在乎任何人，讓她有所改善可能性幾乎為零。我們建議您只要應付一下，點點頭就行。雖然她才智異禀，但我們尚不清楚清楚如何利用她的才能。說不定，經理您能找到方法？"
    },
    {
      "id": "lcorp_faust_profile",
      "content": "浮士德\n女\n9月23日\nA\n174CM\n59KG"
    },
    {
      "id": "lcorp_faust_analysis",
      "content": "該罪人開發了邊獄公司的巴士——梅菲斯托費勒斯的引擎。她聲稱在都市中，沒有人能在智慧層面上與她相媲美，這話未必就是錯的。也許在和經理您交談的時候，您會發現她的態度高高在上，而這樣的態度也許會敗壞您的心情。由於該罪人舉止傲慢，彷彿不在乎任何人，讓她有所改善可能性幾乎為零。我們建議您只要應付一下，點點頭就行。雖然她才智異禀，但我們尚不清楚清楚如何利用她的才能。說不定，經理您能找到方法？"
    },
    {
      "id": "P10302",
      "content": "W公司 3級清掃人員：堂吉訶德的故事"
    },
    {
      "id": "P10303",
      "content": "し協會 南部5科科長：堂吉訶德的故事"
    },
    {
      "id": "wcorp_donquixote_profile",
      "content": "堂吉訶德\n女\n9月23日\nA\n163CM\n52KG"
    },
    {
      "id": "wcorp_donquixote_analysis",
      "content": "如果只以熱情作為評判罪人資質的標準，該罪人一定是最高分。身為收尾人的忠實粉絲，她熱衷於收集各式收尾人相關物件，並將其裝飾在全身上下。介於該行為對戰鬥並無明顯影響，因此無需對其愛好加以限制。由於該罪人對自身是正義的收尾人（這種東西真的存在過嗎？）一事深信不疑，並且會做出彷彿演員一般誇張的舉止。為了順利完成任務，建議配合她的節奏行動。"
    },
    {
      "id": "shi_donquixote_profile",
      "content": "堂吉訶德\n女\n9月23日\nA\n163CM\n52KG"
    },
    {
      "id": "shi_donquixote_analysis",
      "content": "如果只以熱情作為評判罪人資質的標準，該罪人一定是最高分。身為收尾人的忠實粉絲，她熱衷於收集各式收尾人相關物件，並將其裝飾在全身上下。介於該行為對戰鬥並無明顯影響，因此無需對其愛好加以限制。由於該罪人對自身是正義的收尾人（這種東西真的存在過嗎？）一事深信不疑，並且會做出彷彿演員一般誇張的舉止。為了順利完成任務，建議配合她的節奏行動。"
    },
    {
      "id": "P10402",
      "content": "Seven協會 南部6科：良秀的故事"
    },
    {
      "id": "P10403",
      "content": "黑雲會 若眾：良秀的故事"
    },
    {
      "id": "seven_ryoshu_profile",
      "content": "良秀\n女\n9月23日\nA\n171CM\n58KG"
    },
    {
      "id": "seven_ryoshu_analysis",
      "content": "雖說每個罪人每個罪人都有其獨特的信條，而尊重這些信條是經理應盡的義務。但……某些信條實在是令人費解。雖然該罪人平日裡只是在一邊默默抽著菸，唯有戰鬥時，她的眼中才會迸發出愉悅的神采。她認為只是在戰鬥中無謀地打碎對方的腦袋，是粗俗的行為，更是對藝術的褻瀆。[警告]-由於該罪人有著我司也難以應對的背景，請盡量不要和她結下私仇。"
    },
    {
      "id": "kurokumo_ryoshu_profile",
      "content": "良秀\n女\n9月23日\nA\n171CM\n58KG"
    },
    {
      "id": "kurokumo_ryoshu_analysis",
      "content": "雖說每個罪人每個罪人都有其獨特的信條，而尊重這些信條是經理應盡的義務。但……某些信條實在是令人費解。雖然該罪人平日裡只是在一邊默默抽著菸，唯有戰鬥時，她的眼中才會迸發出愉悅的神采。她認為只是在戰鬥中無謀地打碎對方的腦袋，是粗俗的行為，更是對藝術的褻瀆。[警告]-由於該罪人有著我司也難以應對的背景，請盡量不要和她結下私仇。"
    },
    {
      "id": "P10502",
      "content": "六協會 南部6科：默爾索的故事"
    },
    {
      "id": "P10503",
      "content": "W公司 2級清掃人員：默爾索的故事"
    },
    {
      "id": "liu_meursault_profile",
      "content": "默爾索\n男\n9月23日\nA\n188CM\n82KG"
    },
    {
      "id": "liu_meursault_analysis",
      "content": "傾向於明確且簡短，即無須個人判斷的命令。"
    },
    {
      "id": "wcorp_meursault_profile",
      "content": "默爾索\n男\n9月23日\nA\n188CM\n82KG"
    },
    {
      "id": "wcorp_meursault_analysis",
      "content": "傾向於明確且簡短，即無須個人判斷的命令。"
    },
    {
      "id": "P10602",
      "content": "黑雲會 若眾：鴻璐的故事"
    },
    {
      "id": "P10603",
      "content": "豆豆幫 幫主：鴻璐的故事"
    },
    {
      "id": "kurokumo_honglu_profile",
      "content": "鴻璐\n男\n9月23日\nA\n178CM\n74KG"
    },
    {
      "id":"kurokumo_honglu_analysis",
      "content": "該罪人在成為我司的資產前過著富足的生活。因此，雖然他雖對自由生活有所嚮往，但偶爾也會因見到其他罪人製作的食物而顯露出對下等文化的無知，並提出冒犯性的問題，從而觸碰其他罪人雷區。不過，由於其提問並非出於諷刺，而僅僅是好奇使然，讓罪人們為此大動干戈並非合適的解決方法。"
    },
    {
      "id": "cong_honglu_profile",
      "content": "鴻璐\n男\n9月23日\nA\n178CM\n74KG"
    },
    {
      "id": "cong_honglu_analysis",
      "content": "該罪人在成為我司的資產前過著富足的生活。因此，雖然他雖對自由生活有所嚮往，但偶爾也會因見到其他罪人製作的食物而顯露出對下等文化的無知，並提出冒犯性的問題，從而觸碰其他罪人雷區。不過，由於其提問並非出於諷刺，而僅僅是好奇使然，讓罪人們為此大動干戈並非合適的解決方法。"
    },
    {
      "id": "P10702",
      "content": "し協會 南部5科：希斯克利夫的故事"
    },
    {
      "id": "P10703",
      "content": "R公司 第4集團軍 兔子隊：希斯克利夫的故事"
    },
    {
      "id": "shi_heathcliff_profile",
      "content": "希斯克利夫\n男\n9月23日\nA\n180CM\n78KG"
    },
    {
      "id": "shi_heathcliff_analysis",
      "content": "該罪人比起理論思考更偏愛實際行動。由於他絲毫不去掩飾自己的想法和感情，而是全部通過表情與話語加以表達，經理在與其建立聯繫的過程中可能會引發頭痛（或是受到物理意義上會引發頭痛的外傷……）希望您謹記在該罪人的思維模式中並不存在深入思考這一項。以防萬一，如果出現長時間無法平息其憤怒的情況，請您聯繫人事部。正因為該罪人的思維模式愚鈍且單純，一旦您掌握其性格，處理起來就會變得十分簡單。"
    },
    {
      "id": "rcorp_heathcliff_profile",
      "content": "希斯克利夫\n男\n9月23日\nA\n180CM\n78KG"
    },
    {
      "id": "rcorp_heathcliff_analysis",
      "content": "該罪人比起理論思考更偏愛實際行動。由於他絲毫不去掩飾自己的想法和感情，而是全部通過表情與話語加以表達，經理在與其建立聯繫的過程中可能會引發頭痛（或是受到物理意義上會引發頭痛的外傷……）希望您謹記在該罪人的思維模式中並不存在深入思考這一項。以防萬一，如果出現長時間無法平息其憤怒的情況，請您聯繫人事部。正因為該罪人的思維模式愚鈍且單純，一旦您掌握其性格，處理起來就會變得十分簡單。"
    },
    {
      "id": "P10802",
      "content": "R公司 第4集團軍 馴鹿隊：以實瑪利的故事"
    },
    {
      "id": "P10803",
      "content": "し協會 南部5科：以實瑪利的故事"
    },
    {
      "id": "P10804",
      "content": "LCCB 係長：以實瑪利的故事"
    },
    {
      "id": "rcorp_ishmael_profile",
      "content": "以實瑪利\n女\n9月23日\nA\n171CM\n57KG"
    },
    {
      "id": "rcorp_ishmael_analysis",
      "content": "身為經理，您在見到這些缺點眾多的的罪人時，心中難免會感到無力。但請您放心，該罪人是少數能毫無怨言地執行大多命令的罪人之一。由於該罪人能作出合理的判斷，所以當您想要尋求建議時，一邊看向她的方向一邊拋出話題將會十分有效。但也不能忘記，該罪人曾經歷過的，在廣袤無垠的海面上的那次遠航。她是那時候唯一的倖存者，因此會擁有較強的忍耐力，可一旦用錯誤的態度對待她，想再度取回其信任將變得十分困難。"
    },
    {
      "id": "shi_ishmael_profile",
      "content": "以實瑪利\n女\n9月23日\nA\n171CM\n57KG"
    },
    {
      "id": "shi_ishmael_analysis",
      "content": "身為經理，您在見到這些缺點眾多的的罪人時，心中難免會感到無力。但請您放心，該罪人是少數能毫無怨言地執行大多命令的罪人之一。由於該罪人能作出合理的判斷，所以當您想要尋求建議時，一邊看向她的方向一邊拋出話題將會十分有效。但也不能忘記，該罪人曾經歷過的，在廣袤無垠的海面上的那次遠航。她是那時候唯一的倖存者，因此會擁有較強的忍耐力，可一旦用錯誤的態度對待她，想再度取回其信任將變得十分困難。"
    },
    {
      "id": "P10902",
      "content": "黑雲會 若眾：羅佳的故事"
    },
    {
      "id": "P10903",
      "content": "LCCB 係長：羅佳的故事"
    },
    {
      "id": "kurokumo_rodion_profile",
      "content": "羅佳\n女\n9月23日\nA\n182CM\n65KG"
    },
    {
      "id": "kurokumo_rodion_analysis",
      "content": "該罪人明顯展現出後巷出身所特有的缺陷。她拜金且嗜賭，建議經理對其密切關注。她很擅長用笑話或眨眼睛來應付您的指示，建議時常向其展現經理的威嚴。該罪人會可能不定期地情緒低落，在經理的立場上並不能為其提供幫助，因此靜靜等候才最有效率。"
    },
    {
      "id": "lcb_rodion_profile",
      "content": "羅佳\n女\n9月23日\nA\n182CM\n65KG"
    },
    {
      "id": "lcb_rodion_analysis",
      "content": "該罪人明顯展現出後巷出身所特有的缺陷。她拜金且嗜賭，建議經理對其密切關注。她很擅長用笑話或眨眼睛來應付您的指示，建議時常向其展現經理的威嚴。該罪人會可能不定期地情緒低落，在經理的立場上並不能為其提供幫助，因此靜靜等候才最有效率。"
    },
    {
      "id": "P11002",
      "content": "劍契組 殺手：辛克萊的故事"
    },
    {
      "id": "P11003",
      "content": "Zwei協會 南部6科：辛克萊的故事"
    },
    {
      "id": "P11004",
      "content": "流浪樂隊 頭目：辛克萊的故事"
    },
    {
      "id": "blade_sinclair_profile",
      "content": "辛克萊\n男\n9月23日\nA\n163CM\n54KG"
    },
    {
      "id": "blade_sinclair_analysis",
      "content": "考慮到該罪人所處成長時期的不穩定性，當您向他搭話時，他也許會十分驚訝或是愁眉苦臉。由於其尚且不習慣戰鬥，也許一開始連直視內臟都要費一番功夫。介於罪人中不乏具有暴力傾向的人，比起懲罰，更建議經理以柔和的態度對待他。該罪人雖會在不自覺的情況下釋放殺氣，我司認為這證明其擁有從事本職業的潛能，我們判斷給予他適當的刺激能夠更好的促進其成長。"
    },
    {
      "id": "zwei_sinclair_profile",
      "content": "辛克萊\n男\n9月23日\nA\n163CM\n54KG"
    },
    {
      "id": "zwei_sinclair_analysis",
      "content": "考慮到該罪人所處成長時期的不穩定性，當您向他搭話時，他也許會十分驚訝或是愁眉苦臉。由於其尚且不習慣戰鬥，也許一開始連直視內臟都要費一番功夫。介於罪人中不乏具有暴力傾向的人，比起懲罰，更建議經理以柔和的態度對待他。該罪人雖會在不自覺的情況下釋放殺氣，我司認為這證明其擁有從事本職業的潛能，我們判斷給予他適當的刺激能夠更好的促進其成長。"
    },
    {
      "id": "mariachi_sinclair_profile",
      "content": "辛克萊\n男\n9月23日\nA\n163CM\n54KG"
    },
    {
      "id": "mariachi_sinclair_analysis",
      "content": "考慮到該罪人所處成長時期的不穩定性，當您向他搭話時，他也許會十分驚訝或是愁眉苦臉。由於其尚且不習慣戰鬥，也許一開始連直視內臟都要費一番功夫。介於罪人中不乏具有暴力傾向的人，比起懲罰，更建議經理以柔和的態度對待他。該罪人雖會在不自覺的情況下釋放殺氣，我司認為這證明其擁有從事本職業的潛能，我們判斷給予他適當的刺激能夠更好的促進其成長。"
    },
    {
      "id": "P11102",
      "content": "劍契組 封口人：奧提斯的故事"
    },
    {
      "id": "P11103",
      "content": "G公司 總經理：奧提斯的故事"
    },
    {
      "id": "blade_outis_profile",
      "content": "奧提斯\n女\n9月23日\nA\n177CM\n64KG"
    },
    {
      "id": "blade_outis_analysis",
      "content": "根據經理的能力，該罪人也許能成為優秀的顧問。但考慮到其多管閒事的性格，建議您適當附和即可。由於她精通包括戰術在內的各種技術知識，為了提高效率，您可以時常向其尋求建議。加上該罪人擁有一定的工坊技術，您也可以委任她對巴士進行簡單的維護。[注意]-與其他罪人不同，該罪人的過往經歷被禁止閱覽。[注意]-請密切關注該罪人，使其不在任務之外另起心思。"
    },
    {
      "id": "gcorp_outis_profile",
      "content": "奧提斯\n女\n9月23日\nA\n177CM\n64KG"
    },
    {
      "id": "gcorp_outis_analysis",
      "content": "根據經理的能力，該罪人也許能成為優秀的顧問。但考慮到其多管閒事的性格，建議您適當附和即可。由於她精通包括戰術在內的各種技術知識，為了提高效率，您可以時常向其尋求建議。加上該罪人擁有一定的工坊技術，您也可以委任她對巴士進行簡單的維護。[注意]-與其他罪人不同，該罪人的過往經歷被禁止閱覽。 [注意]-請密切關注該罪人，使其不在任務之外另起心思。 "
    },
    {
      "id": "P11202",
      "content": "六協會 南部6科：格里高爾的故事"
    },
    {
      "id": "P11203",
      "content": "G公司 首席助理：格里高爾的故事"
    },
    {
      "id": "liu_gregor_profile",
      "content": "格里高爾\n男\n9月23日\nA\n167CM\n68KG"
    },
    {
      "id": "liu_gregor_analysis",
      "content": "與其他罪人相比，該罪人的性格無可非議。然而，隨著情緒激動或是環境急速變化，其身體部位可能會變化成類似昆蟲的形態。(尤其像是某種鞘翅目昆蟲，類似於■■■■。) 如果您不想成為一名粗俗的經理，那請您盡量面不改色地對待他的變化，尤其不要對其表現出厭惡感。\n雖然該罪人偶爾會說些憤世嫉俗的話，但只要掌握技巧就能與其順利溝通。與他相處並非難事。"
    },
    {
      "id": "gcorp_gregor_profile",
      "content": "格里高爾\n男\n9月23日\nA\n167CM\n68KG"
    },
    {
      "id": "gcorp_gregor_analysis",
      "content": "與其他罪人相比，該罪人的性格無可非議。然而，隨著情緒激動或是環境急速變化，其身體部位可能會變化成類似昆蟲的形態。(尤其像是某種鞘翅目昆蟲，類似於■■■■。) 如果您不想成為一名粗俗的經理，那請您盡量面不改色地對待他的變化，尤其不要對其表現出厭惡感。\n雖然該罪人偶爾會說些憤世嫉俗的話，但只要掌握技巧就能與其順利溝通。與他相處並非難事。"
    },
    {
      "id": "P10504",
      "content": "N公司 大錘：默爾索的故事"
    },
    {
      "id": "ncorp_meursault_profile",
      "content": "默爾索\n男\n9月23日\nA\n188CM\n82KG"
    },
    {
      "id": "ncorp_meursault_analysis",
      "content": "傾向於明確且簡短，即無須個人判斷的命令。"
    },
    {
      "id": "P10904",
      "content": "N公司 中錘：羅佳的故事"
    },
    {
      "id": "ncorp_rodion_profile",
      "content": "羅佳\n女\n9月23日\nA\n182CM\n65KG"
    },
    {
      "id": "ncorp_rodion_analysis",
      "content": "該罪人明顯展現出後巷出身所特有的缺陷。她拜金且嗜賭，建議經理對其密切關注。她很擅長用笑話或眨眼睛來應付您的指示，建議時常向其展現經理的威嚴。該罪人會可能不定期地情緒低落，在經理的立場上並不能為其提供幫助，因此靜靜等候才最有效率。"
    },
    {
      "id": "P10704",
      "content": "N公司 小錘：希斯克利夫的故事"
    },
    {
      "id": "ncorp_heathcliff_profile",
      "content": "希斯克利夫\n男\n9月23日\nA\n180CM\n78KG"
    },
    {
      "id": "ncorp_heathcliff_analysis",
      "content": "該罪人比起理論思考更偏愛實際行動。由於他絲毫不去掩飾自己的想法和感情，而是全部通過表情與話語加以表達，經理在與其建立聯繫的過程中可能會引發頭痛（或是受到物理意義上會引發頭痛的外傷……）希望您謹記在該罪人的思維模式中並不存在深入思考這一項。以防萬一，如果出現長時間無法平息其憤怒的情況，請您聯繫人事部。正因為該罪人的思維模式愚鈍且單純，一旦您掌握其性格，處理起來就會變得十分簡單。"
    },
    {
      "id": "P10204",
      "content": "執柄者：浮士德的故事"
    },
    {
      "id": "ncorp_faust_profile",
      "content": "浮士德\n女\n9月23日\nA\n174CM\n59KG"
    },
    {
      "id": "ncorp_faust_analysis",
      "content": "該罪人為我司巴士打造了”梅菲斯托費勒斯“引擎。她聲稱自己是都市中最聰慧的存在，沒有人能在智慧層面上與她相媲美，這可能並非謬論。當她應允與您交談時，您會發現她的態度高高在上，令人不悅。她對待所有人都有一股微妙的傲慢態度，這似乎永遠都無法改變了。我們建議您只要應付一下，點點頭就成。雖然她才智異禀，但我們卻不知道該如何”物盡其用”——也許，您能成為第一個？"
    },
    {
      "id": "P11104",
      "content": "Seven協會 南部6科科長：奧提斯的故事"
    },
    {
      "id": "SevenAsso6_outis_profile",
      "content": "奧提斯\n女\n9月23日\nA\n177CM\n64KG"
    },
    {
      "id": "SevenAsso6_outis_analysis",
      "content": "如果您能力超群，該罪人將成為您最強而有力的臂膀。然而，她也喜歡多管閒事，我們建議您用禮貌用語附和一下，不必深究。她在包括戰術在內的多項技能上都算得上是專家，向她尋求幫助十分有效。順帶一提，她對工坊相關的技術也有所了解，您大可放心地讓她負責修復邊獄巴士。"
    },
    {
      "id": "P10604",
      "content": "六協會 南部5科：鴻璐的故事"
    },
    {
      "id": "LiuAsso5_honglu_profile",
      "content": "鴻璐\n男\n9月23日\nA\n178CM\n74KG"
    },
    {
      "id": "LiuAsso5_honglu_analysis",
      "content": "該罪人在成為我司資產前衣食無憂。因此他嚮往自由，然而當他偶爾見到其他罪人製造的食物時，他會顯露出對底層文化的無知，提出一些看似帶有侮辱意味的問題，從而到踩他人的雷區。但是，他並非有意觸碰對方的雷區，只是因為好奇心過剩而已。因此，每當您看到其他罪人抽出武器要對他動手時，一定要及時制止，畢竟這樣做可沒法解決問題。"
    },
    {
      "id": "P10404",
      "content": "良・派 廚師長：良秀的故事"
    },
    {
      "id": "23GuCooker_ryoshu_profile",
      "content": "良秀\n女\n9月23日\nA\n171CM\n58KG"
    },
    {
      "id": "23GuCooker_ryoshu_analysis",
      "content": "正如他們所說，每個罪人都有其獨特的信條——作為經理，您理應尊重它們，但……某些信條實在是令人費解。該罪人平時只會自顧自地埋頭抽菸，唯有戰鬥時，她的眼中才會迸發出愉悅的神采。她認為，一味地打爆敵人腦袋是一種未開化的野蠻行為，是對藝術的褻瀆。如果您實在是無法忍受該罪人，請按下“就職禮包”中附上的紅色按鈕。"
    },
    {
      "id": "P11204",
      "content": "良・派 幫廚：格里高爾的故事"
    },
    {
      "id": "23GuCooker_gregor_profile",
      "content": "格里高爾\n男\n9月23日\nA\n167CM\n68KG"
    },
    {
      "id": "23GuCooker_gregor_analysis",
      "content": "該罪人的性格與其他罪人相比非常好應對。然而，一旦他情緒高漲或遭遇環境驟變，其部分軀體或者全身就會轉化為昆蟲形態（特別像是…某種鞘翅目昆蟲，類似於■■■■）。如果您不想顯得很沒教養（當然，不在意也行），我們建議您認真管理面部表情，以免讓他看到您臉上的厭惡之情。他有時會說些憤世嫉俗的話，但只要您掌握了對付他的技巧，便能毫無難度地打斷他，與他好好交流。"
    },
    {
      "id": "P11005",
      "content": "將執柄者，辛克萊的故事"
    },
    {
      "id": "ncorp_sinclair_profile",
      "content": "辛克萊\n男\n9月23日\nA\n163CM\n54KG"
    },
    {
      "id": "ncorp_sinclair_analysis",
      "content": "即使是考慮到成長期的特徵，也不能否認他是一位行為非常異常的罪人，例如搭話時會特別受驚或者眉頭緊皺等。因其不擅長戰鬥所以即使只是看到內臟都會感到吃力。考慮到罪人之中有包裡傾向的人物，比起教訓我們更傾向於鼓勵這名罪人。雖然這名罪人無意識的裹著一股殺氣，但考慮到我們公司的工作內容，您可以理解為這名罪人在工作方面有潛力，我們認為只需要有合適的刺激，便可使得這名罪人優秀地成長。"
    },
    {
      "id": "P10304",
      "content": "N公司 中錘，堂吉訶德的故事"
    },
    {
      "id": "ncorp_donquixote_profile",
      "content": "堂吉訶德\n女\n9月23日\nA\n163CM\n52KG"
    },
    {
      "id": "ncorp_donquixote_analysis",
      "content": "如果單看熱情來評價的話，這名罪人無疑能獲得滿分。這名罪人對收尾人以及收集他們的物品非常熱情，您能看到這名罪人全身上下都帶著收尾人紀念品。這些行為不會對戰鬥有所影響，所以沒有必要製止。這名罪人沉迷於扮演正義的收尾人（這種東西真的有存在過嗎？），所以會做出三流演員那種誇張的行為。如果是為了順利完成任務，稍微配合她的演出也沒有大礙。"
    },
    {
      "id": "P10905",
      "content": "玫瑰扳手工坊 代表：羅佳的故事"
    },
    {
      "id": "kcorp_rodion_profile",
      "content": "羅佳\n女\n9月23日\nA\n182CM\n65KG"
    },
    {
      "id": "kcorp_rodion_analysis",
      "content": "這名罪人很露骨地展現出後巷出身這一讓人遺憾的缺點。見錢眼開，酷愛賭博和打賭，因此需要執行經理的格外注意。對其下達指示時，這名罪人會用眨眼或玩笑話等荒誕的方式來接話，因此我們推薦執行經理以嚴肅的姿態去應對。同時這名罪人非週期性地會出現情緒低落的情況，最有效率的是等待，並沒有執行經理能做出的其他解決辦法。 "
    },
    {
      "id": "P10505",
      "content": "玫瑰扳手工坊 收尾人：默爾索的故事"
    },
    {
      "id": "kcorp_meursault_profile",
      "content": "默爾索\n男\n9月23日\nA\n188CM\n82KG"
    },
    {
      "id": "kcorp_meursault_analysis",
      "content": "傾向於明確且簡短，即無須個人判斷的命令。"
    },
    {
      "id": "P10705",
      "content": "腦葉公司E.G.O::狐雨：希斯克利夫的故事"
    },
    {
      "id": "lego_heathcliff_profile",
      "content": "希斯克利夫\n男\n9月23日\nA\n180CM\n78KG"
    },
    {
      "id": "lego_heathcliff_analysis",
      "content": "該罪人比起理論思考更偏愛實際行動。由於他絲毫不去掩飾自己的想法和感情，而是全部通過表情與話語加以表達，經理在與其建立聯繫的過程中可能會引發頭痛（或是受到物理意義上會引發頭痛的外傷……）希望您謹記在該罪人的思維模式中並不存在深入思考這一項。以防萬一，如果出現長時間無法平息其憤怒的情況，請您聯繫人事部。正因為該罪人的思維模式愚鈍且單純，一旦您掌握其性格，處理起來就會變得十分簡單。"
    },
    {
      "id": "P11205",
      "content": "玫瑰扳手工坊 收尾人：格里高爾的故事"
    },
    {
      "id": "kcorp_gregor_profile",
      "content": "格里高爾\n男\n9月23日\nA\n167CM\n68KG"
    },
    {
      "id": "kcorp_gregor_analysis",
      "content": "該罪人的性格與其他罪人相比非常好應對。然而，一旦他情緒高漲或遭遇環境驟變，其部分軀體或者全身就會轉化為昆蟲形態（特別像是…某種鞘翅目昆蟲，類似於■■■■）。如果您不想顯得很沒教養（當然，不在意也行），我們建議您認真管理面部表情，以免讓他看到您臉上的厭惡之情。他有時會說些憤世嫉俗的話，但只要您掌握了對付他的技巧，便能毫無難度地打斷他，與他好好交流。"
    },
    {
      "id": "P10104",
      "content": "綻放\nE.G.O::山茶花 李箱的故事"
    },
    {
      "id": "lego_yisang_profile",
      "content": "李箱\n男\n9月23日\nA\n176CM\n70KG"
    },
    {
      "id": "lego_yisang_analysis",
      "content": "該罪人曾經是[已編輯]翼中最年輕的首席研究員。與其他罪人相比，其擁有更為優秀的智力。但對於我們所選擇的經理而言，與之交流將略顯困難。雖說如此，完全避免與其溝通也有可能帶來風險。該罪人偶爾會長時間沉默不語，那是因為他正在腦中處理一連串的問題，此時我們建議您靜下心來，耐心等待。"
    },
    {
      "id": "P10805",
      "content": "腦葉公司E.G.O::蕩漾：以實瑪麗的故事"
    },
    {
      "id": "lego_ishmael_profile",
      "content": "以實瑪利\n女\n9月23日\nA\n171CM\n57KG"
    },
    {
      "id": "lego_ishmael_analysis",
      "content": "身為經理，您在見到這些缺點眾多的的罪人時，心中難免會感到無力。但請您放心，該罪人是少數能毫無怨言地執行大多命令的罪人之一。由於該罪人能作出合理的判斷，所以當您想要尋求建議時，一邊看向她的方向一邊拋出話題將會十分有效。但也不能忘記，該罪人曾經歷過的，在廣袤無垠的海面上的那次遠航。她是那時候唯一的倖存者，因此會擁有較強的忍耐力，可一旦用錯誤的態度對待她，想再度取回其信任將變得十分困難。"
    },
    {
      "id": "P10605",
      "content": "K公司3級摘除人員：鴻璐的故事"
    },
    {
      "id": "kcorp_honglu_profile",
      "content": "鴻璐\n男\n9月23日\nA\n178CM\n74KG"
    },
    {
      "id": "kcorp_honglu_analysis",
      "content": "該罪人在成為我司資產前衣食無憂。因此他嚮往自由，然而當他偶爾見到其他罪人製造的食物時，他會顯露出對底層文化的無知，提出一些看似帶有侮辱意味的問題，從而到踩他人的雷區。但是，他並非有意觸碰對方的雷區，只是因為好奇心過剩而已。因此，每當您看到其他罪人抽出武器要對他動手時，一定要及時制止，畢竟這樣做可沒法解決問題。"
    },
    {
      "id": "P11006",
      "content": "腦葉公司E.G.O::朱符：辛克萊的故事"
    },
    {
      "id": "lego_sinclair_profile",
      "content": "辛克萊\n男\n9月23日\nA\n163CM\n54KG"
    },
    {
      "id": "lego_sinclair_analysis",
      "content": "考慮到該罪人所處成長時期的不穩定性，當您向他搭話時，他也許會十分驚訝或是愁眉苦臉。由於其尚且不習慣戰鬥，也許一開始連直視內臟都要費一番功夫。介於罪人中不乏具有暴力傾向的人，比起懲罰，更建議經理以柔和的態度對待他。該罪人雖會在不自覺的情況下釋放殺氣，我司認為這證明其擁有從事本職業的潛能，我們判斷給予他適當的刺激能夠更好的促進其成長。"
    },
    {
      "id": "P10806",
      "content": "六協會南部4科：以實瑪利的故事"
    },
    {
      "id": "liu_ishmael_profile",
      "content": "以實瑪利\n女\n9月23日\nA\n171CM\n57KG"
    },
    {
      "id": "liu_ishmael_analysis",
      "content": "身為經理，面對這些缺點眾多的的罪人，您或許會感到困惑和無力。然而請放心，該罪人是能夠坦然執行各種命令的少數罪人之一。由於該罪人能作出合理的判斷，因此若您想要尋求建議，看向她並予以提問應當是一個好辦法。但請記住，她是從那片深遠且廣闊的水域中歷經艱難旅途得以生還的罪人，故而其耐心可以說是深不見底，然而，一旦與她的關係開始走向歧途，要恢復原狀可能就十分困難了。"
    },
    {
      "id": "P10506",
      "content": "R公司 第4集團軍 犀牛隊：默爾索的故事"
    },
    {
      "id": "rcorp_meursault_profile",
      "content": "默爾索\n男\n9月23日\nA\n188cm\n82kg"
    },
    {
      "id": "rcorp_meursault_analysis",
      "content": "需要明確且簡潔的指令，即不留給個人判斷的命令。"
    },
    {
      "id": "P10906",
      "content": "Zwei協會 南部5科：羅佳的故事"
    },
    {
      "id": "zwei_rodion_profile",
      "content": "羅佳\n女\n9月23日\nA\n182cm\n65kg"
    },
    {
      "id": "zwei_rodion_analysis",
      "content": "該罪人明顯展現出後巷出身所特有的缺陷。她拜金且嗜賭，建議經理對其密切關注。她很擅長用笑話或眨眼睛來應付您的指示，建議時常向其展現經理的威嚴。該罪人會可能不定期地情緒低落，在經理的立場上並不能為其提供幫助，因此靜靜等候才最有效率。"
    }
  ]
}