{
  "dataList": [
    {
      "id": 10201,
      "title": "賭場",
      "place": "2-1關卡場景",
      "desc": "在冰冷的空氣中，維吉里烏斯對接下來的作戰地點進行了說明。\n這一次，金枝會隱藏在哪裡呢？"
    },
    {
      "id": 10202,
      "title": "當舖",
      "place": "當舖街上",
      "desc": "浮士德說明了對此次作戰的計劃。\n為了執行任務，我們要去的地方是“當舖”。"
    },
    {
      "id": 10203,
      "title": "完美的戰術",
      "place": "當舖街上",
      "desc": "為了與我們展開聯合行動，清理部門派來了新同事二人組。\n罪人們對他們的舉止和能力投以懷疑的目光……"
    },
    {
      "id": 10204,
      "title": "蟲子",
      "place": "當舖街上",
      "desc": "看似完美的作戰計劃在實行過程中轉瞬間便偏離了軌道。\n堂吉訶德的暴起出手使罪人們與豆豆幫成員發生了衝突……"
    },
    {
      "id": 10205,
      "title": "我們是邊ㄩ……",
      "place": "10區後巷某處",
      "desc": "罪人們接連擊退豆豆幫一次又一次的進攻。敵人卻仍不斷湧現出來，這意味著我們已然踏入他們的地盤。"
    },
    {
      "id": 10206,
      "title": "汽車塔",
      "place": "10區 後巷某處",
      "desc": "我們從豆豆幫成員那裡得到了他們的頭目位於車塔上的情報。\n為了進行B計劃，我們必須去車塔上奪走他們的願力，並偽裝成豆豆幫成員。"
    },
    {
      "id": 10207,
      "title": "願望罐",
      "place": "10區後巷某處",
      "desc": "罪人們在汽車塔周圍搜索，尋找豆豆幫的頭目。"
    },
    {
      "id": 10208,
      "title": "老虎機",
      "place": "賭場一層",
      "desc": "經過一番周折之後，我們搶走並換上了豆豆幫的服裝，進入了賭場。這一次，我們一定能夠成功。"
    },
    {
      "id": 10209,
      "title": "一場表演",
      "place": "賭場一層",
      "desc": "我們剛燃起的決心在轉瞬間消失殆盡，一同消失的還有我們給自己留的退路。現在有太多的問題需要解決，首當其衝的便是剛剛注意到我們的守衛們。"
    },
    {
      "id": 10210,
      "title": "折・脖",
      "place": "賭場二層",
      "desc": "我們到達了賭場的二層。一想到有怎樣的麻煩等著我們，我就感到眼前一黑。"
    },
    {
      "id": 10211,
      "title": "折・脖2",
      "place": "賭場二層",
      "desc": "我們遭遇了另一個接管著此處的幫派。"
    },
    {
      "id": 10212,
      "title": "舞蹈",
      "place": "賭場二層",
      "desc": "這裡愉快的氣氛與樓下形成了鮮明的對比。每張桌子上都擺放著一些不知名的樂器，它們到底是用來做什麼的呢？"
    },
    {
      "id": 10213,
      "title": "熱烈歡迎",
      "place": "賭場三層",
      "desc": "多虧了辛克萊那驚人的表演，我們才能安全到達三層。但這快樂持續得非常短暫，另一個兇惡至極的幫派成員在那裡正等著“迎接”我們。"
    },
    {
      "id": 10214,
      "title": "熱烈歡迎2",
      "place": "賭場三層",
      "desc": "多虧了辛克萊那驚人的表演，我們才能安全到達三層。但這快樂持續得非常短暫，另一個兇惡至極的幫派成員在那裡正等著“迎接”我們。"
    },
    {
      "id": 10215,
      "title": "瞠目結舌",
      "place": "賭場三層",
      "desc": "隨著與鐵工會成員的不斷交戰，罪人們漸漸疲憊起來。但是，比這更難以忍受的是……"
    },
    {
      "id": 10216,
      "title": "選手入場",
      "place": "賭場頂層",
      "desc": "由於良秀意料之外的交涉方式，在我們的精神也受到了相當大的打擊的同時，通往頂層的道路終於打開了。現在，我們必須在一場賭局中把金枝贏回來。"
    },
    {
      "id": 10217,
      "title": "止步於此",
      "place": "賭場頂層",
      "desc": "羅佳自告奮勇作為我們的代表參與了賭局。不知不覺中，賭局已經到了最後一輪。"
    },
    {
      "id": 10218,
      "title": "勝利者",
      "place": "賭場頂層",
      "desc": "大家按耐不住好奇心，於是躲在門外偷聽談話。結果卻不小心闖入屋內，房間裡到處都是飛濺的血跡，鐵工會老大被壓爆的殘渣，還有一個名叫索尼亞的人，他平靜地對著我們微笑。"
    },
    {
      "id": 10219,
      "title": "J-03支部",
      "place": "賭場頂層",
      "desc": "賭局以羅佳的勝利而告終。現在，為了開始正式尋找金枝，我們得下到地下去。"
    }
  ]
}