{
  "dataList": [
    {
      "id": 910301,
      "title": "襲雞",
      "place": "K巢商業街",
      "desc": "為了接收下個任務的簡報，我們來到了K巢的商業街。\n就當那股烤雞的香氣讓罪人們紛紛沉淪其中時，一群行走的生雞突然開始襲擊他們。\n它們是打算為被人類先煎後吞的同類們報仇嗎？"
    },
    {
      "id": 910302,
      "title": "雞災",
      "place": "K巢商業街",
      "desc": "為了接收下個任務的簡報，我們來到了K巢的商業街。\n就當那股烤雞的香氣讓罪人們紛紛沉淪其中時，一群行走的生雞突然開始襲擊他們。\n它們是打算為被人類先煎後吞的同類們報仇嗎？?"
    },
    {
      "id": 910303,
      "title": "地獄雞",
      "place": "銀鳳炸雞酒吧廚房前",
      "desc": "我們打算解決扭曲的方法……就是準備一些雞肉料理來安撫它。\n罪人們摩拳擦掌準備料理，不過……\n他們是不是該先把菸掐掉？"
    },
    {
      "id": 910304,
      "title": "地獄雞",
      "place": "銀鳳炸雞酒吧廚房前",
      "desc": "我們打算解決扭曲的方法……就是準備一些雞肉料理來安撫它。\n罪人們摩拳擦掌準備料理，不過……\n他們是不是該先把菸掐掉？"
    },
    {
      "id": 910305,
      "title": "雞在掌握",
      "place": "銀鳳炸雞酒吧廚房",
      "desc": "罪人們分兩組呈上了自己的菜品。\n我還是搞不懂為什麼這就比起來了……\n不論如何，他們在滿足這位扭曲老闆的口味之前還任重道遠啊。\n實話說，就算是別人的口味……"
    },
    {
      "id": 910306,
      "title": "雞在他掌",
      "place": "銀鳳炸雞酒吧廚房",
      "desc": "罪人們分兩組呈上了自己的菜品。\n我還是搞不懂為什麼這就比起來了……\n不論如何，他們在滿足這位扭曲老闆的口味之前還任重道遠啊。\n實話說，就算是別人的口味……"
    },
    {
      "id": 910307,
      "title": "鐵血雞廚",
      "place": "銀鳳炸雞酒吧廚房",
      "desc": "老闆的評價不能更糟了，\n留給我們的機會也不多了。\n現在看來唯一選項就是相信罪人們一定能大展身手……吧？"
    },
    {
      "id": 910308,
      "title": "大師雞廚",
      "place": "銀鳳炸雞酒吧廚房",
      "desc": "老闆的評價不能更糟了，\n留給我們的機會也不多了。\n現在看來唯一選項就是相信罪人們一定能大展身手……吧？"
    },
    {
      "id": 910309,
      "title": "餐館老闆之淡思",
      "place": "銀鳳炸雞酒吧廚房"
    },
    {
      "id": 910310,
      "title": "餐館老闆之辣解",
      "place": "銀鳳炸雞酒吧廚房"
    }
  ]
}