{
  "dataList": [
    {
      "id": "chapter_d_100",
      "company": "D公司",
      "area": "4區",
      "chapter": "序章",
      "chapterNumber": "00",
      "chaptertitle": "黑森林",
      "timeline": "984-01"
    },
    {
      "id": "chapter_d_101",
      "company": "D公司",
      "area": "4區",
      "chapter": "章節I",
      "chapterNumber": "01",
      "chaptertitle": "被放逐者",
      "timeline": "984-01"
    },
    {
      "id": "chapter_j_102",
      "company": "J公司",
      "area": "10區",
      "chapter": "章節II",
      "chapterNumber": "02",
      "chaptertitle": "無慈悲者",
      "timeline": "984-01"
    },
    {
      "id": "chapter_k_103",
      "company": "K公司",
      "area": "11區",
      "chapter": "章節III",
      "chapterNumber": "03",
      "chaptertitle": "無作為者",
      "timeline": "984-02"
    },
    {
      "id": "chapter_k_9103",
      "company": "K公司",
      "area": "11區",
      "chapter": "3.5章",
      "chapterNumber": "3.5",
      "chaptertitle": "地獄雞",
      "timeline": "984-03"
    },
    {
      "id": "chapter_k_104",
      "company": "K公司",
      "area": "11區",
      "chapter": "章節 IV",
      "chapterNumber": "04",
      "chaptertitle": "未變化者",
      "timeline": "984-05"
    }
  ]
}