{
  "dataList": [
    {
      "id": "10001",
      "title": "豹子，獅子，以及狼",
      "desc": "在漆黑而昏暗的森林之中，我迷失了方向。",
      "place": "黑森林"
    },
    {
      "id": "10002",
      "title": "自我介紹",
      "desc": "我在一輛奇怪的巴士上醒來。一個自稱“維吉里烏斯”的人向我介紹了12名罪人，並表示我會成為他們的新經理……",
      "place": "黑森林"
    },
    {
      "id": "10003",
      "title": "旅途",
      "desc": "我多少有些習慣與這些罪人一起戰鬥了。只不過，他們是否習慣與我共事，就是另一回事了……",
      "place": "黑森林"
    },
    {
      "id": "10004",
      "title": "可能性",
      "desc": "鏡中映射出了許多可能性。浮士德告訴我，管理這些可能性就是我的工作。過去的我到底幹了什麼才會被安排做這種事……",
      "place": "黑森林"
    }
  ]
}