{
  "dataList": [
    {
      "id": "Association",
      "content": "協會"
    },
    {
      "id": "ShiAsso",
      "content": "し協會"
    },
    {
      "id": "LiuAsso",
      "content": "六協會"
    },
    {
      "id": "Office",
      "content": "事務所"
    },
    {
      "id": "LobotomyCorp",
      "content": "腦葉公司"
    },
    {
      "id": "Enkephalin",
      "content": "腦啡肽"
    },
    {
      "id": "Abnormality",
      "content": "異想體"
    },
    {
      "id": "Shank",
      "content": "Cinq協會"
    },
    {
      "id": "String",
      "content": "紡錘"
    },
    {
      "id": "E.G.O",
      "content": "E.G.O"
    },
    {
      "id": "Singularity",
      "content": "奇點"
    }
  ]
}