{
  "dataList": [
    {
      "id": "MAINSTORY",
      "content": "主線劇情"
    },
    {
      "id": "PERSONALITYSTORY",
      "content": "人格故事"
    },
    {
      "id": "NOTE_OF_DANTE",
      "content": "但丁的筆記"
    },
    {
      "id": "EPISODE",
      "content": "第{0}話"
    },
    {
      "id": "PAGE",
      "content": "第{0}章"
    },
    {
      "id": "PROGRESS",
      "content": "進度"
    },
    {
      "id": "Before",
      "content": "戰前"
    },
    {
      "id": "After",
      "content": "戰後"
    },
    {
      "id": "None",
      "content": ""
    },
    {
      "id": "ENTER",
      "content": "進入"
    },
    {
      "id": "CLOSE",
      "content": "關閉"
    },
    {
      "id": "MIRRORWOLDS",
      "content": "鏡像世界"
    },
    {
      "id": "STORY",
      "content": "故事"
    },
    {
      "id": "SECURITY_MATERIAL",
      "content": "機密文件"
    },
    {
      "id": "SPEECH",
      "content": "語音回放"
    },
    {
      "id": "OPEN_CONDITION",
      "content": "解鎖方式: "
    },
    {
      "id": "DEEP_ANALYSIS",
      "content": "解析階段："
    },
    {
      "id": "DATA_DOWNLOAD",
      "content": "下載數據"
    },
    {
      "id": "DATA_DOWNLOAD_DESC",
      "content": "是否為有配音的對話播放配音？\n額外的數據將會立即開始下載"
    },
    {
      "id": "DATA_DOWNLOAD_NO",
      "content": "無配音\n(0.00 MB)"
    },
    {
      "id": "DATA_DOWNLOAD_YES",
      "content": "有配音\n({0} MB)"
    },
    {
      "id": "CV_1",
      "content": "Min Seung-woo"
    },
    {
      "id": "CV_2",
      "content": "Park Ji-yoon"
    },
    {
      "id": "CV_3",
      "content": "Kim Yea-lim"
    },
    {
      "id": "CV_4",
      "content": "Yi Sae-ah"
    },
    {
      "id": "CV_5",
      "content": "Kwon Sung-hyuk"
    },
    {
      "id": "CV_6",
      "content": "Kim Sin-woo"
    },
    {
      "id": "CV_7",
      "content": "Hong Seung-hyo"
    },
    {
      "id": "CV_8",
      "content": "Jang Ye-na"
    },
    {
      "id": "CV_9",
      "content": "Yoon A-young"
    },
    {
      "id": "CV_10",
      "content": "Kim Da-ol"
    },
    {
      "id": "CV_11",
      "content": "Kim Bo-na"
    },
    {
      "id": "CV_12",
      "content": "Choi Han"
    },
    {
      "id": "gacksung",
      "content": "同步"
    },
    {
      "id": "EnterStoryPopupDesc",
      "content": "要查看\n{0}嗎?"
    },
    {
      "id": "No",
      "content": "取消"
    },
    {
      "id": "DetailStoryDungeon",
      "content": "主線迷宮內"
    },
    {
      "id": "NeedsPersonality",
      "content": "所需人格"
    },
    {
      "id": "NeedsPersonalityButton",
      "content": "解鎖條件"
    },
    {
      "id": "MainStoryOpenCondition_101",
      "content": "通過1-1"
    },
    {
      "id": "MainStoryOpenCondition_102",
      "content": "通過2-1"
    },
    {
      "id": "MainStoryOpenCondition_103",
      "content": "通過3-1"
    },
    {
      "id": "PersonalityStory_OpenCodition",
      "content": "人格同步達到{0}階段後解鎖"
    },
    {
      "id": "OTHERSTORY",
      "content": "其他劇情"
    },
    {
      "id": "DanteNote_Record",
      "content": "記錄"
    },
    {
      "id": "DanteNote_Time",
      "content": "時間順序"
    },
    {
      "id": "DanteNote_Update",
      "content": "最近更新"
    },
    {
      "id": "DanteNote_Main",
      "content": "我甚至不知道該從哪裡寫起。\n鑑於我連自己忘了多少都說不清，這也是理所當然的吧。\n也許，在遇到不記得的事情時，我可以記錄下來。"
    },
    {
      "id": "MINI",
      "content": "Mini"
    },
    {
      "id": "DetailStoryMini",
      "content": "小插曲"
    },
    {
      "id": "OtherStoryOpenCondition_9103",
      "content": "通過3.5-1"
    },
    {
      "id": "OtherStoryOpenCondition_9010",
      "content": "通過3.5-9"
    },
    {
      "id": "MainStoryOpenCondition_104",
      "content": "通過4-1"
    }
  ]
}