{
  "dataList": [
    {
      "id": 10401,
      "title": "全員下車",
      "place": "梅菲斯託費勒斯上",
      "desc": "剛回過神，就看到垂死的罪人們倒在本應和平的巢中心。還有我面前的那……我開始一步步回想之前都發生了什麼。"
    },
    {
      "id": 10402,
      "title": "人才與天才",
      "place": "K巢中心",
      "desc": "為什麼K巢中心會出現異想體？維吉里烏斯說在一切都解決之前不準我們返回——他好像是認真的。我們穿過狼狽逃竄的人群，走向哀嚎的中心。"
    },
    {
      "id": 10403,
      "title": "無人機與異想體",
      "place": "K巢中心",
      "desc": "為了解決這場騷亂，不得不處理了阻擋前路的可疑無人機。它們怎麼看都價值不菲，何況還印著K公司的LOGO，打壞時著實讓人心裡沒底。"
    },
    {
      "id": 10404,
      "title": "無人機與異想體 2",
      "place": "K巢中心",
      "desc": "為了解決這場騷亂，不得不處理了阻擋前路的可疑無人機。它們怎麼看都價值不菲，何況還印著K公司的LOGO，打壞時著實讓人心裡沒底。"
    },
    {
      "id": 10405,
      "title": "無人機與異想體 3",
      "place": "K巢中心",
      "desc": "為了解決這場騷亂，不得不處理了阻擋前路的可疑無人機。它們怎麼看都價值不菲，何況還印著K公司的LOGO，打壞時著實讓人心裡沒底。"
    },
    {
      "id": 10406,
      "title": "返回",
      "place": "K巢中心",
      "desc": "那些煩人的無人機終於不再出現。現在得重新集中精力，去處理我們真正要消滅的敵人，異想體。"
    },
    {
      "id": 10407,
      "title": "委託人",
      "place": "K公司研究所",
      "desc": "歷經千辛萬苦，我們終於打敗異想體並回到了巴士上。給我們委託的人究竟是誰呢。我盡量無視以實瑪利的哼歌聲，去觀賞窗外的風景。"
    },
    {
      "id": 10408,
      "title": "入職",
      "place": "K公司研究所",
      "desc": "與自認為再也不會遇見的人重逢了。不過看似並沒有罪人對這場重逢感到愉快。自稱“東朗”的委託人親切地向我搭話。可我說出的話沒法傳給罪人以外的人啊……"
    },
    {
      "id": 10409,
      "title": "再生安瓿",
      "place": "K公司研究所",
      "desc": "對K公司的再生技術自鳴得意的東朗，提出接下來願意讓我們參觀實驗室。不顧三朝驚愕的表情，我們走向了東朗的實驗室。"
    },
    {
      "id": 10410,
      "title": "恐怖組織",
      "place": "K公司研究所",
      "desc": "研究室有人入侵。三朝說他們是恐怖組織，但入侵者卻對那種稱號大表不快，並介紹自己為“技術解放聯盟”。名稱並不重要。要想安全逃脫這陣爆炸並繼續完成委託，只能和他們戰鬥了。"
    },
    {
      "id": 10411,
      "title": "恐怖組織 2",
      "place": "K公司研究所",
      "desc": "研究室有人入侵。三朝說他們是恐怖組織，但入侵者卻對那種稱號大表不快，並介紹自己為“技術解放聯盟”。名稱並不重要。要想安全逃脫這陣爆炸並繼續完成委託，只能和他們戰鬥了。"
    },
    {
      "id": 10412,
      "title": "崩解安瓿",
      "place": "K公司研究所",
      "desc": "研究室有人入侵。三朝說他們是恐怖組織，但入侵者卻對那種稱號大表不快，並介紹自己為“技術解放聯盟”。名稱並不重要。要想安全逃脫這陣爆炸並繼續完成委託，只能和他們戰鬥了。"
    },
    {
      "id": 10413,
      "title": "崩解安瓿 2",
      "place": "K公司研究所",
      "desc": "研究室有人入侵。三朝說他們是恐怖組織，但入侵者卻對那種稱號大表不快，並介紹自己為“技術解放聯盟”。名稱並不重要。要想安全逃脫這陣爆炸並繼續完成委託，只能和他們戰鬥了。"
    },
    {
      "id": 10414,
      "title": "崩解安瓿 3",
      "place": "K公司研究所",
      "desc": "研究室有人入侵。三朝說他們是恐怖組織，但入侵者卻對那種稱號大表不快，並介紹自己為“技術解放聯盟”。名稱並不重要。要想安全逃脫這陣爆炸並繼續完成委託，只能和他們戰鬥了。"
    },
    {
      "id": 10415,
      "title": "奪回",
      "place": "K公司研究所",
      "desc": "就在我們與各種機器鏖戰多輪而疲憊不堪時，某人得意揚揚的聲音傳來。"
    },
    {
      "id": 10416,
      "title": "人類時代",
      "place": "K公司研究所",
      "desc": "與施倫妮、玫瑰扳手工坊收尾人會合後，我們前往腦葉公司支部。感覺此次任務參與人員似乎相當多。聽說那裡已經被恐怖分子所佔領，我們能否順利進入呢？"
    },
    {
      "id": 10417,
      "title": "技術解放聯盟",
      "place": "K巢 腦葉公司支部",
      "desc": "佔領著腦葉公司支部的並非恐怖組織，而是在K公司看到過的機械。但不知為何，這些機械一旦被破壞，就會播放出來源不明的聲音，把我們貶低成蟲子。"
    },
    {
      "id": 10418,
      "title": "最優秀的員工",
      "place": "K巢 腦葉公司支部",
      "desc": "按三朝說，名為技術解放聯盟的團體中，存在前K公司研究所所屬研究員。究竟是怎麼樣的目的才讓這個團體製造出了這些機械，又寧願製造恐怖襲擊也要襲擊K公司研究所呢。"
    },
    {
      "id": 10419,
      "title": "最優秀的員工2",
      "place": "K巢 腦葉公司支部",
      "desc": "我們遇到了曾所屬於K公司研究所的蘭。還沒來得及與她進行正常的交流，她就留下了一段難以理解的話，並在此後永遠地失去了踪跡。同時，施倫妮也不知為何一直都是一副空虛的表情。"
    },
    {
      "id": 10420,
      "title": "最優秀的員工3",
      "place": "K巢 腦葉公司支部",
      "desc": "我們遇到了曾所屬於K公司研究所的蘭。還沒來得及與她進行正常的交流，她就留下了一段難以理解的話，並在此後永遠地失去了踪跡。同時，施倫妮也不知為何一直都是一副空虛的表情。"
    },
    {
      "id": 10421,
      "title": "叛徒",
      "place": "K巢 腦葉公司支部",
      "desc": "一直瞪著施倫妮的奧提斯像是得到了某種結論，停下了腳步。因為不知道她所下的判斷是什麼，我決定默默地聽她說話。"
    },
    {
      "id": 10422,
      "title": "叛徒2",
      "place": "K巢 腦葉公司支部",
      "desc": "據奧提斯和默爾索所說，我們之間出了個叛徒。那個自稱來自玫瑰扳手工坊的叫尼柯的男人明顯在裝糊塗，完全可以對他進行合理的懷疑。我望向正和剛剛還在若無其事地聊天的人交戰的罪人們。雖說此次的叛變是由於外部勢力所導致的……但“我們”之間的團結還能持續多久呢。我不禁這樣想道。"
    },
    {
      "id": 10423,
      "title": "叛徒3",
      "place": "K巢 腦葉公司支部",
      "desc": "這些事情是由施倫妮與玫瑰扳手工坊的收尾人們所為的事實浮出了水面。我們還沒來得及問出原因，被強制注射再生安瓿的收尾人在做出任何補救措施之前就迅速地融化掉了。再生安瓿……本來不是用於治癒身體的嗎？但首先，我們得先對付尼柯和其他收尾人。"
    },
    {
      "id": 10424,
      "title": "叛徒4",
      "place": "K巢 腦葉公司支部",
      "desc": "這些事情是由施倫妮與玫瑰扳手工坊的收尾人們所為的事實浮出了水面。我們還沒來得及問出原因，被強制注射再生安瓿的收尾人在做出任何補救措施之前就迅速地融化掉了。再生安瓿……本來不是用於治癒身體的嗎？但首先，我們得先對付尼柯和其他收尾人。"
    },
    {
      "id": 10425,
      "title": "叛徒5",
      "place": "K巢 腦葉公司支部",
      "desc": "這些事情是由施倫妮與玫瑰扳手工坊的收尾人們所為的事實浮出了水面。我們還沒來得及問出原因，被強制注射再生安瓿的收尾人在做出任何補救措施之前就迅速地融化掉了。再生安瓿……本來不是用於治癒身體的嗎？但首先，我們得先對付尼柯和其他收尾人。"
    },
    {
      "id": 10426,
      "title": "一條紅線",
      "place": "K巢 腦葉公司支部",
      "desc": "解決掉玫瑰扳手工坊收尾人後，我們是時候來追究施倫妮的責任了。她絲毫沒有驚慌，始終注視著發生的一切。"
    },
    {
      "id": 10427,
      "title": "再會",
      "place": "K巢 腦葉公司支部",
      "desc": "因不知誰派來的暗殺者，就連施倫妮也失去了性命。東朗據說與施倫妮同時進入公司，但他卻一副沒有受到什麼打擊的樣子。或許對他而言，內部分裂也是一種所謂羈絆。我信任罪人們到何種程度，罪人們又信任我到何種程度？懷著這無法解答的疑問，我向著與金枝共鳴的地方走去。"
    },
    {
      "id": 10428,
      "title": "洞",
      "place": "K巢 腦葉公司支部",
      "desc": "冬柏的意外襲擊穿透了李箱的胸膛。倒轉時間能治癒傷口，但心上的空洞能否被真正填滿？我無從得知他合眼安眠後夢到了什麼。"
    },
    {
      "id": 10429,
      "title": "突襲",
      "place": "K巢 腦葉公司支部",
      "desc": "李箱像是無事發生一樣醒了過來。這時，三朝的電話開始響個不停。 "
    },
    {
      "id": 10430,
      "title": "星座",
      "place": "K公司研究所",
      "desc": "K公司研究所發動突襲。技術解放聯盟似乎已經掌握將異想體變回蛋的能力。我們盡快回到K公司研究所大樓。"
    },
    {
      "id": 10431,
      "title": "搶奪",
      "place": "K公司研究所",
      "desc": "受到技術解放聯盟成員入侵，K公司的再生安瓿無人機對準了我們。我們只能擊敗K公司的安保力量來繼續前進。"
    },
    {
      "id": 10432,
      "title": "搶奪 2",
      "place": "K公司研究所",
      "desc": "受到技術解放聯盟成員入侵，K公司的再生安瓿無人機對準了我們。我們只能擊敗K公司的安保力量來繼續前進。"
    },
    {
      "id": 10433,
      "title": "明智的惡人",
      "place": "K公司研究所",
      "desc": "技術解放聯盟的成員並非撤退而是等著我們。他們好像準備好了秘密武器……"
    },
    {
      "id": 10434,
      "title": "明智的惡人 2",
      "place": "K公司研究所",
      "desc": "技術解放聯盟的成員並非撤退而是等著我們。他們好像準備好了秘密武器……"
    },
    {
      "id": 10435,
      "title": "緊急呼叫",
      "place": "K公司研究所",
      "desc": "三朝的電話鈴聲再次瘋狂地響起來。也許我們該趁東朗和三朝不在試著找點從他們那裡拿不到的有用信息。"
    },
    {
      "id": 10436,
      "title": "緊急呼叫 2",
      "place": "K公司研究所",
      "desc": "趁東朗和三朝不在，我們派默爾索去調查施倫妮的郵箱。也許能得到更多技術解放聯盟的信息。"
    },
    {
      "id": 10437,
      "title": "緊急呼叫 3",
      "place": "K公司研究所",
      "desc": "趁東朗和三朝不在，我們派默爾索去調查施倫妮的郵箱。也許能得到更多技術解放聯盟的信息。"
    },
    {
      "id": 10438,
      "title": "輝煌的過往",
      "place": "K公司研究所",
      "desc": "默爾索回來了。讓我們看看他都帶回了什麼情報。"
    },
    {
      "id": 10439,
      "title": "輝煌的過往2",
      "place": "K公司研究所",
      "desc": "受到技術解放聯盟成員入侵，K公司的再生安瓿無人機對準了我們。我們只能擊敗K公司的安保力量來繼續前進。"
    },
    {
      "id": 10440,
      "title": "輝煌的過往3",
      "place": "K公司研究所",
      "desc": "受到技術解放聯盟成員入侵，K公司的再生安瓿無人機對準了我們。我們只能擊敗K公司的安保力量來繼續前進。"
    },
    {
      "id": 10441,
      "title": "1級",
      "place": "K公司研究所",
      "desc": "我們發現另一側有異狀的K公司成員。東朗和三朝重新回到隊伍中；談話似乎進展順利。"
    },
    {
      "id": 10442,
      "title": "1級 2",
      "place": "K公司研究所",
      "desc": "我們發現另一側有異狀的K公司成員。東朗和三朝重新回到隊伍中，談話似乎進展順利。"
    },
    {
      "id": 10443,
      "title": "技術不復存在的時代",
      "place": "K公司研究所",
      "desc": "我們遇到了面熟的技術解放聯盟的成員。是之前和蘭一起入侵研究室的人。"
    },
    {
      "id": 10444,
      "title": "技術不復存在的時代 2",
      "place": "K公司研究所",
      "desc": "那人名叫馬里勒。技術解放聯盟的目標是回到技術不復存在的時代。"
    },
    {
      "id": 10445,
      "title": "入職原因",
      "place": "K公司研究所",
      "desc": "良秀一臉不滿地叫了一聲李箱。於是，我們討論起彼此入職的原因。"
    },
    {
      "id": 10446,
      "title": "提議原因 2",
      "place": "K公司研究所",
      "desc": "我們一邊向東朗所說的“鑑賞室”前進，一邊被迫擊退不斷出現的敵人。"
    },
    {
      "id": 10447,
      "title": "放映室",
      "place": "K公司研究所",
      "desc": "終於到達了“鑑賞室”。雖然由於太暗而看不清楚，但在這空間的正中似乎有什麼正俯視著我們。"
    },
    {
      "id": 10448,
      "title": "花蕾",
      "place": "K公司研究所",
      "desc": "與曾認為早已斷絕的緣分再度相遇，冬柏表露出對於回收奇點的強烈執念。"
    },
    {
      "id": 10449,
      "title": "沒什麼",
      "place": "重組的K公司研究所",
      "desc": "刺穿冬柏的金枝散發出耀眼的金光，隨後消失不見。隨後我們所在的K公司開始扭曲變形。究竟會發生什麼呢？"
    },
    {
      "id": 10450,
      "title": "沒什麼2",
      "place": "重組的K公司研究所",
      "desc": "刺穿冬柏的金枝散發出耀眼的金光，隨後消失不見。隨後我們所在的K公司開始扭曲變形。究竟會發生什麼呢？"
    },
    {
      "id": 10451,
      "title": "紐帶",
      "place": "重組的K公司研究所",
      "desc": "本應死亡的解放聯盟成員們襲擊了我們。在逐漸重組的空間中，我們繼續前進，尋找著不遠處的金枝的下落。"
    },
    {
      "id": 10452,
      "title": "紐帶2",
      "place": "K公司研究所",
      "desc": "本應死亡的解放聯盟成員們襲擊了我們。在逐漸重組的空間中，我們繼續前進，尋找著不遠處的金枝的下落。"
    },
    {
      "id": 10453,
      "title": "紐帶3",
      "place": "K公司研究所",
      "desc": "本應死亡的解放聯盟成員們襲擊了我們。在逐漸重組的空間中，我們繼續前進，尋找著不遠處的金枝的下落。"
    },
    {
      "id": 10454,
      "title": "記憶中的九人會",
      "place": "K公司研究所",
      "desc": "本應死亡的解放聯盟成員們襲擊了我們。在逐漸重組的空間中，我們繼續前進，尋找著不遠處的金枝的下落。"
    }
  ]
}