{
  "dataList": [
    {
      "id": 808202,
      "levelList": [
        {
          "level": 1,
          "name": "尖釘戳刺",
          "coinlist": [
            {},
            {
              "coindescs": [
                {
                  "desc": "[OnSucceedAttack] 下回合使目標增加6級流血 強度"
                }
              ]
            }
          ]
        }
      ]
    },
    {
      "id": 808203,
      "levelList": [
        {
          "level": 1,
          "name": "執握",
          "desc": "[StartBattle] 下回合凝視該目標",
          "coinlist": [
            {
              "coindescs": [
                {
                  "desc": ""
                }
              ]
            }
          ]
        }
      ]
    },
    {
      "id": 808204,
      "levelList": [
        {
          "level": 1,
          "name": "狂笑",
          "desc": "[WhenUse] 對目標造成10點理智傷害",
          "coinlist": [
            {},
            {
              "coindescs": [
                {
                  "desc": "[OnSucceedAttack] 下回合使自身獲得1層強壯 "
                }
              ]
            }
          ]
        }
      ]
    },
    {
      "id": 808205,
      "levelList": [
        {
          "level": 1,
          "name": "斷罪釘刑",
          "coinlist": [
            {
              "coindescs": [
                {
                  "desc": "[OnSucceedAttack] 下回合對目標施加1層N公司的尖釘 "
                }
              ]
            },
            {
              "coindescs": [
                {
                  "desc": "[OnSucceedAttack] 下回合對目標施加1層N公司的尖釘 "
                }
              ]
            },
            {
              "coindescs": [
                {
                  "desc": "[OnSucceedAttack] 下回合對目標施加1層N公司的尖釘 "
                }
              ]
            }
          ]
        }
      ]
    },
    {
      "id": 808206,
      "levelList": [
        {
          "level": 1,
          "name": "淨化",
          "desc": "[WhenUse] 若目標的體力低於30%，則使本技能的威力+2",
          "coinlist": [
            {
              "coindescs": [
                {
                  "desc": "[OnSucceedAttack] 對目標施加1層N公司的尖釘 "
                }
              ]
            },
            {
              "coindescs": [
                {
                  "desc": "[OnSucceedAttack] 對目標施加1層N公司的尖釘 "
                }
              ]
            },
            {
              "coindescs": [
                {
                  "desc": "[OnSucceedAttack] 對目標施加1層N公司的尖釘 "
                }
              ]
            },
            {
              "coindescs": [
                {
                  "desc": "[OnSucceedAttack] 若目標的N公司的尖釘 層數不低於5層，則使其陷入混亂並解除目標的N公司的尖釘 "
                }
              ]
            }
          ]
        }
      ]
    },
    {
      "id": 808208,
      "levelList": [
        {
          "level": 1,
          "name": "即刻處決！",
          "desc": "[DefeatDuel] 使自身陷入混亂",
          "coinlist": [
            {
              "coindescs": [
                {
                  "desc": "[OnSucceedAttack] 使目標陷入混亂，並在下回合對其施加10層易損 "
                }
              ]
            }
          ]
        }
      ]
    },
    {
      "id": 808210,
      "levelList": [
        {
          "level": 1,
          "name": "可笑至極",
          "desc": "[OnSucceedEvade] 對目標造成5點理智傷害",
          "coinlist": [
            {}
          ]
        }
      ]
    },
    {
      "id": 808301,
      "levelList": [
        {
          "level": 1,
          "name": "原生之翼",
          "coinlist": [
            {}
          ]
        }
      ]
    },
    {
      "id": 808302,
      "levelList": [
        {
          "level": 1,
          "name": "原生之翼",
          "coinlist": [
            {},
            {}
          ]
        }
      ]
    },
    {
      "id": 808303,
      "levelList": [
        {
          "level": 1,
          "name": "聖潔振翅",
          "coinlist": [
            {
              "coindescs": [
                {
                  "desc": "[OnSucceedAttack] 下回合對目標施加1層束縛 "
                },
                {
                  "desc": "[OnSucceedAttack] 下回合對目標施加1層麻痺 "
                }
              ]
            },
            {
              "coindescs": [
                {
                  "desc": "[OnSucceedAttack] 下回合對目標施加1層束縛 "
                },
                {
                  "desc": "[OnSucceedAttack] 下回合對目標施加1層麻痺 "
                }
              ]
            },
            {
              "coindescs": [
                {
                  "desc": "[OnSucceedAttack] 下回合對目標施加1層束縛 "
                },
                {
                  "desc": "[OnSucceedAttack] 下回合對目標施加1層麻痺 "
                }
              ]
            },
            {
              "coindescs": [
                {
                  "desc": "[OnSucceedAttack] 下回合對目標施加1層束縛 "
                },
                {
                  "desc": "[OnSucceedAttack] 下回合對目標施加1層麻痺 "
                }
              ]
            }
          ]
        }
      ]
    },
    {
      "id": 808304,
      "levelList": [
        {
          "level": 1,
          "name": "破碎之翼",
          "coinlist": [
            {
              "coindescs": [
                {
                  "desc": "[OnSucceedAttack] 下回合對目標施加1層束縛 "
                },
                {
                  "desc": "[OnSucceedAttack] 下回合對目標施加1層麻痺 "
                }
              ]
            },
            {
              "coindescs": [
                {
                  "desc": "[OnSucceedAttack] 下回合對目標施加1層束縛 "
                },
                {
                  "desc": "[OnSucceedAttack] 下回合對目標施加1層麻痺 "
                }
              ]
            }
          ]
        }
      ]
    },
    {
      "id": 808305,
      "levelList": [
        {
          "level": 1,
          "name": "破碎之翼",
          "coinlist": [
            {
              "coindescs": [
                {
                  "desc": "[OnSucceedAttack] 下回合對目標施加1層束縛 "
                },
                {
                  "desc": "[OnSucceedAttack] 下回合對目標施加1層麻痺 "
                }
              ]
            },
            {
              "coindescs": [
                {
                  "desc": "[OnSucceedAttack] 下回合對目標施加1層束縛 "
                },
                {
                  "desc": "[OnSucceedAttack] 下回合對目標施加1層麻痺 "
                }
              ]
            }
          ]
        }
      ]
    },
    {
      "id": 808306,
      "levelList": [
        {
          "level": 1,
          "name": "盛怒振翅",
          "coinlist": [
            {}
          ]
        }
      ]
    },
    {
      "id": 808307,
      "levelList": [
        {
          "level": 1,
          "name": "崇高淨化",
          "coinlist": [
            {
              "coindescs": [
                {
                  "desc": "[OnSucceedAttack] 下回合對目標施加1層易損 "
                },
                {
                  "desc": "[OnSucceedAttack] 下回合使目標增加2級流血 強度"
                }
              ]
            },
            {
              "coindescs": [
                {
                  "desc": "[OnSucceedAttack] 下回合對目標施加1層易損 "
                },
                {
                  "desc": "[OnSucceedAttack] 下回合使目標增加2級流血 強度"
                }
              ]
            },
            {
              "coindescs": [
                {
                  "desc": "[OnSucceedAttack] 下回合對目標施加1層易損 "
                },
                {
                  "desc": "[OnSucceedAttack] 下回合使目標增加2級流血 強度"
                }
              ]
            }
          ]
        }
      ]
    },
    {
      "id": 808308,
      "levelList": [
        {
          "level": 1,
          "name": "榮耀執握",
          "desc": "[WhenUse] 若目標的體力不高於30%，則本技能造成的傷害+100%",
          "coinlist": [
            {
              "coindescs": [
                {
                  "desc": "[OnSucceedAttackHead] 目標的體力低於30%時，直接擊殺目標並使自身恢復30點體力\n下回合使自身獲得2層強壯 "
                }
              ]
            }
          ]
        }
      ]
    },
    {
      "id": 808309,
      "levelList": [
        {
          "level": 1,
          "name": "給我懺悔！！",
          "desc": "[WhenUse] 若目標的體力不高於30%，則本技能造成的傷害+100%",
          "coinlist": [
            {
              "coindescs": [
                {
                  "desc": "[OnSucceedAttack] 下回合對目標施加5層易損 "
                },
                {
                  "desc": "[OnSucceedAttack] 下回合使目標增加5級流血 強度"
                }
              ]
            }
          ]
        }
      ]
    },
    {
      "id": 808310,
      "levelList": [
        {
          "level": 1,
          "name": "純粹的血肉",
          "coinlist": [
            {
              "coindescs": [
                {}
              ]
            }
          ]
        }
      ]
    },
    {
      "id": 808401,
      "levelList": [
        {
          "level": 1,
          "name": "拍擊",
          "keywords": [
            "Reduction"
          ],
          "coinlist": [
            {
              "coindescs": [
                {
                  "desc": "[OnSucceedAttack] 下回合對目標施加1層虛弱 "
                }
              ]
            }
          ]
        }
      ]
    },
    {
      "id": 808402,
      "levelList": [
        {
          "level": 1,
          "name": "強力拍擊",
          "keywords": [
            "Reduction"
          ],
          "coinlist": [
            {
              "coindescs": [
                {
                  "desc": "[OnSucceedAttackHead] 下回合對目標施加3層虛弱 "
                }
              ]
            }
          ]
        }
      ]
    },
    {
      "id": 808403,
      "levelList": [
        {
          "level": 1,
          "name": "尾鰭抽打",
          "keywords": [
            "Vulnerable"
          ],
          "coinlist": [
            {
              "coindescs": [
                {
                  "desc": "[OnSucceedAttack] 下回合對目標施加1層易損 "
                }
              ]
            },
            {
              "coindescs": [
                {
                  "desc": "[OnSucceedAttackHead] 下回合對目標施加3層易損 "
                }
              ]
            }
          ]
        }
      ]
    },
    {
      "id": 808404,
      "levelList": [
        {
          "level": 1,
          "name": "擠壓液囊",
          "keywords": [
            "Binding"
          ],
          "coinlist": [
            {
              "coindescs": [
                {
                  "desc": "[OnSucceedAttack] 下回合對目標施加3層束縛 "
                }
              ]
            }
          ]
        }
      ]
    },
    {
      "id": 808405,
      "levelList": [
        {
          "level": 1,
          "name": "血液轟擊",
          "keywords": [
            "Bleeding"
          ],
          "coinlist": [
            {
              "coindescs": [
                {
                  "desc": "[OnSucceedAttack] 使目標增加5級流血 強度"
                },
                {
                  "desc": "[OnSucceedAttackHead] 使目標增加20級流血 強度"
                }
              ]
            }
          ]
        }
      ]
    },
    {
      "id": 808406,
      "levelList": [
        {
          "level": 1,
          "name": "血液凝結",
          "keywords": [
            "Bleeding"
          ],
          "desc": "",
          "coinlist": [
            {
              "coindescs": [
                {
                  "desc": "[OnSucceedAttackHead] 使目標增加30級流血 強度"
                }
              ]
            }
          ]
        }
      ]
    },
    {
      "id": 808501,
      "levelList": [
        {
          "level": 1,
          "name": "利爪撕扯",
          "coinlist": [
            {
              "coindescs": [
                {
                  "desc": "[OnSucceedAttack] 下回合使目標增加2級流血 強度"
                }
              ]
            }
          ]
        }
      ]
    },
    {
      "id": 808502,
      "levelList": [
        {
          "level": 1,
          "name": "恆定電壓",
          "coinlist": [
            {
              "coindescs": [
                {
                  "desc": "[OnSucceedAttack] 下回合使目標增加1級破裂 強度"
                }
              ]
            }
          ]
        }
      ]
    },
    {
      "id": 808503,
      "levelList": [
        {
          "level": 1,
          "name": "恆壓追擊",
          "coinlist": [
            {
              "coindescs": [
                {
                  "desc": "[OnSucceedAttack] 下回合使目標增加1級破裂 強度"
                }
              ]
            },
            {
              "coindescs": [
                {
                  "desc": "[OnSucceedAttackHead] 下回合使目標增加4級破裂 強度"
                }
              ]
            }
          ]
        }
      ]
    },
    {
      "id": 808504,
      "levelList": [
        {
          "level": 1,
          "name": "咆哮",
          "coinlist": [
            {
              "coindescs": [
                {
                  "desc": "[OnSucceedAttack] 下回合對目標施加2層束縛 "
                },
                {
                  "desc": "[OnSucceedAttackHead] 下回合對目標施加4層破綻 "
                }
              ]
            }
          ]
        }
      ]
    },
    {
      "id": 808505,
      "levelList": [
        {
          "level": 1,
          "name": "雷霆咆哮",
          "coinlist": [
            {
              "coindescs": [
                {
                  "desc": "[OnSucceedAttackHead] 下回合使目標增加3級破裂 強度"
                }
              ]
            }
          ]
        }
      ]
    },
    {
      "id": 808506,
      "levelList": [
        {
          "level": 1,
          "name": "落雷牽引",
          "coinlist": [
            {
              "coindescs": [
                {
                  "desc": "[OnSucceedAttack] 下回合使目標增加2級破裂 強度"
                },
                {
                  "desc": "[OnSucceedAttackHead] 下回合使目標增加5級破裂 強度"
                }
              ]
            },
            {
              "coindescs": [
                {
                  "desc": ""
                }
              ]
            }
          ]
        }
      ]
    },
    {
      "id": 808507,
      "levelList": [
        {
          "level": 1,
          "name": "赤色閃電",
          "coinlist": [
            {
              "coindescs": [
                {
                  "desc": "[OnSucceedAttack] 下回合使目標增加10級破裂 強度"
                }
              ]
            },
            {
              "coindescs": [
                {
                  "desc": ""
                }
              ]
            }
          ]
        }
      ]
    },
    {
      "id": 808508,
      "levelList": [
        {
          "level": 1,
          "name": "咆哮",
          "coinlist": [
            {
              "coindescs": [
                {
                  "desc": "[OnSucceedAttack] 下回合對目標施加2層束縛 "
                },
                {
                  "desc": "[OnSucceedAttackHead] 下回合對目標施加4層破綻 "
                }
              ]
            }
          ]
        }
      ]
    },
    {
      "id": 808601,
      "levelList": [
        {
          "level": 1,
          "name": "撕咬",
          "desc": "[WhenUse] 使自身獲得2層自體發電 \n[DefeatDuel] 消耗1層自體發電 ",
          "coinlist": [
            {
              "coindescs": [
                {
                  "desc": "[OnSucceedAttack] 使目標增加3級流血 強度並對其施加2層流血 "
                }
              ]
            }
          ]
        }
      ]
    },
    {
      "id": 808602,
      "levelList": [
        {
          "level": 1,
          "name": "尾針突刺",
          "desc": "[WhenUse] 使自身獲得2層自體發電 \n[DefeatDuel] 消耗1層自體發電 ",
          "coinlist": [
            {
              "coindescs": [
                {
                  "desc": "[OnSucceedAttack] 使目標增加3級流血 強度並對其施加2層流血"
                }
              ]
            },
            {
              "coindescs": [
                {
                  "desc": "[OnSucceedAttack] 下回合對目標施加2層束縛 "
                }
              ]
            }
          ]
        }
      ]
    },
    {
      "id": 808603,
      "levelList": [
        {
          "level": 1,
          "name": "緊緊蜷縮",
          "desc": "[WhenUse] 使自身獲得2層自體發電 \n[DefeatDuel] 消耗1層自體發電 ",
          "coinlist": [
            {
              "coindescs": [
                {
                  "desc": "[OnSucceedAttack] 對目標施加2層易損 "
                },
                {
                  "desc": "[OnSucceedAttackHead] 下回合對目標施加2層束縛 "
                }
              ]
            }
          ]
        }
      ]
    },
    {
      "id": 808604,
      "levelList": [
        {
          "level": 1,
          "name": "電流注入",
          "desc": "[WhenUse] 使自身獲得1層自體發電 \n若目標帶有麻痺 則使本技能的傷害+10%",
          "coinlist": [
            {},
            {
              "coindescs": [
                {
                  "desc": "[OnSucceedAttack] 對目標施加3層麻痺 "
                }
              ]
            }
          ]
        }
      ]
    },
    {
      "id": 808605,
      "levelList": [
        {
          "level": 1,
          "name": "電流放流",
          "desc": "[WhenUse] 使自身獲得1層自體發電 \n若目標帶有麻痺 則本技能的傷害+10%",
          "coinlist": [
            {},
            {},
            {
              "coindescs": [
                {
                  "desc": "[OnSucceedAttack] 對目標施加3層麻痺 "
                }
              ]
            }
          ]
        }
      ]
    },
    {
      "id": 808606,
      "levelList": [
        {
          "level": 1,
          "name": "電流釋放",
          "desc": "[WhenUse] 使自身獲得1層自體發電 \n若目標帶有麻痺 則使本技能的傷害+20%",
          "coinlist": [
            {
              "coindescs": [
                {
                  "desc": "[OnSucceedAttack] 對目標施加2層易損 "
                }
              ]
            },
            {
              "coindescs": [
                {
                  "desc": "[OnSucceedAttack] 對目標施加5層麻痺 "
                }
              ]
            }
          ]
        }
      ]
    },
    {
      "id": 808607,
      "levelList": [
        {
          "level": 1,
          "name": "超高壓電流釋放",
          "desc": "若自身的自體發電 層數不低於10層，則每超過1層使本技能的傷害+10%\n消耗所有自體發電 ",
          "coinlist": [
            {
              "coindescs": [
                {
                  "desc": "[OnSucceedAttack] 對目標施加2層易損 "
                }
              ]
            },
            {
              "coindescs": [
                {
                  "desc": "[OnSucceedAttack] 若目標處於蓄能 狀態，則額外造成最終傷害量40%的固定傷害"
                },
                {
                  "desc": "[OnSucceedAttack] 對目標施加3層麻痺 與1層蓄能 "
                }
              ]
            }
          ]
        }
      ]
    },
    {
      "id": 808608,
      "levelList": [
        {
          "level": 1,
          "name": "盤繞",
          "desc": "行動槽中存在該技能時，獲得與頭部現存體力值相等的護盾",
          "coinlist": [
            {}
          ]
        }
      ]
    },
    {
      "id": 808609,
      "levelList": [
        {
          "level": 1,
          "name": "蠕動的頭",
          "desc": "優先指定體力最低的敵方單位\n[WhenUse] 消耗2層自體發電 \n[DefeatDuel] 消耗2層自體發電 ",
          "coinlist": [
            {},
            {
              "coindescs": [
                {
                  "desc": "[OnSucceedAttack] 對目標施加3層麻痺 "
                }
              ]
            }
          ]
        }
      ]
    },
    {
      "id": 808610,
      "levelList": [
        {
          "level": 1,
          "name": "蠕動的尾",
          "desc": "優先指定體力最低的敵方單位\n[WhenUse] 消耗2層自體發電 \n[DefeatDuel] 消耗3層自體發電 ",
          "coinlist": [
            {},
            {},
            {
              "coindescs": [
                {
                  "desc": "[OnSucceedAttack] 對目標施加3層麻痺 "
                }
              ]
            }
          ]
        }
      ]
    },
    {
      "id": 808701,
      "levelList": [
        {
          "level": 1,
          "name": "沉悶的呻吟",
          "desc": "",
          "coinlist": [
            {
              "coindescs": [
                {
                  "desc": "[OnSucceedAttack] 使目標增加3級沉淪 強度"
                }
              ]
            }
          ]
        }
      ]
    },
    {
      "id": 808702,
      "levelList": [
        {
          "level": 1,
          "name": "席捲而來的沉淪",
          "desc": "",
          "coinlist": [
            {
              "coindescs": [
                {
                  "desc": "[OnSucceedAttack] 對目標施加2層沉淪 "
                }
              ]
            },
            {
              "coindescs": [
                {
                  "desc": "[OnSucceedAttack] 使目標增加3級沉淪 強度"
                }
              ]
            }
          ]
        }
      ]
    },
    {
      "id": 808703,
      "levelList": [
        {
          "level": 1,
          "name": "哀傷的反擊",
          "desc": "",
          "coinlist": [
            {
              "coindescs": [
                {
                  "desc": "[OnSucceedAttack] 對目標施加3層破裂 "
                }
              ]
            },
            {
              "coindescs": [
                {
                  "desc": "[OnSucceedAttack] 使目標增加2級破裂 強度"
                }
              ]
            }
          ]
        }
      ]
    },
    {
      "id": 808704,
      "levelList": [
        {
          "level": 1,
          "name": "哀傷的洪流",
          "desc": "",
          "coinlist": [
            {
              "coindescs": [
                {
                  "desc": "[OnSucceedAttack] 對目標施加2層破裂 "
                }
              ]
            },
            {
              "coindescs": [
                {
                  "desc": "[OnSucceedAttack] 使目標增加3級破裂 強度"
                },
                {
                  "desc": "[OnSucceedAttackHead] 使目標增加2級破裂 強度"
                }
              ]
            }
          ]
        }
      ]
    },
    {
      "id": 808705,
      "levelList": [
        {
          "level": 1,
          "name": "尋找某物的哭聲",
          "desc": "[WhenUse] 下回合召喚舊傘",
          "coinlist": [
            {
              "coindescs": [
                {
                  "desc": "[OnSucceedAttack] 使目標增加5級沉淪 強度"
                },
                {
                  "desc": "[OnSucceedAttackHead] 每把舊傘使本技能的傷害+15%"
                }
              ]
            }
          ]
        }
      ]
    },
    {
      "id": 808706,
      "levelList": [
        {
          "level": 1,
          "name": "等待",
          "desc": "[StartBattle] 全體敵方單位損失20點理智值",
          "coinlist": [
            {}
          ]
        }
      ]
    },
    {
      "id": 808801,
      "levelList": [
        {
          "level": 1,
          "name": "散落的悲傷",
          "desc": "[EndSkill] 對全體敵方單位施加2層破裂 與2層沉淪 ",
          "coinlist": [
            {}
          ]
        }
      ]
    },
    {
      "id": 808901,
      "levelList": [
        {
          "level": 1,
          "name": "纏繞符咒",
          "desc": "[WhenUse] 對目標施加2層糾纏的咒符 ",
          "coinlist": [
            {
              "coindescs": [
                {
                  "desc": "[OnSucceedAttack] 下回合使目標增加2級破裂 強度並對其施加2層破裂 "
                }
              ]
            }
          ]
        }
      ]
    },
    {
      "id": 808902,
      "levelList": [
        {
          "level": 1,
          "name": "積累詛咒",
          "desc": "[WhenUse] 對目標施加1層糾纏的咒符 ",
          "coinlist": [
            {
              "coindescs": [
                {
                  "desc": "[OnSucceedAttack] 根據目標帶有的糾纏的咒符 層數，施加相應層數的糾纏的咒符 "
                }
              ]
            },
            {
              "coindescs": [
                {
                  "desc": "[OnSucceedAttackHead] 下回合使目標增加5級破裂 強度"
                }
              ]
            },
            {
              "coindescs": [
                {
                  "desc": "[OnSucceedAttackHead] 下回合使目標增加2級破裂 強度並對其施加2層破裂 "
                }
              ]
            }
          ]
        }
      ]
    },
    {
      "id": 808903,
      "levelList": [
        {
          "level": 1,
          "name": "因而無人哭泣",
          "desc": "[EndBattle] 消耗所有復貼的咒符 ",
          "coinlist": [
            {},
            {},
            {},
            {},
            {
              "coindescs": [
                {
                  "desc": "[OnSucceedAttack] 下回合對目標施加5層麻痺 "
                },
                {
                  "desc": "[OnSucceedAttackHead] 下回合對目標施加5層束縛 "
                }
              ]
            }
          ]
        }
      ]
    },
    {
      "id": 808904,
      "levelList": [
        {
          "level": 1,
          "name": "轉移符咒",
          "desc": "[WhenUse] 消耗目標所有糾纏的咒符 。根據消耗的層數，使自身獲得相應層數的複貼的咒符 ",
          "coinlist": [
            {}
          ]
        }
      ]
    },
    {
      "id": 808905,
      "levelList": [
        {
          "level": 1,
          "name": "複製詛咒",
          "desc": "[WhenUse] 根據目標所帶有糾纏的咒符 的層數，施加相應層數的糾纏的咒符 ",
          "coinlist": [
            {}
          ]
        }
      ]
    },
    {
      "id": 809001,
      "levelList": [
        {
          "level": 1,
          "name": "想喝醉嗎？",
          "desc": "進行拼點時，使目標獲得1層昂揚 ",
          "coinlist": [
            {
              "coindescs": [
                {
                  "desc": "[OnSucceedAttack] 使目標增加5級震顫 強度並對其施加2層震顫 "
                }
              ]
            }
          ]
        }
      ]
    },
    {
      "id": 809002,
      "levelList": [
        {
          "level": 1,
          "name": "分著喝吧！",
          "desc": "進行拼點時，使目標獲得2層昂揚 \n[WhenUse] 使自身恢復體力上限5%的體力",
          "coinlist": [
            {
              "coindescs": [
                {
                  "desc": "[OnSucceedAttack] 下回合對目標施加2層束縛 "
                }
              ]
            }
          ]
        }
      ]
    },
    {
      "id": 809003,
      "levelList": [
        {
          "level": 1,
          "name": "只剩這些了！",
          "desc": "進行拼點時，使目標獲得2層昂揚 \n指定帶有震顫的單位 ",
          "coinlist": [
            {},
            {
              "coindescs": [
                {
                  "desc": "[OnSucceedAttack] 根據目標的震顫 層數，相應引爆目標的震顫 "
                }
              ]
            }
          ]
        }
      ]
    },
    {
      "id": 809004,
      "levelList": [
        {
          "level": 1,
          "name": "這個我吃了！",
          "desc": "[CantDuel]\n無法改變拼點目標\n指定帶有昂揚 的目標\n若目標未帶有醉意 ，則拼點威力+5",
          "coinlist": [
            {
              "coindescs": [
                {
                  "desc": "[OnSucceedAttack] 若目標帶有昂揚 ，則每層昂揚 使本硬幣的傷害+10%"
                },
                {
                  "desc": "[OnSucceedAttack] 若目標帶有醉意 則造成0點傷害，並使自身損失50點體力"
                },
                {
                  "desc": "[OnSucceedAttack] 消耗目標的所有昂揚 或醉意 "
                }
              ]
            }
          ]
        }
      ]
    },
    {
      "id": 809005,
      "levelList": [
        {
          "level": 1,
          "name": "這個我吃了！",
          "desc": "指定帶有昂揚 的目標\n若目標未帶有醉意 ，則拼點威力+5",
          "coinlist": [
            {
              "coindescs": [
                {
                  "desc": "[OnSucceedAttack] 若目標帶有昂揚 ，則每層昂揚 使本硬幣的傷害+100%"
                },
                {
                  "desc": "[OnSucceedAttack] 若目標帶有醉意 則造成0點傷害，並使自身損失50點體力"
                },
                {
                  "desc": "[OnSucceedAttack] 消耗目標的所有昂揚 或醉意 "
                }
              ]
            }
          ]
        }
      ]
    },
    {
      "id": 809006,
      "levelList": [
        {
          "level": 1,
          "name": "這次不行！",
          "desc": "優先攻擊妖精酒",
          "coinlist": [
            {
              "coindescs": [
                {
                  "desc": "[OnSucceedAttack] 攻擊妖精酒時，下回合使自身恢復體力上限10%的體力值並使自身獲得2層強壯 ，2層迅捷 與2層守護 "
                }
              ]
            }
          ]
        }
      ]
    },
    {
      "id": 809007,
      "levelList": [
        {
          "level": 1,
          "name": "想要這杯妖精酒嗎？",
          "desc": "[WhenUse] 下回合使自身獲得1層束縛 ",
          "coinlist": [
            {}
          ]
        }
      ]
    },
    {
      "id": 809101,
      "levelList": [
        {
          "level": 1,
          "name": "妖精酒",
          "desc": "[WhenUse] 將目標的昂揚 轉換為相應層數的醉意 ",
          "coinlist": [
            {}
          ]
        }
      ]
    },
    {
      "id": 809201,
      "levelList": [
        {
          "level": 1,
          "name": "舔舐傷口",
          "desc": "[WhenUse] 若目標帶有流血 ，則對目標施加1層麻痺 ",
          "coinlist": [
            {
              "coindescs": [
                {
                  "desc": "[OnSucceedAttack] 對目標施加3層流血 "
                },
                {
                  "desc": "[OnSucceedAttack] 若目標的流血 層數不低於2層，則使目標增加5級流血 強度"
                }
              ]
            }
          ]
        }
      ]
    },
    {
      "id": 809202,
      "levelList": [
        {
          "level": 1,
          "name": "束縛傷痕",
          "desc": "[WhenUse]  若目標帶有流血 ，則下回合對目標施加1層束縛 ",
          "coinlist": [
            {
              "coindescs": [
                {
                  "desc": "[OnSucceedAttack] 使目標增加3級流血 強度"
                }
              ]
            }
          ]
        }
      ]
    },
    {
      "id": 809203,
      "levelList": [
        {
          "level": 1,
          "name": "陷於血肉",
          "desc": "",
          "coinlist": [
            {
              "coindescs": [
                {
                  "desc": "[OnSucceedAttack] 使目標增加3級流血 強度"
                },
                {
                  "desc": "[OnSucceedAttack] 若目標帶有流血 ，則使自身恢復20點體力"
                }
              ]
            },
            {
              "coindescs": [
                {
                  "desc": "[OnSucceedAttack] 若目標的流血 層數不低於2層，則使目標增加5級流血 強度"
                }
              ]
            }
          ]
        }
      ]
    },
    {
      "id": 809204,
      "levelList": [
        {
          "level": 1,
          "name": "綠蔭籠罩",
          "desc": "[WhenUse] 下回合生成巨大的四葉草\n[WhenUse] 目標每有1層流血 使本技能傷害量+5%\n[DefeatDuel] 生成體力為原體力上限70%的巨大的四葉草",
          "coinlist": [
            {
              "coindescs": [
                {
                  "desc": "[OnSucceedAttack] 消耗全部流血 層數"
                }
              ]
            }
          ]
        }
      ]
    },
    {
      "id": 809205,
      "levelList": [
        {
          "level": 1,
          "name": "消化",
          "desc": "",
          "coinlist": [
            {
              "coindescs": [
                {
                  "desc": "[OnSucceedAttack] 目標每帶有1級流血 強度，則使自身恢復體力上限1%的體力\n消耗全部流血 層數"
                }
              ]
            }
          ]
        }
      ]
    },
    {
      "id": 809401,
      "levelList": [
        {
          "level": 1,
          "name": "發芽",
          "desc": ""
        }
      ]
    },
    {
      "id": 809402,
      "levelList": [
        {
          "level": 1,
          "name": "金燦果實",
          "coinlist": [
            {
              "coindescs": [
                {
                  "desc": "[DefeatDuel] 對自身造成20點傷害"
                },
                {
                  "desc": "[DefeatDuel] 使自身失去1層光輝 "
                }
              ]
            }
          ]
        }
      ]
    },
    {
      "id": 809403,
      "levelList": [
        {
          "level": 1,
          "name": "堅硬的黃金",
          "coinlist": [
            {}
          ]
        }
      ]
    },
    {
      "id": 809501,
      "levelList": [
        {
          "level": 1,
          "name": "榨取養分",
          "coinlist": [
            {},
            {
              "coindescs": [
                {
                  "desc": "[OnSucceedAttack] 使自身的本體恢復3點體力"
                }
              ]
            },
            {}
          ]
        }
      ]
    },
    {
      "id": 809502,
      "levelList": [
        {
          "level": 1,
          "name": "腐爛果肉",
          "coinlist": [
            {
              "coindescs": [
                {
                  "desc": "[OnSucceedAttack] 下回合對目標施加3層流血 "
                },
                {
                  "desc": "[OnSucceedAttack] 下回合對目標施加2層易損 "
                }
              ]
            }
          ]
        }
      ]
    },
    {
      "id": 809503,
      "levelList": [
        {
          "level": 1,
          "name": "捕殺",
          "coinlist": [
            {},
            {
              "coindescs": [
                {
                  "desc": "[OnSucceedAttack] 使自身的本體恢復10點體力"
                },
                {
                  "desc": "[OnSucceedAttack] 下回合使目標增加5級流血 強度"
                }
              ]
            }
          ]
        }
      ]
    },
    {
      "id": 809601,
      "levelList": [
        {
          "level": 1,
          "name": "突進",
          "desc": "",
          "coinlist": [
            {
              "coindescs": [
                {
                  "desc": "[OnSucceedAttack] 使目標增加3級燒傷 強度"
                }
              ]
            },
            {
              "coindescs": [
                {
                  "desc": "[OnSucceedAttack] 使目標增加3級燒傷 強度"
                }
              ]
            }
          ]
        }
      ]
    },
    {
      "id": 809602,
      "levelList": [
        {
          "level": 1,
          "name": "壓倒",
          "desc": "",
          "coinlist": [
            {
              "coindescs": [
                {
                  "desc": "[OnSucceedAttack] 對目標施加3層燒傷 "
                }
              ]
            }
          ]
        }
      ]
    },
    {
      "id": 809603,
      "levelList": [
        {
          "level": 1,
          "name": "猛撞",
          "desc": "",
          "coinlist": [
            {
              "coindescs": [
                {
                  "desc": "[OnSucceedAttack] 使目標增加2級燒傷 強度"
                },
                {
                  "desc": "[OnSucceedAttack] 使目標的混亂閾值前移本硬幣傷害量的20%"
                }
              ]
            },
            {
              "coindescs": [
                {
                  "desc": "[OnSucceedAttack] 使目標增加2級燒傷 強度"
                },
                {
                  "desc": "[OnSucceedAttack] 使目標的混亂閾值前移本硬幣傷害量的20%"
                }
              ]
            },
            {
              "coindescs": [
                {
                  "desc": "[OnSucceedAttack] 使目標增加2級燒傷 強度"
                },
                {
                  "desc": "[OnSucceedAttack] 使目標的混亂閾值前移本硬幣傷害量的20%"
                }
              ]
            }
          ]
        }
      ]
    },
    {
      "id": 809604,
      "levelList": [
        {
          "level": 1,
          "name": "滿溢而出的哀傷",
          "desc": "[DefeatDuel] 使自身獲得1層尚未釋懷的哀傷 ",
          "coinlist": [
            {
              "coindescs": [
                {
                  "desc": "[OnSucceedAttack] 使目標損失15點理智值"
                },
                {
                  "desc": "[OnSucceedAttack] 使目標的混亂閾值前移本硬幣傷害量的50%"
                }
              ]
            }
          ]
        }
      ]
    },
    {
      "id": 809605,
      "levelList": [
        {
          "level": 1,
          "name": "熾熱啼哭",
          "desc": "[WinDuel] 下回合使自身獲得1層迅捷 與1層強壯 ",
          "coinlist": [
            {
              "coindescs": [
                {
                  "desc": "[OnSucceedAttack] 對目標施加1層飄忽不定的情緒 "
                },
                {
                  "desc": "[OnSucceedAttack] 對目標施加3層沉淪 "
                }
              ]
            }
          ]
        }
      ]
    },
    {
      "id": 809606,
      "levelList": [
        {
          "level": 1,
          "name": "熾熱悲鳴",
          "desc": "[WinDuel] 下回合使自身獲得1層迅捷 與1層強壯 ",
          "coinlist": [
            {
              "coindescs": [
                {
                  "desc": "[OnSucceedAttack] 對目標施加1層飄忽不定的情緒 "
                },
                {
                  "desc": "[OnSucceedAttack] 使目標增加2級沉淪 強度"
                }
              ]
            },
            {
              "coindescs": [
                {
                  "desc": "[OnSucceedAttack] 對目標施加1層飄忽不定的情緒 "
                },
                {
                  "desc": "[OnSucceedAttack] 使目標增加2級沉淪 強度"
                }
              ]
            }
          ]
        }
      ]
    }
  ]
}