{
  "dataList": [
    {
      "id": "tutorial_main_low_0",
      "content": "主界面教程1"
    },
    {
      "id": "tutorial_main_low_1",
      "content": "主界面教程2"
    },
    {
      "id": "tutorial_main_low_2",
      "content": "主界面教程3"
    },
    {
      "id": "tutorial_main_low_3",
      "content": "主界面教程3"
    },
    {
      "id": "tutorial_main_low_4",
      "content": "主界面教程5"
    },
    {
      "id": "tutorial_dungeon_formation_1",
      "content": "在各個章節的最後將會出現需要由我們進行調查的舊L公司支部，也就是<迷宮>。"
    },
    {
      "id": "tutorial_dungeon_formation_2",
      "content": "請先安排好進入迷宮探索的罪人們的人格。\n進入迷宮後將無法更改編隊，所以請慎重選擇。"
    },
    {
      "id": "tutorial_dungeon_formation_start_button",
      "content": "編隊完成後，請點擊“入場”按鈕。"
    },
    {
      "id": "tutorial_dungeon_entry_0_title",
      "content": "迷宮的結構"
    },
    {
      "id": "tutorial_dungeon_entry_0",
      "content": "您必須到達迷宮最底層的最終節點，並回收金枝。\n迷宮由數個階層組成，每個階層都會產生各式各樣的戰鬥及事件。\n只要通關各階層的最終節點，就能進入下一層。"
    },
    {
      "id": "tutorial_dungeon_entry_1_title",
      "content": "迷宮中的移動"
    },
    {
      "id": "tutorial_dungeon_entry_1",
      "content": "迷宮的各個節點通過數條道路相連接。\n您可以通過點擊來選擇移動至與此節點相連的任意節點。\n您也可以返回至已經過的節點，所以請隨意探索。"
    },
    {
      "id": "tutorial_dungeon_entry_2_title",
      "content": "疲勞度累積"
    },
    {
      "id": "tutorial_dungeon_entry_2",
      "content": "在迷宮中，戰鬥結束後並不會恢復罪人的體力和理智值。\n請注意，體力歸零的罪人將無法繼續戰鬥。\n體力和理智值將會在存檔點進行恢復。"
    },
    {
      "id": "tutorial_dungeon_entry_3_title",
      "content": "戰鬥失敗和重新挑戰"
    },
    {
      "id": "tutorial_dungeon_entry_3",
      "content": "戰鬥失敗後，能讓剩下的罪人再度進行挑戰。此時，該關卡的戰鬥內容將被重置。"
    },
    {
      "id": "tutorial_dungeon_saveroom",
      "content": "存檔點位於迷宮各處。\n移動至存檔點後，罪人的體力及理智值將會完全恢復。\n當罪人在探索迷宮的過程中全滅時，將在最後抵達的存檔點復活。\n但是請注意，這會使上次存檔之後的探索狀態被重置。"
    },
    {
      "id": "tutorial_dungeon_ab_part_title",
      "content": "異想體部位"
    },
    {
      "id": "tutorial_dungeon_ab_part_1",
      "content": "所有異想體均擁有一個及以上的部位。\n異想體的每個部位都擁有不同的體力，耐性，且各自擁有不同的技能。"
    },
    {
      "id": "tutorial_dungeon_ab_speed_title",
      "content": "異想體的速度"
    },
    {
      "id": "tutorial_dungeon_ab_speed_1",
      "content": "異想體的每個部位都擁有行動槽和速度。\n異想體的速度不僅會決定其行動的順序，也是更改異想體攻擊目標的條件。\n當比異想體“速度更快”的罪人的技能被拖動至異想體的行動槽時，將會改變異想體的攻擊目標並進行<拼點>。"
    },
    {
      "id": "tutorial_dungeon_ab_destroypart_title",
      "content": "部位破壞"
    },
    {
      "id": "tutorial_dungeon_ab_destroypart_1",
      "content": "當異想體部位的體力降為0時，會進入<部位破壞>狀態。\n部位被破壞後，該部位的所有物理抗性將全部變為脆弱。\n根據部位的不同，有時會使其無法使用技能，或是消除被動。\n部位被破壞時，有時會出現異想體變得更加狂暴或是被破壞的部位再生的情況。"
    },
    {
      "id": "tutorial_dungeon_ab_guide_title",
      "content": "異想體圖鑑"
    },
    {
      "id": "tutorial_dungeon_ab_guide_1",
      "content": "異想體圖鑑中記錄了各個部位的情報。\n最初遭遇異想體時，其圖鑑還處於未完成狀態。\n未完成的圖鑑會在與異想體的戰鬥中逐步完善。\n重複遭遇異想體並與之戰鬥，觀察等級也會隨之上升。\n觀察等級越高，對異想體造成的傷害越高。"
    },
    {
      "id": "tutorial_dungeon_ab_selection_title",
      "content": "選項"
    },
    {
      "id": "tutorial_dungeon_ab_selection_1",
      "content": "異想體的選項對罪人的罪孽屬性及數值有所要求。\n當選擇屬性合適的罪人時，選項成功概率將會變高。\n根據選項的內容與其結果，異想體的反應會有所不同。\n判定結果的成功與否，決定了會產生積極還是消極的效果。"
    },
    {
      "id": "tutorial_dungeon_saveroom_title",
      "content": "存檔點"
    },
    {
      "id": "tutorial_dungeon_saveroom_1",
      "content": "存檔點位於迷宮各處。\n移動至存檔點後，罪人的體力及理智值將會完全恢復，並保存探索情況。\n當罪人在探索迷宮的過程中全滅時，可以通過最後抵達的存檔點復活。\n但復活會使相應存檔點之後的探索狀態被重置。"
    },
    {
      "id": "tutorial_skill_command_title",
      "content": "指定攻擊技能"
    },
    {
      "id": "tutorial_skill_command_1",
      "content": "為了開始戰鬥，必須決定好“所有人格的行動”。\n在常規戰鬥中，一般通過從左到右鏈接齒輪來決定行動，從而進行戰鬥。"
    },
    {
      "id": "tutorial_skill_coin_title",
      "content": "技能硬幣"
    },
    {
      "id": "tutorial_skill_coin_1",
      "content": "每個技能都至少擁有一枚硬幣，硬幣數量代表攻擊次數。\n硬幣有正面和反面，不同的面會使技能的基礎值增加或減少。\n如果還有下一枚硬幣，則增加或減少的威力將會維持。\n硬幣分為加算硬幣和減算硬幣。"
    },
    {
      "id": "tutorial_adding_slot_title",
      "content": "追加行動槽"
    },
    {
      "id": "tutorial_adding_slot_1",
      "content": "儀錶盤上最多可擁有12個行動槽，每回合將隨機選擇一名參與戰鬥的人格並使其增加一個行動槽。\n此後，將會從前一回合中未被追加行動槽的人格中隨機為一名增加一個行動槽。\n當所有人格的行動槽均增加過一次後，將會再次開始隨機追加行動槽。\n隨著戰鬥進行，敵方的行動槽也會增加。"
    },
    {
      "id": "tutorial_passive_title",
      "content": "被動技能"
    },
    {
      "id": "tutorial_passive_1",
      "content": "戰鬥被動和支援被動都需要通過鏈接“必要屬性的技能”來觸發。"
    },
    {
      "id": "tutorial_ab_assign_skill_title",
      "content": "異想體戰的技能指定"
    },
    {
      "id": "tutorial_ab_assign_skill_1",
      "content": "將罪人的技能拖至異想體上方的行動槽，即可確定目標。\n每個行動槽所對應的部位將會有所不同。"
    }
  ]
}