{
  "dataList": [
    {
      "id": "tutorial_mainui_01_selection",
      "content": "編隊"
    },
    {
      "id": "tutorial_mainui_01_selection_page_01_desc_01",
      "content": "你可以用12名罪人的人格組建一個編隊。"
    },
    {
      "id": "tutorial_mainui_01_selection_page_02_title_01",
      "content": "人格替換"
    },
    {
      "id": "tutorial_mainui_01_selection_page_02_desc_01",
      "content": "點擊罪人時，能夠展示所選罪人的人格列表，並進行人格的替換。"
    },
    {
      "id": "tutorial_mainui_01_selection_page_03_title_01",
      "content": "選擇播報員"
    },
    {
      "id": "tutorial_mainui_01_selection_page_03_desc_01",
      "content": "選擇後能夠展示播報員一覽。"
    },
    {
      "id": "tutorial_mainui_01_selection_page_03_desc_02",
      "content": "可以在此處更改戰鬥中使用的播報員。"
    },
    {
      "id": "tutorial_mainui_01_selection_page_04_title_01",
      "content": "編隊列表"
    },
    {
      "id": "tutorial_mainui_01_selection_page_04_desc_01",
      "content": "總計能夠組建20個編隊。"
    },
    {
      "id": "tutorial_mainui_01_selection_page_05_title_01",
      "content": "E.G.O資源"
    },
    {
      "id": "tutorial_mainui_01_selection_page_05_desc_01",
      "content": "能夠確認該編隊在戰鬥中所能獲取的E.G.O資源的種類與數量。"
    },
    {
      "id": "tutorial_mainui_02_identityandegolist",
      "content": "人格及E.G.O列表"
    },
    {
      "id": "tutorial_mainui_02_identitylist",
      "content": "人格列表"
    },
    {
      "id": "tutorial_mainui_02_egolist",
      "content": "E.G.O列表"
    },
    {
      "id": "tutorial_mainui_02_identitylist_page_01_desc_01",
      "content": "展示可以選入編隊的罪人的人格一覽。可以確認人格的同步階段，等級以及所屬罪人。"
    },
    {
      "id": "tutorial_mainui_02_identitylist_page_02_title_01",
      "content": "編隊情況"
    },
    {
      "id": "tutorial_mainui_02_identitylist_page_02_desc_01",
      "content": "能夠同時確認編隊中的人格以及E.G.O。於每個解析等級均可裝備一種E.G.O。"
    },
    {
      "id": "tutorial_mainui_02_identitylist_page_03_title_01",
      "content": "編隊情況"
    },
    {
      "id": "tutorial_mainui_02_identitylist_page_03_desc_01",
      "content": "點擊該列按鈕時，能夠切換到可選中的E.G.O列表。"
    },
    {
      "id": "tutorial_mainui_02_identitylist_page_04_desc_01",
      "content": "能夠確認E.G.O的異想體解析等級，主要屬性以及名稱。"
    },
    {
      "id": "tutorial_mainui_02_identitylist_page_05_title_01",
      "content": "助戰列表"
    },
    {
      "id": "tutorial_mainui_02_identitylist_page_05_title_02",
      "content": "助戰按鈕"
    },
    {
      "id": "tutorial_mainui_02_identitylist_page_05_desc_01",
      "content": "選擇後，將會顯示好友的助戰人格列表。"
    },
    {
      "id": "tutorial_mainui_02_identitylist_page_05_desc_02",
      "content": "能夠展示好友選擇的助戰人格及E.G.O一覽。"
    },
    {
      "id": "tutorial_mainui_02_identitylist_page_06_desc_01",
      "content": "能夠借用好友的助戰人格及E.G.O。但同一編隊中僅能編入一名助戰人格。"
    },
    {
      "id": "tutorial_mainui_03_identityinfo",
      "content": "人格介紹"
    },
    {
      "id": "tutorial_mainui_03_identityinfo_page_01_title_01",
      "content": "能力值"
    },
    {
      "id": "tutorial_mainui_03_identityinfo_page_01_desc_01",
      "content": "顯示該人格的體力，速度數值範以及防禦等級。"
    },
    {
      "id": "tutorial_mainui_03_identityinfo_page_01_title_02",
      "content": "物理抗性"
    },
    {
      "id": "tutorial_mainui_03_identityinfo_page_01_desc_02",
      "content": "顯示該人格對於斬擊，突刺，打擊的抗性數值。"
    },
    {
      "id": "tutorial_mainui_03_identityinfo_page_02_title_01",
      "content": "人格故事"
    },
    {
      "id": "tutorial_mainui_03_identityinfo_page_02_desc_01",
      "content": "能夠閱讀該人格的故事。"
    },
    {
      "id": "tutorial_mainui_03_identityinfo_page_02_title_02",
      "content": "更改插畫"
    },
    {
      "id": "tutorial_mainui_03_identityinfo_page_02_desc_02",
      "content": "能夠更改人格的插畫。"
    },
    {
      "id": "tutorial_mainui_03_identityinfo_page_02_title_03",
      "content": "放大插畫"
    },
    {
      "id": "tutorial_mainui_03_identityinfo_page_02_desc_03",
      "content": "能夠將當前插畫全屏顯示。"
    },
    {
      "id": "tutorial_mainui_03_identityinfo_page_03_title_01",
      "content": "同步階段"
    },
    {
      "id": "tutorial_mainui_03_identityinfo_page_03_desc_01",
      "content": "同步階段越高，就能夠獲得越強力的技能。"
    },
    {
      "id": "tutorial_mainui_03_identityinfo_page_03_title_02",
      "content": "等級"
    },
    {
      "id": "tutorial_mainui_03_identityinfo_page_03_desc_02",
      "content": "等級越高，人格就越強。"
    },
    {
      "id": "tutorial_mainui_03_identityinfo_page_04_title_01",
      "content": "技能"
    },
    {
      "id": "tutorial_mainui_03_identityinfo_page_04_desc_01",
      "content": "每個人格都擁有不同的技能。在此處可以確認技能的詳細信息。"
    },
    {
      "id": "tutorial_mainui_03_identityinfo_page_05_title_01",
      "content": "攻擊類型"
    },
    {
      "id": "tutorial_mainui_03_identityinfo_page_05_desc_01",
      "content": "分為斬擊，突刺，打擊三類。"
    },
    {
      "id": "tutorial_mainui_03_identityinfo_page_05_title_02",
      "content": "硬幣個數"
    },
    {
      "id": "tutorial_mainui_03_identityinfo_page_05_desc_02",
      "content": "顯示技能所持硬幣的個數。"
    },
    {
      "id": "tutorial_mainui_03_identityinfo_page_05_title_03",
      "content": "數量"
    },
    {
      "id": "tutorial_mainui_03_identityinfo_page_05_desc_03",
      "content": "顯示該人格在其技能列表中擁有多少該技能。"
    },
    {
      "id": "tutorial_mainui_03_identityinfo_page_05_title_04",
      "content": "罪孽屬性"
    },
    {
      "id": "tutorial_mainui_03_identityinfo_page_05_desc_04",
      "content": "分為暴怒、色欲、怠惰、暴食、憂鬱、傲慢、嫉妒，且通過各自的顏色加以區分。"
    },
    {
      "id": "tutorial_mainui_03_identityinfo_page_06_title_01",
      "content": "攻擊等級"
    },
    {
      "id": "tutorial_mainui_03_identityinfo_page_06_desc_01",
      "content": "攻擊技能等級與被攻擊一方的防禦技能等級間的等級差距越大，傷害量的增減越為明顯。"
    },
    {
      "id": "tutorial_mainui_03_identityinfo_page_06_title_02",
      "content": "技能威力"
    },
    {
      "id": "tutorial_mainui_03_identityinfo_page_06_desc_02",
      "content": "顯示技能的基本威力。"
    },
    {
      "id": "tutorial_mainui_03_identityinfo_page_06_title_03",
      "content": "硬幣威力"
    },
    {
      "id": "tutorial_mainui_03_identityinfo_page_06_desc_03",
      "content": "顯示硬幣的數值及其生效時的演算方法，演算方法分為加算，減算，乘算。"
    },
    {
      "id": "tutorial_mainui_03_identityinfo_page_06_title_04",
      "content": "攻擊等級成長係數"
    },
    {
      "id": "tutorial_mainui_03_identityinfo_page_06_desc_04",
      "content": "攻擊等級與人格等級成比例增長。"
    },
    {
      "id": "tutorial_mainui_03_identityinfo_page_07_title_01",
      "content": "技能效果"
    },
    {
      "id": "tutorial_mainui_03_identityinfo_page_07_desc_01",
      "content": "滿足一定條件時將會發動的技能效果。"
    },
    {
      "id": "tutorial_mainui_03_identityinfo_page_07_title_02",
      "content": "硬幣效果"
    },
    {
      "id": "tutorial_mainui_03_identityinfo_page_07_desc_02",
      "content": "滿足硬幣條件時將會發動的效果。拼點判定失敗的硬幣效果將無法發動。"
    },
    {
      "id": "tutorial_mainui_04_egoinfo",
      "content": "E.G.O信息"
    },
    {
      "id": "tutorial_mainui_04_egoinfo_page_01_title_01",
      "content": "罪孽抗性"
    },
    {
      "id": "tutorial_mainui_04_egoinfo_page_01_desc_01",
      "content": "顯示E.G.O對於暴怒，色欲，怠惰，暴食，憂鬱，傲慢，嫉妒屬性的抗性數值。"
    },
    {
      "id": "tutorial_mainui_04_egoinfo_page_01_title_02",
      "content": "放大插畫"
    },
    {
      "id": "tutorial_mainui_04_egoinfo_page_01_desc_02",
      "content": "能夠將當前插畫全屏顯示。"
    },
    {
      "id": "tutorial_mainui_04_egoinfo_page_02_title_01",
      "content": "資源消耗"
    },
    {
      "id": "tutorial_mainui_04_egoinfo_page_02_desc_01",
      "content": "顯示使用E.G.O技能時需要消耗的理智值以及罪孽碎片的種類和數量。"
    },
    {
      "id": "tutorial_mainui_04_egoinfo_page_03_title_01",
      "content": "E.G.O異想解析階段"
    },
    {
      "id": "tutorial_mainui_04_egoinfo_page_03_desc_01",
      "content": "E.G.O異想解析階段越高，所獲得的技能越為強力。"
    },
    {
      "id": "tutorial_mainui_04_egoinfo_page_03_title_02",
      "content": "技能"
    },
    {
      "id": "tutorial_mainui_04_egoinfo_page_03_desc_02",
      "content": "每個E.G.O都擁有不同的技能。可以確認技能詳情。"
    },
    {
      "id": "tutorial_mainui_04_identityinfo_page_04_title_01",
      "content": "攻擊類型"
    },
    {
      "id": "tutorial_mainui_04_identityinfo_page_04_desc_01",
      "content": "分為斬擊，突刺，打擊三類。"
    },
    {
      "id": "tutorial_mainui_04_identityinfo_page_04_title_02",
      "content": "硬幣個數"
    },
    {
      "id": "tutorial_mainui_04_identityinfo_page_04_desc_02",
      "content": "顯示（技能所持）硬幣的個數。"
    },
    {
      "id": "tutorial_mainui_04_identityinfo_page_04_title_03",
      "content": "花費"
    },
    {
      "id": "tutorial_mainui_04_identityinfo_page_04_desc_03",
      "content": "顯示使用E.G.O技能時所需花費的資源。"
    },
    {
      "id": "tutorial_mainui_04_identityinfo_page_04_title_04",
      "content": "罪孽屬性"
    },
    {
      "id": "tutorial_mainui_04_identityinfo_page_04_desc_04",
      "content": "分為暴怒，色欲，怠惰，暴食，憂鬱，傲慢，嫉妒，且通過各自的顏色加以區分。"
    },
    {
      "id": "tutorial_mainui_04_identityinfo_page_05_title_01",
      "content": "攻擊等級"
    },
    {
      "id": "tutorial_mainui_04_identityinfo_page_05_desc_01",
      "content": "攻擊技能等級與被攻擊一方的防禦技能等級間的等級差距越大，傷害量的增減越為明顯。E.G.O的攻擊等級由人格等級決定。"
    },
    {
      "id": "tutorial_mainui_04_identityinfo_page_05_title_02",
      "content": "技能威力"
    },
    {
      "id": "tutorial_mainui_04_identityinfo_page_05_desc_02",
      "content": "顯示技能的基本威力。"
    },
    {
      "id": "tutorial_mainui_04_identityinfo_page_05_title_03",
      "content": "硬幣威力"
    },
    {
      "id": "tutorial_mainui_04_identityinfo_page_05_desc_03",
      "content": "顯示硬幣的數值及其生效時的計算方法，計算方法分為加算，減算，乘算。"
    },
    {
      "id": "tutorial_mainui_04_identityinfo_page_06_title_01",
      "content": "技能效果"
    },
    {
      "id": "tutorial_mainui_04_identityinfo_page_06_desc_01",
      "content": "滿足一定條件時將會發動的技能效果。"
    },
    {
      "id": "tutorial_mainui_04_identityinfo_page_06_title_02",
      "content": "硬幣效果"
    },
    {
      "id": "tutorial_mainui_04_identityinfo_page_06_desc_02",
      "content": "滿足硬幣條件時將會發動的效果。判定失敗的硬幣效果將無法發動。"
    },
    {
      "id": "tutorial_mainui_05_storymain",
      "content": "主線故事"
    },
    {
      "id": "tutorial_mainui_05_storymain_page_01_title_01",
      "content": "選擇章節"
    },
    {
      "id": "tutorial_mainui_05_storymain_page_01_desc_01",
      "content": "能夠在推進關卡的同時重複閱讀主線故事。可以選擇故事章節。"
    },
    {
      "id": "tutorial_mainui_05_storymain_page_02_title_01",
      "content": "主線故事列表"
    },
    {
      "id": "tutorial_mainui_05_storymain_page_02_desc_01",
      "content": "能夠選擇故事並進行觀看。"
    },
    {
      "id": "tutorial_mainui_05_storymain_page_03_title_01",
      "content": "故事位置"
    },
    {
      "id": "tutorial_mainui_05_storymain_page_03_desc_01",
      "content": "能夠確認所選故事出現的關卡。"
    },
    {
      "id": "tutorial_mainui_06_storyidentity",
      "content": "人格故事"
    },
    {
      "id": "tutorial_mainui_06_storyidentity_page_01_title_01",
      "content": "選擇罪人"
    },
    {
      "id": "tutorial_mainui_06_storyidentity_page_01_desc_01",
      "content": "能夠閱讀邊獄公司罪人們的故事和信息。選擇罪人。"
    },
    {
      "id": "tutorial_mainui_06_storyidentity_page_02_title_01",
      "content": "選擇人格"
    },
    {
      "id": "tutorial_mainui_06_storyidentity_page_02_desc_01",
      "content": "能夠展示罪人的人格一覽。"
    },
    {
      "id": "tutorial_mainui_06_storyidentity_page_03_title_01",
      "content": "人格故事"
    },
    {
      "id": "tutorial_mainui_06_storyidentity_page_03_desc_01",
      "content": "能夠閱讀該人格的故事。"
    },
    {
      "id": "tutorial_mainui_06_storyidentity_page_04_title_01",
      "content": "語音台詞"
    },
    {
      "id": "tutorial_mainui_06_storyidentity_page_04_desc_01",
      "content": "能夠閱讀並試聽人格的語音台詞。"
    },
    {
      "id": "tutorial_mainui_07_storymirror",
      "content": "鏡像世界"
    },
    {
      "id": "tutorial_mainui_07_storymirror_page_01_title_01",
      "content": "鏡像世界"
    },
    {
      "id": "tutorial_mainui_07_storymirror_page_01_desc_01",
      "content": "選擇後，將會切換為鏡像世界一覽表。"
    },
    {
      "id": "tutorial_mainui_07_storymirror_page_01_title_02",
      "content": "鏡像世界列表"
    },
    {
      "id": "tutorial_mainui_07_storymirror_page_01_desc_02",
      "content": "鏡像世界根據不同的人格故事分為不同的類別。能夠確認不同的鏡像世界以及世界中登場的團體。"
    },
    {
      "id": "tutorial_mainui_07_storymirror_page_02_title_01",
      "content": "鏡像故事"
    },
    {
      "id": "tutorial_mainui_07_storymirror_page_02_desc_01",
      "content": "能夠閱讀以鏡像世界為基礎的人格故事。"
    },
    {
      "id": "tutorial_mainui_08_stagemain",
      "content": "主線關卡"
    },
    {
      "id": "tutorial_mainui_08_stagemain_page_01_title_01",
      "content": "關卡"
    },
    {
      "id": "tutorial_mainui_08_stagemain_page_01_desc_01",
      "content": "能夠選擇關卡併入場。"
    },
    {
      "id": "tutorial_mainui_08_stagemain_page_02_desc_01",
      "content": "戰鬥勝利後會顯示關卡通關。"
    },
    {
      "id": "tutorial_mainui_08_stagemain_page_02_desc_02",
      "content": "達成EX通關條件時將會顯示EX通關，並獲得額外獎勵。"
    },
    {
      "id": "tutorial_mainui_08_stagemain_page_03_title_01",
      "content": "關卡故事"
    },
    {
      "id": "tutorial_mainui_08_stagemain_page_03_desc_01",
      "content": "能夠閱讀該關卡的劇情故事。"
    },
    {
      "id": "tutorial_mainui_08_stagemain_page_03_title_02",
      "content": "關卡說明"
    },
    {
      "id": "tutorial_mainui_08_stagemain_page_03_desc_02",
      "content": "能夠確認關於該關卡的說明及關卡故事。"
    },
    {
      "id": "tutorial_mainui_08_stagemain_page_03_title_03",
      "content": "敵方情報"
    },
    {
      "id": "tutorial_mainui_08_stagemain_page_03_desc_03",
      "content": "能夠確認關於敵人的信息。對於部分強力敵人，需要遭遇後才能確認信息。"
    },
    {
      "id": "tutorial_mainui_08_stagemain_page_04_title_01",
      "content": "EX通關條件"
    },
    {
      "id": "tutorial_mainui_08_stagemain_page_04_desc_01",
      "content": "顯示EX通關所需條件。"
    },
    {
      "id": "tutorial_mainui_08_stagemain_page_04_title_02",
      "content": "入場"
    },
    {
      "id": "tutorial_mainui_08_stagemain_page_04_desc_02",
      "content": "進入戰鬥關卡時需要消耗腦啡肽。"
    },
    {
      "id": "tutorial_mainui_08_stagemain_page_05_title_01",
      "content": "選擇戰鬥成員"
    },
    {
      "id": "tutorial_mainui_08_stagemain_page_05_desc_01",
      "content": "進入關卡的人數有所限制。"
    },
    {
      "id": "tutorial_mainui_09_stagedungeon",
      "content": "故事迷宮"
    },
    {
      "id": "tutorial_mainui_09_stagedungeon_page_01_title_01",
      "content": "故事迷宮信息窗口"
    },
    {
      "id": "tutorial_mainui_09_stagedungeon_page_01_desc_01",
      "content": "在各章節的最後關卡將會出現迷宮。入場時將消耗腦啡肽模塊。"
    },
    {
      "id": "tutorial_mainui_09_stagedungeon_page_02_title_01",
      "content": "迷宮探索"
    },
    {
      "id": "tutorial_mainui_09_stagedungeon_page_02_desc_01",
      "content": "能夠通過選擇與當前節點相鄰的節點來推進探索。在各個節點將會遭遇不同的戰鬥或事件。"
    },
    {
      "id": "tutorial_mainui_09_stagedungeon_page_03_title_01",
      "content": "罪人體力情況"
    },
    {
      "id": "tutorial_mainui_09_stagedungeon_page_03_desc_01",
      "content": "迷宮探索期間，罪人的體力，理智值以及陣亡狀態將會延續。"
    },
    {
      "id": "tutorial_mainui_09_stagedungeon_page_03_title_02",
      "content": "存檔點"
    },
    {
      "id": "tutorial_mainui_09_stagedungeon_page_03_desc_02",
      "content": "到達存檔點後，全體罪人的體力與理智值將得到恢復。"},
    {
      "id": "tutorial_mainui_09_stagedungeon_page_04_title_01",
      "content": "E.G.O飾品"
    },
    {
      "id": "tutorial_mainui_09_stagedungeon_page_04_desc_01",
      "content": "隨著迷宮推進，將會獲得E.G.O飾品。獲得的E.G.O飾品是適用於迷宮的，能夠給予強力效果的道具。"
    },
    {
      "id": "tutorial_mainui_09_stagedungeon_page_04_title_02",
      "content": "進入下一層"
    },
    {
      "id": "tutorial_mainui_09_stagedungeon_page_04_desc_02",
      "content": "迷宮由數個階層構成，通關本層最後的節點後，能夠移動至下一層。"
    },
    {
      "id": "tutorial_mainui_10_mirrordungeon",
      "content": "鏡像迷宮"
    },
    {
      "id": "tutorial_mainui_10_mirrordungeon_page_01_title_01",
      "content": "鏡像迷宮列表"
    },
    {
      "id": "tutorial_mainui_10_mirrordungeon_page_01_desc_01",
      "content": "能夠在眾多鏡像迷宮中選擇其一入場。入場時需要消耗腦啡肽模塊。"
    },
    {
      "id": "tutorial_mainui_10_mirrordungeon_page_02_title_01",
      "content": "E.G.O飾品列表"
    },
    {
      "id": "tutorial_mainui_10_mirrordungeon_page_02_desc_01",
      "content": "能夠確認在鏡像迷宮中出現的E.G.O飾品，部分E.G.O擁有特殊的解鎖條件。"
    },
    {
      "id": "tutorial_mainui_10_mirrordungeon_page_03_title_01",
      "content": "初始E.G.O飾品選擇"
    },
    {
      "id": "tutorial_mainui_10_mirrordungeon_page_03_desc_01",
      "content": "進入鏡像迷宮時，將會隨機選出幾個E.G.O飾品。從中選擇一個後，在推進鏡像迷宮時能夠獲得特殊效果。"
    },
    {
      "id": "tutorial_mainui_10_mirrordungeon_page_04_title_01",
      "content": "組建隊伍"
    },
    {
      "id": "tutorial_mainui_10_mirrordungeon_page_04_desc_01",
      "content": "能夠從全體罪人中選擇三名並組成編隊。"
    },
    {
      "id": "tutorial_mainui_10_mirrordungeon_page_05_title_01",
      "content": "選擇人格"
    },
    {
      "id": "tutorial_mainui_10_mirrordungeon_page_05_desc_01",
      "content": "能夠編輯所選罪人的人格。鏡像迷宮中使用了不同的強化方式，所有人格在編輯階段都將是10級。"
    },
    {
      "id": "tutorial_mainui_10_mirrordungeon_page_06_title_01",
      "content": "選擇E.G.O"
    },
    {
      "id": "tutorial_mainui_10_mirrordungeon_page_06_desc_01",
      "content": "能夠給所選罪人裝備E.G.O。在最初的編輯階段只能選擇ZAYIN級的E.G.O。"
    },
    {
      "id": "tutorial_mainui_10_mirrordungeon_page_07_title_01",
      "content": "鏡像迷宮探索"
    },
    {
      "id": "tutorial_mainui_10_mirrordungeon_page_07_desc_01",
      "content": "鏡像迷宮中，將會隨機生成入場後的節點以及道路。選擇與當前節點相鄰的節點並推進後，在各個節點將會隨機生成不同類型的戰鬥及事件。"
    },
    {
      "id": "tutorial_mainui_10_mirrordungeon_page_08_title_01",
      "content": "E.G.O飾品"
    },
    {
      "id": "tutorial_mainui_10_mirrordungeon_page_08_desc_01",
      "content": "隨著迷宮推進，將會獲得E.G.O飾品。獲得的E.G.O飾品是適用於迷宮的，能夠給予強力效果的道具。"
    },
    {
      "id": "tutorial_mainui_10_mirrordungeon_page_08_title_02",
      "content": "罪人體力情況"
    },
    {
      "id": "tutorial_mainui_10_mirrordungeon_page_08_desc_02",
      "content": "迷宮探索期間，罪人的體力，理智值以及陣亡狀態將會延續。"
    },
    {
      "id": "tutorial_mainui_10_mirrordungeon_page_09_title_01",
      "content": "選擇罪人"
    },
    {
      "id": "tutorial_mainui_10_mirrordungeon_page_09_desc_01",
      "content": "通過部分事件，能夠追加罪人編入隊伍中。"
    },
    {
      "id": "tutorial_mainui_10_mirrordungeon_page_09_title_02",
      "content": "升級"
    },
    {
      "id": "tutorial_mainui_10_mirrordungeon_page_09_desc_02",
      "content": "鏡像迷宮中使用了不同的強化方式。通過戰鬥或是事件能夠升級並追加裝備E.G.O。"
    },
    {
      "id": "tutorial_mainui_10_mirrordungeon_page_10_title_01",
      "content": "鏡像迷宮獎勵"
    },
    {
      "id": "tutorial_mainui_10_mirrordungeon_page_10_desc_01",
      "content": "通關鏡像迷宮後將會獲得獎勵。每週能夠領取固定次數的額外獎勵。獎勵數目與通關的節點數量成比例。"
    },
    {
      "id": "tutorial_mainui_11_extraction",
      "content": "提取"
    },
    {
      "id": "tutorial_mainui_11_extraction_page_01_title_01",
      "content": "提取類型"
    },
    {
      "id": "tutorial_mainui_11_extraction_page_01_desc_01",
      "content": "能夠選擇常規提取或是定向提取"
    },
    {
      "id": "tutorial_mainui_11_extraction_page_01_title_02",
      "content": "提取"
    },
    {
      "id": "tutorial_mainui_11_extraction_page_01_desc_02",
      "content": "能夠使用狂氣提取人格及E.G.O。"
    },
    {
      "id": "tutorial_mainui_11_extraction_page_02_title_01",
      "content": "定向提取期"
    },
    {
      "id": "tutorial_mainui_11_extraction_page_02_desc_01",
      "content": "能夠確認定向提取的持續時間。"
    },
    {
      "id": "tutorial_mainui_11_extraction_page_02_title_02",
      "content": "定向提取對象"
    },
    {
      "id": "tutorial_mainui_11_extraction_page_02_desc_02",
      "content": "能夠確認概率提升的人格及E.G.O的詳細信息。"
    },
    {
      "id": "tutorial_mainui_11_extraction_page_03_title_01",
      "content": "提取歷史"
    },
    {
      "id": "tutorial_mainui_11_extraction_page_03_desc_01",
      "content": "能夠確認提取歷史。"
    },
    {
      "id": "tutorial_mainui_11_extraction_page_03_title_02",
      "content": "詳細概率"
    },
    {
      "id": "tutorial_mainui_11_extraction_page_03_desc_02",
      "content": "能夠確認人格及E.G.O被提取出的概率。"
    },
    {
      "id": "tutorial_mainui_11_extraction_page_04_title_01",
      "content": "自我碎片"
    },
    {
      "id": "tutorial_mainui_11_extraction_page_04_desc_01",
      "content": "當獲得重複的人格時，將會根據人格等級（星級）獲得自我碎片。"
    },{
      "id": "tutorial_mainui_12_vendingmachine",
      "content": "售貨機"
    },
    {
      "id": "tutorial_mainui_12_vendingmachine_page_01_title_01",
      "content": "售貨機商品列表"
    },
    {
      "id": "tutorial_mainui_12_vendingmachine_page_01_desc_01",
      "content": "能夠使用自我碎片購買未擁有的人格及E.G.O。"
    },
    {
      "id": "tutorial_mainui_12_vendingmachine_page_02_title_01",
      "content": "售貨機種類"
    },
    {
      "id": "tutorial_mainui_12_vendingmachine_page_02_desc_01",
      "content": "能夠購買常駐或是特定季度的人格及E.G.O。"
    },
    {
      "id": "tutorial_mainui_12_vendingmachine_page_03_title_01",
      "content": "選擇售貨機商品"
    },
    {
      "id": "tutorial_mainui_12_vendingmachine_page_03_desc_01",
      "content": "想要購買人格或E.G.O，需要擁有該罪人的自我碎片。"
    },
    {
      "id": "tutorial_mainui_12_vendingmachine_page_04_title_01",
      "content": "購買紡錘"
    },
    {
      "id": "tutorial_mainui_12_vendingmachine_page_04_desc_01",
      "content": "能夠使用自我碎片購買紡錘。"
    },
    {
      "id": "tutorial_mainui_12_vendingmachine_page_04_title_02",
      "content": "紡錘"
    },
    {
      "id": "tutorial_mainui_12_vendingmachine_page_04_desc_02",
      "content": "紡錘可以用於人格同步或是E.G.O異想解析。"
    },
    {
      "id": "tutorial_mainui_13_userinfo_manager",
      "content": "經理介紹"
    },
    {
      "id": "tutorial_mainui_13_userinfo_page_01_title_01",
      "content": "玩家信息列表"
    },
    {
      "id": "tutorial_mainui_13_userinfo_page_01_desc_01",
      "content": "能夠確認玩家信息，助戰角色及好友信息。"
    },
    {
      "id": "tutorial_mainui_13_userinfo_page_02_title_01",
      "content": "玩家信息"
    },
    {
      "id": "tutorial_mainui_13_userinfo_page_02_desc_01",
      "content": "顯示玩家ID及帳戶等級。"
    },
    {
      "id": "tutorial_mainui_13_userinfo_page_02_title_02",
      "content": "橫幅"
    },
    {
      "id": "tutorial_mainui_13_userinfo_page_02_desc_02",
      "content": "能夠設定裝飾橫幅。"
    },
    {
      "id": "tutorial_mainui_13_userinfo_page_03_title_01",
      "content": "設定罪人代表"
    },
    {
      "id": "tutorial_mainui_13_userinfo_page_03_desc_01",
      "content": "能夠從已有罪人中設定罪人代表的插畫。"
    },
    {
      "id": "tutorial_mainui_13_userinfo_page_04_title_01",
      "content": "插畫列表"
    },
    {
      "id": "tutorial_mainui_13_userinfo_page_04_desc_01",
      "content": "能夠確認已有人格及E.G.O的插畫。"
    },
    {
      "id": "tutorial_mainui_13_userinfo_page_05_title_01",
      "content": "簡介"
    },
    {
      "id": "tutorial_mainui_13_userinfo_page_05_desc_01",
      "content": "能夠通過組合固定的文本，來設定自己的簡介。"
    },
    {
      "id": "tutorial_mainui_13_userinfo_page_06_title_01",
      "content": "簡介設定"
    },
    {
      "id": "tutorial_mainui_13_userinfo_page_06_desc_01",
      "content": "能夠通過組合句子和單詞，來設定自己的簡介。"
    },
    {
      "id": "tutorial_mainui_13_userinfo_company",
      "content": "公司"
    },
    {
      "id": "tutorial_mainui_13_userinfo_page_07_title_01",
      "content": "助戰人格列表"
    },
    {
      "id": "tutorial_mainui_13_userinfo_page_07_desc_01",
      "content": "能夠設定助戰的人格及E.G.O。"
    },
    {
      "id": "tutorial_mainui_13_userinfo_friend",
      "content": "好友"
    },
    {
      "id": "tutorial_mainui_13_userinfo_page_08_title_01",
      "content": "好友列表"
    },
    {
      "id": "tutorial_mainui_13_userinfo_page_08_desc_01",
      "content": "能夠確認好友的ID，橫幅，簡介，登陸日期，以及添加好友。"
    },
    {
      "id": "tutorial_mainui_14_battlepass_title",
      "content": "戰鬥通行證"
    },
    {
      "id": "tutorial_mainui_14_battlepass_page_01_title_01",
      "content": "戰鬥通行證獎勵"
    },
    {
      "id": "tutorial_mainui_14_battlepass_page_01_desc_01",
      "content": "能夠確認及領取每級免費及付費通行證的獎勵。"
    },
    {
      "id": "tutorial_mainui_14_battlepass_page_02_title_01",
      "content": "戰鬥通行證持續時間及名稱"
    },
    {
      "id": "tutorial_mainui_14_battlepass_page_02_desc_01",
      "content": "能夠確認戰鬥通行證持續的時間及季度名稱。"
    },
    {
      "id": "tutorial_mainui_14_battlepass_page_02_title_02",
      "content": "戰鬥通行證等級及進度"
    },
    {
      "id": "tutorial_mainui_14_battlepass_page_02_desc_02",
      "content": "能夠確認戰鬥通行證的進度。"
    },
    {
      "id": "tutorial_mainui_14_battlepass_page_03_title_01",
      "content": "戰鬥通行證任務"
    },
    {
      "id": "tutorial_mainui_14_battlepass_page_03_desc_01",
      "content": "任務列表中顯示了完成後將會獲得的通行證進度。分為日常，周常及季度任務。"
    },
    {
      "id": "tutorial_mainui_14_battlepass_page_04_title_01",
      "content": "戰鬥通行證超額獎勵"
    },
    {
      "id": "tutorial_mainui_14_battlepass_page_04_desc_01",
      "content": "當戰鬥通行證等級超出獎勵等級後再次升級，將會獲得超額獎勵。購買了付費通行證後，將會獲得更多的超額獎勵。"
    },
    {
      "id": "tutorial_mainui_15_exp_dungeon_title",
      "content": "經驗副本"
    },
    {
      "id": "tutorial_mainui_15_exp_dungeon_page_01_title_01",
      "content": "經驗副本列表"
    },
    {
      "id": "tutorial_mainui_15_exp_dungeon_page_01_desc_01",
      "content": "能夠從符合推薦等級的經驗副本中選擇其一入場。入場時需要消耗腦啡肽模塊。"
    },
    {
      "id": "tutorial_mainui_15_exp_dungeon_page_02_title_01",
      "content": "有效屬性"
    },
    {
      "id": "tutorial_mainui_15_exp_dungeon_page_02_desc_01",
      "content": "在經驗副本中出現的敵人均擁有特殊的物理抗性及屬性抗性。在對應關卡中將會標明有效屬性。"
    },
    {
      "id": "tutorial_mainui_15_exp_dungeon_page_03_title_01",
      "content": "經驗副本 獎勵"
    },
    {
      "id": "tutorial_mainui_15_exp_dungeon_page_03_desc_01",
      "content": "通關經驗副本後將會獲得戰鬥經驗及人格訓練券，且每日可以獲得一定次數的額外獎勵。"
    },
    {
      "id": "tutorial_mainui_16_thread_dungeon_title",
      "content": "紡錘副本"
    },
    {
      "id": "tutorial_mainui_16_thread_dungeon_01_title_01",
      "content": "紡錘副本列表"
    },
    {
      "id": "tutorial_mainui_16_thread_dungeon_page_01_desc_01",
      "content": "所開放的異想體戰鬥根據星期不同而變化。進入戰鬥關卡時需要消耗腦啡肽。"
    },
    {
      "id": "tutorial_mainui_16_thread_dungeon_page_02_title_01",
      "content": "有效屬性"
    },
    {
      "id": "tutorial_mainui_16_thread_dungeon_page_02_desc_01",
      "content": "在紡錘副本中出現的敵人均擁有特殊的物理抗性及屬性抗性。在對應關卡中將會標明有效的罪惡屬性。"
    },
    {
      "id": "tutorial_mainui_16_thread_dungeon_page_03_title_01",
      "content": "選擇等級。"
    },
    {
      "id": "tutorial_mainui_16_thread_dungeon_page_03_desc_01",
      "content": "能夠從符合推薦等級的紡錘副本中選擇其一入場。"
    },
    {
      "id": "tutorial_mainui_16_thread_dungeon_page_04_title_01",
      "content": "紡錘副本 獎勵"
    },
    {
      "id": "tutorial_mainui_16_thread_dungeon_page_04_desc_01",
      "content": "通關紡錘副本後將會獲得紡錘，且每日可以獲得一定次數的額外獎勵。"
    },
    {
      "id": "tutorial_mainui_17_railway_title",
      "content": "折射軌道"
    },
    {
      "id": "tutorial_mainui_17_railway_page_01_title_01",
      "content": "折射軌道 開放"
    },
    {
      "id": "tutorial_mainui_17_railway_page_01_desc_01",
      "content": "折射軌道運行期間，會出現可以進入的線路。\n您可以選擇路線，且不消耗任何資源自由入場。"
    },
    {
      "id": "tutorial_mainui_17_railway_page_02_title_01",
      "content": "運行期間"
    },
    {
      "id": "tutorial_mainui_17_railway_page_02_desc_01",
      "content": "折射軌道運行時間將會顯示在線路旁邊。"
    },
    {
      "id": "tutorial_mainui_17_railway_page_03_desc_01",
      "content": "進入關卡前，您可以選擇所擁有的人格與E.G.O來組建隊伍。"
    },
    {
      "id": "tutorial_mainui_17_railway_page_04_desc_01",
      "content": "與其他戰鬥方式不同，編隊完成且進入關卡後所進行的人格同步或異想解析，將不會反饋進此編隊中。"
    },
    {
      "id": "tutorial_mainui_17_railway_page_05_desc_01",
      "content": "戰鬥中更無法更改編隊。\n如果想要反饋人格及E.G.O的升級情況，或是更換成其他人格、E.G.O後重新進入關卡，需要從第一關開始重新挑戰。"
    },
    {
      "id": "tutorial_mainui_17_railway_page_06_title_01",
      "content": "折射軌道 主界面"
    },
    {
      "id": "tutorial_mainui_17_railway_page_06_desc_01",
      "content": "折射軌道一共由13個關卡構成。"
    },
    {
      "id": "tutorial_mainui_17_railway_page_07_title_01",
      "content": "戰鬥"
    },
    {
      "id": "tutorial_mainui_17_railway_page_07_desc_01",
      "content": "折射軌道中的所有戰鬥皆與異想體戰鬥相同，友方單位的所有技能均能夠直接對應敵方行動槽。"
    },
    {
      "id": "tutorial_mainui_17_railway_page_08_title_01",
      "content": "現有E.G.O資源"
    },
    {
      "id": "tutorial_mainui_17_railway_page_08_desc_01",
      "content": "通關本場戰鬥後剩餘的E.G.O資源在到下場戰鬥依舊能夠使用。"
    },
    {
      "id": "tutorial_mainui_17_railway_page_09_title_01",
      "content": "通關回合數與累計通關回合數"
    },
    {
      "id": "tutorial_mainui_17_railway_page_09_desc_01",
      "content": "通關關卡後，將會記錄下通關本次關卡所消耗的回合數，以及從第一關開始累計消耗的回合數。"
    },
    {
      "id": "tutorial_mainui_17_railway_page_10_title_01",
      "content": "人格狀態"
    },
    {
      "id": "tutorial_mainui_17_railway_page_10_desc_01",
      "content": "能夠表示編隊中人格的體力，理智值以及陣亡狀態。"
    },
    {
      "id": "tutorial_mainui_17_railway_page_11_title_01",
      "content": "橫幅獲取條件"
    },
    {
      "id": "tutorial_mainui_17_railway_page_11_desc_01",
      "content": "能夠確認活動橫幅的獲取條件。"
    },
    {
      "id": "tutorial_mainui_17_railway_page_11_desc_02",
      "content": "獲取條件越為苛刻，所能獲得的裝飾橫幅越為特別。"
    },
    {
      "id": "tutorial_mainui_17_railway_page_12_title_01",
      "content": "失物認領處"
    },
    {
      "id": "tutorial_mainui_17_railway_page_12_desc_01",
      "content": "第一次通關關卡時，該關卡的獎勵將會記錄進失物認領處。"
    },
    {
      "id": "tutorial_mainui_17_railway_page_12_desc_02",
      "content": "活動期間，初次通關獎勵將會累計存放在失物認領處。\n初次在失物認領處領取獎勵，需要消耗一定量的腦啡肽模塊。\n在此之後，無須消耗更多腦啡肽模塊，可以隨時領取獎勵。"
    },
    {
      "id": "tutorial_mainui_17_railway_page_13_title_01",
      "content": "累計記錄"
    },
    {
      "id": "tutorial_mainui_17_railway_page_13_desc_01",
      "content": "在您通過最終關卡後，本次探索的成績將會被記錄，最多記錄20次。\n記錄數量超出20次時，新記錄會優先覆蓋消耗回合數最多的記錄。\n有多個消耗回合數相同的記錄時，人格陣亡數最多的記錄將被覆蓋。\n若人格陣亡數依然相同，則會覆蓋比較舊的一方。"
    },
    {
      "id": "tutorial_mainui_17_railway_page_14_title_01",
      "content": "休息"
    },
    {
      "id": "tutorial_mainui_17_railway_page_14_desc_01",
      "content": "參加戰鬥的人格的體力和精神力在參加下一階段戰鬥時保持不變。\n相反，如果該人格在不參加下一階段戰鬥的情況下休息，則進入下一階段時，體力將完全恢復，精神力將重置為0。\n但是，如果精神力為0以上，則不會初始化為0。"
    },
    {
      "id": "tutorial_mainui_17_railway_page_15_title_01",
      "content": "記錄更新"
    },
    {
      "id": "tutorial_mainui_17_railway_page_15_desc_01",
      "content": "挑戰期間，可以回到已通關的特定關卡並重新開始挑戰。\n重新挑戰時，會以挑戰該關卡時的人格狀態及所持的E.G.O資源數量開始戰鬥。在此之後的通關記錄將會被重置。"
    },
    {
      "id": "tutorial_mainui_17_railway_page_16_title_01",
      "content": "折射軌道 特殊裝飾橫幅"
    },
    {
      "id": "tutorial_mainui_17_railway_page_16_desc_01",
      "content": "折射軌道運行結束後，在所獲得的橫幅上將會記錄自己排名最高的通關累計回合數記錄。"
    },
    {
      "id": "tutorial_mainui_18_hells_chicken_title",
      "content": "地獄雞"
    },
    {
      "id": "tutorial_mainui_18_hells_chicken_01_title_01",
      "content": "地獄雞開放"
    },
    {
      "id": "tutorial_mainui_18_hells_chicken_01_desc_01",
      "content": "[地獄雞活動頁面]在通關主線故事3-22後開放"
    },
    {
      "id": "tutorial_mainui_18_hells_chicken_02_title_01",
      "content": "活動時間"
    },
    {
      "id": "tutorial_mainui_18_hells_chicken_02_desc_01",
      "content": "此處顯示地獄雞活動持續時間。地獄雞活動期間，可以通過活動關卡及迷宮獲得[小鳳玩偶]。"
    },
    {
      "id": "tutorial_mainui_18_hells_chicken_02_desc_02",
      "content": "※鏡像迷宮，副本，折射軌道將無法獲得[小鳳玩偶]。"
    },
    {
      "id": "tutorial_mainui_18_hells_chicken_03_title_01",
      "content": "活動關卡"
    },
    {
      "id": "tutorial_mainui_18_hells_chicken_03_desc_01",
      "content": "地獄雞共有 8 個普通關卡和 2 個迷宮。\n[小鳳玩偶]除了地獄雞的通關獎勵外，EX通關獎勵也會獲得。(限1次)"
    },
    {
      "id": "tutorial_mainui_18_hells_chicken_03_desc_02",
      "content": "通關地獄雞迷宮所獲得的[小鳳玩偶]數量遠大於普通關卡。"
    },
    {
      "id": "tutorial_mainui_18_hells_chicken_04_title_01",
      "content": "活動加成角色"
    },
    {
      "id": "tutorial_mainui_18_hells_chicken_04_desc_01",
      "content": "在隊伍中編入地獄雞活動加成角色與E.G.O後清剿活動關卡及迷宮，能夠提升[小鳳玩偶]的獲取量。"
    },
    {
      "id": "tutorial_mainui_18_hells_chicken_05_title_01",
      "content": "獎券兌換"
    },
    {
      "id": "tutorial_mainui_18_hells_chicken_05_desc_01",
      "content": "您可以在[獎券兌換處]根據所持有的[小鳳玩偶]數量兌換多樣化獎勵。"
    },
    {
      "id": "tutorial_mainui_18_hells_chicken_06_title_01",
      "content": "獎券兌換"
    },
    {
      "id": "tutorial_mainui_18_hells_chicken_06_desc_01",
      "content": "在[獎券兌換處]中可以獲得各類資源，活動限定人格及E.G.O。"
    },
    {
      "id": "tutorial_mainui_18_hells_chicken_06_desc_02",
      "content": "此處展示了[獎券兌換處]的開放時間。"
    },
    {
      "id": "tutorial_mainui_18_hells_chicken_07_title_01",
      "content": "活動迷宮"
    },
    {
      "id": "tutorial_mainui_18_hells_chicken_07_desc_01",
      "content": "地獄雞迷宮的探索方式與鏡像迷宮相同。\n地獄雞迷宮分為兩種難度，特徵區別如下。"
    },
    {
      "id": "tutorial_mainui_18_hells_chicken_08_title_01",
      "content": "選擇E.G.O飾品"
    },
    {
      "id": "tutorial_mainui_18_hells_chicken_08_desc_01",
      "content": "鏡像迷宮中的部分E.G.O飾品會出現在Hell's Chicken迷宮中。\n此類E.G.O飾品將會對人格及E.G.O進行有效輔助。"
    },
    {
      "id": "tutorial_mainui_18_hells_chicken_09_title_01",
      "content": "活動迷宮編隊"
    },
    {
      "id": "tutorial_mainui_18_hells_chicken_09_desc_01",
      "content": "在Hell's Chicken迷宮中，你以5個人格編隊開始探險。"
    },
    {
      "id": "tutorial_mainui_18_hells_chicken_09_title_02",
      "content": "使用預先配置"
    },
    {
      "id": "tutorial_mainui_18_hells_chicken_09_desc_02",
      "content": "在Hell's Chicken迷宮中，添加了提高便利性的功能。\n通過預先配置按鍵，您可以迅速以上一次所使用的編隊來進行探索。"
    },
    {
      "id": "tutorial_mainui_18_hells_chicken_10_title_01",
      "content": "活動迷宮構成"
    },
    {
      "id": "tutorial_mainui_18_hells_chicken_10_desc_01",
      "content": "進入Hell's Chicken地牢時，將與鏡像迷宮類似，隨機生成節點及線路。\nHell's Chicken地牢僅由一層組成，最終節點將會出現固定的boss。"
    },
    {
      "id": "tutorial_mainui_18_hells_chicken_11_title_01",
      "content": "Hell's Chicken專屬事件"
    },
    {
      "id": "tutorial_mainui_18_hells_chicken_11_desc_01",
      "content": "在Hell's Chicken迷宮中將會遇到特殊事件及E.G.O飾品。\nHell's Chicken迷宮專屬事件可以通過節點下方的標識來輕鬆識別。"
    },
    {
      "id": "tutorial_mainui_18_hells_chicken_12_title_01",
      "content": "活動結束"
    },
    {
      "id": "tutorial_mainui_18_hells_chicken_12_desc_01",
      "content": "活動結束後，您也依然可以通過駕駛席-[外傳故事]及放映室-[其他故事]，隨時重溫Hell's Chicken的關卡和故事。"
    },
    {
      "id": "tutorial_manual_1_season_information_title",
      "content": "賽季介紹"
    },
    {
      "id": "tutorial_manual_1_season_information_01_title_01",
      "content": "賽季期間"
    },
    {
      "id": "tutorial_manual_1_season_information_01_desc_01",
      "content": "當新賽季開始時，會有全新的戰鬥通行證上線。\n戰鬥通行證頁面能確認當前賽季的持續時間。"
    },
    {
      "id": "tutorial_manual_1_season_information_02_title_01",
      "content": "戰鬥通行證獎勵"
    },
    {
      "id": "tutorial_manual_1_season_information_02_desc_01",
      "content": "在戰鬥通行證頁面能確認當前賽季的資源和E.G.O。"
    },
    {
      "id": "tutorial_manual_1_season_information_03_title_01",
      "content": "人格·E.G.O的賽季信息"
    },
    {
      "id": "tutorial_manual_1_season_information_03_desc_01",
      "content": "人格信息或是E.G.O信息的名字下方有賽季情報標識。\n沒有賽季情報標識人格或E.G.O劃分至[標準]。"
    },
    {
      "id": "tutorial_manual_1_season_information_04_title_01",
      "content": "活動人格 · E.G.O的賽季情報"
    },
    {
      "id": "tutorial_manual_1_season_information_04_desc_01",
      "content": "活動人格和E.G.O會在賽季情報標識旁額外註明[EVENT]。"
    },
    {
      "id": "tutorial_manual_1_season_information_05_title_01",
      "content": "自我碎片"
    },
    {
      "id": "tutorial_manual_1_season_information_05_desc_01",
      "content": "自我碎片可在規定賽季期間使用。\n\n當新賽季開始時，上一賽季的自我碎片總數的一半將轉移至下一賽季。(向上取整)\n\n過去多個賽季未轉換的自我碎片的轉換率將在下一賽季中減半。\n\n其餘的自我碎片會被轉換為紡錘。"
    },
    {
      "id": "tutorial_manual_1_season_information_06_title_01",
      "content": "隨機自我碎片箱 · 自選自我碎片箱"
    },
    {
      "id": "tutorial_manual_1_season_information_06_desc_01",
      "content": "同理，自我碎片箱可在規定賽季期間使用。\n\n當新賽季開始時，上一賽季的自我碎片箱總數的一半將轉移至下一賽季。\n\n過去多個賽季中未轉換的自我碎片箱的專換率將在下一賽季中減半。\n\n其餘的自我碎片箱將會被轉換為紡錘箱。"
    },
    {
      "id": "tutorial_manual_1_season_information_07_title_01",
      "content": "提取"
    },
    {
      "id": "tutorial_manual_1_season_information_07_desc_01",
      "content": "當新賽季開始時，提取列表將追加新賽季人格和E.G.O。\n即使賽季變更，過去賽季的人格會保留在提取列表中，供您提取獲得。"
    },
    {
      "id": "tutorial_manual_1_season_information_08_title_01",
      "content": "售貨機"
    },
    {
      "id": "tutorial_manual_1_season_information_08_desc_01",
      "content": "與提取同理，當新賽季開始時，售貨機列表也將追加新賽季人格和E.G.O。\n此外，您也能交換先前賽季戰鬥通行證中的人格與E.G.O。\n\n不過，前一賽季的可提取人格不會出現在售貨機列表中。"
    },
    {
      "id": "tutorial_mainui_19_mirrordungeon",
      "content": "鏡像迷宮"
    },
    {
      "id": "tutorial_mainui_19_mirrordungeon_title_01",
      "content": "鏡像迷宮列表"
    },
    {
      "id": "tutorial_mainui_19_mirrordungeon_desc_01",
      "content": "能夠從列表中選擇一個鏡像迷宮進入。 \n每次僅能探索一個鏡像迷宮，如果您想在探險過程中進入另一個迷宮，您必須先清除或放棄正在進行的鏡像迷宮。\n每個鏡像迷宮分為兩個難度：簡單和困難。起始之鏡不包含困難模式。"
    },
    {
      "id": "tutorial_mainui_19_mirrordungeon_title_02",
      "content": "每週額外獎勵"
    },
    {
      "id": "tutorial_mainui_19_mirrordungeon_desc_02",
      "content": "鏡像迷宮每週會提供3次額外的獎勵，在結束時使用則可收穫獎勵。"
    },
    {
      "id": "tutorial_mainui_19_mirrordungeon_title_03",
      "content": "解鎖條件"
    },
    {
      "id": "tutorial_mainui_19_mirrordungeon_desc_03",
      "content": "每個鏡像迷宮都存在開放條件。"
    },
    {
      "id": "tutorial_mainui_19_mirrordungeon_title_04",
      "content": "E.G.O飾品圖鑑"
    },
    {
      "id": "tutorial_mainui_19_mirrordungeon_desc_04",
      "content": "能夠查看在鏡像迷宮中出現過的E.G.O飾品。\n在鏡像迷宮中，未獲得過的E.G.O飾品將顯示為“無數據”"
    },
    {
      "id": "tutorial_mainui_19_mirrordungeon_title_05",
      "content": "初始E.G.O飾品選擇"
    },
    {
      "id": "tutorial_mainui_19_mirrordungeon_desc_05",
      "content": "進入鏡像迷宮時，將會隨機選出幾個E.G.O飾品。從中選擇一個後，在推進鏡像迷宮時能夠獲得特殊效果。"
    },
    {
      "id": "tutorial_mainui_19_mirrordungeon_title_06",
      "content": "選擇罪人"
    },
    {
      "id": "tutorial_mainui_19_mirrordungeon_desc_06",
      "content": "能夠選擇參與鏡像迷宮探索的罪人。\n每個鏡像迷宮初始可編排的最大罪人數固定的。"
    },
    {
      "id": "tutorial_mainui_19_mirrordungeon_title_07",
      "content": "所持E.G.O飾品列表"
    },
    {
      "id": "tutorial_mainui_19_mirrordungeon_desc_07",
      "content": "能夠查看當前擁有的E.G.O飾品。"
    },
    {
      "id": "tutorial_mainui_19_mirrordungeon_title_08",
      "content": "使用預先配置"
    },
    {
      "id": "tutorial_mainui_19_mirrordungeon_desc_08",
      "content": "使用預設，能夠加載之前用於鏡像迷宮的人格和E.G.O設置。"
    },
    {
      "id": "tutorial_mainui_19_mirrordungeon_title_09",
      "content": "經費"
    },
    {
      "id": "tutorial_mainui_19_mirrordungeon_desc_09",
      "content": "能夠在此處查看您所持有的經費。\n經費可用於在商店處購買E.G.O飾品，也可以在商店處或休息區購買新的人格和E.G.O飾品。\n在普通難度下，不會獲得初始經費，但初始編隊不需要任何經費。\n在困難模式下，提供一定初始經費，並且初始編隊需要消耗經費。"
    },
    {
      "id": "tutorial_mainui_19_mirrordungeon_title_10",
      "content": "選擇人格"
    },
    {
      "id": "tutorial_mainui_19_mirrordungeon_desc_10",
      "content": "能夠選擇罪人的人格。\n在鏡像迷宮中，所有人格將自動應用每個鏡像副本的人格等級。"
    },
    {
      "id": "tutorial_mainui_19_mirrordungeon_title_11",
      "content": "選擇E.G.O"
    },
    {
      "id": "tutorial_mainui_19_mirrordungeon_desc_11",
      "content": "為所選罪人選擇E.G.O。"
    },
    {
      "id": "tutorial_mainui_19_mirrordungeon_title_12",
      "content": "進入鏡像迷宮"
    },
    {
      "id": "tutorial_mainui_19_mirrordungeon_desc_12",
      "content": "完成初始人格設置後，按“確認”能夠進入鏡像迷宮。"
    },
    {
      "id": "tutorial_mainui_19_mirrordungeon_title_13",
      "content": "鏡像迷宮探索"
    },
    {
      "id": "tutorial_mainui_19_mirrordungeon_desc_13",
      "content": "每次進入鏡像迷宮中，將會隨機生成節點和路徑。\n可以移動至與當前節點相鄰的節點，在各節點中將會隨機觸發各種戰鬥與事件。"
    },
    {
      "id": "tutorial_mainui_19_mirrordungeon_title_14",
      "content": "E.G.O飾品"
    },
    {
      "id": "tutorial_mainui_19_mirrordungeon_desc_14",
      "content": "在探索迷宮的過程中，將會獲得E.G.O飾品。\n獲得的E.G.O飾品是適用於迷宮的，能夠給予強力效果的道具。"
    },
    {
      "id": "tutorial_mainui_19_mirrordungeon_title_15",
      "content": "罪人體力情況"
    },
    {
      "id": "tutorial_mainui_19_mirrordungeon_desc_15",
      "content": "迷宮探索期間，罪人的體力，理智值以及陣亡狀態將會延續。"
    },
    {
      "id": "tutorial_mainui_19_mirrordungeon_title_16",
      "content": "關卡有利屬性"
    },
    {
      "id": "tutorial_mainui_19_mirrordungeon_desc_16",
      "content": "在鏡像迷宮的戰鬥節點下方會顯示對敵人的有利屬性。"
    },
    {
      "id": "tutorial_mainui_19_mirrordungeon_title_17",
      "content": "休息點"
    },
    {
      "id": "tutorial_mainui_19_mirrordungeon_desc_17",
      "content": "鏡像迷宮中的休息點能夠免費治療友方單位，或花費經費來追加人格或購買E.G.O飾品。"
    },
    {
      "id": "tutorial_mainui_19_mirrordungeon_title_18",
      "content": "商店"
    },
    {
      "id": "tutorial_mainui_19_mirrordungeon_desc_18",
      "content": "鏡像迷宮中的商店，能夠通過消耗戰鬥中獲得的經費購買E.G.O飾品，治療友方單位，追加人格與E.G.O，強化所顯示的人格。"
    },
    {
      "id": "tutorial_mainui_19_mirrordungeon_title_19",
      "content": "鏡像迷宮獎勵"
    },
    {
      "id": "tutorial_mainui_19_mirrordungeon_desc_19",
      "content": "在探險結束後，能夠花費腦啡肽模塊來領取獎勵。\n如果使用每週3次的額外獎勵次數，可以獲得大量的戰鬥通行證經驗和定量狂氣。\n獎勵數量根據通關節點的數量發放。"
    },
    {
      "id": "tutorial_mainui_19_mirrordungeon_title_20",
      "content": "困難難度 獎勵"
    },
    {
      "id": "tutorial_mainui_19_mirrordungeon_desc_20",
      "content": "當鏡像迷宮的困難難度被解鎖時，困難難度獎勵計數將顯示在上方。\n困難模式中，能夠獲得更多的戰鬥通行證經驗值，但每週只能領取3次獎勵。\n困難難度獎勵和每週獎勵相互獨立。您可以通過將每週獎勵應用於困難難度獎勵來最大限度地提高您獲取獎勵的效率。"
    },
    {
      "id": "tutorial_mainui_19_mirrordungeon_title_21",
      "content": "開局增益"
    },
    {
      "id": "tutorial_mainui_19_mirrordungeon_desc_21",
      "content": "從鏡中之鏡開始，可以激活初始增益。"
    },
    {
      "id":"tutorial_mainui_19_mirrordungeon_title_22",
      "content": "開局增益效果"
    },
    {
      "id": "tutorial_mainui_19_mirrordungeon_desc_22",
      "content": "初始增益可以通過“星光”系統激活，它為您的迷宮探險提供各種增益效果。\n星光可以通過通關鏡像迷宮獲得。到達更深的地牢會獲得更多星光。\n在特定的鏡像迷宮中，初始增益同時適用於普通模式和困難模式，但不會影響其他鏡像迷宮。\n在特定的鏡像迷宮中獲得的星光無法用於激活其他鏡像副本的初始增益。"
    }
  ]
}