{
  "dataList": [
    {
      "id": "tutorial_101_01",
      "content": "請容許我向您介紹最基本的戰鬥進行方式。"
    },
    {
      "id": "tutorial_101_02",
      "content": "您可以通過鏈接儀錶盤上的技能，來對罪人們下達命令。"
    },
    {
      "id": "tutorial_101_03",
      "content": "請試著按下左邊的齒輪。"
    },
    {
      "id": "tutorial_101_04",
      "content": "請嘗試將技能圖標從左至右鏈接起來。"
    },
    {
      "id": "tutorial_101_05",
      "content": "當技能圖標全部鏈接後，按下右邊的齒輪便能開始戰鬥。"
    },
    {
      "id": "tutorial_102_01",
      "content": "似乎需要更為強力的攻擊。\n嘗試通過鏈接特定的技能來增強攻擊吧。"
    },
    {
      "id": "tutorial_102_02",
      "content": "在同一回合中將兩個及以上的同屬性技能鏈接後，將會觸發<罪孽共鳴>。"
    },
    {
      "id": "tutorial_102_03_popup_title",
      "content": "罪孽共鳴效果"
    },
    {
      "id": "tutorial_102_03",
      "content": "罪孽共鳴會根據所鏈接的“相同屬性的技能數”來增加傷害量。\n在同屬性技能中，鏈接順序越靠後的技能越能得到強化。"
    },
    {
      "id": "tutorial_103_01",
      "content": "似乎不夠。還需要更加強力的攻擊。請先試著鏈接技能。"
    },
    {
      "id": "tutorial_103_02",
      "content": "當同屬性技能鏈接達到“三個及以上”時，將會觸發<完全共鳴>。"
    },
    {
      "id": "tutorial_103_03_popup_title",
      "content": "完全共鳴效果"
    },
    {
      "id": "tutorial_103_03",
      "content": "當三個及以上同屬性技能鏈接時，將會觸發<完全共鳴>。\n<完全共鳴>會將所鏈接的同屬性技能分別進行統一的傷害加算。\n傷害量會根據完全共鳴的技能數量成比例增加。"
    },
    {
      "id": "tutorial_104_01",
      "content": "在所有角色的體力上有著用黃色標示的混亂閾值。"
    },
    {
      "id": "tutorial_104_02_popup_title",
      "content": "關於混亂的說明"
    },
    {
      "id": "tutorial_104_02",
      "content": "當體力減少至混亂閾值以下時，角色會進入<混亂>狀態。\n<混亂>會使其所有物理抗性都變為脆弱。\n在同一回合，每額外超過一個混亂閾值，<混亂等級>將會增加。\n<混亂等級>分為三級，等級越高所能額外造成的傷害越高。"
    },
    {
      "id": "tutorial_104_03",
      "content": "很好。敵人陷入<混亂>了。請按照我所教您的方法下令，繼續戰鬥吧。"
    },
    {
      "id": "tutorial_201_01",
      "content": "所有角色的行動都由<速度>決定。"
    },
    {
      "id": "tutorial_201_02_popup_title",
      "content": "關於速度的說明"
    },
    {
      "id": "tutorial_201_02",
      "content": "每回合，所有角色的速度都會從最小值~最大值間決定。\n每回合會根據速度決定角色的站位。\n速度越低的角色越會被置於前列，也就越容易成為攻擊目標。"
    },
    {
      "id": "tutorial_201_05",
      "content": "在使用技能攻擊前，角色會通過投擲硬幣來決定技能的最終威力。最終威力越高，傷害量越高。"
    },
    {
      "id": "tutorial_201_06",
      "content": "硬幣枚數代表了技能的攻擊次數。例如兩枚硬幣代表會進行兩次攻擊。"
    },
    {
      "id": "tutorial_201_07",
      "content": "在使用技能攻擊前，角色會通過投擲硬幣來決定技能的最終威力。最終威力越高，傷害量越高。"
    },
    {
      "id": "tutorial_201_08",
      "content": "當硬幣擲出正面時，會將技能威力與硬幣威力相加。最終威力也會隨之變化。例如這個技能的最終威力就會增加。"
    },
    {
      "id": "tutorial_201_09",
      "content": "像這樣增強過的威力，在下次投擲硬幣時依然會生效。"
    },
    {
      "id": "tutorial_202_01",
      "content": "每回合開始時，會從尚未追加行動槽的角色中選出一名並追加行動槽。"
    },
    {
      "id": "tutorial_202_02",
      "content": "當罪人與敵人同時使用攻擊技能對峙時，將會進行<拼點>。"
    },
    {
      "id": "tutorial_202_03_popup_title",
      "content": "關於拼點的說明"
    },
    {
      "id": "tutorial_202_03",
      "content": "在罪人和敵人互相使用攻擊技能時，會進行<拼點>。\n<拼點>的兩個技能中，拼點威力更大的一方視為勝利，能夠破壞失敗方的一枚技能硬幣。\n技能中還有剩餘硬幣時，會持續進行<拼點>，直至一方的硬幣被全部破壞。\n在<拼點>時硬幣被全部破壞的一方的技能將會被取消，視為拼點失敗。\n<拼點>勝利的一方能根據拼點次數造成更加強力的攻擊。"
    },
    {
      "id": "tutorial_202_04",
      "content": "<拼點>是比較兩個技能拼點威力的大小，\n將拼點威力更大的一方視為拼點勝利的事件。\n可以參考屏幕上方的儀表和文本，來預測拼點成功的概率。"
    },
    {
      "id": "tutorial_202_05",
      "content": "拼點開始時，兩方將會通過投擲硬幣來決定拼點威力。兩方中拼點威力更高的一方將被視為拼點勝利，能夠破壞另一方的一枚硬幣。"
    },
    {
      "id": "tutorial_202_06",
      "content": "之後將會持續拼點，直到一方的硬幣被全部破壞。\n在<拼點>時硬幣被全部破壞的一方的技能將會被取消，視為拼點失敗。"
    },
    {
      "id": "tutorial_203_01",
      "content": "體力旁的球體代表了角色的<理智值>。"
    },
    {
      "id": "tutorial_203_02_popup_title",
      "content": "關於理智值的說明"
    },
    {
      "id": "tutorial_203_02",
      "content": "體力旁的球體表示<理智值>，範圍為-45~+45。\n理智值越高，投擲硬幣時投出正面的概率越大。\n擊敗敵人後理智值將會增加，反之友方單位陣亡時將會減少。\n理智值降至一定數值以下後，敵人會陷入“士氣低下”或是“恐慌”狀態。"
    },
    {
      "id": "tutorial_203_06",
      "content": "您可以在此區域查看目前角色所擁有的效果。"
    },
    {
      "id": "tutorial_203_07",
      "content": "點擊此區域內的圖標，可以查看該效果的詳細介紹。"
    },
    {
      "id": "tutorial_203_08",
      "content": "敵人全部陷入恐慌了。現在是絕佳的時機。請自由下令吧。"
    },
    {
      "id": "tutorial_301_01",
      "content": "請按我所教過的方式來鏈接技能。"
    },
    {
      "id": "tutorial_301_02_popup_tItle",
      "content": "攻擊類型及屬性"
    },
    {
      "id": "tutorial_301_02",
      "content": "技能由兩種主要屬性構成：<攻擊類型>以及<罪孽屬性>。技能的攻擊類型分為“斬擊”，“穿刺”，“打擊”三種，\n而罪孽屬性則分為“暴怒”，“色欲”，“怠惰”，“暴食”，“憂鬱”，“傲慢”，“嫉妒”。\n傷害量會根據對方對於攻擊類型及罪孽屬性的耐性決定。"
    },
    {
      "id": "tutorial_301_03",
      "content": "在此處可以確認罪人使用的攻擊類型及罪孽屬性。"
    },
    {
      "id": "tutorial_301_04",
      "content": "在此處可以確認各個角色的弱點及耐性。\n這名敵人似乎是斬擊脆弱。"
    },
    {
      "id": "tutorial_302_01",
      "content": "想要防禦敵方攻擊時可以使用守備技能。守備技能只會在受到單方面攻擊時發動。\n因此，在受到數個攻擊時使用會十分有效。"
    },
    {
      "id": "tutorial_302_02",
      "content": "守備技能和攻擊技能不同，需要另外生成。"
    },
    {
      "id": "tutorial_302_03",
      "content": "首先，請生成守備技能。"
    },
    {
      "id": "tutorial_302_04",
      "content": "請點擊格里高爾的圖標。"
    },
    {
      "id": "tutorial_302_05_popup_title",
      "content": "守備技能：防禦"
    },
    {
      "id": "tutorial_302_05",
      "content": "防禦會產生與其威力等量的護盾。\n被攻擊時，護盾會代替體力消耗。 \n在同一回合中使用多次防禦技能，在受到單方面攻擊時就會發動相符次數的防禦。 "
    },
    {
      "id": "tutorial_302_06",
      "content": "很好。本次生成了防禦技能，下面請試著生成反擊技能。"
    },
    {
      "id": "tutorial_302_07",
      "content": "請點擊羅佳的圖標。"
    },
    {
      "id": "tutorial_302_08_popup_title",
      "content": "守備技能：反擊"
    },
    {
      "id": "tutorial_302_08",
      "content": "反擊與其他的守備技能不同，其自身擁有屬性，且使用後會生成屬性資源。\n反擊會在受到攻擊後，對對方進行單方面攻擊。\n在同一回合中使用多次反擊技能，便會發動相符次數的反擊。\n但在被攻擊後陷入混亂的情況下，無法使用反擊技能。"
    },
    {
      "id": "tutorial_302_09",
      "content": "做得很好。\n最後請試著生成閃避技能。"
    },
    {
      "id": "tutorial_302_10",
      "content": "請點擊浮士德的圖標。"
    },
    {
      "id": "tutorial_302_11_popup_title",
      "content": "守備技能：閃避"
    },
    {
      "id": "tutorial_302_11",
      "content": "閃避數值如果高於對方技能的最終威力，將會完全閃避本次攻擊。\n但請注意，當閃避數值低於最終威力時，仍然會受到攻擊。\n在同一回合中使用多次閃避技能，在受到單方面攻擊時便會發動相符次數的閃避。"
    },
    {
      "id": "tutorial_302_12",
      "content": "閃避技能也成功生成了。\n下面請鏈接生成的守備技能並下令戰鬥。\n目標是消滅所有敵人。"
    },
    {
      "id": "tutorial_1001_01",
      "content": "在迷宮中存在名為<異想體>的生物。\n在迷宮中難以避免與之一戰。"
    },
    {
      "id": "tutorial_1001_02_popup_title",
      "content": "關於異想體及其部位的說明"
    },
    {
      "id": "tutorial_1001_02",
      "content": "所有異想體均擁有一個及以上的部位。\n每個部位存在不同的行動槽，且各自擁有不同的技能。"
    },
    {
      "id": "tutorial_1001_03",
      "content": "請選擇罪人的技能並拖至異想體的行動槽。"
    },
    {
      "id": "tutorial_1001_04",
      "content": "異想體的技能也由<速度>決定。\n異想體的速度決定其行動順序，也是改變異想體攻擊目標的條件。"
    },
    {
      "id": "tutorial_1001_05",
      "content": "當比異想體“速度更快”的罪人的技能\n被拖動至異想體的行動槽時，\n將會改變異想體的攻擊目標並進行<拼點>。"
    },
    {
      "id": "tutorial_1001_06",
      "content": "請將速度較快的罪人的技能拖至異想體行動槽，並改變其攻擊目標。"
    },
    {
      "id": "tutorial_1001_07",
      "content": "異想體的目標被改變了，這樣這兩名角色在本回合將會進行<拼點>。"
    },
    {
      "id": "tutorial_1001_08",
      "content": "像這樣活用速度差，\n便可以自由改變異想體的攻擊目標。\n在異想體戰鬥中，<改變目標>使其與有利的對象進行<拼點>是十分重要的。"
    },
    {
      "id": "tutorial_1001_09",
      "content": "請給剩餘的罪人們下達命令。"
    },
    {
      "id": "tutorial_1001_10",
      "content": "規劃好所有罪人的技能後，按下此處便能開始戰鬥。"
    },
    {
      "id": "tutorial_1001_99_popup_title",
      "content": "部位破壞"
    },
    {
      "id": "tutorial_1001_99",
      "content": "當異想體部位的體力降為0時，會進入<部位破壞>狀態。\n部位被破壞後，該部位的所有物理抗性將全部變為脆弱。\n根據部位的不同，有時會使其無法使用技能，或是消除被動。\n部位被破壞時，有時會出現異想體更加狂暴或是被破壞的部位再生的情況。"
    },
    {
      "id": "tutorial_1101_01",
      "content": "迷宮中存在擁有多個部位的異想體。\n當擁有多個部位時，\n各個部位的耐性及所使用的技能，被動均有區別。"
    },
    {
      "id": "tutorial_1101_02",
      "content": "為此我們準備了<異想體圖鑑>。\n圖鑑中記錄了異想體每個部位的耐性，技能，被動等信息。\n點擊異想體後便可閱讀圖鑑。"
    },
    {
      "id": "tutorial_1101_03_popup_title",
      "content": "然而，圖鑑現在還是未完成的狀態。\n僅憑表面觀察無法完全掌握異想體的信息。\n您每次與異想體戰鬥，都會使圖鑑更為完善。"
    },
    {
      "id": "tutorial_1101_03",
      "content": "異想體圖鑑中記錄了各個部位的情報。\n最初遭遇異想體時，其圖鑑還處於未完成狀態。\n未完成的圖鑑會在與異想體的戰鬥中逐步完善。\n重複遭遇異想體並與之戰鬥，觀察等級也會隨之上升。\n觀察等級越高，對異想體造成的傷害越高。"
    },
    {
      "id": "tutorial_1201_01",
      "content": "在異想體戰鬥中，時不時會出現要求做出決策的<選項>。\n這需要您一邊關注現狀一邊選擇罪人做出行動。\n根據選項結果的不同，異想體會出現不同的反應，所以請慎重做出決策。"
    },
    {
      "id": "tutorial_1301_01_popup_title",
      "content": "群體攻擊技能"
    },
    {
      "id": "tutorial_1301_01",
      "content": "群體攻擊技能可以同時攻擊多個對象。\n攻擊對象根據群體攻擊技能的攻擊範圍而有所不同(例如前排，中排，後排，特殊等)。\n群體攻擊只會與技能指定的主要目標進行拼點。\n若群體技能拼點失敗，此技能的攻擊將會被完全取消。\n在受到群體攻擊時，守備技能依然可以生效。"
    }
  ]
}