{
  "dataList": [
    {
      "id": "tutorial_401_01",
      "content": "每個角色都擁有特定的<技能組>。"
    },
    {
      "id": "tutorial_401_02",
      "content": "點擊角色即可通過情報界面確認。"
    },
    {
      "id": "tutorial_401_03",
      "content": "從信息界面可以確認該角色的各類信息。"
    },
    {
      "id": "tutorial_401_04",
      "content": "罪人的技能列表是固定的。\n技能列表中的技能將會以隨機順序被分配進儀錶盤中。"
    },
    {
      "id": "tutorial_401_05",
      "content": "使用過的技能將會從技能列表中除去。\n當列表中的技能被“全部使用”後，才能重置技能列表。"
    },
    {
      "id": "tutorial_401_06",
      "content": "此外，攻擊技能擁有“攻擊等級”。\n拼點的結果將會根據攻擊等級而傾向於有利或不利。"
    },
    {
      "id": "tutorial_401_07",
      "content": "您能理解關於罪人們的信息了嗎？\n那麼，請下令吧。"
    },
    {
      "id": "tutorial_402_01",
      "content": " 各個人格除了攻擊技能外，還持有<被動技能>。\n參與戰鬥的罪人的戰鬥被動將會被激活。"
    },
    {
      "id": "tutorial_402_02",
      "content": "未參加戰鬥的罪人也能提供支援被動。"
    },
    {
      "id": "tutorial_402_03",
      "content": "請鏈接兩個傲慢屬性的技能來觸發被動技能。"
    },
    {
      "id": "tutorial_402_04",
      "content": "可以在此處確認被觸發的被動技能。"
    },
    {
      "id": "tutorial_403_00",
      "content": "我們在此遭遇的是多波次的戰鬥。"
    },
    {
      "id": "tutorial_403_01",
      "content": "當罪人們的情感共鳴時，可觸發名為<E.G.O>的強力技能。"
    },
    {
      "id": "tutorial_403_02",
      "content": "使用<E.G.O>需要消耗罪孽碎片。"
    },
    {
      "id": "tutorial_403_03",
      "content": "可以在此處確認現在所持有的罪孽碎片。"
    },
    {
      "id": "tutorial_403_04",
      "content": "因為經理是第一次使用<E.G.O>，所以我為您準備好了E.G.O資源。\n由於這需要特殊的力量，所以之後請您親自收集E.G.O資源。"
    },
    {
      "id": "tutorial_403_05",
      "content": "能夠使用<E.G.O>的罪人，將會像這樣標識出來。"
    },
    {
      "id": "tutorial_403_06",
      "content": "<E.G.O>技能與守備技能相同，需要另外生成。請長按這裡。"
    },
    {
      "id": "tutorial_403_07",
      "content": "請點擊將要使用的<E.G.O>圖標。生成後的<E.G.O技能>能通過相同的操作取消。"
    },
    {
      "id": "tutorial_403_08_title",
      "content": "E.G.O"
    },
    {
      "id": "tutorial_403_08",
      "content": "E.G.O是從罪人的情感共鳴中產生的強力裝備。\n使用E.G.O技能必須擁有罪孽碎片。\n每當在戰鬥中使用技能時，都會積累和技能屬性相同的碎片。"
    },
    {
      "id": "tutorial_403_09_title",
      "content": "E.G.O侵蝕"
    },
    {
      "id": "tutorial_403_09",
      "content": "使用E.G.O技能不僅會消耗罪孽碎片，也會消耗罪人的理智值。\n在理智值過低的情況下使用E.G.O,\n有可能會引發E.G.O侵蝕。\n陷入E.G.O侵蝕的罪人不會聽從經理的命令，因此請務必時常注意罪人們的理智值。"
    },
    {
      "id": "tutorial_403_10_title",
      "content": "E.G.O被動技能"
    },
    {
      "id": "tutorial_403_10",
      "content": "從使用過E.G.O後的下回合起，直至戰鬥結束，E.G.O被動技能都將生效。\nE.G.O擁有各式各樣的被動技能，希望您能靈活使用。"
    },
    {
      "id": "tutorial_403_11",
      "content": "攻擊技能分為單體攻擊和群攻技能。"
    },
    {
      "id": "tutorial_403_12",
      "content": "這次所使用的<E.G.O技能>就是群攻技能。"
    },
    {
      "id": "tutorial_403_13_title",
      "content": "群攻技能"
    },
    {
      "id": "tutorial_403_13",
      "content": "群攻技能的目標分為主要目標和次要目標。"
    },
    {
      "id": "tutorial_403_14",
      "content": "群攻技能只會和直接指定的主要目標進行拼點。"
    },
    {
      "id": "tutorial_403_15",
      "content": "拼點失敗時，該技能的攻擊將會被全部取消。"
    },
    {
      "id": "tutorial_403_16",
      "content": "次要目標會根據群攻技能的目標範圍來決定。"
    },
    {
      "id": "tutorial_403_17_title",
      "content": "群攻技能的目標分為主要目標和次要目標。"
    },
    {
      "id": "tutorial_403_17",
      "content": "群攻技能會以敵方的行動槽為目標。"
    },
    {
      "id": "tutorial_403_18",
      "content": "每個群體攻擊所能瞄準的目標數有所不同。"
    },
    {
      "id": "tutorial_403_19",
      "content": "每個行動槽都擁有“目標容量”，代表其可以從群攻技能中消耗的目標數。"
    },
    {
      "id": "tutorial_403_20",
      "content": "在常規戰鬥中，即使群攻技能能夠瞄準同一個目標的多個行動槽，但其實際只會受到一次傷害。"
    },
    {
      "id": "tutorial_403_21",
      "content": "在異想體戰鬥中，即使群攻技能瞄準了單個部位的多個行動槽，該部位也只會受到一次傷害。"
    },
    {
      "id": "tutorial_404_00",
      "content": "像這樣活用E.G.O也是重要的策略之一。"
    },
    {
      "id": "tutorial_404_01",
      "content": "今後的戰鬥將會由多個波次組成。"
    },
    {
      "id": "tutorial_404_02",
      "content": "在繼續戰鬥前，請允許我介紹一個便捷的功能。"
    },
    {
      "id": "tutorial_404_03",
      "content": "您現在可以自動選擇技能了。\n技能將根據經理您按下的按鍵自動鏈接。"
    },
    {
      "id": "tutorial_404_04",
      "content": "勝率”按鍵主要選擇拼點勝率高的技能。 \n“傷害”按鍵則主要選擇能給予敵人更多傷害的技能。 "
    },
    {
      "id": "tutorial_404_05",
      "content": "但自動選擇並不能像經理您一樣時刻考慮到戰況，因此請謹慎使用。"
    },
    {
      "id": "tutorial_404_06",
      "content": "此外，您可以通過右上角的UI來調整戰鬥相關的選項，例如硬幣翻轉，目標箭頭，簡化技能信息等。"
    },
    {
      "id": "tutorial_404_07",
      "content": "接下來，請您在沒有我幫助的情況下親自下令吧。\n期待您精彩的指揮，但丁。"
    },
    {
      "id": "tutorial_404_08_title",
      "content": "傷害・勝率自動戰鬥"
    },
    {
      "id": "tutorial_404_08",
      "content": "“勝率”按鍵主要選擇拼點勝率高的技能。"
    },
    {
      "id": "tutorial_404_09",
      "content": "“傷害”按鍵則主要選擇能給予敵人更多傷害的技能。"
    },
    {
      "id": "tutorial_404_10",
      "content": "只有在EX通關之後才可以使用自動選擇。\n自動選擇並不能考慮到實時戰況。"
    },
    {
      "id": "tutorial_ego_overclock_title",
      "content": "E.G.O超頻"
    },
    {
      "id": "tutorial_ego_overclock_1",
      "content": "E.G.O超頻分為穩定超頻以及不穩定超頻。"
    },
    {
      "id": "tutorial_ego_overclock_2",
      "content": "超頻一個E.G.O技能會使其需要消耗的罪孽碎片與理智值數量變為原本的1.5倍。"
    },
    {
      "id": "tutorial_ego_overclock_3",
      "content": "要對一個E.G.O技能進行超頻，您至少需要先滿足該E.G.O技能在通常狀態下的罪孽碎片需求；進行超頻時，若您的罪孽碎片數量僅滿足通常狀態下的需求，而未達到超頻所需的1.5倍，則缺少的罪孽碎片將會以扣負的方式進行結算。"
    },
    {
      "id": "tutorial_ego_overclock_4",
      "content": "使用超頻依然會有侵蝕的可能性，侵蝕情況下只會消耗基礎數量的資源。"
    },
    {
      "id": "tutorial_ego_overclock_5",
      "content": "穩定超頻後可以識別敵我雙方，使用的侵蝕技能的效果以及數值則相同。"
    },
    {
      "id": "tutorial_ego_overclock_6",
      "content": "不穩定超頻後無法識別敵我雙方，但使用的侵蝕技能的效果以及數值相同。"
    }
  ]
}