{
  "dataList": [
    {
      "id": 1,
      "name": "第1賽季紀念橫幅",
      "desc": "第1賽季 定向 達到等級1的免費獎勵"
    },
    {
      "id": 2,
      "name": "第1賽季完整橫幅",
      "desc": "第1賽季 定向 邊獄通行證達到等級60的獎勵"
    },
    {
      "id": 3,
      "name": "全勤經理證件",
      "desc": "通過活動<新晉經理的出勤獎勵>獲得"
    },
    {
      "id": 4,
      "name": "亞撒西的經理",
      "desc": "通過活動<新晉經理的出勤獎勵>獲得"
    },
    {
      "id": 5,
      "name": "折射軌道1號線基礎橫幅",
      "desc": "清剿<折射軌道1號線>中的13個站點後獲得"
    },
    {
      "id": 6,
      "name": "折射軌道1號線裝飾性橫幅",
      "desc": "總計回合數不超過120時清剿<折射軌道1號線>中的13個站點後獲得"
    },
    {
      "id": 7,
      "name": "折射軌道1號線極品裝飾性橫幅",
      "desc": "活動開放第二週內在總計回合數不超過120時清剿<折射軌道1號線>中的13個站點後獲得"
    },
    {
      "id": 8,
      "name": "Hell's Chicken",
      "desc": "通過Hell's Chicken活動獲取"
    },
    {
      "id": 9,
      "name": "致母親……",
      "desc": "通過Hell's Chicken活動獲取"
    },
    {
      "id": 10,
      "name": "第2賽季 開始紀念橫幅",
      "desc": "第2賽季 追憶 達到等級1的免費獎勵"
    },
    {
      "id": 11,
      "name": "第2賽季 結束紀念橫幅",
      "desc": "第2賽季 追憶 邊獄通行證達到等級60的獎勵"
    }
  ]
}