{
  "dataList": [
    {
      "id": "GetConditionTitle",
      "content": "條件"
    },
    {
      "id": "BannerSelect",
      "content": "橫幅"
    },
    {
      "id": "Personality",
      "content": "人格"
    },
    {
      "id": "CharacterNumber",
      "content": "ID"
    },
    {
      "id": "Rarity",
      "content": "稀有度"
    },
    {
      "id": "Season",
      "content": "賽季"
    },
    {
      "id": "Group",
      "content": "所屬"
    },
    {
      "id": "Name",
      "content": "名字"
    },
    {
      "id": "LastLoginDay",
      "content": "上次登錄："
    },
    {
      "id": "Manager",
      "content": "經理"
    },
    {
      "id": "Company",
      "content": "助戰"
    },
    {
      "id": "Friends",
      "content": "好友"
    },
    {
      "id": "Add_Friends",
      "content": "添加好友"
    },
    {
      "id": "Delete_Friends",
      "content": "解除好友"
    },
    {
      "id": "Waiting_Friends",
      "content": "發送請求"
    },
    {
      "id": "Accept_Friends",
      "content": "收件箱"
    },
    {
      "id": "Last_Reload",
      "content": "{0}秒前！"
    },
    {
      "id": "WaitCancle",
      "content": "取消"
    },
    {
      "id": "Refuse",
      "content": "拒絕"
    },
    {
      "id": "Accept",
      "content": "同意"
    },
    {
      "id": "Send_Add_Friends",
      "content": "要發送好友請求嗎？"
    },
    {
      "id": "Delete_Friends_Apply",
      "content": "確定要解除與該玩家的好友關係嗎？"
    },
    {
      "id": "SendSendFriend_1",
      "content": "發送的請求過多。"
    },
    {
      "id": "SendSendFriend_2",
      "content": "好友列表已滿。"
    },
    {
      "id": "SendSendFriend_3",
      "content": "該玩家收到的請求過多。"
    },
    {
      "id": "SendSendFriend_4",
      "content": "該玩家的好友列表已滿。"
    },
    {
      "id": "SendSendFriend_5",
      "content": "無效玩家。"
    },
    {
      "id": "SendSendFriend_6",
      "content": "該玩家已在請求列表中。"
    },
    {
      "id": "SendSendFriend_7",
      "content": "發生未知錯誤。"
    },
    {
      "id": "SendAcceptReceivedFriend_1",
      "content": "好友列表已滿。"
    },
    {
      "id": "SendAcceptReceivedFriend_2",
      "content": "對方的好友列表已滿。"
    },
    {
      "id": "SendAcceptReceivedFriend_3",
      "content": "該玩家取消了好友請求。"
    },
    {
      "id": "SendAcceptReceivedFriend_4",
      "content": "發生未知錯誤。"
    },
    {
      "id": "Today",
      "content": "今天！"
    },
    {
      "id": "Ago",
      "content": "{0}天前"
    },
    {
      "id": "Day_Ago",
      "content": "MM月 dd日"
    },
    {
      "id": "Change_Introduce",
      "content": "編輯個人簡介"
    },
    {
      "id": "Sorting_Level",
      "content": "等級"
    },
    {
      "id": "Sorting_LastLogin",
      "content": "最後登錄"
    },
    {
      "id": "Season_0",
      "content": "通常"
    },
    {
      "id": "Season_1",
      "content": "第1賽季"
    },
    {
      "id": "Season_2",
      "content": "第2賽季"
    },
    {
      "id": "Change",
      "content": "更換"
    },
    {
      "id": "Uninstall",
      "content": "解除"
    },
    {
      "id": "All",
      "content": "全部"
    },
    {
      "id": "Reset_Company_Title",
      "content": "重置設置"
    },
    {
      "id": "Reset_Company_desc",
      "content": "確定要重置助戰設置嗎？"
    },
    {
      "id": "NO_Friends",
      "content": "暫無好友。"
    },
    {
      "id": "NO_SendFriends",
      "content": "暫無請求。"
    },
    {
      "id": "NO_AcceptFriends",
      "content": "暫無請求。"
    },
    {
      "id": "SupportPersonality_Reset",
      "content": "重置"
    },
    {
      "id": "SearchFriends",
      "content": "搜索好友"
    },
    {
      "id": "ReLoad",
      "content": "刷新"
    },
    {
      "id": "Btn_Search",
      "content": "搜索"
    },
    {
      "id": "Sentence",
      "content": "短語"
    },
    {
      "id": "Word",
      "content": "詞語"
    },
    {
      "id": "Uid_Copy",
      "content": "複製"
    },
    {
      "id": "Uid_Copy_ModalTitle",
      "content": "複製完成。"
    },
    {
      "id": "Uid_Copy_ModalDesc",
      "content": "ID已復制。"
    },
    {
      "id": "TicketCustom_Button",
      "content": "個人名片裝飾"
    },
    {
      "id": "TicketCustom_Popup_L",
      "content": "邊框 1"
    },
    {
      "id": "TicketCustom_Popup_R",
      "content": "邊框 2"
    },
    {
      "id": "TicketCustom_Popup_EGOBG",
      "content": "背景"
    },
    {
      "id": "Using",
      "content": "使用中"
    },
    {
      "id": "IntroduceSort_Default",
      "content": "基礎"
    },
    {
      "id": "IntroduceSort_ABC",
      "content": "字母順序"
    },
    {
      "id": "IntroduceSort_Acquisition",
      "content": "獲得順序"
    }
  ]
}