{
  "dataList": [
    {
      "id": -1,
      "name": "림버스 컴퍼니",
      "desc": "기본"
    },
    {
      "id": 1,
      "name": "罪孽：暴怒",
      "desc": "基礎"
    },
    {
      "id": 2,
      "name": "罪孽：色欲",
      "desc": "基礎"
    },
    {
      "id": 3,
      "name": "罪孽：怠惰",
      "desc": "基礎"
    },
    {
      "id": 4,
      "name": "罪孽：暴食",
      "desc": "基礎"
    },
    {
      "id": 5,
      "name": "罪孽：憂鬱",
      "desc": "基礎"
    },
    {
      "id": 6,
      "name": "罪孽：傲慢",
      "desc": "基礎"
    },
    {
      "id": 7,
      "name": "罪孽：嫉妒",
      "desc": "基礎"
    },
    {
      "id": 8,
      "name": "K公司之淚",
      "desc": "第2賽季 追憶 達到等級40的免費獎勵"
    },
    {
      "id": 9,
      "name": "雨日",
      "desc": "第2賽季 追憶 邊獄通行證達到等級45的免費獎勵"
    },
    {
      "id": 10,
      "name": "冬柏",
      "desc": "第2賽季 追憶 達到等級55的免費獎勵"
    }
  ]
}