{
  "dataList": [
    {
      "id": "battle_awaken_21201_1",
      "desc": "E.G.O覺醒",
      "dlg": "我的手臂……發生了變化。"
    },
    {
      "id": "battle_awaken_21202_1",
      "desc": "E.G.O覺醒",
      "dlg": "聽著，你有自信能抗住這一招嗎？"
    },
    {
      "id": "battle_erosion_21202_1",
      "desc": "E.G.O侵蝕",
      "dlg": "我们一起……腐爛吧。"
    },
    {
      "id": "battle_awaken_21203_1",
      "desc": "E.G.O覺醒",
      "dlg": "我给你讀一則童话故事怎麼樣？"
    },
    {
      "id": "battle_erosion_21203_1",
      "desc": "E.G.O侵蝕",
      "dlg": "所有人都已經……被迷惑了。"
    }
  ]
}