{
  "dataList": [
    {
      "id": "battle_awaken_20101_1",
      "desc": "E.G.O覺醒",
      "dlg": "告訴我你心中的「理想」是何種定義。"
    },
    {
      "id": "battle_awaken_20102_1",
      "desc": "E.G.O覺醒",
      "dlg": "只是焚毀了我欲焚之物。"
    },
    {
      "id": "battle_erosion_20102_1",
      "desc": "E.G.O侵蝕",
      "dlg": "都將……化作灰燼。"
    },
    {
      "id": "battle_awaken_20103_1",
      "desc": "E.G.O覺醒",
      "dlg": "汝若尋求福運，還請誠心祈禱。"
    },
    {
      "id": "battle_erosion_20103_1",
      "desc": "E.G.O侵蝕",
      "dlg": "說出汝之心願……直言汝所希冀……"
    },
    {
      "id": "battle_awaken_20104_1",
      "desc": "E.G.O覺醒",
      "dlg": "形色恍惚……仿佛此路抗拒受人銘記。"
    },
    {
      "id": "battle_erosion_20104_1",
      "desc": "E.G.O侵蝕",
      "dlg": "至終，此為通路。"
    }
  ]
}