{
  "dataList": [
    {
      "id": "battle_awaken_21001_1",
      "desc": "E.G.O覺醒",
      "dlg": "若我能親自用雙手折下……"
    },
    {
      "id": "battle_awaken_21002_1",
      "desc": "E.G.O覺醒",
      "dlg": "我要碾碎你……"
    },
    {
      "id": "battle_erosion_21002_1",
      "desc": "E.G.O侵蝕",
      "dlg": "汝也，一併成為活祭。"
    },
    {
      "id": "battle_awaken_21003_1",
      "desc": "E.G.O覺醒",
      "dlg": "這就是究，究極的……！哇，哇啊啊……"
    },
    {
      "id": "battle_erosion_21003_1",
      "desc": "E.G.O侵蝕",
      "dlg": "呼……消化……完成……"
    }
  ]
}