{
  "dataList": [
    {
      "id": "battle_erosion_21102_1",
      "desc": "E.G.O侵蝕",
      "dlg": "就差一點……"
    },
    {
      "id": "battle_awaken_21101_1",
      "desc": "E.G.O覺醒",
      "dlg": "這漫漫旅途懷抱著一個目的……"
    },
    {
      "id": "battle_awaken_21102_1",
      "desc": "E.G.O覺醒",
      "dlg": "如果是為了手握勝利……"
    },
    {
      "id": "battle_awaken_21103_1",
      "desc": "E.G.O覺醒",
      "dlg": "業報將再度回歸汝身，於汝頭頂恒久駐留。"
    },
    {
      "id": "battle_erosion_21103_1",
      "desc": "E.G.O侵蝕",
      "dlg": "陷入死寂……好似最初起就未曾存在任何煩惱……"
    }
  ]
}