{
  "dataList": [
    {
      "id": "get_11004_1",
      "desc": "獲得時",
      "dlg": "您好……聽說在這裡我可以……盡情玩樂。"
    },
    {
      "id": "lobby_morning_11004_1",
      "desc": "早間問候",
      "dlg": "真是個清爽的早晨！充滿活力地開始這一天吧！"
    },
    {
      "id": "lobby_noon_11004_1",
      "desc": "午間問候",
      "dlg": "有點疲倦了……這種時候就要用雙手搖動樂器打出節奏。就像這樣，還有這樣。"
    },
    {
      "id": "lobby_night_11004_1",
      "desc": "晚間問候",
      "dlg": "現在是亡者們最喜歡的時刻……但丁先生什麼時候去睡覺呢？"
    },
    {
      "id": "smalltalk_11004_1",
      "desc": "對話 1",
      "dlg": "啊……您是想聽聽我的音樂嗎？嗯……如果您真的非常想的話，我可以為您演奏一曲。"
    },
    {
      "id": "smalltalk_11004_2",
      "desc": "對話 2",
      "dlg": "戰鬥時，要清除雜念，全身心把握節奏。保持身心愉悅的同時，細心對上節拍。"
    },
    {
      "id": "smalltalk_11004_3",
      "desc": "對話 3",
      "dlg": "經理先生在心情複雜的時候會做些什麼呢？要不要跟我一起學習演奏樂器？這曾對我很有幫助。"
    },
    {
      "id": "smalltalk_11004_4",
      "desc": "同步後對話 1",
      "dlg": "現在的我與過去截然不同。我偶然接觸到了音樂與舞蹈……那時我才得以窺探自己的內心。"
    },
    {
      "id": "smalltalk_11004_5",
      "desc": "同步後對話 2",
      "dlg": "我知道將恐懼與不安盡數擺脫的方法。只需委身，節奏就會引導我。"
    },
    {
      "id": "neglect_11004_1",
      "desc": "閒置",
      "dlg": "……我的演奏，很一般嗎？"
    },
    {
      "id": "gacksung_11004_1",
      "desc": "進行同步",
      "dlg": "我將報以您更歡愉的音樂。"
    },
    {
      "id": "formation_11004_1",
      "desc": "人格出戰",
      "dlg": "讓我們搖起來！"
    },
    {
      "id": "battleentry_11004_1",
      "desc": "進入戰鬥",
      "dlg": "應該這樣做嗎……？"
    },
    {
      "id": "battle_select_11004_1",
      "desc": "戰鬥中選中人格",
      "dlg": "但丁先生，怎麼了……？"
    },
    {
      "id": "battle_endcommand_11004_1",
      "desc": "進行攻擊",
      "dlg": "我要打碎你的頭顱。"
    },
    {
      "id": "battle_enemy_break_11004_1",
      "desc": "敵方混亂",
      "dlg": "接下來，就是你的頭骨！"
    },
    {
      "id": "battle_break_11004_1",
      "desc": "自身混亂",
      "dlg": "噫！"
    },
    {
      "id": "battle_kill_11004_1",
      "desc": "擊殺敵方",
      "dlg": "輕鬆拿下。"
    },
    {
      "id": "battle_allydead_11004_1",
      "desc": "友方陣亡",
      "dlg": "下一個會是誰……？"
    },
    {
      "id": "choice_success_p_11004_1",
      "desc": "判定成功",
      "dlg": "比我想得要簡單一點。"
    },
    {
      "id": "choice_fail_n_11004_1",
      "desc": "判定失敗",
      "dlg": "我沒想到會是這樣……"
    },
    {
      "id": "battle_clear_11004_1",
      "desc": "戰鬥勝利",
      "dlg": "我剛剛才感覺有些興奮……就已經結束了。"
    },
    {
      "id": "battle_clear_ex_11004_1",
      "desc": "EX CLEAR戰鬥勝利",
      "dlg": "今天的演出真是令我滿足，無憾又愉快。"
    },
    {
      "id": "battle_defeat_11004_1",
      "desc": "戰鬥失敗",
      "dlg": "我們可以再試試。再搖起來就可以了。"
    }
  ]
}