{
  "dataList": [
    {
      "id": "get_10604_1",
      "desc": "獲得時",
      "dlg": "來喝上一杯吧。會變得暖和起來的~"
    },
    {
      "id": "lobby_morning_10604_1",
      "desc": "早間問候",
      "dlg": "你從來不會賴床呢~其實稍微偷點懶也沒關係的來著？"
    },
    {
      "id": "lobby_noon_10604_1",
      "desc": "午間問候",
      "dlg": "吃完油膩的東西後必須要來杯茶解膩~怎麼樣，你要來一點嗎？"
    },
    {
      "id": "lobby_night_10604_1",
      "desc": "晚間問候",
      "dlg": "準備休息了嗎？哎，穿著那身衣服應該很難睡好吧……得借你一套我的真絲睡衣才行~"
    },
    {
      "id": "smalltalk_10604_1",
      "desc": "對話 1",
      "dlg": "雖說我的工作和平日所經受的訓練沒什麼差別……但工作的時候總會不自覺的感到疲憊。"
    },
    {
      "id": "smalltalk_10604_2",
      "desc": "對話 2",
      "dlg": "我沒那麼喜歡活動身體。只是偶爾心血來潮的時候才會動一動……比起來還是泡茶更有意思。\n但在家裡，即使不喜歡也不得不動起來的情況更多……哈哈！"
    },
    {
      "id": "smalltalk_10604_3",
      "desc": "對話 3",
      "dlg": "你問我燃起火焰的要領……？重點就在於不要對這種方法抱有疑問。\n反正就算再好奇，到最後也搞不明白啦~"
    },
    {
      "id": "smalltalk_10604_4",
      "desc": "同步後對話 1",
      "dlg": "你對茶葉感興趣嗎？當然，我可以教你~\n啊，話說回來，我在用的茶具和茶葉都不便宜……應該，沒問題吧？"
    },
    {
      "id": "smalltalk_10604_5",
      "desc": "同步後對話 2",
      "dlg": "如果你想要學習我們的武術，我可以幫忙~\n實際上我也教過6科其他的後輩們~所以我很有自信！"
    },
    {
      "id": "neglect_10604_1",
      "desc": "閒置",
      "dlg": "唔…是讓人心情愉快的陽光的香氣呢~"
    },
    {
      "id": "gacksung_10604_1",
      "desc": "進行同步",
      "dlg": "原來如此~我還一直在等著你提起這件事呢~"
    },
    {
      "id": "formation_10604_1",
      "desc": "人格出戰",
      "dlg": "時而溫暖，時而熾熱。"
    },
    {
      "id": "battleentry_10604_1",
      "desc": "進入戰鬥",
      "dlg": "是時候該沸騰起來了吧？"
    },
    {
      "id": "battle_select_10604_1",
      "desc": "戰鬥中選中人格",
      "dlg": "你有話要說嗎？"
    },
    {
      "id": "battle_endcommand_10604_1",
      "desc": "進行攻擊",
      "dlg": "動作柔和！"
    },
    {
      "id": "battle_enemy_break_10604_1",
      "desc": "敵方混亂",
      "dlg": "他們無法保持平衡了！"
    },
    {
      "id": "battle_break_10604_1",
      "desc": "混亂",
      "dlg": "哎呀……"
    },
    {
      "id": "battle_kill_10604_1",
      "desc": "擊殺敵方",
      "dlg": "燃燒起來了！"
    },
    {
      "id": "battle_dead_10604_1",
      "desc": "自身陣亡",
      "dlg": "想，喝口……熱茶啊……"
    },
    {
      "id": "choice_success_p_10604_2",
      "desc": "判定成功",
      "dlg": "是曼妙的香氣指引了我。"
    },
    {
      "id": "choice_fail_n_10604_1",
      "desc": "判定失敗",
      "dlg": "怪不得感覺味道不好……"
    },
    {
      "id": "battle_clear_10604_1",
      "desc": "戰鬥勝利",
      "dlg": "嗯~是一次不錯的熱身運動。"
    },
    {
      "id": "battle_clear_ex_10604_1",
      "desc": "EX CLEAR戰鬥勝利",
      "dlg": "哎呀呀~我似乎比想像中的還要更興奮啊。哈哈……"
    },
    {
      "id": "battle_defeat_10604_1",
      "desc": "戰鬥失敗",
      "dlg": "來，我們去喝杯茶吧。偶爾有這種情況不是很正常嗎？"
    }
  ]
}