{
  "dataList": [
    {
      "id": "get_10103_1",
      "desc": "獲得時",
      "dlg": "我熟知以華麗且奇特的方式斬開心臟的方法。"
    },
    {
      "id": "lobby_morning_10103_1",
      "desc": "早間問候",
      "dlg": "又到了舉行劍之盛宴的時刻。"
    },
    {
      "id": "lobby_noon_10103_1",
      "desc": "午間問候",
      "dlg": "警惕時常微笑的人。在那虛偽的笑容中或許藏著尖刀。"
    },
    {
      "id": "lobby_night_10103_1",
      "desc": "晚間問候",
      "dlg": "我深愛月光。它會將不應被照亮之物暴露得愈加鮮明。"
    },
    {
      "id": "smalltalk_10103_1",
      "desc": "對話 1",
      "dlg": "這些傷痕？已經痊癒了。比起這個……你是否該詢問造成這些傷痕的人下場如何？"
    },
    {
      "id": "smalltalk_10103_2",
      "desc": "對話 2",
      "dlg": "不論刀鋒多麼銳利，不去使用便毫無意義。"
    },
    {
      "id": "smalltalk_10103_3",
      "desc": "對話 3",
      "dlg": "好奇我的過去？那些……我早已捨棄。"
    },
    {
      "id": "smalltalk_10103_4",
      "desc": "同步後對話 1",
      "dlg": "告訴你個秘密，即使遮住雙目雙耳，我也依舊能斬殺敵人。……只是玩笑。但丁，你真的很容易輕信別人。"
    },
    {
      "id": "smalltalk_10103_5",
      "desc": "同步後對話 2",
      "dlg": "對我而言，時鐘至今都是無用的器物。可但丁，你的時鐘有著異樣的魅力。"
    },
    {
      "id": "neglect_10103_1",
      "desc": "閒置",
      "dlg": "不管對話結束與否，你都會立刻離開，真是薄情。"
    },
    {
      "id": "gacksung_10103_1",
      "desc": "進行同步",
      "dlg": "直到刀折斷為止，我都會伴你左右。"
    },
    {
      "id": "formation_10103_1",
      "desc": "人格出戰",
      "dlg": "該掀起一陣血雨了。"
    },
    {
      "id": "battleentry_10103_1",
      "desc": "進入戰鬥",
      "dlg": "你是否需要我的劍刃？"
    },
    {
      "id": "battle_select_10103_1",
      "desc": "戰鬥中選中人格",
      "dlg": "刀鋒依舊銳利。"
    },
    {
      "id": "battle_endcommand_10103_1",
      "desc": "進行攻擊",
      "dlg": "我會將罪孽銘刻在你身上。"
    },
    {
      "id": "battle_enemy_break_10103_1",
      "desc": "敵方混亂",
      "dlg": "血流滿地，一片狼藉。"
    },
    {
      "id": "battle_break_10103_1",
      "desc": "自身混亂",
      "dlg": "嗯……"
    },
    {
      "id": "battle_kill_10103_1",
      "desc": "擊殺敵方",
      "dlg": "是這些傷痕的功勞。"
    },
    {
      "id": "battle_allydead_10103_1",
      "desc": "友方陣亡",
      "dlg": "不會留下疤痕的。"
    },
    {
      "id": "choice_success_p_10103_1",
      "desc": "判定成功",
      "dlg": "是傷痕中積累下的經驗。"
    },
    {
      "id": "choice_fail_n_10103_1",
      "desc": "判定失敗",
      "dlg": "似乎是我自掘墳墓。"
    },
    {
      "id": "battle_clear_10103_1",
      "desc": "戰鬥勝利",
      "dlg": "他們知道何時就該屈服，不錯。"
    },
    {
      "id": "battle_clear_ex_10103_1",
      "desc": "EX CLEAR戰鬥勝利",
      "dlg": "將他們切成碎片，使我的精神無比清醒。"
    },
    {
      "id": "battle_defeat_10103_1",
      "desc": "戰鬥失敗",
      "dlg": "應當令我的劍揮舞至碎裂，這樣我才不會有所留戀。"
    }
  ]
}