{
  "dataList": [
    {
      "id": "get_10702_1",
      "desc": "獲得時",
      "dlg": "公平的將死亡……嘖。什麼來著，反正我是來粉碎一切的。"
    },
    {
      "id": "lobby_morning_10702_1",
      "desc": "早間問候",
      "dlg": "媽的……剛剛不關鬧鐘就睡回去的是哪個傢伙？我不會放過他的……"
    },
    {
      "id": "lobby_noon_10702_1",
      "desc": "午間問候",
      "dlg": "午飯……想吃新鮮的生食啊。鮮血淋漓的那種。"
    },
    {
      "id": "lobby_night_10702_1",
      "desc": "晚間問候",
      "dlg": "老兄見過血紅的月亮嗎？簡直美到爆。我瞬間就被迷住了。"
    },
    {
      "id": "smalltalk_10702_1",
      "desc": "對話 1",
      "dlg": "……你說你擔心我受傷？媽耶，我全身都起雞皮疙瘩了。以後別再說這麼肉麻的話了。"
    },
    {
      "id": "smalltalk_10702_2",
      "desc": "對話 2",
      "dlg": "把目擊者全都幹掉可不就是暗殺了嗎？媽的，怎麼都只對著我發脾氣啊。"
    },
    {
      "id": "smalltalk_10702_3",
      "desc": "對話 3",
      "dlg": "只打擊要害其實很沒意思。難道不是很沒勁嗎？"
    },
    {
      "id": "smalltalk_10702_4",
      "desc": "同步後對話 1",
      "dlg": "大夥都淨喜歡說些有的沒的。說什麼沉下內心再安靜的這樣那樣……直接給他幹碎不是對我們相互之間都更方便嗎？"
    },
    {
      "id": "smalltalk_10702_5",
      "desc": "同步後對話 2",
      "dlg": "我還是更喜歡你閉嘴轉回時鐘的樣子。上次我肩上被人穿了個洞，我光是想想你要把那個治好都覺得疼。"
    },
    {
      "id": "neglect_10702_1",
      "desc": "閒置",
      "dlg": "上哪去了？媽的，要是以實瑪利的話應該立馬就能找出來了……"
    },
    {
      "id": "gacksung_10702_1",
      "desc": "進行同步",
      "dlg": "我可以一直殺到你叫停為止！"
    },
    {
      "id": "formation_10702_1",
      "desc": "人格出戰",
      "dlg": "好啊，不會讓你後悔的！"
    },
    {
      "id": "battleentry_10702_1",
      "desc": "進入戰鬥",
      "dlg": "只要把眼中見到的東西都幹碎就行是吧？"
    },
    {
      "id": "battle_select_10702_1",
      "desc": "戰鬥中選中人格",
      "dlg": "好啊，要殺誰？"
    },
    {
      "id": "battle_endcommand_10702_1",
      "desc": "進行攻擊",
      "dlg": "行，去斬了他！"
    },
    {
      "id": "battle_enemy_break_10702_1",
      "desc": "敵方混亂",
      "dlg": "怎樣，是不是感覺要死了？"
    },
    {
      "id": "battle_break_10702_1",
      "desc": "自身混亂",
      "dlg": "切……！"
    },
    {
      "id": "battle_kill_10702_1",
      "desc": "擊殺敵方",
      "dlg": "目標，清除~"
    },
    {
      "id": "battle_allydead_10702_1",
      "desc": "友方陣亡",
      "dlg": "沒有實力還這麼大大咧咧的，只會害了你。"
    },
    {
      "id": "choice_success_p_10702_1",
      "desc": "判定成功",
      "dlg": "你瞧。不論過程如何，至少結果還不錯？"
    },
    {
      "id": "choice_fail_n_10702_1",
      "desc": "判定失敗",
      "dlg": "這不是第一次有人給我派根本不適合我的活了。"
    },
    {
      "id": "battle_clear_10702_1",
      "desc": "戰鬥勝利",
      "dlg": "這點程度可是最基本的。還有要刺殺的目標嗎？"
    },
    {
      "id": "battle_clear_ex_10702_1",
      "desc": "EX CLEAR戰鬥勝利",
      "dlg": "都是我的獵物罷了。"
    },
    {
      "id": "battle_defeat_10702_1",
      "desc": "戰鬥失敗",
      "dlg": "我的刀還沒想停下呢！老兄，我們再來一次吧！"
    }
  ]
}