{
  "dataList": [
    {
      "id": "get_10203_1",
      "desc": "獲得時",
      "dlg": "我是浮士德。請多指教。"
    },
    {
      "id": "lobby_morning_10203_1",
      "desc": "早間問候",
      "dlg": "我養成了一個無論在哪裡，都會仔細觀察周圍的習慣。我已經能猜到你現在要去哪兒了。"
    },
    {
      "id": "lobby_noon_10203_1",
      "desc": "午間問候",
      "dlg": "讓每個人都有時間放鬆是件好事。畢竟對心理健康的管理，可能比你想象的還要困難。"
    },
    {
      "id": "lobby_night_10203_1",
      "desc": "晚間問候",
      "dlg": "我已經習慣了黑暗。在沒有供電的狹小房間中，我曾孤身一人度過了59天。"
    },
    {
      "id": "smalltalk_10203_1",
      "desc": "對話 1",
      "dlg": "我之前的公司深埋於地底。冰冷的人工照明，已是我們那時能見到的唯一光亮。"
    },
    {
      "id": "smalltalk_10203_2",
      "desc": "對話 2",
      "dlg": "我會去盡力理解世間萬物……但在這個世界上，有些存在本就不應被理解。"
    },
    {
      "id": "smalltalk_10203_3",
      "desc": "對話 3",
      "dlg": "……我之前的工作單位也有一個經理，可我卻從未和對方這樣面對面地說過話。雖然有些不習慣，但……我感覺這樣聊聊也不錯。"
    },
    {
      "id": "smalltalk_10203_4",
      "desc": "同步後對話 1",
      "dlg": "往往昨天還和我一起吃飯的同事，第二天就會變成我不得不處理的屍體。在這裡……至少我不用經歷同樣的事。嗯，我認為這並不壞。"
    },
    {
      "id": "smalltalk_10203_5",
      "desc": "同步後對話 2",
      "dlg": "無法忍受的痛楚，身份不明的怪物，垂死掙扎的同事……都不會讓我害怕。真正令我感到恐懼的是……"
    },
    {
      "id": "neglect_10203_1",
      "desc": "閒置",
      "dlg": "突然就失去了蹤跡。我已經習慣了。"
    },
    {
      "id": "gacksung_10203_1",
      "desc": "進行同步",
      "dlg": "這次，我也會試著去努力。"
    },
    {
      "id": "formation_10203_1",
      "desc": "人格出戰",
      "dlg": "我準備好了。"
    },
    {
      "id": "battleentry_10203_1",
      "desc": "進入戰鬥",
      "dlg": "希望作戰能順利進行。"
    },
    {
      "id": "battle_select_10203_1",
      "desc": "戰鬥中選中人格",
      "dlg": "我有什麼失誤嗎？"
    },
    {
      "id": "battle_endcommand_10203_1",
      "desc": "進行攻擊",
      "dlg": "現在，我不會再害怕了。"
    },
    {
      "id": "battle_enemy_break_10203_1",
      "desc": "敵方混亂",
      "dlg": "下一個，請多指教。"
    },
    {
      "id": "battle_break_10203_1",
      "desc": "自身混亂",
      "dlg": "啊！"
    },
    {
      "id": "battle_kill_10203_1",
      "desc": "擊殺敵方",
      "dlg": "沒什麼好怕的。"
    },
    {
      "id": "battle_allydead_10203_1",
      "desc": "友方陣亡",
      "dlg": "與你並肩作戰過，我深感榮幸。"
    },
    {
      "id": "choice_success_p_10203_1",
      "desc": "判定成功",
      "dlg": "充足的準備可以讓事情變得簡單。"
    },
    {
      "id": "choice_fail_n_10203_1",
      "desc": "判定失敗",
      "dlg": "我已經習慣了。"
    },
    {
      "id": "battle_clear_10203_1",
      "desc": "戰鬥勝利",
      "dlg": "在我經歷過的戰鬥中，這種程度還算得上容易。"
    },
    {
      "id": "battle_clear_ex_10203_1",
      "desc": "EX CLEAR戰鬥勝利",
      "dlg": "浮士德在任何地方都很優秀。"
    },
    {
      "id": "battle_defeat_10203_1",
      "desc": "戰鬥失敗",
      "dlg": "幸好，我們還有下一次機會。"
    }
  ]
}