{
  "dataList": [
    {
      "id": "get_11102_1",
      "desc": "獲得時",
      "dlg": "我逐流而來，亦將斬盡阻滯而去。"
    },
    {
      "id": "lobby_morning_11102_1",
      "desc": "早間問候",
      "dlg": "我通常早起。看著太陽從地平線升起，能讓我感受到一天的開始。"
    },
    {
      "id": "lobby_noon_11102_1",
      "desc": "午間問候",
      "dlg": "羅佳……她執意要帶我一同去餐廳。儘管對我來說很陌生……看上去進食也能成為某些人的樂趣。"
    },
    {
      "id": "lobby_night_11102_1",
      "desc": "晚間問候",
      "dlg": "若你想整理思緒，舉頭望月便好。"
    },
    {
      "id": "smalltalk_11102_1",
      "desc": "對話 1",
      "dlg": "你必須毫無猶豫地斬斷任何擺在面前的阻礙，即便那有可能會傷到你的心。"
    },
    {
      "id": "smalltalk_11102_2",
      "desc": "對話 2",
      "dlg": "我不喜歡說太久的話。沒有詞藻比劍刃相交更為坦誠。"
    },
    {
      "id": "smalltalk_11102_3",
      "desc": "對話 3",
      "dlg": "身上帶著一把劍，你會自然而然地頭腦清晰、動作敏捷。"
    },
    {
      "id": "smalltalk_11102_4",
      "desc": "同步後對話 1",
      "dlg": "成為領袖如同遠洋漂流。視線所能及處並無終點，實為重責大任……然，沒有退路。"
    },
    {
      "id": "smalltalk_11102_5",
      "desc": "同步後對話 2",
      "dlg": "為所求之物，你願做到何種程度，經理閣下？你又肯失去多少自我？"
    },
    {
      "id": "neglect_11102_1",
      "desc": "閒置",
      "dlg": "現如今，科技進步，消去血跡成為了尋常小事。彷彿輕易忘記死亡於我們而言天經地義。"
    },
    {
      "id": "gacksung_11102_1",
      "desc": "進行同步",
      "dlg": "若是你所願……我必將盡忠。"
    },
    {
      "id": "formation_11102_1",
      "desc": "人格出戰",
      "dlg": "我會迅速解決。"
    },
    {
      "id": "battleentry_11102_1",
      "desc": "進入戰鬥",
      "dlg": "要準備交鋒了。"
    },
    {
      "id": "battle_select_11102_1",
      "desc": "戰鬥中選中人格",
      "dlg": "能簡潔些最好。"
    },
    {
      "id": "battle_endcommand_11102_1",
      "desc": "進行攻擊",
      "dlg": "絕不後退。"
    },
    {
      "id": "battle_enemy_break_11102_1",
      "desc": "敵方混亂",
      "dlg": "應該能輕鬆解決。"
    },
    {
      "id": "battle_break_11102_1",
      "desc": "自身混亂",
      "dlg": "呃嗯！"
    },
    {
      "id": "battle_kill_11102_1",
      "desc": "擊殺敵方",
      "dlg": "沉著處理的成果。"
    },
    {
      "id": "battle_allydead_11102_1",
      "desc": "友方陣亡",
      "dlg": "復原起來想必很辛苦，經理閣下。"
    },
    {
      "id": "choice_success_p_11102_1",
      "desc": "判定成功",
      "dlg": "您懂得如何使用一把劍。"
    },
    {
      "id": "choice_fail_n_11102_1",
      "desc": "判定失敗",
      "dlg": "是在下疏於訓練。"
    },
    {
      "id": "battle_clear_11102_1",
      "desc": "戰鬥勝利",
      "dlg": "惟循吾道。"
    },
    {
      "id": "battle_clear_ex_11102_1",
      "desc": "EX CLEAR戰鬥勝利",
      "dlg": "於浪尖起舞，悉數斬盡。"
    },
    {
      "id": "battle_defeat_11102_1",
      "desc": "戰鬥失敗",
      "dlg": "我已無悔。"
    }
  ]
}