{
  "dataList": [
    {
      "id": "get_10905_1",
      "desc": "獲得時",
      "dlg": "哈嘍，你好~我是羅佳，謹代表玫瑰扳手工坊~"
    },
    {
      "id": "lobby_morning_10905_1",
      "desc": "早間問候",
      "dlg": "啊哈...放輕鬆，寶貝~如果你想喝咖啡的話就去喝點吧。沒必要一大早上就把自己搞得精疲力竭的~"
    },
    {
      "id": "lobby_noon_10905_1",
      "desc": "午間問候",
      "dlg": "你來了？看看這個！我做到了~又大賺了一筆~我打一個中午牌賺的錢都比我這地方幹一周賺的還要多~\n…嚶嚶。"
    },
    {
      "id": "lobby_night_10905_1",
      "desc": "晚間問候",
      "dlg": "我先走啦~什麼，你要留下來加班？哦，…還有工作要做啊。哈，我保證你會拿到一大筆加班費的！"
    },
    {
      "id": "smalltalk_10905_1",
      "desc": "對話 1",
      "dlg": "我們使用的武器都是我們自己造的~噢，這破玩意兒又怎麼了…\n哈哈，修-修理工作也是我們自己來做的。"
    },
    {
      "id": "smalltalk_10905_2",
      "desc": "對話 2",
      "dlg": "噢~怎麼了，怎麼了？有活給我？"
    },
    {
      "id": "smalltalk_10905_3",
      "desc": "對話 3",
      "dlg": "我什麼活也沒幹？好吧，你看啊~我是那種去現場工作的人。呼呼。沒事的，我敢肯定~其他人一定把那些書面工作都搞完了"
    },
    {
      "id": "smalltalk_10905_4",
      "desc": "同步後對話 1",
      "dlg": "什什什麼~？！老虎機？啊，小傻子。你真以為你能從那贏錢？\n你得靠你的本事！"
    },
    {
      "id": "smalltalk_10905_5",
      "desc": "同步後對話 2",
      "dlg": "好吧，坐下吧……握住鼠標！對嘛。當你點擊這個的時候~你就可以和那個小傢伙一起玩了！\n什……四條？"
    },
    {
      "id": "neglect_10905_1",
      "desc": "閒置",
      "dlg": "喔喔~看來我可以躺一會了~"
    },
    {
      "id": "gacksung_10905_1",
      "desc": "進行同步",
      "dlg": "嗯~？我已經是代表了，看來我已經沒有上升空間了~那就再去給我們多攬點活吧！"
    },
    {
      "id": "formation_10905_1",
      "desc": "人格出戰",
      "dlg": "好吧，來熱個身吧！"
    },
    {
      "id": "battleentry_10905_1",
      "desc": "進入戰鬥",
      "dlg": "我們去搞點錢吧~！"
    },
    {
      "id": "battle_select_10905_1",
      "desc": "戰鬥中選擇人格",
      "dlg": "嗯？現在有點忙，速戰速決吧！"
    },
    {
      "id": "battle_endcommand_10905_1",
      "desc": "進行攻擊",
      "dlg": "上吧！"
    },
    {
      "id": "battle_enemy_break_10905_1",
      "desc": "敵方混亂",
      "dlg": "嗯哼，刺穿它們！"
    },
    {
      "id": "battle_break_10905_1",
      "desc": "自身混亂",
      "dlg": "呃…"
    },
    {
      "id": "battle_kill_10905_1",
      "desc": "擊殺敵方",
      "dlg": "好，解決一個！"
    },
    {
      "id": "battle_dead_10905_1",
      "desc": "自身陣亡",
      "dlg": "早知道會變成這樣的話……我前幾天就該去狂歡一番……"
    },
    {
      "id": "choice_success_p_10905_1",
      "desc": "判定成功",
      "dlg": "哼，小菜一碟！"
    },
    {
      "id": "choice_fail_n_10905_1",
      "desc": "判定失敗",
      "dlg": "嘖……我沒有什麼合適的工具。"
    },
    {
      "id": "battle_clear_10905_1",
      "desc": "戰鬥勝利",
      "dlg": "好！這應該足夠我們維持生計了~如果我想給我的親密同伴們一大筆薪水的話，那我得用我的好運賺更多的錢~呼呼。"
    },
    {
      "id": "battle_clear_ex_10905_1",
      "desc": "EX CLEAR戰鬥勝利",
      "dlg": "嘿呀，這樣不是超級成功嗎？我會得到獎金嗎？"
    },
    {
      "id": "battle_defeat_10905_1",
      "desc": "戰鬥失敗",
      "dlg": "哈……這樣的話可要毀約了……"
    }
  ]
}