{
  "dataList": [
    {
      "id": "get_10801_1",
      "desc": "獲得時",
      "dlg": "叫我以實瑪利吧。"
    },
    {
      "id": "lobby_morning_10801_1",
      "desc": "早間問候",
      "dlg": "是啊，新的一天開始了。揚帆起航吧。"
    },
    {
      "id": "lobby_noon_10801_1",
      "desc": "午間問候",
      "dlg": "今天已經過半了。您有在好好利用時間嗎？"
    },
    {
      "id": "lobby_night_10801_1",
      "desc": "晚間問候",
      "dlg": "今天就這樣結束吧。讓我們完成餘下的工作後好好休息一會。"
    },
    {
      "id": "smalltalk_10801_1",
      "desc": "對話 1",
      "dlg": "我還是很慶幸有您在我們這邊。多一個思想正常的人總歸是件好事。"
    },
    {
      "id": "smalltalk_10801_2",
      "desc": "對話 2",
      "dlg": "我可以輕鬆完成大部分的命令。但前提是要有合理且高效的判斷。"
    },
    {
      "id": "smalltalk_10801_3",
      "desc": "對話 3",
      "dlg": "恰當地利用水平千差萬別的罪人們，也是您的職責。"
    },
    {
      "id": "smalltalk_10801_4",
      "desc": "對話 4",
      "dlg": "先講清楚，我跟您說過的那些話只是為了確保任務成功而已。並不是說對您有什麼不滿。"
    },
    {
      "id": "smalltalk_10801_5",
      "desc": "對話 5",
      "dlg": "在我曾經所處的地方，是一個任何微小失誤都會危及所有人性命的空間。我之所以偶爾會變得如此敏感，都是因為那些過往的經驗所致。啊……我並不是在請求您的理解。"
    },
    {
      "id": "neglect_10801_1",
      "desc": "閒置",
      "dlg": "經理先生？唉……那我也走了。"
    },
    {
      "id": "formation_10801_1",
      "desc": "人格出戰",
      "dlg": "好的，沒問題。"
    },
    {
      "id": "battleentry_10801_1",
      "desc": "進入戰鬥",
      "dlg": "我會聽從您的命令。只要命令合理有效。"
    },
    {
      "id": "battle_select_10801_1",
      "desc": "戰鬥中選中人格",
      "dlg": "我現在很忙，所以請長話短說。"
    },
    {
      "id": "battle_endcommand_10801_1",
      "desc": "進行攻擊",
      "dlg": "計劃可行，我們上。"
    },
    {
      "id": "battle_enemy_break_10801_1",
      "desc": "敵方混亂",
      "dlg": "敵艦已經擱淺。"
    },
    {
      "id": "battle_break_10801_1",
      "desc": "自身混亂",
      "dlg": "呃……！"
    },
    {
      "id": "battle_kill_10801_1",
      "desc": "擊殺敵方",
      "dlg": "沉沒吧。"
    },
    {
      "id": "battle_allydead_10801_1",
      "desc": "友方陣亡",
      "dlg": "您該受苦了，經理先生。"
    },
    {
      "id": "choice_success_p_10801_1",
      "desc": "判定成功",
      "dlg": "儘管如此……我還是設法做到了。"
    },
    {
      "id": "choice_fail_n_10801_1",
      "desc": "判定失敗",
      "dlg": "所以說您應該派別人來的。請不要怪我。"
    },
    {
      "id": "battle_clear_10801_1",
      "desc": "戰鬥勝利",
      "dlg": "我一般不對這種事情大驚小怪。"
    },
    {
      "id": "battle_clear_ex_10801_1",
      "desc": "EX CLEAR戰鬥勝利",
      "dlg": "呃……老實說，我們這次做的還算不錯。對吧？"
    },
    {
      "id": "battle_defeat_10801_1",
      "desc": "戰鬥失敗",
      "dlg": "……剛才那個無視我的話直接衝上去的是誰？"
    }
  ]
}