{
  "dataList": [
    {
      "id": "get_10501_1",
      "desc": "獲得時",
      "dlg": "默爾索。請這樣稱呼我，經理。"
    },
    {
      "id": "lobby_morning_10501_1",
      "desc": "早間問候",
      "dlg": "社規裡明確表示員工應在規定時間起床。看來包括您在內的大多數罪人並不知道此事。"
    },
    {
      "id": "lobby_noon_10501_1",
      "desc": "午間問候",
      "dlg": "如果您問我如何度過午後時光……沒有規定表明該做什麼。"
    },
    {
      "id": "lobby_night_10501_1",
      "desc": "晚間問候",
      "dlg": "如果一定要我比較，我在一天中喜歡白天勝過黑夜。黑暗遮掩視野，難視之物難解。"
    },
    {
      "id": "smalltalk_10501_1",
      "desc": "對話 1",
      "dlg": "有什麼需要我做的嗎，經理？如有特殊原因，請指明。"
    },
    {
      "id": "smalltalk_10501_2",
      "desc": "對話 2",
      "dlg": "人們建議我平日裡多笑笑。您也如此希望嗎，經理？"
    },
    {
      "id": "smalltalk_10501_3",
      "desc": "對話 3",
      "dlg": "……您頻繁向我搭話。是執行經理的規定指示您如此的嗎？"
    },
    {
      "id": "neglect_10501_1",
      "desc": "閒置",
      "dlg": "我將在這裡等您回來。"
    },
    {
      "id": "formation_10501_1",
      "desc": "人格出戰",
      "dlg": "好，如果您希望如此。"
    },
    {
      "id": "battleentry_10501_1",
      "desc": "進入戰鬥",
      "dlg": "若規定如此。我將遵從。"
    },
    {
      "id": "battle_select_10501_1",
      "desc": "戰鬥中選中人格",
      "dlg": "有問題嗎，經理？"
    },
    {
      "id": "battle_endcommand_10501_1",
      "desc": "進行攻擊",
      "dlg": "我會根據規定執行命令。"
    },
    {
      "id": "battle_enemy_break_10501_1",
      "desc": "敵方混亂",
      "dlg": "等待您的下一步指令。"
    },
    {
      "id": "battle_break_10501_1",
      "desc": "自身混亂",
      "dlg": "呃！"
    },
    {
      "id": "battle_kill_10501_1",
      "desc": "擊殺敵方",
      "dlg": "指令已完成。"
    },
    {
      "id": "battle_allydead_10501_1",
      "desc": "友方陣亡",
      "dlg": "將按規定拜託於您。"
    },
    {
      "id": "choice_success_p_10501_2",
      "desc": "判定成功",
      "dlg": "做到了。"
    },
    {
      "id": "choice_fail_n_10501_1",
      "desc": "判定失敗",
      "dlg": "失敗了。"
    },
    {
      "id": "battle_clear_10501_1",
      "desc": "戰鬥勝利",
      "dlg": "我只是按命令行事。"
    },
    {
      "id": "battle_clear_ex_10501_1",
      "desc": "EX CLEAR戰鬥勝利",
      "dlg": "本應如此，不必褒揚。"
    },
    {
      "id": "battle_defeat_10501_1",
      "desc": "戰鬥失敗",
      "dlg": "請求您重新修訂策略。"
    }
  ]
}