{
  "dataList": [
    {
      "id": "get_10502_1",
      "desc": "獲得時",
      "dlg": "若您需要火焰，我會為您點燃。"
    },
    {
      "id": "lobby_morning_10502_1",
      "desc": "早間問候",
      "dlg": "時間一到我便會自然而然地睜開雙眼。不必驚訝我起得多早。"
    },
    {
      "id": "lobby_noon_10502_1",
      "desc": "午間問候",
      "dlg": "空餘時間我會幫助其他人訓練。最開始的時候我只指導一個人，之後卻在不知不覺中成為了一項日常慣例。"
    },
    {
      "id": "lobby_night_10502_1",
      "desc": "晚間問候",
      "dlg": "如果您討厭黑暗我可以為您照亮四周。我的火焰是六科中最為明亮的。"
    },
    {
      "id": "smalltalk_10502_1",
      "desc": "對話 1",
      "dlg": "如果事情進展不順……您首先應該仔細檢查問題所在。"
    },
    {
      "id": "smalltalk_10502_2",
      "desc": "對話 2",
      "dlg": "別人經常認為我不常說話是因為性格沉悶。這並非負面因素，所以我也不會致力於改正這點。"
    },
    {
      "id": "smalltalk_10502_3",
      "desc": "對話 3",
      "dlg": "正如時機到來，我與經理便會相遇……因此只要時機到來，我們便能尋得金枝。"
    },
    {
      "id": "smalltalk_10502_4",
      "desc": "同步後對話 1",
      "dlg": "從至今為止的管理經驗來看，以經理您的能力應該可以輕易製造火焰。如果您希望如此……"
    },
    {
      "id": "smalltalk_10502_5",
      "desc": "同步後對話 2",
      "dlg": "無須執著於失憶一事。對經理您而言，記憶復原之日自然會到來。"
    },
    {
      "id": "neglect_10502_1",
      "desc": "閒置",
      "dlg": "如果您有緊急事務，可以離開。"
    },
    {
      "id": "gacksung_10502_1",
      "desc": "進行同步",
      "dlg": "我會努力燃起更為熱烈的火焰。"
    },
    {
      "id": "formation_10502_1",
      "desc": "人格出戰",
      "dlg": "若您需要火焰。"
    },
    {
      "id": "battleentry_10502_1",
      "desc": "進入戰鬥",
      "dlg": "若您需要我的火焰。"
    },
    {
      "id": "battle_select_10502_1",
      "desc": "戰鬥中選中人格",
      "dlg": "進展不順嗎？"
    },
    {
      "id": "battle_endcommand_10502_1",
      "desc": "進行攻擊",
      "dlg": "請跟隨我的火焰。"
    },
    {
      "id": "battle_enemy_break_10502_1",
      "desc": "敵方混亂",
      "dlg": "進展順利。"
    },
    {
      "id": "battle_break_10502_1",
      "desc": "自身混亂",
      "dlg": "呃！"
    },
    {
      "id": "battle_kill_10502_1",
      "desc": "擊殺敵方",
      "dlg": "自然而然的結果。"
    },
    {
      "id": "battle_allydead_10502_1",
      "desc": "友方陣亡",
      "dlg": "如果火焰能更猛烈一些……"
    },
    {
      "id": "choice_success_p_10502_2",
      "desc": "判定成功",
      "dlg": "我按需求照亮了道路。"
    },
    {
      "id": "choice_fail_n_10502_1",
      "desc": "判定失敗",
      "dlg": "火焰也會被風吹滅。"
    },
    {
      "id": "battle_clear_10502_1",
      "desc": "戰鬥勝利",
      "dlg": "我能清楚地看見最適合擊中的位置。"
    },
    {
      "id": "battle_clear_ex_10502_1",
      "desc": "EX CLEAR戰鬥勝利",
      "dlg": "是的，我很喜歡這次引燃的火焰。"
    },
    {
      "id": "battle_defeat_10502_1",
      "desc": "戰鬥失敗",
      "dlg": "沒關係。我已找到問題所在。"
    }
  ]
}