{
  "dataList": [
    {
      "id": "get_11201_1",
      "desc": "獲得時",
      "dlg": "嗯……我是格里高爾。嘛啊，除了睡覺的時候以外都可以隨意找我聊天。"
    },
    {
      "id": "lobby_morning_11201_1",
      "desc": "早間問候",
      "dlg": "是個挺不錯的早晨吧？"
    },
    {
      "id": "lobby_noon_11201_1",
      "desc": "午間問候",
      "dlg": "來來，再怎麼忙也得先把午飯吃了。"
    },
    {
      "id": "lobby_night_11201_1",
      "desc": "晚間問候",
      "dlg": "今天一天也辛苦啦。"
    },
    {
      "id": "smalltalk_11201_1",
      "desc": "對話 1",
      "dlg": "咱們經理兄平常都是怎麼消磨時間的？我倒是可以遞你根菸……但你看上去也抽不了啊。"
    },
    {
      "id": "smalltalk_11201_2",
      "desc": "對話 2",
      "dlg": "我最討厭的東西？那些長著一對觸鬚還有黑殼子的家伙。我尤其討厭它們淹進水裡還能咕嚕咕嚕浮起來的那種頑強的生命力。"
    },
    {
      "id": "smalltalk_11201_3",
      "desc": "對話 3",
      "dlg": "經理兄，你有眼鏡布……不對，是我多嘴了。你要為自己不用戴眼鏡感到慶幸啊。"
    },
    {
      "id": "smalltalk_11201_4",
      "desc": "對話 4",
      "dlg": "雖然對失去記憶的經理兄說這話也有些那什麼……但確實也有些完全抹除也不讓人覺得可惜的記憶，你能理解嗎？就像是，在等待漫長的戰爭結束的那天一樣。\n"
    },
    {
      "id": "smalltalk_11201_5",
      "desc": "對話 5",
      "dlg": "這只手臂，不管怎麼切掉都會再長出來。啊，還是叫蟲肢比較好？現在它已經快和我成為一家人了，我是指不管喜不喜歡我都只能接受它這樣。"
    },
    {
      "id": "neglect_11201_1",
      "desc": "閒置",
      "dlg": "嗯？經理兄？你去哪兒了？"
    },
    {
      "id": "formation_11201_1",
      "desc": "人格出戰",
      "dlg": "啊啊，我會盡力的。"
    },
    {
      "id": "battleentry_11201_1",
      "desc": "進入戰鬥",
      "dlg": "上？讓我上……？唉……算了，我會盡力的。"
    },
    {
      "id": "battle_select_11201_1",
      "desc": "戰鬥中選中人格",
      "dlg": "怎麼了，找我有事？"
    },
    {
      "id": "battle_endcommand_11201_1",
      "desc": "進行攻擊",
      "dlg": "好哩，我上了！"
    },
    {
      "id": "battle_enemy_break_11201_1",
      "desc": "敵方混亂",
      "dlg": "哟，感覺比我想像的更順啊。"
    },
    {
      "id": "battle_break_11201_1",
      "desc": "自身混亂",
      "dlg": "哎呀…"
    },
    {
      "id": "battle_allydead_11201_1",
      "desc": "友方陣亡",
      "dlg": "那個，經理兄。是不是該，往回撥一下指針了？"
    },
    {
      "id": "choice_success_p_11201_1",
      "desc": "判定成功",
      "dlg": "經理兄！這次還挺成功的吧？"
    },
    {
      "id": "choice_fail_n_11201_1",
      "desc": "判定失敗",
      "dlg": "我告訴過你……我是真盡力了。"
    },
    {
      "id": "battle_clear_11201_1",
      "desc": "戰鬥勝利",
      "dlg": "哈啊~總算贏了。辛苦啦，經理兄。"
    },
    {
      "id": "battle_clear_ex_11201_1",
      "desc": "EX CLEAR戰鬥勝利",
      "dlg": "勳章就算了。但香菸我倒是來者不拒。"
    },
    {
      "id": "battle_defeat_11201_1",
      "desc": "戰鬥失敗",
      "dlg": "對不住啊，今天好像沒能集中精神。誰都偶爾會有這種日子，對吧？"
    }
  ]
}