{
  "dataList": [
    {
      "id": "get_10506_1",
      "desc": "獲得時",
      "dlg": "準備完畢。我打頭陣。"
    },
    {
      "id": "lobby_morning_10506_1",
      "desc": "早間問候",
      "dlg": "每當清晨甦醒，都如同重新孵化一般。"
    },
    {
      "id": "lobby_noon_10506_1",
      "desc": "午間問候",
      "dlg": "正午，是進行機動訓練的時間。午飯，我簡單地解決了。"
    },
    {
      "id": "lobby_night_10506_1",
      "desc": "晚間問候",
      "dlg": "夜晚會讓我回憶起那些被篩選時的記憶。"
    },
    {
      "id": "smalltalk_10506_1",
      "desc": "對話 1",
      "dlg": "您問這套裝甲……？十分抱歉。但只有犀牛隊才能使用這套制服。\n重量是問題之一，若是想要感應生物電流則需要實施另外的手術，否則連移動都無法做到。"
    },
    {
      "id": "smalltalk_10506_2",
      "desc": "對話 2",
      "dlg": "我們在戰鬥中位當先鋒。為了協助者，我們彈開一切摧毀敵方陣線。"
    },
    {
      "id": "smalltalk_10506_3",
      "desc": "對話 3",
      "dlg": "看來訓練特別頻繁……但這全都必要。不可預料的部署隨時可能發生。\n……然而，很少有人積極參加訓練。"
    },
    {
      "id": "smalltalk_10506_4",
      "desc": "同步後對話 1",
      "dlg": "戰鬥經驗不夠充分的情況……事實上並不罕見。因為一旦加入R公司，就會過分的積累那些經驗……\n我不想再回想起那些。"
    },
    {
      "id": "smalltalk_10506_5",
      "desc": "同步後對話 2",
      "dlg": "由我親手摧毀自己，真是不快的經歷。雖然我充分了解其必要性，並且可以理解……\n希望您永遠不會經歷這些。"
    },
    {
      "id": "neglect_10506_1",
      "desc": "閒置",
      "dlg": "這個時間適合進行一些無氧鍛煉。"
    },
    {
      "id": "gacksung_10506_1",
      "desc": "進行同步",
      "dlg": "明白。我會帶來與您支援一樣有效的結果。"
    },
    {
      "id": "formation_10506_1",
      "desc": "人格出戰",
      "dlg": "部署完成。"
    },
    {
      "id": "battleentry_10506_1",
      "desc": "進入戰鬥",
      "dlg": "實行……裝甲加壓。"
    },
    {
      "id": "battle_select_10506_1",
      "desc": "戰鬥中選中人格",
      "dlg": "此處危險。"
    },
    {
      "id": "battle_endcommand_10506_1",
      "desc": "進行攻擊",
      "dlg": "哈！"
    },
    {
      "id": "battle_enemy_break_10506_1",
      "desc": "敵方混亂",
      "dlg": "對方陣線崩潰。"
    },
    {
      "id": "battle_break_10506_1",
      "desc": "自身混亂",
      "dlg": "唔……"
    },
    {
      "id": "battle_kill_10506_1",
      "desc": "擊殺敵方",
      "dlg": "已確認生命活動停止。"
    },
    {
      "id": "battle_dead_10506_1",
      "desc": "自身陣亡",
      "dlg": "啊……又需要重新篩選嗎……"
    },
    {
      "id": "choice_success_p_10506_2",
      "desc": "判定成功",
      "dlg": "是篩選而出之人的成果。"
    },
    {
      "id": "choice_fail_n_10506_1",
      "desc": "判定失敗",
      "dlg": "未能預測到……這種情況。"
    },
    {
      "id": "battle_clear_10506_1",
      "desc": "戰鬥勝利",
      "dlg": "不錯的成果。今日的不足之處我會通過訓練補足。"
    },
    {
      "id": "battle_clear_ex_10506_1",
      "desc": "EX CLEAR戰鬥勝利",
      "dlg": "完美的成果。是孵化室嚴格篩選的結果。"
    },
    {
      "id": "battle_defeat_10506_1",
      "desc": "戰鬥失敗",
      "dlg": "戰鬥經驗……依舊有所欠缺。我會再次被送進孵化室吧……"
    }
  ]
}