{
  "dataList": [
    {
      "id": "get_10404_1",
      "desc": "獲得時",
      "dlg": "來啦？要吃個派嗎？"
    },
    {
      "id": "lobby_morning_10404_1",
      "desc": "早間問候",
      "dlg": "中・前・業。正在餐・備"
    },
    {
      "id": "lobby_noon_10404_1",
      "desc": "午間問候",
      "dlg": "現在是客流高峰。但願食材不會耗盡……"
    },
    {
      "id": "lobby_night_10404_1",
      "desc": "晚間問候",
      "dlg": "不好意思，今天肉派已經售罄……不過，要是你能帶點“人手”過來的話我倒是能給你再做一份。"
    },
    {
      "id": "smalltalk_10404_1",
      "desc": "對話 1",
      "dlg": "停下。別……靠太近。現在正是最關鍵的一步。"
    },
    {
      "id": "smalltalk_10404_2",
      "desc": "對話 2",
      "dlg": "雖然因為所有的供應商都與我斷了聯繫，我都做不出來以前的味道了……但我還是會繼續嘗試。"
    },
    {
      "id": "smalltalk_10404_3",
      "desc": "對話 3",
      "dlg": "格里高爾……他緊盯著主廚之位……哈哈，真是可笑。"
    },
    {
      "id": "smalltalk_10404_4",
      "desc": "同步後對話 1",
      "dlg": "我努力從其他滑稽的餐館中脫穎而出。這就是美食的學問，一門藝術 。"
    },
    {
      "id": "smalltalk_10404_5",
      "desc": "同步後對話 2",
      "dlg": "該死，不要在我面前亂晃。我可不想把熟客做成肉派……\n嘖，你怎麼非得看起來這麼新鮮不成？"
    },
    {
      "id": "neglect_10404_1",
      "desc": "閒置",
      "dlg": "……沒什麼想說的話，我就走了。要成為8大主廚之一可不能浪費時間。"
    },
    {
      "id": "gacksung_10404_1",
      "desc": "進行同步",
      "dlg": "終於，我加入了8大——不是嗎？嘖，那關我什麼事。"
    },
    {
      "id": "formation_10404_1",
      "desc": "人格出戰",
      "dlg": "我將為你示範手工烹飪的技巧。"
    },
    {
      "id": "battleentry_10404_1",
      "desc": "進入戰鬥",
      "dlg": "期待能有不錯的美食。"
    },
    {
      "id": "battle_select_10404_1",
      "desc": "戰鬥中選中人格",
      "dlg": "要下訂單？"
    },
    {
      "id": "battle_endcommand_10404_1",
      "desc": "進行攻擊",
      "dlg": "你嘗起來會是什麼味道？"
    },
    {
      "id": "battle_enemy_break_10404_1",
      "desc": "敵方混亂",
      "dlg": "放血務必放乾淨。"
    },
    {
      "id": "battle_break_10404_1",
      "desc": "自身混亂",
      "dlg": "嘖……"
    },
    {
      "id": "battle_kill_10404_1",
      "desc": "擊殺敵方",
      "dlg": "現在，你算是塊有用的食材。"
    },
    {
      "id": "battle_dead_10404_1",
      "desc": "自身陣亡",
      "dlg": "從沒想過……我也會成為食材……"
    },
    {
      "id": "choice_success_p_10404_1",
      "desc": "判定成功",
      "dlg": "嗯，不錯的配方。"
    },
    {
      "id": "choice_fail_n_10404_1",
      "desc": "判定失敗",
      "dlg": "該死，燒糊了。"
    },
    {
      "id": "battle_clear_10404_1",
      "desc": "戰鬥勝利",
      "dlg": "滿滿一籃的食材。"
    },
    {
      "id": "battle_clear_ex_10404_1",
      "desc": "EX CLEAR戰鬥勝利",
      "dlg": "有這麼多材料……我就不用擔心會很快用光了。"
    },
    {
      "id": "battle_defeat_10404_1",
      "desc": "戰鬥失敗",
      "dlg": "嘖……算了，反正食材到處都是。"
    }
  ]
}