{
  "dataList": [
    {
      "id": "get_10701_1",
      "desc": "獲得時",
      "dlg": "希斯克利夫。把人砸碎是我的長項。當然，得我願意的才行。"
    },
    {
      "id": "lobby_morning_10701_1",
      "desc": "早間問候",
      "dlg": "一大早的把鐘收起來……看著不順眼。"
    },
    {
      "id": "lobby_noon_10701_1",
      "desc": "午間問候",
      "dlg": "怎麼樣？您午餐吃了什麼？你不會是期待著和我進行這樣的對話吧？"
    },
    {
      "id": "lobby_night_10701_1",
      "desc": "晚間問候",
      "dlg": "等下，如果說又要進行什麼作戰啊訓練啊之類的東西的話勸你考慮一下再張嘴。"
    },
    {
      "id": "smalltalk_10701_1",
      "desc": "對話 1",
      "dlg": "別以為是執行經理就可以進行訓誡或者是規劃一些沒用的作戰計劃。我可不聽別人的話。"
    },
    {
      "id": "smalltalk_10701_2",
      "desc": "對話 2",
      "dlg": "老兄，你不好奇嗎？關於那個鐘錶內部是個什麼樣的……哈，玩笑而已。幹嘛渾身發抖啊？"
    },
    {
      "id": "smalltalk_10701_3",
      "desc": "對話 3",
      "dlg": "別跟我長篇大論。如果是用拳頭的話倒是說不定。"
    },
    {
      "id": "neglect_10701_1",
      "desc": "閒置",
      "dlg": "好啊，想吃我一記是吧？給我等著。"
    },
    {
      "id": "formation_10701_1",
      "desc": "人格出戰",
      "dlg": "剛好渾身不自在。是時候去砸碎一些東西了！"
    },
    {
      "id": "battleentry_10701_1",
      "desc": "進入戰鬥",
      "dlg": "沒必要拖拖拉拉的，直接開打！"
    },
    {
      "id": "battle_select_10701_1",
      "desc": "戰鬥中選中人格",
      "dlg": "怎麼？什麼事？"
    },
    {
      "id": "battle_endcommand_10701_1",
      "desc": "進行攻擊",
      "dlg": "我先上了！"
    },
    {
      "id": "battle_enemy_break_10701_1",
      "desc": "敵方混亂",
      "dlg": "哈哈，怎麼樣？"
    },
    {
      "id": "battle_break_10701_1",
      "desc": "自身混亂",
      "dlg": "呃……！"
    },
    {
      "id": "battle_kill_10701_1",
      "desc": "擊殺敵方",
      "dlg": "小菜一碟。"
    },
    {
      "id": "battle_allydead_10701_1",
      "desc": "友方陣亡",
      "dlg": "搞啥，這就被打爛了？"
    },
    {
      "id": "choice_success_p_10701_1",
      "desc": "判定成功",
      "dlg": "你咋看起來那麼自豪？這可都是我辦的。"
    },
    {
      "id": "choice_fail_n_10701_1",
      "desc": "判定失敗",
      "dlg": "……讓人火大。我不是讓你找別人去了嗎？"
    },
    {
      "id": "battle_clear_10701_1",
      "desc": "戰鬥勝利",
      "dlg": "嘛，就這種程度我還不至於高興到嬉皮笑臉的。"
    },
    {
      "id": "battle_clear_ex_10701_1",
      "desc": "EX CLEAR戰鬥勝利",
      "dlg": "哼，看到了嗎？一通亂打全幹碎！"
    },
    {
      "id": "battle_defeat_10701_1",
      "desc": "戰鬥失敗",
      "dlg": "媽的，真讓人火大！哥們你不會就這麼放了他們吧？"
    }
  ]
}