{
  "dataList": [
    {
      "id": "get_11002_1",
      "desc": "獲得時",
      "dlg": "說吧……要我去砍什麼？"
    },
    {
      "id": "lobby_morning_11002_1",
      "desc": "早間問候",
      "dlg": "在早晨清新的空氣中揮舞我的劍，是最令我爽快的事。"
    },
    {
      "id": "lobby_noon_11002_1",
      "desc": "午間問候",
      "dlg": "經理先生，您中午和誰一起吃飯？嗯……我的話，我一般習慣一個人吃飯。這樣感覺更自在。"
    },
    {
      "id": "lobby_night_11002_1",
      "desc": "晚間問候",
      "dlg": "好黑啊。如果能把月亮砍下來的話，天空就會更亮一點……啊，我當然是在開玩笑的啦。"
    },
    {
      "id": "smalltalk_11002_1",
      "desc": "對話 1",
      "dlg": "經理先生對自己在做的事情滿意嗎？您感覺有意義嗎？"
    },
    {
      "id": "smalltalk_11002_2",
      "desc": "對話 2",
      "dlg": "哦，經理先生！我在站崗。您要一起嗎……？嗯……當然！就這樣吧。"
    },
    {
      "id": "smalltalk_11002_3",
      "desc": "對話 3",
      "dlg": "我真羨慕羅佳小姐。她從來不想太多，而且隨心所欲。我自幼以來就做不到這些。"
    },
    {
      "id": "smalltalk_11002_4",
      "desc": "同步後對話 1",
      "dlg": "據說用劍時不能有絲毫猶豫。但是我總是忍不住去想……這樣輕易奪走別人的性命，真的沒關係嗎……"
    },
    {
      "id": "smalltalk_11002_5",
      "desc": "同步後對話 2",
      "dlg": "但是當我真的抽刀砍人的時候……我會不由自主地感到喜悅。也許，看來這才是我的本性吧。"
    },
    {
      "id": "neglect_11002_1",
      "desc": "閒置",
      "dlg": "嗯？經理先生呢？或許是新式的惡作劇之類的嗎？"
    },
    {
      "id": "gacksung_11002_1",
      "desc": "進行同步",
      "dlg": "我將成為一把更加鋒利的劍。"
    },
    {
      "id": "formation_11002_1",
      "desc": "人格出戰",
      "dlg": "毫無猶豫"
    },
    {
      "id": "battleentry_11002_1",
      "desc": "進入戰鬥",
      "dlg": "這將是我歷練的機會，對吧？"
    },
    {
      "id": "battle_select_11002_1",
      "desc": "戰鬥中選中人格",
      "dlg": "請相信我的劍……"
    },
    {
      "id": "battle_endcommand_11002_1",
      "desc": "進行攻擊",
      "dlg": "我不會猶豫……！"
    },
    {
      "id": "battle_enemy_break_11002_1",
      "desc": "敵方混亂",
      "dlg": "接下來就能砍倒他們了吧？"
    },
    {
      "id": "battle_break_11002_1",
      "desc": "自身混亂",
      "dlg": "哼……!"
    },
    {
      "id": "battle_kill_11002_1",
      "desc": "擊殺敵方",
      "dlg": "我砍倒他們了！"
    },
    {
      "id": "battle_allydead_11002_1",
      "desc": "友方陣亡",
      "dlg": "我不喜歡這種玩笑……"
    },
    {
      "id": "choice_success_p_11002_1",
      "desc": "判定成功",
      "dlg": "但丁先生如此果斷！"
    },
    {
      "id": "choice_fail_n_11002_1",
      "desc": "判定失敗",
      "dlg": "我沒想到會這樣……"
    },
    {
      "id": "battle_clear_11002_1",
      "desc": "戰鬥勝利",
      "dlg": "雖然有點不安……不過能順利結束實在是太好了。"
    },
    {
      "id": "battle_clear_ex_11002_1",
      "desc": "EX CLEAR戰鬥勝利",
      "dlg": "砍倒某人……是件比我想的還能感受到喜悅的事情啊。"
    },
    {
      "id": "battle_defeat_11002_1",
      "desc": "戰鬥失敗",
      "dlg": "我在關鍵時刻猶豫了。是我的錯……"
    }
  ]
}