{
  "dataList": [
    {
      "id": "get_10403_1",
      "desc": "獲得時",
      "dlg": "什麼都擋不住我的刀刃……就連影子我也能斬斷。"
    },
    {
      "id": "lobby_morning_10403_1",
      "desc": "早間問候",
      "dlg": "我在磨劍。這是一早起最有意義的事情了。"
    },
    {
      "id": "lobby_noon_10403_1",
      "desc": "午間問候",
      "dlg": "我在擦劍，正午正適合這樣度過。"
    },
    {
      "id": "lobby_night_10403_1",
      "desc": "晚間問候",
      "dlg": "我在養劍，夜晚最好像這樣畫上句號。"
    },
    {
      "id": "smalltalk_10403_1",
      "desc": "對話 1",
      "dlg": "我一個人行動，別人只會礙事。啊，某個人除外。"
    },
    {
      "id": "smalltalk_10403_2",
      "desc": "對話 2",
      "dlg": "廢話最好少說，有些人會以為你在挑釁。"
    },
    {
      "id": "smalltalk_10403_3",
      "desc": "對話 3",
      "dlg": "羅佳是獨一無二的能跟我合得來的人。或者我該說，她是可以毫不猶豫地與我交鋒的人嗎？"
    },
    {
      "id": "smalltalk_10403_4",
      "desc": "同步後對話 1",
      "dlg": "這地方滿是無用之人。要是只留下四分之一的話，肯定能輕鬆一點，你覺得怎麼樣？"
    },
    {
      "id": "smalltalk_10403_5",
      "desc": "同步後對話 2",
      "dlg": "如果是為了更完美的藝術…這種程度的恩惠我就收下了。"
    },
    {
      "id": "neglect_10403_1",
      "desc": "閒置",
      "dlg": "喂，什麼話不說就消失了？你這塊鐘真是有膽子。"
    },
    {
      "id": "gacksung_10403_1",
      "desc": "進行同步",
      "dlg": "讓你看看我極致的劍術。"
    },
    {
      "id": "formation_10403_1",
      "desc": "人格出戰",
      "dlg": "我的刀可已經磨好了。"
    },
    {
      "id": "battleentry_10403_1",
      "desc": "進入戰鬥",
      "dlg": "你想知道用利劍該怎樣創作藝術嗎？"
    },
    {
      "id": "battle_select_10403_1",
      "desc": "戰鬥中選中人格",
      "dlg": "你沒想跟我掐架吧？"
    },
    {
      "id": "battle_endcommand_10403_1",
      "desc": "進行攻擊",
      "dlg": "可別拖我後腿。"
    },
    {
      "id": "battle_enemy_break_10403_1",
      "desc": "敵方混亂",
      "dlg": "劍還不夠鋒利嗎？"
    },
    {
      "id": "battle_break_10403_1",
      "desc": "自身混亂",
      "dlg": "嘖!"
    },
    {
      "id": "battle_kill_10403_1",
      "desc": "擊殺敵方",
      "dlg": "看來磨得很鋒利啊。"
    },
    {
      "id": "battle_allydead_10403_1",
      "desc": "友方陣亡",
      "dlg": "少了個吵吵的。"
    },
    {
      "id": "choice_success_p_10403_1",
      "desc": "判定成功",
      "dlg": "我們很合得來呢。"
    },
    {
      "id": "choice_fail_n_10403_1",
      "desc": "判定失敗",
      "dlg": "一直喋喋不休，可不就這樣。"
    },
    {
      "id": "battle_clear_10403_1",
      "desc": "戰鬥勝利",
      "dlg": "好好欣賞，蠢貨們，這才是劍術。"
    },
    {
      "id": "battle_clear_ex_10403_1",
      "desc": "EX CLEAR戰鬥勝利",
      "dlg": "這次，應該見了足夠的血。"
    },
    {
      "id": "battle_defeat_10403_1",
      "desc": "戰鬥失敗",
      "dlg": "要是我一個人來，早就完事了。"
    }
  ]
}