{
  "dataList": [
    {
      "id": "get_10201_1",
      "desc": "獲得時",
      "dlg": "浮士德。你人生中絕無僅有的天才。"
    },
    {
      "id": "lobby_morning_10201_1",
      "desc": "早間問候",
      "dlg": "入睡三小時後我就會醒來。我曾以為這是自然的現象，直至後來，我才意識到人們並非皆是如此。"
    },
    {
      "id": "lobby_noon_10201_1",
      "desc": "午間問候",
      "dlg": "浮士德認為，日光浴是一項有益活動。"
    },
    {
      "id": "lobby_night_10201_1",
      "desc": "晚間問候",
      "dlg": "雖然我從未刻意培養過什麼興趣愛好，不過有那麼一段時間，我很享受觀星所帶來的樂趣。"
    },
    {
      "id": "smalltalk_10201_1",
      "desc": "對話 1",
      "dlg": "……如果你傾向於把人叫到面前後再開始組織語言，那我建議你使用書面文件傳達消息。"
    },
    {
      "id": "smalltalk_10201_2",
      "desc": "對話 2",
      "dlg": "我正在考慮在與不同罪人對話時選用不同專業水平的詞彙。每句話都要重複兩遍以上，實在是缺乏效率。"
    },
    {
      "id": "smalltalk_10201_3",
      "desc": "對話 3",
      "dlg": "但丁，我無所不知並不代表我有回答你每一個問題的義務。"
    },
    {
      "id": "neglect_10201_1",
      "desc": "閒置",
      "dlg": "這些誤差還在容許範圍之內。"
    },
    {
      "id": "formation_10201_1",
      "desc": "人格出戰",
      "dlg": "我將隨行。"
    },
    {
      "id": "battleentry_10201_1",
      "desc": "進入戰鬥",
      "dlg": "已完成隨行準備。"
    },
    {
      "id": "battle_select_10201_1",
      "desc": "戰鬥中選中人格",
      "dlg": "有什麼事嗎，經理？"
    },
    {
      "id": "battle_endcommand_10201_1",
      "desc": "進行攻擊",
      "dlg": "開始行動。"
    },
    {
      "id": "battle_enemy_break_10201_1",
      "desc": "敵方混亂",
      "dlg": "機會來了。"
    },
    {
      "id": "battle_break_10201_1",
      "desc": "自身混亂",
      "dlg": "呃！"
    },
    {
      "id": "battle_kill_10201_1",
      "desc": "擊殺敵方",
      "dlg": "理所當然的結果。"
    },
    {
      "id": "battle_allydead_10201_1",
      "desc": "友方陣亡",
      "dlg": "這並非最有效率的選擇。"
    },
    {
      "id": "choice_success_p_10201_1",
      "desc": "判定成功",
      "dlg": "不要因成功驕傲自滿。"
    },
    {
      "id": "choice_fail_n_10201_1",
      "desc": "判定失敗",
      "dlg": "不要對失敗耿耿於懷。"
    },
    {
      "id": "battle_clear_10201_1",
      "desc": "戰鬥勝利",
      "dlg": "有什麼值得為此高興的理由嗎？"
    },
    {
      "id": "battle_clear_ex_10201_1",
      "desc": "EX CLEAR戰鬥勝利",
      "dlg": "你比我預想的要優秀一點。"
    },
    {
      "id": "battle_defeat_10201_1",
      "desc": "戰鬥失敗",
      "dlg": "我本就沒抱什麼期望。"
    }
  ]
}