{
  "dataList": [
    {
      "id": "get_10803_1",
      "desc": "獲得時",
      "dlg": "以無人能比的速度……為他們帶來沉默。"
    },
    {
      "id": "lobby_morning_10803_1",
      "desc": "早間問候",
      "dlg": "早上總是很安靜。出乎意料的沒有路人，是個適合暗殺的時間段。"
    },
    {
      "id": "lobby_noon_10803_1",
      "desc": "午間問候",
      "dlg": "您有話想說嗎？這點時間還是等得起的。"
    },
    {
      "id": "lobby_night_10803_1",
      "desc": "晚間問候",
      "dlg": "月光散落……這種日子很適合遁入影中。"
    },
    {
      "id": "smalltalk_10803_1",
      "desc": "對話 1",
      "dlg": "我會一直在這看著的，經理先生。只要叫我一聲就行。"
    },
    {
      "id": "smalltalk_10803_2",
      "desc": "對話 2",
      "dlg": "請告訴我下一個目標。我會快速展開行動的。"
    },
    {
      "id": "smalltalk_10803_3",
      "desc": "對話 3",
      "dlg": "最近希斯克利夫先生試圖惹惱我……嘛，不過他幹活倒是挺利落的。你問這個小冊子？……沒什麼。"
    },
    {
      "id": "smalltalk_10803_4",
      "desc": "同步後對話 1",
      "dlg": "我以前所處的地方……要是但丁先生也在那裡的話結果會有所改變嗎？\n那個地獄……或許會多一線生機。"
    },
    {
      "id": "smalltalk_10803_5",
      "desc": "同步後對話 2",
      "dlg": "我喜歡紅色。顏色越深就越是血流不止，也就能越早結束生命……\n而且與但丁先生的頭也是一樣的顏色。"
    },
    {
      "id": "neglect_10803_1",
      "desc": "閒置",
      "dlg": "經理先生……？這就以為我找不到您了嗎？"
    },
    {
      "id": "gacksung_10803_1",
      "desc": "進行同步",
      "dlg": "我來演示一下吧。更加簡練，更加徹底。"
    },
    {
      "id": "formation_10803_1",
      "desc": "人格出戰",
      "dlg": "人人平等。"
    },
    {
      "id": "battleentry_10803_1",
      "desc": "進入戰鬥",
      "dlg": "那就是目標嗎？簡單。"
    },
    {
      "id": "battle_select_10803_1",
      "desc": "戰鬥中選中人格",
      "dlg": "在任務中找過來可不行……"
    },
    {
      "id": "battle_endcommand_10803_1",
      "desc": "進行攻擊",
      "dlg": "無影無蹤。"
    },
    {
      "id": "battle_enemy_break_10803_1",
      "desc": "敵方混亂",
      "dlg": "接下來就為你帶來沉默。"
    },
    {
      "id": "battle_break_10803_1",
      "desc": "自身混亂",
      "dlg": "啊！"
    },
    {
      "id": "battle_kill_10803_1",
      "desc": "擊殺敵方",
      "dlg": "徹底的沉默。"
    },
    {
      "id": "battle_allydead_10803_1",
      "desc": "友方陣亡",
      "dlg": "呼……要是你躲好就沒這回事了。"
    },
    {
      "id": "choice_success_p_10803_1",
      "desc": "判定成功",
      "dlg": "這種程度連低級任務都算不上。"
    },
    {
      "id": "choice_fail_n_10803_1",
      "desc": "判定失敗",
      "dlg": "我應該告知過您這個任務的成功概率……"
    },
    {
      "id": "battle_clear_10803_1",
      "desc": "戰鬥勝利",
      "dlg": "既定的結局罷了。下次的作戰是什麼樣的？"
    },
    {
      "id": "battle_clear_ex_10803_1",
      "desc": "EX CLEAR戰鬥勝利",
      "dlg": "一場乾淨利落的戰鬥。畢竟，我早就掌握了敵人所有的要害。"
    },
    {
      "id": "battle_defeat_10803_1",
      "desc": "戰鬥失敗",
      "dlg": "是我自己動作太快了嗎？"
    }
  ]
}