{
  "dataList": [
    {
      "id": "get_10104_1",
      "desc": "獲得時",
      "dlg": "歡迎。在看到我的心後……你的心又怎麼想？"
    },
    {
      "id": "lobby_morning_10104_1",
      "desc": "早間問候",
      "dlg": "把門半開著吧。陽光……很久沒這麼暖和了。"
    },
    {
      "id": "lobby_noon_10104_1",
      "desc": "午間問候",
      "dlg": "不知你吃飯了沒有。讓我看看……馬鈴薯怎麼樣？很適合當作午飯。\n……別擔心，它們沒有發芽。"
    },
    {
      "id": "lobby_night_10104_1",
      "desc": "晚間問候",
      "dlg": "我不怎麼習慣夜晚……多虧了這黑暗，我都看不了一寸遠。\n想到那些逝去的新同事們……這樣的孤獨使我開始害怕被寂寞吞噬。"
    },
    {
      "id": "smalltalk_10104_1",
      "desc": "對話 1",
      "dlg": "你想聽聽我怎麼看K社的那傢伙？他不再是什麼同伴了，他不過是一條蛆蟲，有著噁心的思想、妄圖侮辱科技……不，沒必要因為他玷污我的嘴。"
    },
    {
      "id": "smalltalk_10104_2",
      "desc": "對話 2",
      "dlg": "……你偶爾會這麼想吧？當你看到一個了不起的事物，而後想要把它和他人分享的時候……\n你會希望所有人重新經歷你第一次看見它的感受。"
    },
    {
      "id": "smalltalk_10104_3",
      "desc": "對話 3",
      "dlg": "我見過雞打架。個子小的那個總是會被啄腦袋。\n目前為止，我們一直很相似……但這會持續下去嗎？答案很快便會水落石出。"
    },
    {
      "id": "smalltalk_10104_4",
      "desc": "同步後對話 1",
      "dlg": "它的味道很刺鼻，不是嗎？這氣味會如此猛烈地鞭撻你的知覺，以至於你幾乎要摔倒……的確是深沉而芬芳的香氣。"
    },
    {
      "id": "smalltalk_10104_5",
      "desc": "同步後對話 2",
      "dlg": "怎麼，為什麼這樣專注地盯著我的臉？這樣啊……你是一時失魂落魄了嗎？"
    },
    {
      "id": "neglect_10104_1",
      "desc": "閒置",
      "dlg": "好吧。如果你堅持，就先回去做你自己的事。\n畢竟，沒有什麼東西比我們的目標更重要。"
    },
    {
      "id": "gacksung_10104_1",
      "desc": "進行同步",
      "dlg": "現在……來看看。這些花朵正在盛放。\n當所有花朵都被染紅之時……“我”也將同樣綻放。"
    },
    {
      "id": "formation_10104_1",
      "desc": "人格出戰",
      "dlg": "別催我。當需要時，我自然會在路上。"
    },
    {
      "id": "battleentry_10104_1",
      "desc": "進入戰鬥",
      "dlg": "……回到那個純粹的年代。"
    },
    {
      "id": "battle_select_10104_1",
      "desc": "戰鬥中選中人格",
      "dlg": "在叫我嗎？"
    },
    {
      "id": "battle_endcommand_10104_1",
      "desc": "進行攻擊",
      "dlg": "綻放吧。"
    },
    {
      "id": "battle_enemy_break_10104_1",
      "desc": "敵方混亂",
      "dlg": "花開爛漫。"
    },
    {
      "id": "battle_break_10104_1",
      "desc": "自身混亂",
      "dlg": "啊……怎會如此。"
    },
    {
      "id": "battle_kill_10104_1",
      "desc": "擊殺敵方",
      "dlg": "他們不再能折磨任何人了。"
    },
    {
      "id": "battle_dead_10104_1",
      "desc": "自身死亡",
      "dlg": "當……時機來臨時……我注定將凋零。"
    },
    {
      "id": "choice_success_p_10104_2",
      "desc": "判定成功",
      "dlg": "感謝你向我展示這樣的時刻。"
    },
    {
      "id": "choice_fail_n_10104_1",
      "desc": "判定失敗",
      "dlg": "……來讓我們以沃土掩埋此刻。"
    },
    {
      "id": "battle_clear_10104_1",
      "desc": "戰鬥勝利",
      "dlg": "花蕾已經綻放，努力化為了累累碩果。"
    },
    {
      "id": "battle_clear_ex_10104_1",
      "desc": "EX CLEAR戰鬥勝利",
      "dlg": "它開花了……我想在某處將這個時刻記錄下來。"
    },
    {
      "id": "battle_defeat_10104_1",
      "desc": "戰鬥失敗",
      "dlg": "只不過是被幸運眷顧罷了……只是因為我們耕耘的泥土本就如此肥沃……"
    }
  ]
}