{
  "dataList": [
    {
      "id": "get_11006_1",
      "desc": "獲得時",
      "dlg": "啊……您終於……找到我了。"
    },
    {
      "id": "lobby_morning_11006_1",
      "desc": "早間問候",
      "dlg": "您有什麼願望嗎？為什麼不過來……與我一同嘗試這個呢？"
    },
    {
      "id": "lobby_noon_11006_1",
      "desc": "午間問候",
      "dlg": "從斜射進來的日光來看……現在是中午。已經到這個時間了。"
    },
    {
      "id": "lobby_night_11006_1",
      "desc": "晚間問候",
      "dlg": "需要多點亮一些蠟燭。太暗的話……對您的眼睛不好。"
    },
    {
      "id": "smalltalk_11006_1",
      "desc": "對話 1",
      "dlg": "真的過了很久……自從我待在這裡起，到底過了多久呢？"
    },
    {
      "id": "smalltalk_11006_2",
      "desc": "對話 2",
      "dlg": "符咒……絕不能少。但即使如此……我身上貼太多符咒……也不行。"
    },
    {
      "id": "smalltalk_11006_3",
      "desc": "對話3",
      "dlg": "這枚符咒……可以阻止別人的動作。貼得越多……詛咒越會慢慢積累起來。"
    },
    {
      "id": "smalltalk_11006_4",
      "desc": "同步後對話 1",
      "dlg": "啊……您要與我一同使用嗎……十分感謝。\n……啊！胡，胡鬧著往我身上貼是不行的！"
    },
    {
      "id": "smalltalk_11006_5",
      "desc": "同步後對話 2",
      "dlg": "附在我身上的這些東西……沒辦法自己取下來。\n因為就是……這種詛咒。"
    },
    {
      "id": "neglect_11006_1",
      "desc": "閒置",
      "dlg": "如果您有空閒，可以看著火焰休息一下。能讓您心情平靜。"
    },
    {
      "id": "gacksung_11006_1",
      "desc": "進行同步",
      "dlg": "如果是為了解放……即使是詛咒我也能接受。"
    },
    {
      "id": "formation_11006_1",
      "desc": "人格出戰",
      "dlg": "似乎有需要施加詛咒的對象。"
    },
    {
      "id": "battleentry_11006_1",
      "desc": "進入戰鬥",
      "dlg": "我會跟上。"
    },
    {
      "id": "battle_select_11006_1",
      "desc": "戰鬥中選中人格",
      "dlg": "請……集中一點。"
    },
    {
      "id": "battle_endcommand_11006_1",
      "desc": "進行攻擊",
      "dlg": "就這樣，停下。"
    },
    {
      "id": "battle_enemy_break_11006_1",
      "desc": "敵方混亂",
      "dlg": "他們變遲鈍了。"
    },
    {
      "id": "battle_break_11006_1",
      "desc": "自身混亂",
      "dlg": "唔……"
    },
    {
      "id": "battle_kill_11006_1",
      "desc": "擊殺敵方",
      "dlg": "他們被詛咒淹沒了。"
    },
    {
      "id": "battle_dead_11006_1",
      "desc": "自身陣亡",
      "dlg": "啊啊……終於……停下了。"
    },
    {
      "id": "choice_success_p_11006_2",
      "desc": "判定成功",
      "dlg": "和預料的一樣順利。"
    },
    {
      "id": "choice_fail_n_11006_1",
      "desc": "判定失敗",
      "dlg": "這也是詛咒……"
    },
    {
      "id": "battle_clear_11006_1",
      "desc": "戰鬥勝利",
      "dlg": "我們做到了。呼……這樣就能離解放更進一步。"
    },
    {
      "id": "battle_clear_ex_11006_1",
      "desc": "EX CLEAR戰鬥勝利",
      "dlg": "他們全都停下了……這樣一來，就能實現技術解放了。"
    },
    {
      "id": "battle_defeat_11006_1",
      "desc": "戰鬥失敗",
      "dlg": "果然……被詛咒的東西，連詛咒他人的能力都沒有……"
    }
  ]
}