{
  "dataList": [
    {
      "id": "get_11104_1",
      "desc": "獲得時",
      "dlg": "嗯，我是奧提斯。你來拜訪我的理由是？"
    },
    {
      "id": "lobby_morning_11104_1",
      "desc": "早間問候",
      "dlg": "我在為今日的工作做準備，所以即使你現在來找我我也幫不上什麼忙……行吧，我可以先聽聽你想說什麼。"
    },
    {
      "id": "lobby_noon_11104_1",
      "desc": "午間問候",
      "dlg": "午餐？啊，你就先放那吧。我現在正忙著處理這份文件……哦，你想請我一起吃？不好意思，我還抽不出時間。"
    },
    {
      "id": "lobby_night_11104_1",
      "desc": "晚間問候",
      "dlg": "你現在可以離開了，不必等我下班再下班，我沒事的。領導自然要承擔艱苦的工作。"
    },
    {
      "id": "smalltalk_11104_1",
      "desc": "對話 1",
      "dlg": "幫我買杯紅茶吧？錢拿著，給自己也買一杯。"
    },
    {
      "id": "smalltalk_11104_2",
      "desc": "對話 2",
      "dlg": "我沒有太多可以浪費的時間……但既然你等了這麼久，那我還是聽聽看吧。發生什麼事了？"
    },
    {
      "id": "smalltalk_11104_3",
      "desc": "對話 3",
      "dlg": "雖然到現場工作不是什麼壞事……但畢竟還是坐著舒服。"
    },
    {
      "id": "smalltalk_11104_4",
      "desc": "同步後對話 1",
      "dlg": "雖然6科算是基層，但也有寶貴的人才，最近我對一些人愈發關注……\n他們對飲料的品味也和我很像。"
    },
    {
      "id": "smalltalk_11104_5",
      "desc": "同步後對話 2",
      "dlg": "……說了這麼多，我一直想聽我信任的人的看法。\n你在打瞌睡嗎？嗯，被工作累壞了吧。我給你放半天假，去好好休息吧。等你休息好了，我們再談。"
    },
    {
      "id": "neglect_11104_1",
      "desc": "閒置",
      "dlg": "南部6科科長，奧提斯。我現在不在，若有要事，請在嗶聲後留言。"
    },
    {
      "id": "gacksung_11104_1",
      "desc": "進行同步",
      "dlg": "是不是意味著現場工作要增多了？……也行吧，現場指揮也是一種經驗。"
    },
    {
      "id": "formation_11104_1",
      "desc": "人格出戰",
      "dlg": "需要一位現場指揮嗎"
    },
    {
      "id": "battleentry_11104_1",
      "desc": "進入戰鬥",
      "dlg": "……上吧。"
    },
    {
      "id": "battle_select_11104_1",
      "desc": "戰鬥中選中人格",
      "dlg": "怎麼了，有什麼意見？"
    },
    {
      "id": "battle_endcommand_11104_1",
      "desc": "進行攻擊",
      "dlg": "我親自出馬。"
    },
    {
      "id": "battle_enemy_break_11104_1",
      "desc": "敵方混亂",
      "dlg": "渾身破綻。"
    },
    {
      "id": "battle_break_11104_1",
      "desc": "自身混亂",
      "dlg": "咕……"
    },
    {
      "id": "battle_kill_11104_1",
      "desc": "擊殺敵方",
      "dlg": "倒下一個。"
    },
    {
      "id": "battle_dead_11104_1",
      "desc": "自身陣亡",
      "dlg": "果然……我還是不適合現場工作……"
    },
    {
      "id": "choice_success_p_11104_2",
      "desc": "判定成功",
      "dlg": "和預想的一樣。"
    },
    {
      "id": "choice_fail_n_11104_1",
      "desc": "判定失敗",
      "dlg": "和我預想的……不太一樣。"
    },
    {
      "id": "battle_clear_11104_1",
      "desc": "戰鬥勝利",
      "dlg": "算是不錯的外出散步，該回辦公室了。"
    },
    {
      "id": "battle_clear_ex_11104_1",
      "desc": "EX CLEAR戰鬥勝利",
      "dlg": "比我預想的還要激烈一點……讓這些才能被局限在辦公桌上真是浪費。"
    },
    {
      "id": "battle_defeat_11104_1",
      "desc": "戰鬥失敗",
      "dlg": "嘖……我是不是生鏽太久了。"
    }
  ]
}