{
  "dataList": [
    {
      "id": "get_10301_1",
      "desc": "獲得時",
      "dlg": "已至吾之時刻？吾乃，堂吉訶德！"
    },
    {
      "id": "lobby_morning_10301_1",
      "desc": "早間問候",
      "dlg": "哈欠…經理老爺可真是個勤勳的人啊。這個點是怎麼讓自己保持清醒的啊…？"
    },
    {
      "id": "lobby_noon_10301_1",
      "desc": "午間問候",
      "dlg": "午飯打算吃些什麼？聽說羅佳打聽到了不錯的食堂，吾現在十分期待。"
    },
    {
      "id": "lobby_night_10301_1",
      "desc": "晚間問候",
      "dlg": "今天的星星格外明亮。經理老爺也看得見星星嗎？"
    },
    {
      "id": "smalltalk_10301_1",
      "desc": "對話 1",
      "dlg": "經理老爺，要欣賞一下嗎？這些是吾之財寶，呼呼…限定款可是好不容易才搞到手的！"
    },
    {
      "id": "smalltalk_10301_2",
      "desc": "對話 2",
      "dlg": "請把目光投向那些收尾人吧，他們正為了這世間的正義而奔波！不覺得他們是如此耀眼嗎？"
    },
    {
      "id": "smalltalk_10301_3",
      "desc": "對話 3",
      "dlg": "經理老爺最喜歡的收尾人是誰？分您一個徽章貼在衣服上如何？"
    },
    {
      "id": "neglect_10301_1",
      "desc": "閒置",
      "dlg": "經理老爺！！！！！把吾丟在這裡上哪兒去啦！！！！！！！！！！"
    },
    {
      "id": "formation_10301_1",
      "desc": "人格出戰",
      "dlg": "奔跑吧！駑騎難得！"
    },
    {
      "id": "battleentry_10301_1",
      "desc": "進入戰鬥",
      "dlg": "輪到吾出場了嗎！"
    },
    {
      "id": "battle_select_10301_1",
      "desc": "戰鬥中選中人格",
      "dlg": "原來您一直在注視著吾！"
    },
    {
      "id": "battle_endcommand_10301_1",
      "desc": "進行攻擊",
      "dlg": "出征！"
    },
    {
      "id": "battle_enemy_break_10301_1",
      "desc": "敵方混亂",
      "dlg": "正如我所預料到的！"
    },
    {
      "id": "battle_break_10301_1",
      "desc": "自身混亂",
      "dlg": "啊！"
    },
    {
      "id": "battle_kill_10301_1",
      "desc": "擊殺敵方",
      "dlg": "勝利了！"
    },
    {
      "id": "battle_allydead_10301_1",
      "desc": "友方陣亡",
      "dlg": "經理老爺，雖然會很辛苦，但還是拜託你了！"
    },
    {
      "id": "choice_success_p_10301_1",
      "desc": "判定成功",
      "dlg": "吾不會自滿！歷史將準確地記載下這一切！"
    },
    {
      "id": "choice_fail_n_10301_1",
      "desc": "判定失敗",
      "dlg": "戰勝逆境者方為英雄。下次再試試吧！"
    },
    {
      "id": "battle_clear_10301_1",
      "desc": "戰鬥勝利",
      "dlg": "嗯！正義必將降臨！"
    },
    {
      "id": "battle_clear_ex_10301_1",
      "desc": "EX CLEAR戰鬥勝利",
      "dlg": "本人果然有著成為偉大收尾人的資質！！！！哇哈哈哈哈！！！！"
    },
    {
      "id": "battle_defeat_10301_1",
      "desc": "戰鬥失敗",
      "dlg": "咳…你們會…付出…代價的…"
    }
  ]
}