{
  "dataList": [
    {
      "id": "get_10504_1",
      "desc": "獲得時",
      "dlg": "執柄者之鎚在此。"
    },
    {
      "id": "lobby_morning_10504_1",
      "desc": "早間問候",
      "dlg": "到了錘煉軀體的時間。我建議您也參與進來，這有助於淨化心靈。"
    },
    {
      "id": "lobby_noon_10504_1",
      "desc": "午間問候",
      "dlg": "沒想到會在此時遇見您。如果在工作中遇到任何困難，請不必遲疑，隨時告訴本人。"
    },
    {
      "id": "lobby_night_10504_1",
      "desc": "晚間問候",
      "dlg": "我建議您儘早就寢來保證健康。至於我……還有一些事項等待我去處理。"
    },
    {
      "id": "smalltalk_10504_1",
      "desc": "對話 1",
      "dlg": "隨侍執柄者左右是本人至高無上的榮譽。我仍記得我被任命的那一刻。"
    },
    {
      "id": "smalltalk_10504_2",
      "desc": "對話 2",
      "dlg": "您似乎對這根釘很好奇。這是用於製造N公司的經驗罐頭的。至於它的詳細使用方法……您可以親眼見證。"
    },
    {
      "id": "smalltalk_10504_3",
      "desc": "對話 3",
      "dlg": "這個面具是執柄者賜予我的。因為我之前的面具無法隱藏生命維持液的管子。"
    },
    {
      "id": "smalltalk_10504_4",
      "desc": "同步後對話 1",
      "dlg": "……近期執柄者似乎正對某個具有成為“釘”資質的人保持關注。我想知道您是如何決定人選的。不知可否分享您的智慧。"
    },
    {
      "id": "smalltalk_10504_5",
      "desc": "同步後對話 2",
      "dlg": "我是僅為那一根釘揮舞的錘。儘管執柄者堅持要我教授作為釘的候選者的人……不，如果這是執柄者的意願，那麼我會遵從。"
    },
    {
      "id": "neglect_10504_1",
      "desc": "閒置",
      "dlg": "錘隨時待命於此，靜候被緊握之時。"
    },
    {
      "id": "gacksung_10504_1",
      "desc": "進行同步",
      "dlg": "雖然微薄之力尚難以得到認可，但若您堅持如此，我會接受。"
    },
    {
      "id": "formation_10504_1",
      "desc": "人格出戰",
      "dlg": "我在。"
    },
    {
      "id": "battleentry_10504_1",
      "desc": "進入戰鬥",
      "dlg": "他們將無法回歸泥土。"
    },
    {
      "id": "battle_select_10504_1",
      "desc": "戰鬥中選中人格",
      "dlg": "請您下令。"
    },
    {
      "id": "battle_endcommand_10504_1",
      "desc": "進行攻擊",
      "dlg": "汝須懺悔。"
    },
    {
      "id": "battle_enemy_break_10504_1",
      "desc": "敵方混亂",
      "dlg": "無意義的抵抗。"
    },
    {
      "id": "battle_break_10504_1",
      "desc": "自身混亂",
      "dlg": "信仰太過貧乏。"
    },
    {
      "id": "battle_kill_10504_1",
      "desc": "擊殺敵方",
      "dlg": "異端已被淨化。"
    },
    {
      "id": "battle_dead_10504_1",
      "desc": "自身陣亡",
      "dlg": "錘們……將追趕汝等直至終末……"
    },
    {
      "id": "choice_success_p_10504_2",
      "desc": "判定成功",
      "dlg": "因執柄者命我取得成功。"
    },
    {
      "id": "choice_fail_n_10504_1",
      "desc": "判定失敗",
      "dlg": "雖然吾已盡微薄之力……"
    },
    {
      "id": "battle_clear_10504_1",
      "desc": "戰鬥勝利",
      "dlg": "若執柄者滿意，我亦足矣。"
    },
    {
      "id": "battle_clear_ex_10504_1",
      "desc": "EX CLEAR戰鬥勝利",
      "dlg": "我會將這輝煌勝果獻與執柄者。"
    },
    {
      "id": "battle_defeat_10504_1",
      "desc": "戰鬥失敗",
      "dlg": "此皆為……我羸弱之過……"
    }
  ]
}