{
  "dataList": [
    {
      "id": "get_11205_1",
      "desc": "獲得時",
      "dlg": "嗯，是，我也很高興見到你……你有多餘的螺絲嗎？"
    },
    {
      "id": "lobby_morning_11205_1",
      "desc": "早間問候",
      "dlg": "讓我看看~今天上午工作有兩件，下午有三件……嗯，我想我還能奢侈的空出來一次咖啡休息時間。"
    },
    {
      "id": "lobby_noon_11205_1",
      "desc": "午間問候",
      "dlg": "話說回來看到我家隊長了嗎？剛才她賭輸了一個胡椒辣椒咖哩生菜派，然後就突然消失了。"
    },
    {
      "id": "lobby_night_11205_1",
      "desc": "晚間問候",
      "dlg": "巢的夜景總是引人入勝。可惜在眾多燈光中，卻沒有一束屬於我。"
    },
    {
      "id": "smalltalk_11205_1",
      "desc": "對話1",
      "dlg": "嘿，你的滴答聲讓我很焦躁，能讓我平心靜氣地抽會菸嗎……"
    },
    {
      "id": "smalltalk_11205_2",
      "desc": "對話 2",
      "dlg": "只要能按時付款就行了。如果你手頭拮据，來點有用的廢件我也能接受。"
    },
    {
      "id": "smalltalk_11205_3",
      "desc": "對話 3",
      "dlg": "等一下，這是怎麼了……呼？哦……沒事了。這東西有時會出點故障……嗯？你為什麼站得這麼遠？"
    },
    {
      "id": "smalltalk_11205_4",
      "desc": "同步後對話 1",
      "dlg": "嗯，我有需要的時候就會換這條手臂。我以前還有一條用來點火的，但我用的時候不小心把自己鬍子給燒了。"
    },
    {
      "id": "smalltalk_11205_5",
      "desc": "同步後對話 2",
      "dlg": "你好像跟我很合得來哈？這次委託工作結束後如果還有什麼想委託的工作的話，可以經由我們老闆聯繫我，我會接下的。"
    },
    {
      "id": "neglect_11205_1",
      "desc": "閒置",
      "dlg": "別留我一人在這，老兄。我可是很容易感到孤獨的。"
    },
    {
      "id": "gacksung_11205_1",
      "desc": "進行同步",
      "dlg": "哦，呃……我本沒打算在這裡呆太久的……你會對此負責嗎？"
    },
    {
      "id": "formation_11205_1",
      "desc": "人格出戰",
      "dlg": "我不在乎要去哪。只要帶路就行了。"
    },
    {
      "id": "battleentry_11205_1",
      "desc": "進入戰鬥",
      "dlg": "啊。我給我的手臂換電池了嗎？"
    },
    {
      "id": "battle_select_11205_1",
      "desc": "戰鬥中選擇人格",
      "dlg": "怎麼了，有東西要維修嗎？"
    },
    {
      "id": "battle_endcommand_11205_1",
      "desc": "進行攻擊",
      "dlg": "是時候發動引擎了嗎？"
    },
    {
      "id": "battle_enemy_break_11205_1",
      "desc": "敵方混亂",
      "dlg": "可行。"
    },
    {
      "id": "battle_break_11205_1",
      "desc": "自身混亂",
      "dlg": "噢……輕點，老兄。"
    },
    {
      "id": "battle_kill_11205_1",
      "desc": "擊殺敵方",
      "dlg": "昨天努力打磨的鋸片有了回報。"
    },
    {
      "id": "battle_dead_11205_1",
      "desc": "自身陣亡",
      "dlg": "手臂上的……自爆裝置……要是升級了就好了……"
    },
    {
      "id": "choice_success_p_11205_1",
      "desc": "判定成功",
      "dlg": "我不是會為這種事情而沾沾自喜的人。哼……哼~"
    },
    {
      "id": "choice_fail_n_11205_1",
      "desc": "判定失敗",
      "dlg": "哎喲，我的手臂今天怎麼這麼僵硬……啊哈……咳咳，嗯……"
    },
    {
      "id": "battle_clear_11205_1",
      "desc": "戰鬥勝利",
      "dlg": "至少要做好這種程度的事情。"
    },
    {
      "id": "battle_clear_ex_11205_1",
      "desc": "EX CLEAR戰鬥勝利",
      "dlg": "嗯？你要給我額外獎金嗎？我不會拒絕的。"
    },
    {
      "id": "battle_defeat_11205_1",
      "desc": "戰鬥失敗",
      "dlg": "啊，真是的……我的手臂跟潤滑劑的兼容性不是很好……它有點吱吱作響。"
    }
  ]
}