{
  "dataList": [
    {
      "id": "get_11005_1",
      "desc": "獲得時",
      "dlg": "全部，焚燒殆盡吧……連同我那令人作嘔的人生，也一併燒卻。"
    },
    {
      "id": "lobby_morning_11005_1",
      "desc": "早間問候",
      "dlg": "是您啊。您睡得好嗎？我……還沒有睏意。"
    },
    {
      "id": "lobby_noon_11005_1",
      "desc": "午間問候",
      "dlg": "我沒有食慾。請您摘下面具，獨自就餐就好。"
    },
    {
      "id": "lobby_night_11005_1",
      "desc": "晚間問候",
      "dlg": "您不害怕夢境嗎？……真羨慕您啊。"
    },
    {
      "id": "smalltalk_11005_1",
      "desc": "對話 1",
      "dlg": "從我意識到自己曾經的人生是被那些恐怖的生物包圍著以來，那些往日便會化作惡夢重現。"
    },
    {
      "id": "smalltalk_11005_2",
      "desc": "對話 2",
      "dlg": "燒了又燒……明明那些東西已經在我眼前化作灰燼，卻還是會一直折磨著我。"
    },
    {
      "id": "smalltalk_11005_3",
      "desc": "對話 3",
      "dlg": "……果然，她說得對。我所實現的淨化越多……我也會逐漸完成自身精神的淨化。"
    },
    {
      "id": "smalltalk_11005_4",
      "desc": "同步後對話 1",
      "dlg": "今天燒盡了十六個。明天要加倍地釘下異端，燒毀他們。呼呼……只要試試看就會逐漸樂在其中的吧？"
    },
    {
      "id": "smalltalk_11005_5",
      "desc": "同步後的對話 2",
      "dlg": "以火焰淨化污穢的力量……果然，聽了她的話真是太好了。"
    },
    {
      "id": "neglect_11005_1",
      "desc": "閒置",
      "dlg": "……如果您無話可說了，那我可以回到她身邊嗎？"
    },
    {
      "id": "gacksung_11005_1",
      "desc": "進行同步",
      "dlg": "其實，並沒有什麼特別的感受。因為我……一直是有資質的，被選中的人。"
    },
    {
      "id": "formation_11005_1",
      "desc": "人格出戰",
      "dlg": "將木樁釘下吧。"
    },
    {
      "id": "battleentry_11005_1",
      "desc": "進入戰鬥",
      "dlg": "用火焰淨化，構建出美妙的世界吧。"
    },
    {
      "id": "battle_select_11005_1",
      "desc": "戰鬥中選擇人格",
      "dlg": "我現在很忙。"
    },
    {
      "id": "battle_endcommand_11005_1",
      "desc": "進行攻擊",
      "dlg": "步入火海。"
    },
    {
      "id": "battle_enemy_break_11005_1",
      "desc": "敵方混亂",
      "dlg": "……很好。"
    },
    {
      "id": "battle_break_11005_1",
      "desc": "自身混亂",
      "dlg": "呃！"
    },
    {
      "id": "battle_kill_11005_1",
      "desc": "擊殺敵方",
      "dlg": "……燃燒至死吧。"
    },
    {
      "id": "battle_dead_11005_1",
      "desc": "自身陣亡",
      "dlg": "這……不是答案嗎……？"
    },
    {
      "id": "choice_success_p_11005_1",
      "desc": "判定成功",
      "dlg": "也不是什麼難事。"
    },
    {
      "id": "choice_fail_n_11005_1",
      "desc": "判定失敗",
      "dlg": "嘖，我就知道這不行。"
    },
    {
      "id": "battle_clear_11005_1",
      "desc": "戰鬥勝利",
      "dlg": "做到這種程度的話……她應該也會認可我吧。"
    },
    {
      "id": "battle_clear_ex_11005_1",
      "desc": "EX CLEAR戰鬥勝利",
      "dlg": "這是理所當然的。因為我，是被選中的……對吧？"
    },
    {
      "id": "battle_defeat_11005_1",
      "desc": "戰鬥失敗",
      "dlg": "該死，為什麼？哼……"
    }
  ]
}