{
  "dataList": [
    {
      "id": "get_10102_1",
      "desc": "獲得時",
      "dlg": "對我無須有任何隱瞞。"
    },
    {
      "id": "lobby_morning_10102_1",
      "desc": "早間問候",
      "dlg": "回首昨日吧。那將對今日有所助益。"
    },
    {
      "id": "lobby_noon_10102_1",
      "desc": "午間問候",
      "dlg": "日光蘊藏了無數光譜。同理，世間也被無數秘密所籠罩。"
    },
    {
      "id": "lobby_night_10102_1",
      "desc": "晚間問候",
      "dlg": "黑暗中悄言密語，需時常豎耳傾聽。"
    },
    {
      "id": "smalltalk_10102_1",
      "desc": "對話 1",
      "dlg": "如果有機會，我想研究一下你的頭。"
    },
    {
      "id": "smalltalk_10102_2",
      "desc": "對話 2",
      "dlg": "人無完人。正因此，無論是多麼華麗且危險的技術，於我而言都毫無意義。"
    },
    {
      "id": "smalltalk_10102_3",
      "desc": "對話 3",
      "dlg": "稍加注意即可獲取許多信息。例如，現在不是和希斯克利夫先生搭話的好時機。"
    },
    {
      "id": "smalltalk_10102_4",
      "desc": "同步後對話 1",
      "dlg": "你若是在意自己的過去，就請來依靠我。……無須推辭……但丁，越是觀察，我便越對你的奇特心生興趣。"
    },
    {
      "id": "smalltalk_10102_5",
      "desc": "同步後對話 2",
      "dlg": "另外，此處不乏奇物趣事。發現的喜悅令我無比充實。你也是如此。"
    },
    {
      "id": "neglect_10102_1",
      "desc": "閒置",
      "dlg": "嗯……寂靜也是優良信息的一種。"
    },
    {
      "id": "gacksung_10102_1",
      "desc": "進行同步",
      "dlg": "預料之中。"
    },
    {
      "id": "formation_10102_1",
      "desc": "人格出戰",
      "dlg": "是蓄積知識之時。"
    },
    {
      "id": "battleentry_10102_1",
      "desc": "進入戰鬥",
      "dlg": "我應探究何物？"
    },
    {
      "id": "battle_select_10102_1",
      "desc": "戰鬥中選中人格",
      "dlg": "研究那人，如何？"
    },
    {
      "id": "battle_endcommand_10102_1",
      "desc": "進行攻擊",
      "dlg": "研究結束。"
    },
    {
      "id": "battle_enemy_break_10102_1",
      "desc": "敵方混亂",
      "dlg": "那人弱點暴露無遺。"
    },
    {
      "id": "battle_break_10102_1",
      "desc": "自身混亂",
      "dlg": "啊……"
    },
    {
      "id": "battle_kill_10102_1",
      "desc": "擊殺敵方",
      "dlg": "歸於沉寂。"
    },
    {
      "id": "battle_allydead_10102_1",
      "desc": "友方陣亡",
      "dlg": "情況不容樂觀。"
    },
    {
      "id": "choice_success_p_10102_1",
      "desc": "判定成功",
      "dlg": "如我所料。"
    },
    {
      "id": "choice_fail_n_10102_1",
      "desc": "判定失敗",
      "dlg": "預料之外……"
    },
    {
      "id": "battle_clear_10102_1",
      "desc": "戰鬥勝利",
      "dlg": "敵人攻擊方式分析成功。"
    },
    {
      "id": "battle_clear_ex_10102_1",
      "desc": "EX CLEAR戰鬥勝利",
      "dlg": "有效偵破他們的弱點。"
    },
    {
      "id": "battle_defeat_10102_1",
      "desc": "戰鬥失敗",
      "dlg": "需要尋找其他方法……"
    }
  ]
}