{
  "dataList": [
    {
      "id": "get_11103_1",
      "desc": "獲得時",
      "dlg": "此刻起，質疑違令者，從隊中除名。"
    },
    {
      "id": "lobby_morning_11103_1",
      "desc": "早間問候",
      "dlg": "不要讓我看到有人在睡懶覺，在戰場上拖拖拉拉就是拱手送命。"
    },
    {
      "id": "lobby_noon_11103_1",
      "desc": "午間問候",
      "dlg": "看看這些遊手好閒，整天就想著吃的懶蟲們……我建議在巴士上實行定量口糧配給。"
    },
    {
      "id": "lobby_night_11103_1",
      "desc": "晚間問候",
      "dlg": "我早已經失去好好睡覺的餘裕了。曾經就因為我的片刻休憩，讓一場災難伺機而入。"
    },
    {
      "id": "smalltalk_11103_1",
      "desc": "對話 1",
      "dlg": "我從未想過能在這裡遇到那個男人。那個戰後就消失得無影無踪的戰爭英雄……"
    },
    {
      "id": "smalltalk_11103_2",
      "desc": "對話 2",
      "dlg": "蟲群從不退縮。他們橫掃戰場，不帶一絲猶豫，甚至會用下顎啃食已經死去的人。"
    },
    {
      "id": "smalltalk_11103_3",
      "desc": "對話 3",
      "dlg": "我過去的部下……只需要我擺出一個手勢，他們就會衝鋒向前，直到所過之處寸草不生。和現在這批天差地別。"
    },
    {
      "id": "smalltalk_11103_4",
      "desc": "同步後對話 1",
      "dlg": "天空清澈蔚藍，空氣自由清新。不再有痛苦和哀嚎打破黎明，但我仍舊未能適應這樣的環境。"
    },
    {
      "id": "smalltalk_11103_5",
      "desc": "同步後對話 2",
      "dlg": "聽從從未上過戰場之人的命令曾讓我感到不適。不過我現在學到了一點……萬事皆有例外。"
    },
    {
      "id": "neglect_11103_1",
      "desc": "閒置",
      "dlg": "也許該來一次全隊點名，讓他們清醒清醒……"
    },
    {
      "id": "gacksung_11103_1",
      "desc": "進行同步",
      "dlg": "敬禮。我將竭力盡忠。"
    },
    {
      "id": "formation_11103_1",
      "desc": "人格出戰",
      "dlg": "準備出動！"
    },
    {
      "id": "battleentry_11103_1",
      "desc": "進入戰鬥",
      "dlg": "遵從您的命令。"
    },
    {
      "id": "battle_select_11103_1",
      "desc": "戰鬥中選中人格",
      "dlg": "需要任何建議嗎？"
    },
    {
      "id": "battle_endcommand_11103_1",
      "desc": "進行攻擊",
      "dlg": "進攻。"
    },
    {
      "id": "battle_enemy_break_11103_1",
      "desc": "敵方混亂",
      "dlg": "我注意到敵人的弱點了。"
    },
    {
      "id": "battle_break_11103_1",
      "desc": "自身混亂",
      "dlg": "嘖！"
    },
    {
      "id": "battle_kill_11103_1",
      "desc": "擊殺敵方",
      "dlg": "下一個目標在哪？"
    },
    {
      "id": "battle_allydead_11103_1",
      "desc": "友方陣亡",
      "dlg": "今晚要全隊點名，誰都不準落下。"
    },
    {
      "id": "choice_success_p_11103_2",
      "desc": "判定成功",
      "dlg": "漂亮的指揮。"
    },
    {
      "id": "choice_fail_n_11103_1",
      "desc": "判定失敗",
      "dlg": "我不會指望命令萬無一失。"
    },
    {
      "id": "battle_clear_11103_1",
      "desc": "戰鬥勝利",
      "dlg": "你們連蟲子都不如。"
    },
    {
      "id": "battle_clear_ex_11103_1",
      "desc": "EX CLEAR戰鬥勝利",
      "dlg": "我得承認，您的領導才能不輸於我。"
    },
    {
      "id": "battle_defeat_11103_1",
      "desc": "戰鬥失敗",
      "dlg": "如果我能全權指揮……"
    }
  ]
}