{
  "dataList": [
    {
      "id": "get_10805_1",
      "desc": "獲得時",
      "dlg": "哈……請不要笑了。你覺得我是因為喜歡才穿成這樣的嗎？"
    },
    {
      "id": "lobby_morning_10805_1",
      "desc": "早間問候",
      "dlg": "我從早上起就感覺糟透了……啊，你聽到了嗎？但……這是真實的。"
    },
    {
      "id": "lobby_noon_10805_1",
      "desc": "午間問候",
      "dlg": "你知道嗎，這些黏糊糊的東西很難吃。\n我是怎麼知道的……？午餐時間我懶得把它給脫下來，然後……就說到這吧。"
    },
    {
      "id": "lobby_night_10805_1",
      "desc": "晚間問候",
      "dlg": "優點嗎……請看這裡。這是泛出夜光的翅膀。這樣就算是晚上也沒有照明的必要呢。這是這身裝備唯一的優點。"
    },
    {
      "id": "smalltalk_10805_1",
      "desc": "對話 1",
      "dlg": "真奇怪……儘管我的情緒跌至谷底，但感覺也沒那麼沉重。"
    },
    {
      "id": "smalltalk_10805_2",
      "desc": "對話 2",
      "dlg": "啊哈！……請，請別管我……哈，自從我穿上這個後我就一直笑得像個酒鬼，太煩人了。"
    },
    {
      "id": "smalltalk_10805_3",
      "desc": "對話 3",
      "dlg": "……我不會飛，這已經是第幾次回答你了？而且，用這麼小的翅膀……哈啊，換個話題吧。"
    },
    {
      "id": "smalltalk_10805_4",
      "desc": "同步後對話 1",
      "dlg": "唔……再來杯妖精酒……呃！我為什麼一直在說這種話？經理先生！你知道原因的吧？！"
    },
    {
      "id": "smalltalk_10805_5",
      "desc": "同步後對話 2",
      "dlg": "我還是不明白為什麼我必須使用這件東西……但是經過我不斷地使用，它確實變得與我的契合度越來越高了。\n不！我不是指這果凍狀的東西，我指的是作為武器而言！"
    },
    {
      "id": "gacksung_10805_1",
      "desc": "進行同步",
      "dlg": "結果……因為這種東西被承認了呢……不知是該高興還是該生氣。"
    },
    {
      "id": "neglect_10805_1",
      "desc": "閒置",
      "dlg": "哈啊……就算想坐下，這東西會黏在椅子上導致沒有坐的心情……"
    },
    {
      "id": "formation_10805_1",
      "desc": "人格出戰",
      "dlg": "讓我們去解放一些技術吧。我不太習慣這種事，所以……我可能有點跟不上節奏。"
    },
    {
      "id": "battleentry_10805_1",
      "desc": "進入戰鬥",
      "dlg": "唔……黏糊糊的。"
    },
    {
      "id": "battle_select_10805_1",
      "desc": "戰鬥中選擇人格",
      "dlg": "因為沒什麼幹勁，請盡可能簡短地表達要點。"
    },
    {
      "id": "battle_endcommand_10805_1",
      "desc": "進行攻擊",
      "dlg": "我上了！"
    },
    {
      "id": "battle_enemy_break_10805_1",
      "desc": "敵方混亂",
      "dlg": "乾杯！……我是說，利索的一擊。"
    },
    {
      "id": "battle_break_10805_1",
      "desc": "自身混亂",
      "dlg": "嘔……"
    },
    {
      "id": "battle_kill_10805_1",
      "desc": "擊殺敵方",
      "dlg": "醉倒了嗎。"
    },
    {
      "id": "battle_dead_10805_1",
      "desc": "友方陣亡",
      "dlg": "啊……這種時候身上都還是……黏糊糊的……"
    },
    {
      "id": "choice_success_p_10805_2",
      "desc": "判定成功",
      "dlg": "這是附著性很強的觀察結果。"
    },
    {
      "id": "choice_fail_n_10805_1",
      "desc": "判定失敗",
      "dlg": "呃，這是因為這東西很礙事。"
    },
    {
      "id": "battle_clear_10805_1",
      "desc": "戰鬥勝利",
      "dlg": "呼。總算結束了……這會有助於解放更多的技術吧？"
    },
    {
      "id": "battle_clear_ex_10805_1",
      "desc": "EX CLEAR 戰鬥勝利",
      "dlg": "啊哈！既然已經完事了，讓我們喝些妖精酒……哦，我又開始說胡話了……回去吧。"
    },
    {
      "id": "battle_defeat_10805_1",
      "desc": "戰鬥失敗",
      "dlg": "媽的……我們，解放失敗了吧。連一件可以如願以償的事情都沒有。"
    }
  ]
}