{
  "dataList": [
    {
      "id": "get_10602_1",
      "desc": "獲得時",
      "dlg": "倒是可以試試看按你說的去做~但期待我絕對服從可能會有點難度噢~"
    },
    {
      "id": "lobby_morning_10602_1",
      "desc": "早間問候",
      "dlg": "起床困難症的時候乾脆什麼都不做也不失為一種好辦法~"
    },
    {
      "id": "lobby_noon_10602_1",
      "desc": "午間問候",
      "dlg": "天氣實在是很好的時候……偶爾也會去做日光浴。把身子晒得暖暖的感覺很舒服哦。"
    },
    {
      "id": "lobby_night_10602_1",
      "desc": "晚間問候",
      "dlg": "每當連月光也被黑雲遮蔽的夜晚降臨……你看，我已經完全和影子融為一體了吧？"
    },
    {
      "id": "smalltalk_10602_1",
      "desc": "對話 1",
      "dlg": "無論何時，斬擊都是件很有趣的事。但是，奉命行事的斬擊卻有點……掃興呢。"
    },
    {
      "id": "smalltalk_10602_2",
      "desc": "對話 2",
      "dlg": "真不明白為什麼人們會如此執著於自己的所有物。明明大家都大方一點會更好吧~"
    },
    {
      "id": "smalltalk_10602_3",
      "desc": "對話 3",
      "dlg": "我所對陣的敵手，還是由我來決定要好一些。只按既定計劃活著……不是沒什麼意義嘛。"
    },
    {
      "id": "smalltalk_10602_4",
      "desc": "同步後對話 1",
      "dlg": "實際上我使用敬語的對象，只有但丁先生一人而已。心中不抱有那種尊敬的話，也沒有硬要使用尊稱的必要嘛。"
    },
    {
      "id": "smalltalk_10602_5",
      "desc": "同步後對話 2",
      "dlg": "但丁先生不希望我低頭聽令……我喜歡這一點。點頭哈腰唯命是從的場景……那不只是些滑稽的電影橋段嗎？"
    },
    {
      "id": "neglect_10602_1",
      "desc": "閒置",
      "dlg": "但丁先生去哪兒了呢？莫非是隱在雲中了嗎？"
    },
    {
      "id": "gacksung_10602_1",
      "desc": "進行同步",
      "dlg": "謝謝您。還有需要我斬開的東西嗎？"
    },
    {
      "id": "formation_10602_1",
      "desc": "人格出戰",
      "dlg": "如果這是命令的話~"
    },
    {
      "id": "battleentry_10602_1",
      "desc": "進入戰鬥",
      "dlg": "按我趁手的方式出劍沒問題嗎？"
    },
    {
      "id": "battle_select_10602_1",
      "desc": "戰鬥中選中人格",
      "dlg": "來了呢~但丁先生。"
    },
    {
      "id": "battle_endcommand_10602_1",
      "desc": "進行攻擊",
      "dlg": "雖然沒什麼意思，但我會照做的~"
    },
    {
      "id": "battle_enemy_break_10602_1",
      "desc": "敵方混亂",
      "dlg": "感覺還能斬得更好一點哦？"
    },
    {
      "id": "battle_break_10602_1",
      "desc": "自身混亂",
      "dlg": "呃！"
    },
    {
      "id": "battle_kill_10602_1",
      "desc": "擊殺敵方",
      "dlg": "斬擊很有趣呢~"
    },
    {
      "id": "battle_allydead_10602_1",
      "desc": "友方陣亡",
      "dlg": "看來得勞煩您一下了，但丁先生~"
    },
    {
      "id": "choice_success_p_10602_1",
      "desc": "判定成功",
      "dlg": "我說過吧？我會服從你的任何命令~"
    },
    {
      "id": "choice_fail_n_10602_1",
      "desc": "判定失敗",
      "dlg": "嗯……沒關係啦~我已經按您說的照做了不是嗎？"
    },
    {
      "id": "battle_clear_10602_1",
      "desc": "戰鬥勝利",
      "dlg": "不覺得我的劍術很帥嗎？呼呼……"
    },
    {
      "id": "battle_clear_ex_10602_1",
      "desc": "EX CLEAR戰鬥勝利",
      "dlg": "只是將他們送往了他們本該前往之處而已。這其中我所做的也僅僅是斬開了目光所及之物罷了~"
    },
    {
      "id": "battle_defeat_10602_1",
      "desc": "戰鬥失敗",
      "dlg": "看來是劍刃是有些鈍了呢~"
    }
  ]
}