{
  "dataList": [
    {
      "id": "get_10804_1",
      "desc": "獲得時",
      "dlg": "這裡是以實瑪利。有什麼需要我幫助的嗎？"
    },
    {
      "id": "lobby_morning_10804_1",
      "desc": "早間問候",
      "dlg": "啊，我在…做早操。畢竟得先做好熱身準備。"
    },
    {
      "id": "lobby_noon_10804_1",
      "desc": "午間問候",
      "dlg": "飲食必須一直保持均衡。真正的專業人士可不會挑食。"
    },
    {
      "id": "lobby_night_10804_1",
      "desc": "晚間問候",
      "dlg": "今天也是順利的一天嗎，經理先生？看來我總算是可以休息了。"
    },
    {
      "id": "smalltalk_10804_1",
      "desc": "對話 1",
      "dlg": "我對高效計劃的設計與偵察方法的執行比任何人都了然於心。"
    },
    {
      "id": "smalltalk_10804_2",
      "desc": "對話 2",
      "dlg": "執行經理的核心素質之一就是如何發揮好隊伍中王牌隊員的作用。"
    },
    {
      "id": "smalltalk_10804_3",
      "desc": "對話 3",
      "dlg": "執行作戰時，沒有比像某個人一樣不管三七二十一就突擊的行為更糟糕的了。必須預想到所有的變量才行。"
    },
    {
      "id": "smalltalk_10804_4",
      "desc": "同步後對話 1",
      "dlg": "我明白，我偶爾會強迫症似的執著於事前規劃。\n不過大家也應該都知道細微的失誤讓隊伍分崩離析，並最終導致全滅的故事吧。"
    },
    {
      "id": "smalltalk_10804_5",
      "desc": "同步後對話 2",
      "dlg": "偶爾…經理先生的能力令人感到慶幸又令人感到深入骨髓的空虛。\n想想那些連體面葬禮都得不到的舊隊員們……"
    },
    {
      "id": "gacksung_10804_1",
      "desc": "進行同步",
      "dlg": "是晉升嗎？是的，我知道。……但還是要謝謝您。"
    },
    {
      "id": "neglect_10804_1",
      "desc": "閒置",
      "dlg": "哈…又去給其他人收拾爛攤子了嗎？"
    },
    {
      "id": "formation_10804_1",
      "desc": "人格出戰",
      "dlg": "作戰確認，待命。"
    },
    {
      "id": "battleentry_10804_1",
      "desc": "進入戰鬥",
      "dlg": "準備結束。等待命令。"
    },
    {
      "id": "battle_select_10804_1",
      "desc": "戰鬥中選中人格",
      "dlg": "……收到。"
    },
    {
      "id": "battle_endcommand_10804_1",
      "desc": "進行攻擊",
      "dlg": "開始交戰。"
    },
    {
      "id": "battle_enemy_break_10804_1",
      "desc": "敵方混亂",
      "dlg": "目標失能。"
    },
    {
      "id": "battle_break_10804_1",
      "desc": "自身混亂",
      "dlg": "啊！"
    },
    {
      "id": "battle_kill_10804_1",
      "desc": "擊殺敵方",
      "dlg": "目標，完全喪失行動能力。"
    },
    {
      "id": "battle_allydead_10804_1",
      "desc": "友方陣亡",
      "dlg": "……醫療隊，沒有醫療隊嗎？"
    },
    {
      "id": "choice_success_p_10804_1",
      "desc": "判定成功",
      "dlg": "啊，報告，情況解除。"
    },
    {
      "id": "choice_fail_n_10804_1",
      "desc": "判定失敗",
      "dlg": "報告…任務失敗。"
    },
    {
      "id": "battle_clear_10804_1",
      "desc": "戰鬥勝利",
      "dlg": "任務完成。將按照規章流程歸隊。完畢。"
    },
    {
      "id": "battle_clear_ex_10804_1",
      "desc": "EX CLEAR戰鬥勝利",
      "dlg": "這種程度就可以榮獲勳章…啊，訂正！任務完成。完，完畢！"
    },
    {
      "id": "battle_defeat_10804_1",
      "desc": "戰鬥失敗",
      "dlg": "我的計劃天衣無縫。請您在其他地方找找原因。"
    }
  ]
}