{
  "dataList": [
    {
      "id": "get_10101_1",
      "desc": "獲得時",
      "dlg": "我是李箱。以上。"
    },
    {
      "id": "lobby_morning_10101_1",
      "desc": "早間問候",
      "dlg": "今早可還安好？於昨夜忘卻之物是否全部憶起？"
    },
    {
      "id": "lobby_noon_10101_1",
      "desc": "午間問候",
      "dlg": "太陽痴痴地望著我的臉。即使我閉上雙眼也依舊不曾停歇。"
    },
    {
      "id": "lobby_night_10101_1",
      "desc": "晚間問候",
      "dlg": "日落漸昏，而我僅於此佇立。"
    },
    {
      "id": "smalltalk_10101_1",
      "desc": "對話 1",
      "dlg": "你可曾知悉退回過去，或者退卻未來之法？"
    },
    {
      "id": "smalltalk_10101_2",
      "desc": "對話 2",
      "dlg": "只在某日某時，我停下腳步，自然地將自己幽禁於這輛巴士。"
    },
    {
      "id": "smalltalk_10101_3",
      "desc": "對話 3",
      "dlg": "你的時鐘看起來無法阻止。它鍥而不捨地讓我歸家。"
    },
    {
      "id": "neglect_10101_1",
      "desc": "閒置",
      "dlg": "你，終究是找到你的方向了？"
    },
    {
      "id": "formation_10101_1",
      "desc": "人格出戰",
      "dlg": "請帶路。"
    },
    {
      "id": "battleentry_10101_1",
      "desc": "進入戰鬥",
      "dlg": "終點處有諸多腫瘤。"
    },
    {
      "id": "battle_select_10101_1",
      "desc": "戰鬥中選中人格",
      "dlg": "可是找到了所願之物？"
    },
    {
      "id": "battle_endcommand_10101_1",
      "desc": "進行攻擊",
      "dlg": "我將摘除腫瘤。"
    },
    {
      "id": "battle_enemy_break_10101_1",
      "desc": "敵方混亂",
      "dlg": "絡繹鼠輩。"
    },
    {
      "id": "battle_break_10101_1",
      "desc": "自身混亂",
      "dlg": "唔……"
    },
    {
      "id": "battle_kill_10101_1",
      "desc": "擊殺敵方",
      "dlg": "瘤之鏡已然碎裂。"
    },
    {
      "id": "battle_allydead_10101_1",
      "desc": "友方陣亡",
      "dlg": "該撥動你的指針了。"
    },
    {
      "id": "choice_success_p_10101_1",
      "desc": "判定成功",
      "dlg": "頓生愉悅。"
    },
    {
      "id": "choice_fail_n_10101_1",
      "desc": "判定失敗",
      "dlg": "人終將絕望。"
    },
    {
      "id": "battle_clear_10101_1",
      "desc": "戰鬥勝利",
      "dlg": "勝利並非永恆。因此我淡然相對。"
    },
    {
      "id": "battle_clear_ex_10101_1",
      "desc": "EX CLEAR戰鬥勝利",
      "dlg": "此為殘酷役使之代價。此身似已枯萎。"
    },
    {
      "id": "battle_defeat_10101_1",
      "desc": "戰鬥失敗",
      "dlg": "蒼白失色，茫然無措……"
    }
  ]
}