{
  "dataList": [
    {
      "id": "get_10601_1",
      "desc": "獲得時",
      "dlg": "我是鴻璐，讓我們好好幹吧。"
    },
    {
      "id": "lobby_morning_10601_1",
      "desc": "早間問候",
      "dlg": "早上好但丁先生！我的廚師說過，早上疲憊的時候沒有什麼比來點松露更好的了~"
    },
    {
      "id": "lobby_noon_10601_1",
      "desc": "午間問候",
      "dlg": "來到這裡之後的一件特別有趣的事是，我第一次感受到了飢餓。真是種陌生的體驗呢。"
    },
    {
      "id": "lobby_night_10601_1",
      "desc": "晚間問候",
      "dlg": "夜晚亦有它獨特的美感，雖然在這裡看不到和我窗外一樣的風景……但是和但丁先生待在一起也不錯哦。"
    },
    {
      "id": "smalltalk_10601_1",
      "desc": "對話 1",
      "dlg": "如果以後有機會回家，真想開場盛大的宴會來招待但丁先生。然後向父親介紹我的新朋友……感覺一定會很有趣。"
    },
    {
      "id": "smalltalk_10601_2",
      "desc": "對話 2",
      "dlg": "心煩意亂的時候，只要記住就算你一事無成，生活也依然會繼續就行啦。這樣世上就沒有什麼是值得困擾的了。"
    },
    {
      "id": "smalltalk_10601_3",
      "desc": "對話 3",
      "dlg": "說到我的家族……我聽說家庭是彼此的避風港，對吧？實際上我到現在為止都以為在其他親戚背後捅刀子是非常理所當然的事呢~"
    },
    {
      "id": "neglect_10601_1",
      "desc": "閒置",
      "dlg": "唉，但丁先生？有什麼緊急的事情嗎？慢慢來就好哦~"
    },
    {
      "id": "formation_10601_1",
      "desc": "人格出戰",
      "dlg": "好期待呢~"
    },
    {
      "id": "battleentry_10601_1",
      "desc": "進入戰鬥",
      "dlg": "希望能發生點有趣的事情~"
    },
    {
      "id": "battle_select_10601_1",
      "desc": "戰鬥中選中人格",
      "dlg": "怎麼了？但丁先生？"
    },
    {
      "id": "battle_endcommand_10601_1",
      "desc": "進行攻擊",
      "dlg": "我會做到力所能及的事的~如果不行的話那就沒有辦法啦~"
    },
    {
      "id": "battle_enemy_break_10601_1",
      "desc": "敵方混亂",
      "dlg": "哈哈哈，真是有趣的瞬間啊~"
    },
    {
      "id": "battle_break_10601_1",
      "desc": "自身混亂",
      "dlg": "哎呀！"
    },
    {
      "id": "battle_kill_10601_1",
      "desc": "擊殺敵方",
      "dlg": "總是會看見許多新奇的東西呢~"
    },
    {
      "id": "battle_allydead_10601_1",
      "desc": "友方陣亡",
      "dlg": "啊呀，這樣很痛嗎？回頭一定要告訴我。"
    },
    {
      "id": "choice_success_p_10601_1",
      "desc": "判定成功",
      "dlg": "啊哈哈，沒必要對我如此褒獎啦。"
    },
    {
      "id": "choice_fail_n_10601_1",
      "desc": "判定失敗",
      "dlg": "啊~不要太過自責啦，今天只是運氣不好。"
    },
    {
      "id": "battle_clear_10601_1",
      "desc": "戰鬥勝利",
      "dlg": "啊……這是我的功勞嗎？能贏就是最好啦~"
    },
    {
      "id": "battle_clear_ex_10601_1",
      "desc": "EX CLEAR戰鬥勝利",
      "dlg": "沒必要這樣讚揚我~我很確定這裡面也有你的一份功勞。"
    },
    {
      "id": "battle_defeat_10601_1",
      "desc": "戰鬥失敗",
      "dlg": "勝敗乃兵家常事，對吧？不要太沮喪啦~"
    }
  ]
}