{
  "dataList": [
    {
      "id": "get_10703_1",
      "desc": "獲得時",
      "dlg": "嘻嘻哈哈……蹦蹦跳跳……兔子躍來，粉碎一切！"
    },
    {
      "id": "lobby_morning_10703_1",
      "desc": "早間問候",
      "dlg": "啥？第一次見早起出來洗臉的兔子嗎？"
    },
    {
      "id": "lobby_noon_10703_1",
      "desc": "午間問候",
      "dlg": "有沒有不錯的任務？想一想就讓人熱血沸騰又眼紅的那種……火熱的任務。"
    },
    {
      "id": "lobby_night_10703_1",
      "desc": "晚間問候",
      "dlg": "雖然看起來不像，但我其實是夜行性生物。也就是說越黑暗，我就越敏捷。"
    },
    {
      "id": "smalltalk_10703_1",
      "desc": "對話 1",
      "dlg": "我說！與其在這裡百無聊賴地聊天不如再派一個任務。"
    },
    {
      "id": "smalltalk_10703_2",
      "desc": "對話 2",
      "dlg": "我是兔子。哪裡有鮮草，我便要去哪。"
    },
    {
      "id": "smalltalk_10703_3",
      "desc": "對話 3",
      "dlg": "是誰說兔子弱小來著？要是碰上一群饑餓的兔子，你覺得接下來都會發生些什麼？"
    },
    {
      "id": "smalltalk_10703_4",
      "desc": "同步後對話 1",
      "dlg": "如果我打著打著連著哥們你也一起幹了的話也別怨我。兔子天性如此。"
    },
    {
      "id": "smalltalk_10703_5",
      "desc": "同步後對話 2",
      "dlg": "你那鐘錶頭還挺有用的，有沒有考慮過一起加入兔子隊蹦蹦跳跳啊？"
    },
    {
      "id": "neglect_10703_1",
      "desc": "閒置",
      "dlg": "知道嗎？兔子的耳朵，很靈敏。"
    },
    {
      "id": "gacksung_10703_1",
      "desc": "進行同步",
      "dlg": "就這麼做，早該這樣了！"
    },
    {
      "id": "formation_10703_1",
      "desc": "人格出戰",
      "dlg": "好，是該撕咬鮮草的時候了。"
    },
    {
      "id": "battleentry_10703_1",
      "desc": "進入戰鬥",
      "dlg": "發現了鮮嫩的青草！"
    },
    {
      "id": "battle_select_10703_1",
      "desc": "戰鬥中選中人格",
      "dlg": "想到什麼火熱的計劃了嗎？"
    },
    {
      "id": "battle_endcommand_10703_1",
      "desc": "進行攻擊",
      "dlg": "蹦蹦跳跳！"
    },
    {
      "id": "battle_enemy_break_10703_1",
      "desc": "敵方混亂",
      "dlg": "再蹦躂一個試試啊！"
    },
    {
      "id": "battle_break_10703_1",
      "desc": "自身混亂",
      "dlg": "哈……！"
    },
    {
      "id": "battle_kill_10703_1",
      "desc": "擊殺敵方",
      "dlg": "呼，還挺有嚼勁。"
    },
    {
      "id": "battle_allydead_10703_1",
      "desc": "友方陣亡",
      "dlg": "寂寞了嗎？這麼快就死掉了。"
    },
    {
      "id": "choice_success_p_10703_1",
      "desc": "判定成功",
      "dlg": "小菜一碟。"
    },
    {
      "id": "choice_fail_n_10703_1",
      "desc": "判定失敗",
      "dlg": "我都照做了。不滿意就向上級投訴啊。"
    },
    {
      "id": "battle_clear_10703_1",
      "desc": "戰鬥勝利",
      "dlg": "怎樣？是不是強到爆炸還快得離譜？"
    },
    {
      "id": "battle_clear_ex_10703_1",
      "desc": "EX CLEAR戰鬥勝利",
      "dlg": "我的肌肉因興奮而顫抖著！還有沒有找打的？這才剛開始！"
    },
    {
      "id": "battle_defeat_10703_1",
      "desc": "戰鬥失敗",
      "dlg": "沒時間休息了。立刻再次出擊！"
    }
  ]
}