{
  "dataList": [
    {
      "id": "get_10802_1",
      "desc": "獲得時",
      "dlg": "呼，走形式的部分就省略掉吧。我該幹什麼？"
    },
    {
      "id": "lobby_morning_10802_1",
      "desc": "早間問候",
      "dlg": "為了最大程度地清除雜念，我早上一般會進行冥想。"
    },
    {
      "id": "lobby_noon_10802_1",
      "desc": "午間問候",
      "dlg": "哈啊，為什麼午餐時間大家都這麼吵鬧呢？安安靜靜的吃個飯難道不行嗎？"
    },
    {
      "id": "lobby_night_10802_1",
      "desc": "晚間問候",
      "dlg": "呼……總算是安靜下來了。請別向我搭話。我得休息一下。"
    },
    {
      "id": "smalltalk_10802_1",
      "desc": "對話 1",
      "dlg": "咳……稍等一下。頭，頭痛得要裂開……啊……現在好多了。最近經常這樣。"
    },
    {
      "id": "smalltalk_10802_2",
      "desc": "對話 2",
      "dlg": "我必須時刻保持集中。也就是說，我無法回應執行經理的那些無關緊要的話題。"
    },
    {
      "id": "smalltalk_10802_3",
      "desc": "對話 3",
      "dlg": "呃……一旦你看到我的角振動得快像是要破裂開來，就向所有人下達疏散命令吧……"
    },
    {
      "id": "smalltalk_10802_4",
      "desc": "同步後對話 1",
      "dlg": "經理先生，雖然不覺得會變成那樣……但如果有一天……\n我失去了理智的話……這也可以通過轉動時鐘來解決嗎？"
    },
    {
      "id": "smalltalk_10802_5",
      "desc": "同步後對話 2",
      "dlg": "時刻保持清醒就意味著……哪怕是睡覺的時候也要保持精神層面的抖擻。\n我已經再記不起，熟睡是什麼感覺了。"
    },
    {
      "id": "neglect_10802_1",
      "desc": "閒置",
      "dlg": "這是我最為討厭的事情之一。把我叫過來自己卻先不見踪影。"
    },
    {
      "id": "gacksung_10802_1",
      "desc": "進行同步",
      "dlg": "呃……哈啊，力量好像變強了……但頭痛也更加劇烈了……"
    },
    {
      "id": "formation_10802_1",
      "desc": "人格出戰",
      "dlg": "咳……準備，就緒。"
    },
    {
      "id": "battleentry_10802_1",
      "desc": "進入戰鬥",
      "dlg": "快點開始吧。"
    },
    {
      "id": "battle_select_10802_1",
      "desc": "戰鬥中選中人格",
      "dlg": "目前……頭腦還算清醒。"
    },
    {
      "id": "battle_endcommand_10802_1",
      "desc": "進行攻擊",
      "dlg": "呼……參與戰鬥。"
    },
    {
      "id": "battle_enemy_break_10802_1",
      "desc": "敵方混亂",
      "dlg": "他們的精神……過於不堪一擊了。"
    },
    {
      "id": "battle_break_10802_1",
      "desc": "自身混亂",
      "dlg": "啊！"
    },
    {
      "id": "battle_kill_10802_1",
      "desc": "擊殺敵方",
      "dlg": "哈……噪音減少了一點。"
    },
    {
      "id": "battle_allydead_10802_1",
      "desc": "友方陣亡",
      "dlg": "呃呃……腦袋裡的……噪音太嚴重了……"
    },
    {
      "id": "choice_success_p_10802_1",
      "desc": "判定成功",
      "dlg": "任務……完成。"
    },
    {
      "id": "choice_fail_n_10802_1",
      "desc": "判定失敗",
      "dlg": "對不起……呃，頭要裂開了。"
    },
    {
      "id": "battle_clear_10802_1",
      "desc": "戰鬥勝利",
      "dlg": "還算……走運……在頭腦尚且清醒的時候完事了。"
    },
    {
      "id": "battle_clear_ex_10802_1",
      "desc": "EX CLEAR戰鬥勝利",
      "dlg": "呃……放電實在太激烈了。雖然很痛苦……但還好已經沒事了。"
    },
    {
      "id": "battle_defeat_10802_1",
      "desc": "戰鬥失敗",
      "dlg": "咳……我的頭……其他人的精神狀態還好嗎？"
    }
  ]
}