{
  "dataList": [
    {
      "id": "get_10503_1",
      "desc": "獲得時",
      "dlg": "請告訴我目的地吧，我將為您提供指引。"
    },
    {
      "id": "lobby_morning_10503_1",
      "desc": "早間問候",
      "dlg": "我無法理解的事情很多，上班遲到就是其中之一。我認為準時到崗是員工的基本要求。"
    },
    {
      "id": "lobby_noon_10503_1",
      "desc": "午間問候",
      "dlg": "我總在這時曬太陽。可能是還沒有習慣隨時都能沐浴陽光這件事吧。"
    },
    {
      "id": "lobby_night_10503_1",
      "desc": "晚間問候",
      "dlg": "很少有人喜歡和我對話。與他們截然不同的經理你應該是個特別的人吧。"
    },
    {
      "id": "smalltalk_10503_1",
      "desc": "對話 1",
      "dlg": "我對屍體很熟悉。然而熟悉不代表喜歡。"
    },
    {
      "id": "smalltalk_10503_2",
      "desc": "對話 2",
      "dlg": "堂吉訶德說她加入W公司很自豪。我覺得這有些不可思議。"
    },
    {
      "id": "smalltalk_10503_3",
      "desc": "對話 3",
      "dlg": "如果您要乘坐WARP列車，可以提前告訴我。我會親自收集您的碎片。"
    },
    {
      "id": "smalltalk_10503_4",
      "desc": "同步後對話 1",
      "dlg": "如果與人共情確實有那麼重要……他們就應該把這條在公司條例裡寫清楚。"
    },
    {
      "id": "smalltalk_10503_5",
      "desc": "同步後對話 2",
      "dlg": "W公司的辭職人數在一眾企業中尤其多。那些來辭職的人總是一副涕淚橫流的模樣，我沒有費勁去理解他們的行為。"
    },
    {
      "id": "neglect_10503_1",
      "desc": "閒置",
      "dlg": "請確保準時歸來。"
    },
    {
      "id": "gacksung_10503_1",
      "desc": "進行同步",
      "dlg": "晉升……我習慣了。"
    },
    {
      "id": "formation_10503_1",
      "desc": "人格出戰",
      "dlg": "了解。我會將你送達目的地。"
    },
    {
      "id": "battleentry_10503_1",
      "desc": "進入戰鬥",
      "dlg": "向目的地出發。"
    },
    {
      "id": "battle_select_10503_1",
      "desc": "戰鬥中選中人格",
      "dlg": "你確實是個特別的人。"
    },
    {
      "id": "battle_endcommand_10503_1",
      "desc": "進行攻擊",
      "dlg": "掃除障礙。"
    },
    {
      "id": "battle_enemy_break_10503_1",
      "desc": "敵方混亂",
      "dlg": "我不覺得很好笑。"
    },
    {
      "id": "battle_break_10503_1",
      "desc": "自身混亂",
      "dlg": "哼！"
    },
    {
      "id": "battle_kill_10503_1",
      "desc": "擊殺敵方",
      "dlg": "我沒有收集這些屍體的必要。"
    },
    {
      "id": "battle_allydead_10503_1",
      "desc": "友方陣亡",
      "dlg": "我過後會收集遺體。"
    },
    {
      "id": "choice_success_p_10503_2",
      "desc": "判定成功",
      "dlg": "只是按圖索驥罷了。"
    },
    {
      "id": "choice_fail_n_10503_1",
      "desc": "判定失敗",
      "dlg": "這沒在規定之中寫明。"
    },
    {
      "id": "battle_clear_10503_1",
      "desc": "戰鬥勝利",
      "dlg": "這裡的屍體比我處理過的更結實一些。"
    },
    {
      "id": "battle_clear_ex_10503_1",
      "desc": "EX CLEAR戰鬥勝利",
      "dlg": "他們已經全部被分割成合理大小了。"
    },
    {
      "id": "battle_defeat_10503_1",
      "desc": "戰鬥失敗",
      "dlg": "熟悉練習是必要的一步。"
    }
  ]
}