{
  "dataList": [
    {
      "id": "get_10603_1",
      "desc": "獲得時",
      "dlg": "誰做主把我叫到這裡來的？覺得自己承擔得起後果嗎？"
    },
    {
      "id": "lobby_morning_10603_1",
      "desc": "早間問候",
      "dlg": "清晨可不是我大展身手的最佳時間。為什麼人們要在早起這件事上浪費這麼多毫無意義的精力呢？"
    },
    {
      "id": "lobby_noon_10603_1",
      "desc": "午間問候",
      "dlg": "哇~是個適合斬盡殺絕的好日子呢~你說是不是呢，但丁？……啊哈，只是開個玩笑。玩笑而已。"
    },
    {
      "id": "lobby_night_10603_1",
      "desc": "晚間問候",
      "dlg": "聽說羅佳的賭技出神入化？正好無聊，要不要跟她一較高下呢？"
    },
    {
      "id": "smalltalk_10603_1",
      "desc": "對話 1",
      "dlg": "但丁，要不要換掉那身俗氣的衣服，試試更有經理味兒的個性十足的華麗服裝呢？用得上的話我送你一套？"
    },
    {
      "id": "smalltalk_10603_2",
      "desc": "對話 2",
      "dlg": "你……對我沒什麼不滿吧，但丁？因為看不到表情所以感覺不太確定嘛~"
    },
    {
      "id": "smalltalk_10603_3",
      "desc": "對話 3",
      "dlg": "要我教您正確的持刀方法嗎？簡單。怎麼舒服怎麼拿，然後隨便去揮揮砍砍吧。"
    },
    {
      "id": "smalltalk_10603_4",
      "desc": "同步後對話 1",
      "dlg": "其實運氣……是需要爭取的。人生可不是坐著乾等就能中頭獎的哟~"
    },
    {
      "id": "smalltalk_10603_5",
      "desc": "同步後對話 2",
      "dlg": "之後我會把兄弟們帶來和大家打個招呼的~雖然大家言辭上有些粗魯，但都是性格溫和的人~"
    },
    {
      "id": "neglect_10603_1",
      "desc": "閒置",
      "dlg": "哇，我們的但丁先生命可真大呢，是這樣吧？"
    },
    {
      "id": "gacksung_10603_1",
      "desc": "進行同步",
      "dlg": "啊，這是給我準備的嗎~那我就不客氣咯？"
    },
    {
      "id": "formation_10603_1",
      "desc": "人格出戰",
      "dlg": "看來輪到我咯？"
    },
    {
      "id": "battleentry_10603_1",
      "desc": "進入戰鬥",
      "dlg": "來熱個身吧~"
    },
    {
      "id": "battle_select_10603_1",
      "desc": "戰鬥中選中人格",
      "dlg": "需要幫助嗎？但丁先生？"
    },
    {
      "id": "battle_endcommand_10603_1",
      "desc": "進行攻擊",
      "dlg": "要是鴻運當頭就好了呢~"
    },
    {
      "id": "battle_enemy_break_10603_1",
      "desc": "敵方混亂",
      "dlg": "但丁先生。您看到了嗎？"
    },
    {
      "id": "battle_break_10603_1",
      "desc": "自身混亂",
      "dlg": "呃！"
    },
    {
      "id": "battle_kill_10603_1",
      "desc": "擊殺敵方",
      "dlg": "實在太輕鬆了~"
    },
    {
      "id": "battle_allydead_10603_1",
      "desc": "友方陣亡",
      "dlg": "要不要把我的運氣借你一點？"
    },
    {
      "id": "choice_success_p_10603_1",
      "desc": "判定成功",
      "dlg": "運氣與實力也有所關聯哦。"
    },
    {
      "id": "choice_fail_n_10603_1",
      "desc": "判定失敗",
      "dlg": "嗯……好運並沒有眷顧我們。"
    },
    {
      "id": "battle_clear_10603_1",
      "desc": "戰鬥勝利",
      "dlg": "嘛，這也就是小孩子打鬧的程度吧~"
    },
    {
      "id": "battle_clear_ex_10603_1",
      "desc": "EX CLEAR戰鬥勝利",
      "dlg": "啊啦，不知不覺就都幹掉了~現在可以走了吧？"
    },
    {
      "id": "battle_defeat_10603_1",
      "desc": "戰鬥失敗",
      "dlg": "應該不會……這樣啊~？"
    }
  ]
}