{
  "dataList": [
    {
      "id": "get_11001_1",
      "desc": "獲得時",
      "dlg": "我是辛克萊……埃米爾・辛克萊。啊，編號是……呃……十一號。"
    },
    {
      "id": "lobby_morning_11001_1",
      "desc": "早間問候",
      "dlg": "早安！您昨天睡得……啊，經理先生也能入睡……對吧？"
    },
    {
      "id": "lobby_noon_11001_1",
      "desc": "午間問候",
      "dlg": "這是我一天中最舒服的時候了。下午也請加油，經理先生。"
    },
    {
      "id": "lobby_night_11001_1",
      "desc": "晚間問候",
      "dlg": "您今天過得怎麼樣？我……感覺自己今天並沒有很好做到集中精神工作。"
    },
    {
      "id": "smalltalk_11001_1",
      "desc": "對話 1",
      "dlg": "如果是以前我根本就無法想像……啊，我並不是說我對現在的工作心存不滿……只是覺得有些不可思議。"
    },
    {
      "id": "smalltalk_11001_2",
      "desc": "對話 2",
      "dlg": "經理先生真了不起……我還在因為無法適應而焦頭爛額的時候，您卻能在失憶的前提下熟練地領導我們。"
    },
    {
      "id": "smalltalk_11001_3",
      "desc": "對話 3",
      "dlg": "您看。羅佳姐給了我一點零食。我打算省著點吃。嘿嘿。"
    },
    {
      "id": "smalltalk_11001_4",
      "desc": "對話 4",
      "dlg": "但丁先生……您的頭變成了這樣以後……真的沒關係嗎？您所看到的世界……還是正常的嗎？"
    },
    {
      "id": "smalltalk_11001_5",
      "desc": "對話 5",
      "dlg": "但丁先生，失去了以前的記憶，是不是就不會覺得懊悔？雖然這樣說會很無禮，但是……我真的很羨慕您。因為您不會被過去所困擾。"
    },
    {
      "id": "neglect_11001_1",
      "desc": "閒置",
      "dlg": "經理先生……？您去哪了？您在忙嗎？"
    },
    {
      "id": "formation_11001_1",
      "desc": "人格出戰",
      "dlg": "呃……我嗎？嗯……我會盡力的……"
    },
    {
      "id": "battleentry_11001_1",
      "desc": "進入戰鬥",
      "dlg": "這應該是極限了吧……？"
    },
    {
      "id": "battle_select_11001_1",
      "desc": "戰鬥中選中人格",
      "dlg": "我做錯什麼了嗎……？"
    },
    {
      "id": "battle_endcommand_11001_1",
      "desc": "進行攻擊",
      "dlg": "我會試試的……!"
    },
    {
      "id": "battle_enemy_break_11001_1",
      "desc": "敵方混亂",
      "dlg": "我做到了，對吧……？"
    },
    {
      "id": "battle_break_11001_1",
      "desc": "自身混亂",
      "dlg": "呃……!"
    },
    {
      "id": "battle_kill_11001_1",
      "desc": "擊殺敵方",
      "dlg": "我做到了！"
    },
    {
      "id": "battle_allydead_11001_1",
      "desc": "友方陣亡",
      "dlg": "我也會變成那樣嗎……?"
    },
    {
      "id": "choice_success_p_11001_1",
      "desc": "判定成功",
      "dlg": "太好了，我做到了……"
    },
    {
      "id": "choice_fail_n_11001_1",
      "desc": "判定失敗",
      "dlg": "這都是我的錯……"
    },
    {
      "id": "battle_clear_11001_1",
      "desc": "戰鬥勝利",
      "dlg": "嗯……我們做到了嗎？那我就放心了。"
    },
    {
      "id": "battle_clear_ex_11001_1",
      "desc": "EX CLEAR戰鬥勝利",
      "dlg": "這應該不是我的功勞。但還是謝謝您的誇獎，經理先生。一時間，我想起了媽媽。"
    },
    {
      "id": "battle_defeat_11001_1",
      "desc": "戰鬥失敗",
      "dlg": "對不起。我應該做的更好的……看來我還有很多尚未成熟的地方。"
    }
  ]
}