{
  "dataList": [
    {
      "id": "get_10906_1",
      "desc": "獲得時",
      "dlg": "唔~天氣真不錯啊。好了，是誰需要我的保護呢？"
    },
    {
      "id": "lobby_morning_10906_1",
      "desc": "早間問候",
      "dlg": "早起可不是件易事……但是天氣這麼好的話~您起床不會感到神清氣爽嗎？"
    },
    {
      "id": "lobby_noon_10906_1",
      "desc": "午間問候",
      "dlg": "今天午飯……簡簡單單來點甜甜圈和咖啡吧。啊？已經膩了？可這是盯梢任務的基本功誒~！"
    },
    {
      "id": "lobby_night_10906_1",
      "desc": "晚間問候",
      "dlg": "啊啊……我不能把這墨鏡摘下來嗎？因為太黑了我什麼都看不見~"
    },
    {
      "id": "smalltalk_10906_1",
      "desc": "對話 1",
      "dlg": "我的工作是~保護指定的人。為確保我的客戶在生活中不會陷入麻煩之中~我可以成為一面天然的盾牌。"
    },
    {
      "id": "smalltalk_10906_2",
      "desc": "對話 2",
      "dlg": "……呼呼，你覺得我可能太引人注目了？哇~比起我自己，我更擔心其它孩子們。"
    },
    {
      "id": "smalltalk_10906_3",
      "desc": "對話 3",
      "dlg": "像這樣的盯梢任務……太無聊了……呃。沒有什麼事發生嗎~？"
    },
    {
      "id": "smalltalk_10906_4",
      "desc": "同步後對話 1",
      "dlg": "啊~來了啊？這是第一次看到我穿協會外套？好吧，我也是有這種形象的~"
    },
    {
      "id": "smalltalk_10906_5",
      "desc": "同步後對話 2",
      "dlg": "別靠得太緊。你會沾上血蹟的。\n另外……那不是很好看吧？"
    },
    {
      "id": "neglect_10906_1",
      "desc": "閒置",
      "dlg": "唔唔唔~呼。我小睡一會了~"
    },
    {
      "id": "gacksung_10906_1",
      "desc": "進行同步",
      "dlg": "被認可的感覺真是太好了~嗯……要是能多給我點任務津貼那就更好了~"
    },
    {
      "id": "formation_10906_1",
      "desc": "人格出戰",
      "dlg": "摘下墨鏡~"
    },
    {
      "id": "battleentry_10906_1",
      "desc": "進入戰鬥",
      "dlg": "任務開始。"
    },
    {
      "id": "battle_select_10906_1",
      "desc": "戰鬥中選中人格",
      "dlg": "待在我身後！"
    },
    {
      "id": "battle_endcommand_10906_1",
      "desc": "進行攻擊",
      "dlg": "壓制目標！"
    },
    {
      "id": "battle_enemy_break_10906_1",
      "desc": "敵方混亂",
      "dlg": "呼~他們暈倒了嗎？"
    },
    {
      "id": "battle_break_10906_1",
      "desc": "自身混亂",
      "dlg": "天，天哪……"
    },
    {
      "id": "battle_kill_10906_1",
      "desc": "擊殺敵方",
      "dlg": "威脅對象，移除~"
    },
    {
      "id": "battle_dead_10906_1",
      "desc": "自身陣亡",
      "dlg": "啊……這樣的話……業績就……"
    },
    {
      "id": "choice_success_p_10906_2",
      "desc": "判定成功",
      "dlg": "呼，輕輕鬆松~"
    },
    {
      "id": "choice_fail_n_10906_1",
      "desc": "判定失敗",
      "dlg": "這，這不是我的專業領域呀……"
    },
    {
      "id": "battle_clear_10906_1",
      "desc": "戰鬥勝利",
      "dlg": "好~順利完成任務！回去的路上要來杯啤酒嗎？"
    },
    {
      "id": "battle_clear_ex_10906_1",
      "desc": "EX CLEAR戰鬥勝利",
      "dlg": "完美完成任務！呼呼，下次請再次僱傭Zwei協會！"
    },
    {
      "id": "battle_defeat_10906_1",
      "desc": "戰鬥失敗",
      "dlg": "啊……要寫檢討信了……嗚嗚。"
    }
  ]
}