{
  "dataList": [
    {
      "id": "get_10401_1",
      "desc": "獲得時",
      "dlg": "良秀。夜良秀苦……噗。"
    },
    {
      "id": "lobby_morning_10401_1",
      "desc": "早間問候",
      "dlg": "為什麼你一大早開始就轉來轉去的？難道是在找電池嗎？"
    },
    {
      "id": "lobby_noon_10401_1",
      "desc": "午間問候",
      "dlg": "沒錯，疲倦的時候沒有什麼能比飯後一根菸更棒的了。"
    },
    {
      "id": "lobby_night_10401_1",
      "desc": "晚間問候",
      "dlg": "這裡的人都很枯燥。如果目睹到真正的藝術品，他們一定會大開眼界的。"
    },
    {
      "id": "smalltalk_10401_1",
      "desc": "對話 1",
      "dlg": "自從見過像樣點的藝術也頗有時日了。最近人們也不過是大量製造似曾相識的東西。哼。"
    },
    {
      "id": "smalltalk_10401_2",
      "desc": "對話 2",
      "dlg": "如果想和我相處的話，至少帶好打火機。 時鐘。"
    },
    {
      "id": "smalltalk_10401_3",
      "desc": "對話 3",
      "dlg": "如果你不是要告訴我現在幾點的話就不要來煩我了。"
    },
    {
      "id": "neglect_10401_1",
      "desc": "閒置",
      "dlg": "先搭話再消失……是哪條後巷的風俗? "
    },
    {
      "id": "formation_10401_1",
      "desc": "人格出戰",
      "dlg": "讓我來展示藝術吧。"
    },
    {
      "id": "battleentry_10401_1",
      "desc": "進入戰鬥",
      "dlg": "如果是像樣點的藝術的話，會更好些吧。"
    },
    {
      "id": "battle_select_10401_1",
      "desc": "戰鬥中選中人格",
      "dlg": "帶上打火機了嗎？"
    },
    {
      "id": "battle_endcommand_10401_1",
      "desc": "進行攻擊",
      "dlg": "讓你看看什麼是藝術吧。"
    },
    {
      "id": "battle_enemy_break_10401_1",
      "desc": "敵方混亂",
      "dlg": "等等。還沒有結束。"
    },
    {
      "id": "battle_break_10401_1",
      "desc": "自身混亂",
      "dlg": "嘖! "
    },
    {
      "id": "battle_kill_10401_1",
      "desc": "擊殺敵方",
      "dlg": "不怎麼美觀啊。"
    },
    {
      "id": "battle_allydead_10401_1",
      "desc": "友方陣亡",
      "dlg": "看起來不怎麼樣啊。"
    },
    {
      "id": "choice_success_p_10401_2",
      "desc": "判定成功",
      "dlg": "創造了一幅佳作。"
    },
    {
      "id": "choice_fail_n_10401_1",
      "desc": "判定失敗",
      "dlg": "我可照你說的做了。"
    },
    {
      "id": "battle_clear_10401_1",
      "desc": "戰鬥勝利",
      "dlg": "無聊。令人索然無味。"
    },
    {
      "id": "battle_clear_ex_10401_1",
      "desc": "EX CLEAR戰鬥勝利",
      "dlg": "區區這種程度就浮躁起來，便沒有藝術家的資格。"
    },
    {
      "id": "battle_defeat_10401_1",
      "desc": "戰鬥失敗",
      "dlg": "藝・失・人・長。藝術雖失敗，人生仍漫長。"
    }
  ]
}