{
  "dataList": [
    {
      "id": "get_10806_1",
      "desc": "獲得時",
      "dlg": "您是在叫我嗎？嗷，燙……好的，需要我做什麼嗎？"
    },
    {
      "id": "lobby_morning_10806_1",
      "desc": "早間問候",
      "dlg": "儘管我們做了不少力氣活……但早上還有文書工作要處理。而且還要開會。"
    },
    {
      "id": "lobby_noon_10806_1",
      "desc": "午間問候",
      "dlg": "好~我們先去吃點東西吧。又吃牛肉麵的話您就不來了嗎？不是，那附近還有和那家麵館一樣好吃的地方嗎？"
    },
    {
      "id": "lobby_night_10806_1",
      "desc": "晚間問候",
      "dlg": "哈……也許我該在夜間訓練的時候戴副墨鏡。這些閃爍的火焰讓我的眼睛感到刺痛。"
    },
    {
      "id": "smalltalk_10806_1",
      "desc": "對話 1",
      "dlg": "這地方？沒錯，我經常來。我是這的常客。"
    },
    {
      "id": "smalltalk_10806_2",
      "desc": "對話 2",
      "dlg": "這件衣服上的刺繡是用月長石縫製而成的。我聽說地位更高的科衣服上就會有更多的花紋。"
    },
    {
      "id": "smalltalk_10806_3",
      "desc": "對話 3",
      "dlg": "看起來我們相處得很好？好吧，我明白您為什麼會有這種感覺。因為我們本來就經常聚在一起互相交流。\n嗯，但他們並不經常和我一起吃飯。"
    },
    {
      "id": "smalltalk_10806_4",
      "desc": "同步後對話 1",
      "dlg": "六協會提供各種拳法與武術技巧的學習機會，我個人的最愛是八極拳。"
    },
    {
      "id": "smalltalk_10806_5",
      "desc": "同步後對話 2",
      "dlg": "啊……您想知道我們如何應對利器？呵，這件外套可不會輕易地被普通利器刺穿。比我科室級別更高的同事們使用的衣服面料也應該可以抵禦更加危險的東西吧？"
    },
    {
      "id": "gacksung_10806_1",
      "desc": "進行同步",
      "dlg": "……原來如此。看樣子傳呼會變得更加頻繁。好吧，我會不斷磨練自己的拳法為其做好準備。"
    },
    {
      "id": "neglect_10806_1",
      "desc": "閒置",
      "dlg": "嗯……讓我來找找……下一頓要點的菜單吧？"
    },
    {
      "id": "formation_10806_1",
      "desc": "人格出戰",
      "dlg": "我們一起上吧。"
    },
    {
      "id": "battleentry_10806_1",
      "desc": "進入戰鬥",
      "dlg": "讓我來打先鋒。"
    },
    {
      "id": "battle_select_10806_1",
      "desc": "戰鬥中選中人格",
      "dlg": "請不要靠近。您會受傷的。"
    },
    {
      "id": "battle_endcommand_10806_1",
      "desc": "進行攻擊",
      "dlg": "很快就會結束。"
    },
    {
      "id": "battle_enemy_break_10806_1",
      "desc": "敵方混亂",
      "dlg": "一個……"
    },
    {
      "id": "battle_break_10806_1",
      "desc": "自身混亂",
      "dlg": "呃……"
    },
    {
      "id": "battle_kill_10806_1",
      "desc": "擊殺敵方",
      "dlg": "搞定了！"
    },
    {
      "id": "battle_dead_10806_1",
      "desc": "自身陣亡",
      "dlg": "啊……好想吃……牛肉……面……啊。"
    },
    {
      "id": "choice_success_p_10806_2",
      "desc": "判定成功",
      "dlg": "輕而易舉。"
    },
    {
      "id": "choice_fail_n_10806_1",
      "desc": "判定失敗",
      "dlg": "嘁……我失敗了。"
    },
    {
      "id": "battle_clear_10806_1",
      "desc": "戰鬥勝利",
      "dlg": "這種程度……還算不錯吧？"
    },
    {
      "id": "battle_clear_ex_10806_1",
      "desc": "EX CLEAR戰鬥勝利",
      "dlg": "呼~完美收工。回去路上要順便吃碗牛肉麵嗎？"
    },
    {
      "id": "battle_defeat_10806_1",
      "desc": "戰鬥失敗",
      "dlg": "我似乎需要……更多訓練與實踐的時間……"
    }
  ]
}