{
  "dataList": [
    {
      "id": "announcer_cheer_2_1",
      "dlg": "我會盡力的。……剛才那個說不想聽蟲子講話的是誰？"
    },
    {
      "id": "announcer_cheer_2_2",
      "dlg": "雖然不知道我的聲援會不會有所幫助……我努力試試吧。"
    },
    {
      "id": "announcer_specialcheer_2_1",
      "dlg": "現在大夥的體力好像都見底了，沒有別的對策嗎？"
    },
    {
      "id": "announcer_specialcheer_2_2",
      "dlg": "你們，都看起來很痛啊，沒事嗎？"
    },
    {
      "id": "announcer_enemy_break_2_1",
      "dlg": "狠狠地來了一下啊。就這麼突破他們的陣型吧。"
    },
    {
      "id": "announcer_ally_break_2_1",
      "dlg": "不好，我們的陣型潰散了。最好重新整備一下。"
    },
    {
      "id": "announcer_killenemy_2_1",
      "dlg": "目標倒地……啊，老習慣……擊敗了敵人，不錯。"
    },
    {
      "id": "announcer_ally_dead_2_1",
      "dlg": "友方被殺。呃……光是看著就很痛啊……經理兄！"
    },
    {
      "id": "announcer_enemy_adv_2_1",
      "dlg": "……這樣下去我們就要輸了，你也明白吧？"
    },
    {
      "id": "announcer_ally_adv_2_1",
      "dlg": "我們掌握優勢。速戰速決吧。"
    },
    {
      "id": "announcer_danger_2_1",
      "dlg": "……不好的預感。這次的判斷似乎很重要啊。"
    },
    {
      "id": "announcer_enemy_specialskill_2_1",
      "dlg": "那群傢伙，行動不太對勁啊？放任不管的話後果看起來會很嚴重。"
    },
    {
      "id": "announcer_enemy_specialgimmick_2_1",
      "dlg": "敵軍好像要使用無法預測的戰術了。看看他們有什麼能耐吧。"
    },
    {
      "id": "announcer_advatk_physical_2_1",
      "dlg": "攻擊有效。不錯，就這樣保持專注吧。"
    },
    {
      "id": "announcer_disadvatk_physical_2_1",
      "dlg": "呃……剛才那一下不太行啊。不過，總會有這種時候嘛。可別輕易放棄了噢。"
    },
    {
      "id": "announcer_advatk_attr_2_1",
      "dlg": "很好，剛才的戰術成功了。就這樣推進下去吧。"
    },
    {
      "id": "announcer_disadvatk_attr_2_1",
      "dlg": "看來這並不是最佳判斷。沒辦法……冷靜下來再試一次吧。"
    },
    {
      "id": "announcer_enemy_specialbuff_2_1",
      "dlg": "是打了興奮劑嗎……？敵軍似乎變得更強了。"
    },
    {
      "id": "announcer_enemy_specialdebuff_2_1",
      "dlg": "他們的士氣消散了啊。好機會，盡情發動猛攻吧。"
    },
    {
      "id": "announcer_ally_specialbuff_2_1",
      "dlg": "我們勢不可擋。來讓敵軍見識一下我們的厲害吧？"
    },
    {
      "id": "announcer_ally_specialdebuff_2_1",
      "dlg": "大家的狀態都不太好啊。不對，時刻把握大家的狀態不是經理的工作嗎？"
    },
    {
      "id": "announcer_enemy_destroy_2_2",
      "dlg": "一個部位被粉碎了。真是漂亮的一擊。"
    },
    {
      "id": "announcer_enemy_destroy_2_1",
      "dlg": "很好，成功破壞了部位。不要讓它有喘息的機會。"
    },
    {
      "id": "announcer_round_takebigdmg_2_2",
      "dlg": "咳……喂，你沒事吧？"
    },
    {
      "id": "announcer_round_takebigdmg_2_1",
      "dlg": "友方被敵人的攻擊重創。還撐得住嗎？"
    },
    {
      "id": "announcer_round_givebigdmg_2_2",
      "dlg": "呼，剛才那一下幹得真漂亮。回去時整兩杯啤酒吧。"
    },
    {
      "id": "announcer_round_givebigdmg_2_1",
      "dlg": "不要忘記剛才的感覺。保持這個勢頭就可以輕鬆了結這場戰鬥吧。"
    },
    {
      "id": "announcer_multikillenemy_2_1",
      "dlg": "若要乘勝追擊就趁現在。勝利已經近在眼前了。啊，勳章之類的就不用了。"
    },
    {
      "id": "announcer_equip_2_1",
      "dlg": "嗯……這裡是格里高爾。啊……啊……清下嗓子再開始也可以吧？"
    }
  ]
}
